date,symbol,open,high,low,close,volume,amount,outstanding_share,turnover,last_trade_date,K,D,J,BBI,BBI_DIF,DIF,DEA,MACD,short_term_fund,long_term_fund,Short_LS,Short_Trend,yw_long,market_cap,float_market_cap,pe_ttm,pe_static,pb,peg,pcf,ps
2020-01-03,000001,13.08,13.6,13.0,13.5,264642668.0,4485691957.0,19405752680.0,0.0136373307628899,2026-07-24,31.178707224334623,31.178707224334623,31.178707224334616,13.163333333333334,0.0,-0.031564853547076055,-0.27992947645921834,0.24836462291214229,19.480519480519536,24.87922705314012,14.36,11.16,0,333393674641.64,333390831042.4,11.91415054,11.82456729,1.2210657,4.43309534,8.66700483,2.5065309
2020-01-10,000001,13.37,13.62,12.98,13.11,405570028.0,6849067764.0,19405752680.0,0.0208994742274533,2026-07-24,31.178707224334623,31.178707224334623,31.178707224334616,13.163333333333334,0.0,-0.031564853547076055,-0.27992947645921834,0.24836462291214229,19.480519480519536,24.87922705314012,14.36,11.16,0,323884774724.62,323882012229.2,11.57434066,11.48731246,1.18623903,4.30665665,8.41980853,2.43504078
2020-01-17,000001,13.16,13.57,12.73,12.88,466960750.0,7785567280.0,19405752680.0,0.024063006351784398,2026-07-24,31.178707224334623,31.178707224334623,31.178707224334616,13.163333333333334,0.0,-0.031564853547076055,-0.27992947645921834,0.24836462291214229,19.480519480519536,24.87922705314012,14.36,11.16,0,318062999265.22,318060286425.2,11.28082991,11.28082991,1.16491658,4.2292452,8.26846386,2.30550602
2020-01-24,000001,12.91,13.05,12.09,12.21,346273483.0,5542963818.0,19405752680.0,0.0178438573710606,2026-07-24,31.178707224334623,31.178707224334623,31.178707224334616,12.733333333333334,-0.4299999999999997,-0.031564853547076055,-0.27992947645921834,0.24836462291214229,11.764705882353043,24.87922705314012,14.36,11.16,0,301567968796.92,301565396647.2,10.69579602,10.69579602,1.10450297,4.00991278,7.83965396,2.18594042
2020-02-07,000001,10.99,11.7,10.99,11.49,756741579.0,10907179933.0,19405752680.0,0.038995734485470904,2026-07-24,31.178707224334623,31.178707224334623,31.178707224334616,12.193333333333335,-0.5399999999999991,-0.031564853547076055,-0.27992947645921834,0.24836462291214229,26.45502645502645,24.87922705314012,14.36,11.16,0,283714524054.76,283712104181.6,10.06258287,10.06258287,1.03911412,3.77251769,7.3755303,2.05652825
2020-02-14,000001,11.4,11.9,11.24,11.81,634314590.0,9327640830.0,19405752680.0,0.0326869356968428,2026-07-24,31.178707224334623,31.178707224334623,31.178707224334616,12.168333333333333,-0.02500000000000213,-0.031564853547076055,-0.27992947645921834,0.24836462291214229,67.21311475409834,24.87922705314012,14.36,11.16,0,291670950515.94,291668462780.4,10.34477569,10.34477569,1.0682548,3.87831333,-7.28721925,2.11420106
2020-02-21,000001,11.82,12.35,11.73,12.24,562193065.0,8594613987.0,19405752680.0,0.028970433369451598,2026-07-24,31.178707224334623,31.178707224334623,31.178707224334616,12.068333333333335,-0.09999999999999787,-0.031564853547076055,-0.27992947645921834,0.24836462291214229,100.0,24.87922705314012,14.36,11.16,0,302344205524.84,302341626754.4,10.72332703,10.72332703,1.10734596,4.02023431,-7.55388396,2.19156704
2020-02-28,000001,12.15,12.15,11.36,11.39,578888402.0,8671664038.0,19405752680.0,0.0298307626375456,2026-07-24,31.178707224334623,31.178707224334623,31.178707224334616,11.908333333333333,-0.16000000000000192,-0.031564853547076055,-0.27992947645921834,0.24836462291214229,15.000000000000036,24.87922705314012,14.36,11.16,0,281385813871.0,281383413860.0,9.97998985,9.97998985,1.03058514,3.74155311,-7.03025144,2.0396484
2020-03-06,000001,11.43,12.29,11.36,11.81,704789358.0,10562556388.0,19405752680.0,0.036318578806086,2026-07-24,31.178707224334623,31.178707224334623,31.178707224334616,11.819166666666666,-0.08916666666666728,-0.031564853547076055,-0.27992947645921834,0.24836462291214229,51.13636363636371,24.87922705314012,14.36,11.16,0,291670950515.94,291668462780.4,10.34477569,10.34477569,1.0682548,3.87831333,-7.28721925,2.11420106
2020-03-13,000001,11.56,11.69,10.92,11.41,580430306.0,8447173855.0,19405752680.0,0.0299102186640871,2026-07-24,26.83518753227247,29.730867326980572,21.043827942856268,11.614166666666666,-0.20500000000000007,-0.031564853547076055,-0.27992947645921834,0.24836462291214229,55.05617977528089,24.87922705314012,14.36,11.16,0,281773932234.96,281771528913.6,9.99375536,9.99375536,1.03200664,3.74671387,-7.03994834,2.04246171
2020-03-20,000001,11.35,11.36,9.36,9.84,743864570.0,9656518641.0,19405752680.0,0.038332167902285996,2026-07-24,21.690600080897408,27.050778244952852,10.970243752786516,11.218333333333334,-0.39583333333333215,-0.031564853547076055,-0.27992947645921834,0.24836462291214229,19.591836734693885,24.87922705314012,14.36,11.16,0,242962095838.96,242960023553.6,8.61720503,8.61720503,0.88985696,3.23063758,-6.07025848,1.76113089
2020-03-27,000001,9.43,10.51,9.37,10.33,511648295.0,6511183570.0,19405752680.0,0.026365805204109,2026-07-24,23.22282101147452,25.774792500460077,18.1188780335034,11.177222222222222,-0.04111111111111221,-0.031564853547076055,-0.27992947645921834,0.24836462291214229,47.31707317073172,24.87922705314012,14.36,11.16,0,255187824303.7,255185647742.0,9.05081838,9.05081838,0.93463411,3.39320161,-6.37571079,1.8497501
2020-04-03,000001,10.1,10.32,9.86,9.91,303965831.0,3902421857.0,19405752680.0,0.015663697049652002,2026-07-24,21.61343028412683,24.387671761682327,16.064947329015837,10.78138888888889,-0.39583333333333215,-0.031564853547076055,-0.27992947645921834,0.24836462291214229,56.701030927835085,24.87922705314012,14.36,11.16,0,244708628476.78,244706541294.8,8.6791498,8.6791498,0.86649822,3.25386101,-6.11389453,1.77379078
2020-04-10,000001,10.13,10.2,9.94,10.05,247425857.0,3173522825.0,19405752680.0,0.0127501293600943,2026-07-24,22.101261215058926,23.62553491280786,19.052713819561056,10.645277777777777,-0.13611111111111285,-0.031564853547076055,-0.27992947645921834,0.24836462291214229,70.83333333333341,24.87922705314012,14.36,11.16,0,248201693752.42,248199576777.2,8.80303932,8.80303932,0.87886695,3.30030788,-6.20116661,1.79911055
2020-04-17,000001,9.96,10.25,9.8,10.13,390901742.0,4991353468.0,19405752680.0,0.0201436011499243,2026-07-24,23.318343597107305,23.523137807574344,22.90875517617323,10.453333333333333,-0.19194444444444336,-0.031564853547076055,-0.27992947645921834,0.24836462291214229,100.0,24.87922705314012,14.36,11.16,0,250142285572.22,250140152045.2,8.87186684,8.87186684,0.88573846,3.32611169,-6.24965111,1.81317709
2020-04-24,000001,10.1,10.76,10.03,10.4,518669815.0,6891151840.0,19405752680.0,0.026727631932285098,2026-07-24,27.37718924676324,24.80782162063731,32.51592449901511,10.401388888888889,-0.05194444444444457,-0.031564853547076055,-0.27992947645921834,0.24836462291214229,100.0,24.87922705314012,14.36,11.16,0,256934356941.52,256932165483.2,8.76998863,9.11276315,0.90978877,3.41642505,-3.41577183,1.79163197
2020-05-01,000001,10.45,11.25,10.41,10.95,363665689.0,5000134258.0,19405752680.0,0.0187400970731116,2026-07-24,36.34019669920735,28.651946646827323,51.71669680396739,10.548055555555555,0.1466666666666665,-0.031564853547076055,-0.27992947645921834,0.24836462291214229,100.0,24.87922705314012,14.36,11.16,0,270324440498.14,270322134832.4,9.22703487,9.58767301,0.95720224,3.59447137,-3.59378411,1.88500251
2020-05-08,000001,10.81,11.02,10.69,10.96,260652895.0,3585001602.0,19405752680.0,0.0134317333266146,2026-07-24,47.11664043180349,34.80684457515272,71.73623214510503,10.651666666666666,0.10361111111111043,-0.031564853547076055,-0.27992947645921834,0.24836462291214229,99.99999999999999,24.87922705314012,14.36,11.16,0,270712558862.1,270710249886.0,9.24028258,9.60143851,0.95857654,3.59963213,-3.59894388,1.88770891
2020-05-15,000001,10.94,11.1,10.32,10.4,351319878.0,4766082256.0,19405752680.0,0.0181039037131537,2026-07-24,48.744426954535676,39.45270536828037,67.3278701270463,10.627777777777778,-0.023888888888887294,-0.031564853547076055,-0.27992947645921834,0.24836462291214229,12.5,24.87922705314012,14.36,11.16,0,256740297759.54,256738107956.4,8.76336477,9.1058804,0.90910162,3.41384466,-3.41319194,1.79027877
2020-05-22,000001,10.37,10.7,10.15,10.15,333697761.0,4437394775.0,19405752680.0,0.017195816441787103,2026-07-24,46.32607187039969,41.74382753565347,55.490560539892115,10.51,-0.11777777777777843,-0.031564853547076055,-0.27992947645921834,0.24836462291214229,0.0,24.87922705314012,14.36,11.07,0,250724463118.16,250722324625.6,8.55802516,8.8925151,0.88779992,3.33385284,-3.33321541,1.74832968
2020-05-29,000001,10.19,10.53,10.03,10.39,270791465.0,3524256189.0,19405752680.0,0.013954185105073399,2026-07-24,44.447266304404394,42.64497379190378,48.05185132940562,10.421666666666667,-0.08833333333333293,-0.031564853547076055,-0.27992947645921834,0.24836462291214229,97.29729729729736,24.87922705314012,14.36,10.98,0,252276936574.0,252274784840.0,8.61101603,8.94757711,0.89329713,3.35449589,-3.35385451,1.75915525
2020-06-05,000001,10.47,11.09,10.45,10.86,368931574.0,4982716890.0,19405752680.0,0.0190114539788104,2026-07-24,53.99932696155694,46.429758181788166,69.13846452109449,10.483055555555556,0.061388888888888715,-0.031564853547076055,-0.27992947645921834,0.24836462291214229,99.99999999999999,40.0,14.36,10.92,0,263726428310.82,263724178921.2,9.00182368,9.35365945,0.93383908,3.5067384,-3.50606791,1.83899384
2020-06-12,000001,10.93,11.07,10.28,10.38,402033856.0,5336826084.0,19405752680.0,0.0207172513547665,2026-07-24,49.332884641037964,47.3974670015381,53.2037199200377,10.491944444444444,0.008888888888888502,-0.031564853547076055,-0.27992947645921834,0.24836462291214229,42.16867469879535,28.977272727272755,14.36,10.86,0,252082877392.02,252080727313.2,8.60439217,8.94069436,0.89260998,3.35191551,-3.35127463,1.75780206
2020-06-19,000001,10.27,10.38,10.06,10.23,475400999.0,6070619284.0,19405752680.0,0.0244979417618752,2026-07-24,38.35307063500894,44.382668212695044,26.293875479636725,10.602604166666667,0.11065972222222342,-0.031564853547076055,-0.27992947645921834,0.24836462291214229,21.250000000000018,30.20833333333336,14.36,10.8,0,248395752934.4,248393634304.0,8.47853886,8.80992208,0.8795541,3.30288826,-3.30225675,1.73209133
2020-06-26,000001,10.18,10.29,10.01,10.23,383310700.0,4865399021.0,19405752680.0,0.019752426320214102,2026-07-24,31.4826922512963,40.08267622556213,14.282724302764635,10.515625000000002,-0.08697916666666572,-0.031564853547076055,-0.27992947645921834,0.24836462291214229,59.459459459459474,30.20833333333336,14.36,10.74,0,248395752934.4,248393634304.0,8.47853886,8.80992208,0.8795541,3.30288826,-3.30225675,1.73209133
2020-07-03,000001,10.32,11.44,10.16,11.39,1003264511.0,13447089829.0,19405752680.0,0.0516993351169514,2026-07-24,53.1562936686964,44.44054870660688,70.58778359287543,10.661458333333334,0.14583333333333215,-0.031564853547076055,-0.27992947645921834,0.24836462291214229,100.0,70.48611111111113,14.36,10.72,0,276534334321.5,276531975690.0,9.43899834,9.80792106,0.98252402,3.67704357,-3.67634053,1.9283048
2020-07-10,000001,11.67,13.29,11.66,11.88,1570999507.0,24255810504.0,19405752680.0,0.0809553503492343,2026-07-24,54.44159415311469,47.774230522109484,67.77632141512511,10.887083333333335,0.22562500000000085,-0.031564853547076055,-0.27992947645921834,0.24836462291214229,100.00000000000001,87.50000000000003,14.36,10.75,0,288371944422.28,288369484824.8,9.84305371,10.22776891,1.02458295,3.83444684,-3.8337137,2.01084977
2020-07-17,000001,11.75,12.14,11.15,11.3,915552728.0,13302902131.0,19405752680.0,0.047179449470341,2026-07-24,49.40415219963745,48.317537747952144,51.577381103008065,11.003854166666667,0.11677083333333194,-0.031564853547076055,-0.27992947645921834,0.24836462291214229,66.27906976744187,76.98412698412699,14.36,10.78,0,274399683319.72,274397342895.2,9.3661359,9.73221079,0.97493963,3.64865938,-3.64796176,1.91341964
2020-07-24,000001,11.37,11.8,10.72,10.79,840385698.0,11926957908.0,19405752680.0,0.0433060088860205,2026-07-24,40.862930734717644,45.832668743540644,30.923454717071635,10.960312500000002,-0.04354166666666437,-0.031564853547076055,-0.27992947645921834,0.24836462291214229,6.034482758620561,56.746031746031704,14.36,10.81,0,261979895673.0,261977661180.0,8.94220895,9.29171469,0.93081223,3.48351496,-3.48284892,1.82681507
2020-07-31,000001,10.92,10.93,10.47,10.66,674712913.0,9013001729.0,19405752680.0,0.0347687061731633,2026-07-24,33.84764488005567,41.83766078904565,17.867613062075705,10.858333333333334,-0.10197916666666806,-0.031564853547076055,-0.27992947645921834,0.24836462291214229,22.891566265060177,51.58730158730158,14.36,10.82,0,258874948761.32,258872740751.2,8.83622722,9.18159066,0.91978039,3.44222886,-3.44157071,1.80516393
2020-08-07,000001,10.76,11.31,10.73,10.95,767215159.0,10547823417.0,19405752680.0,0.039535449701505604,2026-07-24,32.11794211515906,38.59775456441679,19.15831721664361,10.8571875,-0.0011458333333340676,-0.031564853547076055,-0.27992947645921834,0.24836462291214229,100.0,63.09523809523806,14.36,10.83,0,265861079312.6,265858811716.0,9.07468612,9.42936972,0.94460204,3.53512259,-3.53444668,1.853879
2020-08-14,000001,10.92,11.72,10.88,11.56,772830751.0,11013019564.0,19405752680.0,0.0398248273975217,2026-07-24,37.16399393043125,38.11983435308827,35.25231308511722,10.959583333333335,0.10239583333333435,-0.031564853547076055,-0.27992947645921834,0.24836462291214229,100.0,87.25099601593625,14.36,10.86,0,280803636325.06,280801241279.6,9.58472323,9.9593416,0.99769282,3.73381196,-3.73309806,1.95807512
2020-08-21,000001,11.67,12.27,11.44,11.55,860753593.0,12861245537.0,19405752680.0,0.0443555891489387,2026-07-24,40.42640245768589,38.88869038795414,43.501826597149375,11.041458333333333,0.08187499999999837,-0.031564853547076055,-0.27992947645921834,0.24836462291214229,98.79518072289159,84.13461538461539,14.36,10.91,0,280415517961.1,280413126226.0,9.57147551,9.94557609,0.99631384,3.7286512,-3.72793829,1.95536872
2020-08-28,000001,11.59,12.13,11.28,12.09,543895359.0,7980717337.0,19405752680.0,0.0280275322461749,2026-07-24,47.50471558946898,41.76069878845909,58.992749191488755,11.202083333333334,0.16062500000000135,-0.031564853547076055,-0.27992947645921834,0.24836462291214229,100.0,100.0,14.36,10.98,0,293611542335.74,293609038048.4,11.09223809,10.4136032,1.04319919,3.90411714,-3.1871687,1.97775479
2020-09-04,000001,12.23,12.53,11.67,11.96,647988667.0,9837477236.0,19405752680.0,0.0333915760797996,2026-07-24,49.28210353718737,44.26783370470184,59.31064320215842,11.339166666666667,0.137083333333333,0.03192876986312676,-0.2175578271947493,0.24948659705787607,83.95061728395073,94.32314410480353,14.36,11.05,0,290312536242.08,290310060092.8,10.9676062,10.29659643,1.03147785,3.86025066,-3.15135782,1.95553282
2020-09-11,000001,11.89,12.43,11.84,12.0,536387958.0,8161444522.0,19405752680.0,0.0276406675301395,2026-07-24,57.612017244856304,48.71589488475333,75.40426196506225,11.486770833333333,0.14760416666666565,0.08450150877581386,-0.1571459600006367,0.24164746877645055,88.8888888888889,95.67307692307693,14.36,11.14,0,291282832151.98,291280347726.8,11.00426264,10.33101018,1.03492531,3.87315256,-3.16189043,1.96206869
2020-09-18,000001,12.0,12.86,11.92,12.84,442120740.0,6880348575.0,19405752680.0,0.0227829730333343,2026-07-24,71.4624048020102,56.298064857172285,101.79108469168601,11.712916666666667,0.2261458333333337,0.1917365434364573,-0.08736945931321789,0.2791060027496752,100.0,100.0,14.36,11.25,0,311853105441.86,311850445567.6,11.78137913,11.06058186,1.1080113,4.146673,-3.38518183,2.10062918
2020-09-25,000001,12.79,12.83,12.08,12.14,403821667.0,6269081758.0,19405752680.0,0.0208093792422792,2026-07-24,70.93309553048938,61.17640841494465,90.44646976157885,11.789479166666666,0.07656249999999964,0.2177271085587673,-0.02635014573882085,0.24407725429758817,30.00000000000007,75.26501766784455,14.36,11.36,0,294775897427.62,294773383209.2,11.13622582,10.45489971,1.04733614,3.91959943,-3.19980784,1.98559783
2020-10-02,000001,12.14,12.31,11.8,12.12,301215033.0,4538196906.0,19405752680.0,0.0155219453719224,2026-07-24,69.0414690078067,63.798095279232,79.52821646495607,11.848958333333334,0.05947916666666764,0.2340134247251502,0.02572256835397336,0.20829085637117684,30.76923076923065,74.55830388692577,14.36,11.45,0,294387779063.66,294385268155.6,11.12156324,10.44113421,1.01925298,3.91443867,-3.19559479,1.98298348
2020-10-09,000001,12.23,12.43,12.09,12.13,90042593.0,1376995907.0,19405752680.0,0.0046399948759936,2026-07-24,67.07141704897553,64.88920253581318,71.43584607530022,11.826770833333333,-0.022187500000001137,0.2449042601862761,0.06955890672043391,0.17534535346584218,97.05882352941182,74.9116607773852,14.36,11.54,0,294581838245.64,294579325682.4,11.12889453,10.44801696,1.01992486,3.91701905,-3.19770132,1.98429066
2020-10-16,000001,12.16,13.88,12.15,13.67,685840550.0,11264536184.0,19405752680.0,0.0353421256732205,2026-07-24,75.35530367367598,68.37790291510078,89.31010519082639,12.113854166666666,0.28708333333333336,0.3734950371408754,0.1303461328045222,0.2431489043363532,100.0,100.0,14.36,11.67,0,331841201185.8,331838370828.0,12.53650174,11.76950527,1.14892722,4.41245229,-3.60215366,2.23526813
2020-10-23,000001,13.83,15.01,13.79,14.49,780975838.0,13896242686.0,19405752680.0,0.0402445527817577,2026-07-24,78.92319619353198,71.89300067457783,92.98358723144028,12.531666666666666,0.41781250000000014,0.535399548576633,0.21135681595894434,0.3240427326176886,100.0,100.0,14.36,11.84,0,351829296929.74,351826296088.4,13.04424206,12.47842869,1.2181316,4.67823158,-3.75056549,2.32132496
2020-10-30,000001,14.54,14.67,13.82,14.18,527069500.0,9361753657.0,19405752680.0,0.0271604770343797,2026-07-24,77.66536432862212,73.8171218925926,85.36184920068118,12.865,0.3333333333333339,0.6314170484356847,0.2953688624542924,0.3360481859813923,86.75213675213674,93.08035714285714,14.36,12.04,0,344455048014.5,344452110070.0,12.7708382,12.21688413,1.19259989,4.58017708,-3.67195463,2.27267061
2020-11-06,000001,14.1,14.78,13.76,14.1,545220877.0,9751109544.0,19405752680.0,0.028095837661680202,2026-07-24,75.66060633330778,74.43161670616432,78.11858558759471,13.0765625,0.21156249999999943,0.6930670321037642,0.3749084963841868,0.3181585357195774,46.57534246575338,91.29464285714285,14.36,12.24,0,342320397012.72,342317477275.2,12.69169498,12.14117386,1.18520913,4.55179289,-3.64919886,2.25858645
2020-11-13,000001,14.12,14.78,13.34,13.73,487906491.0,8609537892.0,19405752680.0,0.025142363661206597,2026-07-24,70.48194108617196,73.11505816616686,65.21570692618215,13.160520833333333,0.08395833333333336,0.7039544320476594,0.4407176835168813,0.2632367485307781,46.4285714285715,83.03571428571429,14.36,12.42,0,333393674641.64,333390831042.4,12.36073241,11.82456729,1.15430231,4.43309534,-3.55403834,2.19968907
2020-11-20,000001,13.65,15.18,13.51,15.07,487184800.0,8862074071.0,19405752680.0,0.0251051741220065,2026-07-24,79.23648143417381,75.15553258883584,87.39837912484975,13.463125,0.3026041666666668,0.8113567604134175,0.5148454988961886,0.29651126151722895,100.00000000000001,100.0,14.36,12.63,0,365995617214.28,365992495544.8,13.56946527,12.98086956,1.26717937,4.86659942,-3.90158109,2.41479254
2020-11-27,000001,15.06,15.98,15.02,15.74,379041813.0,7353643743.0,19405752680.0,0.0195324458293568,2026-07-24,84.24377869136309,78.18494795634491,96.36144016139943,13.820624999999998,0.35749999999999815,0.9397049463362919,0.5998173883842093,0.3398875579520826,100.0,100.00000000000001,14.36,12.88,0,382296588500.6,382293327796.0,14.1738317,13.5590207,1.3236179,5.08335146,-4.07535246,2.52234428
2020-12-04,000001,15.9,16.69,15.16,15.42,534034646.0,10589054526.0,19405752680.0,0.0275193987476911,2026-07-24,80.29295391018408,78.88761660762464,83.10362851530297,14.125520833333331,0.30489583333333314,1.0040266880555109,0.6806592483184696,0.3233674397370413,85.65022421524662,93.92789373814041,14.36,13.12,0,374534221221.4,374531026724.0,13.88603816,13.28371063,1.29674241,4.98013621,-3.99260419,2.47112917
2020-12-11,000001,15.43,15.5,14.56,14.8,376633569.0,7051918208.0,19405752680.0,0.019408346339905798,2026-07-24,72.9853172910772,76.92018350210883,65.11558486901393,14.217291666666664,0.09177083333333336,0.9935206260058322,0.7432315238559422,0.2502891021498901,20.33898305084748,82.16318785578748,14.36,13.35,0,359397605026.96,359394539633.6,13.32484076,12.746856,1.24433521,4.77886645,-3.83124506,2.3712597
2020-12-18,000001,14.86,15.26,14.5,14.67,405881715.0,7590220818.0,19405752680.0,0.020915535804921698,2026-07-24,61.8907090398226,71.91035868134675,41.8514097567743,14.23875,0.021458333333335133,0.9635968380637117,0.787304586697496,0.17629225136621562,18.47826086956521,79.69639468690701,14.36,13.54,0,356292658115.28,356289619204.8,13.20972335,12.63673198,1.23358501,4.73758035,-3.79814575,2.35077365
2020-12-25,000001,14.62,14.9,14.22,14.42,389572580.0,7075834761.0,19405752680.0,0.0200751079550496,2026-07-24,52.00674134993148,65.27581957087499,25.468584908044477,14.258541666666666,0.01979166666666643,0.9092280943704409,0.811689288232085,0.09753880613835597,34.48275862068953,73.65269461077844,14.36,13.69,0,350082764291.92,350079778347.2,12.97948852,12.41648393,1.21208462,4.65500814,-3.73194713,2.30980156
2021-01-01,000001,14.4,15.65,14.35,15.46,413643050.0,7826713658.0,19405754475.0,0.0213154855814896,2026-07-24,55.7656882631384,62.105775801629456,43.08551318615629,14.4425,0.18395833333333478,0.9392328895467053,0.837198008495009,0.10203488105169622,100.0,94.23868312757203,14.36,13.86,0,375310457949.32,375307291546.5,13.91481751,12.97395112,1.27575473,4.99045773,-4.00087902,2.47625068
2021-01-08,000001,15.26,16.06,14.22,15.86,809017217.0,15284402123.0,19405754475.0,0.0416895523460443,2026-07-24,62.251752374430566,62.15443465922982,62.44638780483206,14.645104166666668,0.20260416666666714,0.9839462431515074,0.8665476554263087,0.11739858772519862,100.0,100.0,14.36,14.03,0,385207476230.3,385204226328.75,14.28175427,13.31607703,1.30939666,0.41397587,-4.10638307,2.54154995
2021-01-15,000001,15.98,17.54,15.94,16.78,773858697.0,16089706418.0,19405754475.0,0.0398777949085638,2026-07-24,68.54831465160551,64.28572799002171,77.07348797477312,15.009895833333333,0.3647916666666653,1.0811553236891562,0.9094691890788782,0.17168613461027804,100.0,100.00000000000001,14.36,14.24,0,407524282158.0,407520843975.0,15.10916069,14.08753741,1.38525592,0.43795936,-4.34428435,2.6887934
2021-01-22,000001,16.94,18.36,16.94,17.61,654939630.0,14612303403.0,19405754475.0,0.033749763805562896,2026-07-24,72.99356242474182,67.18833946826174,84.604008337702,15.446979166666667,0.4370833333333337,1.2112062520455567,0.9698166016722138,0.2413896503733428,100.0,100.00000000000001,14.36,14.49,1,427512377901.94,427508771084.25,15.85022905,14.77849758,1.45319942,0.45944022,-4.55736116,2.82067231
2021-01-29,000001,17.36,18.81,17.13,18.45,554697391.0,12617391855.0,19405754475.0,0.0285841703147692,2026-07-24,79.3813291981939,71.25266937823913,95.63864883810342,15.982708333333333,0.5357291666666661,1.3663036317886572,1.0491140076955026,0.31718962409315465,100.0,100.0,14.36,14.79,1,448082651191.82,448078870827.75,16.61288192,15.4895828,1.52312186,0.48154674,-4.77664408,2.95639236
2021-02-05,000001,18.38,20.23,18.14,19.92,808550275.0,19501271326.0,19405754475.0,0.041665490308126496,2026-07-24,84.53486283762011,75.6800671980328,102.24445411679474,16.6896875,0.7069791666666685,1.5895132184046048,1.157193849837323,0.4323193685672817,100.0,100.0,14.36,15.16,1,483789540676.14,483785459061.75,16.72391941,16.72391941,1.64449667,0.51992032,-29.93561912,3.15086127
2021-02-12,000001,19.9,19.95,18.68,19.04,394522532.0,9523668369.0,19405754475.0,0.0203301826016737,2026-07-24,83.08979763217934,78.14997734274831,92.96943821104139,17.113125,0.4234374999999986,1.6760789832073613,1.2609708765113308,0.4151081066960305,68.4587813620071,89.16256157635466,14.36,15.54,1,462248971476.36,462245071594.5,15.97929243,15.97929243,1.571276,0.49677104,-28.60274559,3.01057021
2021-02-19,000001,19.18,19.62,18.76,19.06,242781395.0,5816945939.0,19405754475.0,0.0125107939149064,2026-07-24,82.23734706260652,79.51243391603438,87.68717335575079,17.440416666666668,0.3272916666666674,1.7263959900105785,1.3540558992111804,0.3723400907993981,51.68539325842683,89.40886699507385,14.36,15.9,1,462831149022.3,462827244228.75,15.99941749,15.99941749,1.57325493,0.4973967,-28.6387692,3.01436186
2021-02-26,000001,19.02,19.02,16.95,17.09,797418323.0,17700058758.0,19405754475.0,0.0410918485043853,2026-07-24,70.74281262853745,76.58922682020207,59.04998424520821,17.305312500000003,-0.13510416666666458,1.5889931208106969,1.4010433435310836,0.18794977727961326,6.635071090047422,63.85696040868453,14.36,16.19,1,414898531073.24,414895030675.5,14.34245475,14.34245475,1.41032245,0.44588434,-25.67282539,2.70218267
2021-03-05,000001,17.21,18.77,16.93,17.85,661219763.0,14684798579.0,19405754475.0,0.0340733860078376,2026-07-24,67.29498656655686,73.49114673565367,54.902666228363216,17.331875000000004,0.02656250000000071,1.5238598971263375,1.4256066542501344,0.09825324287620307,43.1924882629109,73.35907335907336,14.36,16.44,1,433528212543.32,433524554971.5,14.98645646,14.98645646,1.47364844,0.46590533,-26.82558088,2.82351547
2021-03-12,000001,17.93,18.13,16.21,17.17,525094586.0,11135634753.0,19405754475.0,0.0270587050184761,2026-07-24,54.42043393481415,67.13424246870717,28.992816867028097,17.225520833333334,-0.10635416666666941,1.4012186546713377,1.4207290543343751,-0.01951039966303747,58.53658536585369,58.206686930091195,14.36,16.63,1,416839122893.04,416835606123.0,14.40953826,14.40953826,1.41691891,0.44796986,-25.79290408,2.7148215
2021-03-19,000001,17.1,17.68,16.28,16.36,493715413.0,10497624004.0,19405754475.0,0.0254417015136431,2026-07-24,37.52407038440345,57.264185107272596,-1.95615906133483,17.1009375,-0.12458333333333371,1.2245485227801414,1.3814929480235283,-0.15694442524338692,9.146341463414544,45.89665653495439,14.36,16.74,1,397239145513.06,397235794103.25,13.7319948,13.7319948,1.3502947,0.4269061,-24.58010925,2.58716928
2021-03-26,000001,16.42,17.3,16.3,16.89,429895233.0,9043860297.0,19405754475.0,0.0221529770230691,2026-07-24,30.654521218126348,48.39429714422385,-4.8250306340686535,17.010729166666668,-0.090208333333333,1.1144559861385464,1.3280855556465319,-0.2136295695079855,70.83333333333324,53.95136778115501,14.36,16.83,1,410241110705.72,410237649601.5,14.18145432,14.18145432,1.39449096,0.44087909,-25.38463651,2.67184947
2021-04-02,000001,17.01,17.67,16.94,17.18,342688206.0,7418831960.0,19405754475.0,0.0176591024297187,2026-07-24,28.47946522336117,41.756019837269626,1.926355995544256,16.99729166666667,-0.013437499999998437,1.0386346997539526,1.270195384468016,-0.23156068471406344,100.0,58.35866261398175,14.36,16.89,1,417227241257.0,417223721212.5,14.42295497,14.42295497,1.37847526,0.44838696,-25.81691982,2.71734927
2021-04-09,000001,17.22,17.65,16.85,17.02,170069719.0,3665203188.0,19405754475.0,0.008763880797270501,2026-07-24,26.205561485805834,36.572533720115025,5.471617017187455,17.080729166666664,0.08343749999999517,0.9546307323614229,1.2070824540466973,-0.2524517216852744,81.81818181818178,54.758190327613086,14.36,16.94,1,413346057617.4,413342570317.5,14.28878794,14.28878794,1.36565223,0.44421592,-25.57676243,2.6920716
2021-04-16,000001,17.19,17.19,15.83,16.19,309794912.0,6350586653.0,19405754475.0,0.015964074594425,2026-07-24,20.636601236799326,31.260556225676456,-0.6113087409549323,16.944583333333334,-0.1361458333333303,0.811725849277682,1.1280111330928944,-0.31628528381521237,26.666666666666764,34.56140350877193,14.36,16.95,1,393163902691.48,393160585663.5,13.59111942,13.59111942,1.2989725,0.4225265,-24.32794398,2.56062773
2021-04-23,000001,16.01,18.9,15.91,18.61,519707902.0,11572470457.0,19405754475.0,0.026781123231746702,2026-07-24,42.80684596559871,35.1093194723172,58.20189895216173,17.1740625,0.22947916666666757,0.8835613300607612,1.0791211724864678,-0.19555984242570656,100.0,77.0175438596491,14.36,17.01,1,451963834831.42,451960021722.75,14.81265846,15.62374982,1.49324134,0.48571778,-9.8854732,2.87136181
2021-04-30,000001,19.08,19.36,18.2,18.61,311350520.0,7243295754.0,19405754475.0,0.0160442367958999,2026-07-24,54.78907766922822,41.66923887128754,81.02875526510958,17.42385416666667,0.24979166666666686,0.9297736146621993,1.049251660921614,-0.11947804625941472,100.0,77.0175438596491,14.36,17.11,1,451963834831.42,451960021722.75,14.81265846,15.62374982,1.49324134,0.48571778,-9.8854732,2.87136181
2021-05-07,000001,18.46,19.42,18.46,19.22,130250943.0,3103293982.0,19405754475.0,0.0067119752116723,2026-07-24,68.00237489926262,50.44695088061257,103.1132229365627,17.820416666666667,0.39656249999999815,1.0040450784990824,1.0402103444371078,-0.03616526593802538,100.0,87.71929824561398,14.36,17.24,1,466712332661.9,466708395123.75,15.29602559,16.13358451,1.54196883,0.50156774,-10.20805627,2.96506018
2021-05-14,000001,19.18,19.21,18.2,18.78,280536547.0,6546422123.0,19405754475.0,0.014456358672444599,2026-07-24,72.725817249462,57.87323967022905,102.43097240792788,17.927083333333332,0.10666666666666558,1.0156931475621782,1.035306905062122,-0.019613757499943762,56.86274509803942,80.0,14.36,17.38,1,452546012377.36,452542194357.0,14.83173874,15.64387487,1.49516479,0.48634344,-9.89820674,2.87506043
2021-05-21,000001,18.65,19.43,18.48,18.92,229752407.0,5424482632.0,19405754475.0,0.011839395747069801,2026-07-24,77.09498927741913,64.28048953929242,102.72398875367256,18.106666666666666,0.17958333333333343,1.0244123680809878,1.0331279976658951,-0.008715629584907347,70.58823529411791,82.45614035087719,14.36,17.52,1,455845018471.02,455841172617.75,14.93986033,15.75791684,1.50606436,0.48988882,-9.97036348,2.89601928
2021-05-28,000001,18.91,20.26,18.68,19.73,323206612.0,7903013724.0,19405754475.0,0.0166551943350811,2026-07-24,80.74203197877603,69.76767035245362,102.69075523142084,18.3871875,0.280520833333334,1.0841848358027768,1.0433393652932714,0.04084547050950538,100.0,96.66666666666664,14.36,17.69,1,475444995851.0,475440984637.5,15.58222981,16.43546031,1.57082064,0.51095258,-10.3990594,3.02053948
2021-06-04,000001,19.6,20.1,18.83,19.77,279553606.0,6721596108.0,19405754475.0,0.014405706635118901,2026-07-24,83.47437195876263,74.33657088788995,101.74997410050801,18.6253125,0.23812500000000014,1.1218506172280804,1.0590416156802331,0.0628090015478473,100.0,96.33251833740826,14.36,17.87,1,476221232578.92,476217214816.5,15.60767018,16.46229371,1.57338525,0.51178679,-10.41603746,3.02547097
2021-06-11,000001,19.72,20.18,18.62,18.82,283670372.0,6842996192.0,19405754475.0,0.0146178481421808,2026-07-24,78.14770019222249,75.60694732266747,83.22920593133253,18.7228125,0.09750000000000014,1.0627927466384683,1.0597918418718801,0.0030009047665882083,17.391304347826047,73.1051344743276,14.36,18.03,1,453516308287.26,453512482080.75,14.86353921,15.67741663,1.49837055,0.4873862,-9.91942932,2.8812248
2021-06-18,000001,18.81,19.08,18.03,18.24,218621202.0,5036533846.0,19405754475.0,0.011265792437064999,2026-07-24,69.95287292508317,73.72225585680603,62.41410706163745,18.614895833333332,-0.10791666666666799,0.9581429306877638,1.0394620596350568,-0.08131912894729298,12.068965517241235,58.92420537897304,14.36,18.14,1,439544047184.7,439540338858.75,14.40561245,15.19441535,1.45220765,0.47237045,-9.6138243,2.79245792
2021-06-25,000001,18.2,19.01,17.73,18.81,287418837.0,6560803102.0,19405754475.0,0.0148110106911985,2026-07-24,60.86449762857979,69.43633644739728,43.72081999094482,18.600833333333334,-0.014062499999997868,0.9107034118581474,1.0137103300796748,-0.10300691822152741,99.0825688073393,72.86063569682146,14.36,18.23,1,453322249105.28,453318424536.0,14.85717911,15.67070828,1.49772939,0.48717765,-9.9151848,2.87999193
2021-07-02,000001,18.81,18.93,17.53,17.57,381495308.0,8571652353.0,19405754475.0,0.019658875334709,2026-07-24,41.064732240787,59.97913504519386,3.2359266319732853,18.460104166666667,-0.14072916666666657,0.7642399322980999,0.9638162505233598,-0.1995763182252599,3.124999999999939,44.16243654822336,14.36,18.27,1,423243075898.38,423239505099.75,13.87136457,14.63091385,1.37752467,0.45485207,-9.25728512,2.68889657
2021-07-09,000001,17.47,18.57,16.93,17.13,433966763.0,9474216254.0,19405754475.0,0.0223627874689986,2026-07-24,29.37849016252666,49.77892008430479,-11.422369681029593,18.273854166666666,-0.18625000000000114,0.6056803408217313,0.8921890685830342,-0.2865087277613029,10.638297872340393,32.994923857867995,14.36,18.26,1,412763880071.46,412760397683.25,13.52791951,14.26866289,1.34341814,0.44359026,-9.02808137,2.62232142
2021-07-16,000001,17.32,17.57,16.44,17.19,391247118.0,8267346587.0,19405754475.0,0.0201613968941033,2026-07-24,26.13016272615215,41.896000964920574,-5.401513751384698,17.988645833333333,-0.2852083333333333,0.479336725382165,0.8096185999428603,-0.33028187456069535,66.37168141592926,34.51776649746196,14.36,18.22,1,414122294345.32,414118800496.5,13.57244017,14.31562135,1.34783936,0.44505013,-9.05779296,2.63095153
2021-07-23,000001,17.2,17.26,16.11,16.19,367529922.0,7534544693.0,19405754475.0,0.0189392235418353,2026-07-24,18.062678765225947,33.95156023168903,-13.715084167700219,17.674791666666664,-0.313854166666669,0.2951149557314281,0.7067178711005739,-0.41160291536914584,7.4074074074075655,9.137055837563484,14.36,18.13,1,390058955779.8,390055664947.5,12.78378853,13.48378581,1.26952067,0.41918967,-8.53147322,2.47807524
2021-07-30,000001,16.08,16.1,13.89,14.25,569438363.0,10376362800.0,19405754475.0,0.0293437889123862,2026-07-24,13.949575986568222,27.284232149982092,-12.719736340259516,17.115104166666665,-0.559687499999999,-0.007339307735463763,0.5639064353333664,-0.5712457430688301,10.909090909090889,6.122448979591828,14.36,17.94,1,343290692922.62,343287796662.75,11.25100593,11.86707318,1.11730451,0.36892862,-7.50854534,2.18095279
2021-08-06,000001,14.21,14.62,13.84,14.38,397551929.0,7076375065.0,19405754475.0,0.0204862907810234,2026-07-24,12.138834043621722,22.235766114528634,-8.055030098192098,16.5559375,-0.5591666666666661,-0.23385088956581868,0.40435497035352935,-0.6382058599193481,22.978723404255344,9.106239460371011,14.36,17.69,1,346589699016.28,346586774923.5,11.35912752,11.98111515,1.12804175,0.37247401,-7.58070208,2.20191164
2021-08-13,000001,14.43,16.58,14.37,16.02,533243790.0,10394785810.0,19405754475.0,0.0274786425174533,2026-07-24,21.960240507452653,22.143924245503303,21.592873031351353,16.405624999999997,-0.15031250000000185,-0.277826050378021,0.26791876620721927,-0.5457448165852403,100.0,36.76222596964587,14.36,17.47,1,385983712958.22,385980456507.75,12.65022657,13.34291043,1.25625702,0.41481008,-8.44233843,2.45218491
2021-08-20,000001,16.18,17.08,15.06,15.64,470040786.0,9361753148.0,19405754475.0,0.0242217217890465,2026-07-24,26.245576199036776,23.511141563347792,31.714445470414745,16.351145833333334,-0.0544791666666633,-0.33942680542601167,0.14644965188057307,-0.48587645730658474,82.56880733944958,30.354131534569994,14.36,17.26,1,376862931405.16,376859751904.5,11.47817535,13.02761793,1.22657171,0.40500813,-3.53971589,2.3569548
2021-08-27,000001,15.71,16.15,14.75,14.81,443932585.0,8486096914.0,19405754475.0,0.0228763373035511,2026-07-24,23.84937561926617,23.623886248653918,24.300354360490672,16.15989583333333,-0.1912500000000037,-0.4500322197180111,0.027153277560856226,-0.47718549727886733,26.66666666666674,16.357504215851613,14.36,17.04,1,356874835661.22,356871824795.25,10.86939468,12.33665776,1.16151667,0.38352727,-3.35197606,2.23194639
2021-09-03,000001,14.67,15.13,13.7,14.53,856139521.0,15317965299.0,19405754475.0,0.0441178168106239,2026-07-24,21.580624129476558,22.9427988755948,18.85627463724007,15.858124999999998,-0.30177083333333243,-0.5538964933688053,-0.0890566766250761,-0.4648398167437292,42.783505154639144,13.673805601317957,14.36,16.81,1,350082764291.92,350079810729.0,10.66252747,12.10186547,1.13941059,0.37622794,-3.28818098,2.1894678
2021-09-10,000001,14.44,16.73,14.32,16.57,721822190.0,13895316079.0,19405754475.0,0.0371962961259714,2026-07-24,39.10715165909979,28.330916470096465,60.65962203710644,15.994166666666665,0.13604166666666728,-0.4662243830568187,-0.16449021791142462,-0.3017341651453941,100.0,47.28171334431632,14.36,16.65,1,399179737332.86,399176369550.75,12.15788193,13.79907831,1.29920598,0.42899162,-3.74932831,2.49652731
2021-09-17,000001,16.4,16.91,14.83,14.92,559885277.0,10850721042.0,19405754475.0,0.0288515078205943,2026-07-24,37.494655413182635,31.385496117791856,49.712974003964185,15.921249999999997,-0.07291666666666785,-0.5238462409826781,-0.23636142252567532,-0.28748481845700274,42.50871080139373,20.098846787479417,14.36,16.48,1,359591664208.94,359588630421.75,10.95214157,12.43057468,1.1703591,0.38644699,-3.3774941,2.24893782
2021-09-24,000001,14.39,14.76,13.97,13.97,411889908.0,7291852882.0,19405754475.0,0.0212251427034504,2026-07-24,27.659158835612896,30.143383690398867,22.69070912604095,15.68239583333333,-0.23885416666666615,-0.6388052893179523,-0.3168501958841307,-0.3219550934338216,0.0,4.448105436573333,14.36,16.29,1,336692680735.3,336689840141.25,10.25470352,11.63898924,1.09583003,0.36183785,-3.16241352,2.1057243
2021-10-01,000001,13.86,14.85,13.74,14.44,445956786.0,7940554680.0,19405754475.0,0.0229806466208006,2026-07-24,25.737269598495388,28.67467899309771,19.862450809290742,15.380624999999998,-0.30177083333333243,-0.6841002099302838,-0.3903001986933613,-0.29380001123692245,59.32203389830504,12.191103789126858,14.36,16.1,1,347948113290.14,347945177736.75,10.59751205,12.02807361,1.09104057,0.37393387,-3.26813109,2.17611739
2021-10-08,000001,14.63,15.21,14.51,15.01,115920062.0,2146983882.0,19405754475.0,0.005973489057039,2026-07-24,30.07731188223165,29.14222328947569,31.947489067743568,15.313541666666664,-0.0670833333333345,-0.6663215840860381,-0.44550447577189667,-0.22081710831414147,100.0,21.58154859967052,14.36,15.93,1,361726315210.72,361723263414.0,11.01715698,12.50436654,1.13424408,0.38874107,-3.39754398,2.26228824
2021-10-15,000001,15.3,16.04,15.21,15.83,513095086.0,9984364950.0,19405754475.0,0.026440357506378,2026-07-24,41.05745841458443,33.113968331178604,56.944438581396085,15.486249999999997,0.17270833333333258,-0.5793859474948384,-0.472280770116485,-0.1071051773783534,100.0,35.09060955518947,14.36,15.82,1,381520351772.68,381517132978.5,11.62002716,13.18861835,1.19631108,0.41001338,-3.58346109,2.38608298
2021-10-22,000001,15.67,16.58,15.38,16.14,483161784.0,9508146434.0,19405754475.0,0.0248978613339894,2026-07-24,52.70912596278631,39.6456875417145,78.83600280492992,15.617291666666663,0.1310416666666665,-0.4799419479148952,-0.473813005676167,-0.0061289422387281745,100.0,40.19769357495883,14.36,15.76,1,388894600687.92,388891319679.0,10.90409647,13.4435357,1.21943408,0.41793836,-2.25228098,2.36888188
2021-10-29,000001,15.87,16.47,15.56,15.71,323017591.0,6402965189.0,19405754475.0,0.016645453873804998,2026-07-24,56.0116914518264,45.10102217841847,77.83302999864226,15.70427083333333,0.0869791666666675,-0.4308625528261665,-0.4652229151061669,0.034360362280000445,53.76344086021507,39.25781250000003,14.36,15.71,1,378415404861.0,378412212262.5,10.61027351,13.08128474,1.18657508,0.40667655,-2.19159078,2.30504973
2021-11-05,000001,15.57,15.89,14.15,14.21,603360360.0,11030530923.0,19405754475.0,0.0310918269515,2026-07-24,42.283293775455256,44.161779377430726,38.52632257150431,15.492499999999996,-0.21177083333333435,-0.5071580404025049,-0.4736099401654345,-0.03354810023707039,3.0150753768844467,9.980430528375766,14.36,15.63,1,342320397012.72,342317508939.0,9.59821666,11.83353142,1.07339407,0.36788586,-1.98254673,2.08518345
2021-11-12,000001,14.19,15.01,13.82,14.72,688051391.0,12184832613.0,19405754475.0,0.0354560494870939,2026-07-24,38.49380468311108,42.272454479324175,30.93650509068489,15.314479166666663,-0.17802083333333307,-0.5204703678152782,-0.48298202569540327,-0.03748834211987495,47.61904761904762,19.960861056751497,14.36,15.55,1,354546125477.46,354543134258.25,9.94101011,12.25615755,1.11172957,0.38102464,-2.05335198,2.15965429
2021-11-19,000001,14.78,15.01,14.26,14.62,350705618.0,6351301377.0,19405754475.0,0.0180722485411121,2026-07-24,35.99117495305996,40.178694637236106,27.616135584707678,15.149791666666664,-0.16468749999999943,-0.532946175699184,-0.4929748556961594,-0.03997132000302461,88.88888888888873,23.772609819121442,14.36,15.46,1,352217415293.7,352214443721.25,9.87571612,12.17565733,1.10442757,0.37852202,-2.03986526,2.14546937
2021-11-26,000001,14.52,14.78,14.11,14.16,401393918.0,7156518779.0,19405754475.0,0.0206842727252424,2026-07-24,28.92369410016204,36.42702779154475,13.917026717396624,15.019791666666665,-0.129999999999999,-0.5733423650589504,-0.5090483575687176,-0.06429400749023284,37.77777777777775,13.180515759312337,14.36,15.36,1,341156041920.84,341153163670.5,9.56556966,11.79328132,1.06974307,0.36663455,-1.97580338,2.07809099
2021-12-03,000001,14.02,14.34,13.97,14.22,365553405.0,6410696991.0,19405754475.0,0.018837371433866698,2026-07-24,24.113380607837502,32.322478730309,7.6951843628945085,14.807291666666664,-0.21250000000000036,-0.5936716602546763,-0.5259730181059094,-0.06769864214876697,38.461538461538545,14.899713467048741,14.36,15.25,1,342514456194.7,342511566483.75,9.60365782,11.84023977,1.07400257,0.36809441,-1.98367063,2.08636553
2021-12-10,000001,14.38,15.35,14.34,14.8,718749214.0,13225785168.0,19405754475.0,0.0370379422725329,2026-07-24,27.911335864162215,30.852097774926737,22.029812042633175,14.740104166666665,-0.06718749999999929,-0.5565658754621001,-0.5320915895771475,-0.024474285884952596,99.99999999999999,38.327526132404216,14.36,15.17,1,356680776479.24,356677767250.5,10.00086293,12.32994941,1.11842307,0.38331871,-2.06571479,2.17265713
2021-12-17,000001,14.88,15.21,14.01,14.15,596817576.0,10640139953.0,19405754475.0,0.030754670052579598,2026-07-24,22.593064489151626,28.099086679668364,11.581020108118146,14.704895833333333,-0.03520833333333151,-0.573003612442708,-0.5402739941502597,-0.03272961829244836,21.68674698795177,15.679442508710833,14.36,15.08,1,340961982738.86,340959106125.75,9.56012849,11.78657297,1.06913457,0.366426,-1.97467949,2.07690891
2021-12-24,000001,14.14,14.26,13.86,13.94,416492442.0,7257929816.0,19405754475.0,0.0214623163730404,2026-07-24,16.571476955031894,24.25655010478954,1.2013306555165997,14.605416666666667,-0.09947916666666679,-0.5961043623569431,-0.5514400677915964,-0.04466429456534671,8.510638297872337,8.362369337979098,14.36,14.98,1,335916444007.38,335913609962.25,9.41865818,11.61215584,1.05331357,0.36100364,-1.94545828,2.04617492
2021-12-31,000001,13.96,13.97,13.21,13.27,587455637.0,9917442386.0,19405521950.0,0.0302723470809137,2026-07-24,11.793919960071,20.102340056550027,-4.822920232887057,14.344583333333333,-0.26083333333333414,-0.6608573218355378,-0.5733235186003847,-0.08753380323515314,6.382978723404123,1.785714285714248,14.36,14.86,1,319809531903.04,319803001736.0,8.96704141,8.80145123,0.98250569,0.34369382,-1.85217518,1.94806255
2022-01-07,000001,13.27,13.92,13.03,13.85,536577339.0,9097258436.0,19405521950.0,0.027650755304728998,2026-07-24,19.644222502116303,19.94963420507212,19.03339909620467,14.241041666666668,-0.10354166666666487,-0.6577907536568226,-0.5902169656116723,-0.06757378804515035,90.10989010989013,23.163841807909606,14.36,14.74,1,333781793005.6,333774977540.0,9.35880536,9.18598065,1.0254307,0.29026388,-1.93309546,2.03317207
2022-01-14,000001,13.93,14.13,13.13,13.15,700645452.0,11887436339.0,19405521950.0,0.0361054680108718,2026-07-24,14.820286265778698,18.23985155864098,7.981155680054137,14.056875,-0.18416666666666792,-0.703732436666014,-0.6129200598225406,-0.09081237684347343,14.63414634146353,3.3898305084746037,14.36,14.61,1,316898644173.34,316892173443.5,8.72134093,8.72134093,0.97356298,0.27558192,-1.83531679,1.87089994
2022-01-21,000001,13.17,14.14,12.98,13.97,779793231.0,13148622662.0,19405521950.0,0.0401840895086048,2026-07-24,23.804241476763867,20.094648198015275,31.223428034261055,14.040104166666667,-0.01677083333333229,-0.6662937844747425,-0.623594804752981,-0.04269897972176151,100.00000000000001,27.576601671309202,14.36,14.5,1,336692680735.3,336685805832.5,9.26609095,9.26609095,1.0343734,0.29279525,-1.94995385,1.98775958
2022-01-28,000001,13.97,14.0,12.74,12.75,565323684.0,9372505975.0,19405521950.0,0.0291321040194951,2026-07-24,15.997208238659944,18.728834878230163,10.533954959519505,13.825624999999999,-0.21447916666666877,-0.7266903528778794,-0.6442139143779607,-0.0824764384999187,0.8130081300812833,0.26109660574411975,14.36,14.37,1,307195685074.34,307189412468.5,8.45430661,8.45430661,0.94375395,0.26714402,-1.77912215,1.8136158
2022-02-11,000001,12.9,13.97,12.8,13.77,618402973.0,10355377576.0,19405521950.0,0.0318673712870679,2026-07-24,23.819339336628975,20.425669697696435,30.606678614494058,13.8309375,0.005312500000000497,-0.684360708716488,-0.6522432732456662,-0.0321174354708218,83.73983739837391,30.294117647058805,14.36,14.27,0,331841201185.8,331834425345.0,9.13257379,9.13257379,1.01946889,0.2885763,-1.92185653,1.95911751
2022-02-18,000001,13.77,13.81,12.97,13.51,473832371.0,7805580663.0,19405521950.0,0.0244173989352549,2026-07-24,26.270922580694613,22.374087325362495,34.064593091358844,13.7659375,-0.0649999999999995,-0.6641382158981166,-0.6546222617761563,-0.009515954121960268,74.75728155339806,22.647058823529395,14.36,14.17,0,325437248180.46,325430603101.5,8.95633114,8.95633114,0.99979493,0.28300728,-1.88476807,1.92130998
2022-02-25,000001,13.42,13.43,12.73,12.81,463317764.0,7472202616.0,19405521950.0,0.0238755631100145,2026-07-24,19.25686777710796,21.335014142610984,15.100575046101916,13.6815625,-0.08437499999999964,-0.6965663116569623,-0.6630110717523175,-0.03355523990464471,7.692307692307706,2.346041055718477,14.36,14.06,0,308554099348.2,308547799005.0,8.49169142,8.49169142,0.94792721,0.26832533,-1.7869894,1.82163558
2022-03-04,000001,12.81,12.85,12.31,12.35,398901236.0,6240135262.0,19405521950.0,0.0205560683720746,2026-07-24,13.566509301314218,18.745512528845396,3.2085028462518608,13.446979166666667,-0.23458333333333314,-0.7507300184576877,-0.6805548610933916,-0.07017515736429614,3.333333333333264,1.044386422976479,14.36,13.93,0,297492725975.34,297486651493.5,8.18727229,8.18727229,0.91394492,0.25870612,-1.72292752,1.75633166
2022-03-11,000001,12.22,12.22,10.65,12.0,765975698.0,11068497264.0,19405521950.0,0.0394720482125447,2026-07-24,21.938322342232397,19.809782466641064,26.195402093415062,13.1503125,-0.29666666666666686,-0.8125308711538963,-0.7069500631054926,-0.10558080804840375,62.499999999999986,24.590163934426222,14.36,13.78,0,289148181150.2,289142277055.0,7.95762277,7.95762277,0.88830915,0.25144952,-1.50025258,1.7070673
2022-03-18,000001,11.78,12.03,10.88,11.84,769046382.0,10987348071.0,19405521950.0,0.0396302858527336,2026-07-24,25.991355295967725,21.870306743083287,34.233452401736606,12.96125,-0.18906250000000036,-0.8644542643357802,-0.7384509033515501,-0.12600336098423015,70.0,21.675774134790515,14.36,13.61,0,285266997510.6,285261172665.0,7.85080905,7.85080905,0.87638554,0.24807436,-1.48011496,1.68415365
2022-03-25,000001,11.68,12.33,11.59,12.07,563292031.0,8421633965.0,19405521950.0,0.0290274094379612,2026-07-24,30.89012989167667,24.876914459281082,42.916560756467845,12.8034375,-0.15781250000000036,-0.876936076494399,-0.7661479379801198,-0.11078813851427916,100.0,28.063241106719364,14.25,13.45,0,290700654606.04,290694718811.0,8.00034827,8.00034827,0.89307859,0.25279958,-1.50830763,1.71623277
2022-04-01,000001,11.92,12.72,11.76,12.69,522819717.0,7955940785.0,19405521950.0,0.0269418013257817,2026-07-24,40.891927390471004,30.215252103011057,62.24527796539089,12.790520833333334,-0.012916666666665577,-0.827263011074578,-0.7783709525990115,-0.04889205847556655,100.00000000000001,49.15662650602407,14.16,13.32,0,305643211618.5,305636970712.5,8.41158112,8.41158112,0.90902746,0.26579396,-1.58583746,1.80445034
2022-04-08,000001,12.6,13.42,12.59,13.21,521438406.0,8529126469.0,19405521950.0,0.0268706199886573,2026-07-24,52.96409617196059,37.798200125994235,83.2958882638933,12.880729166666667,0.090208333333333,-0.7374363870439531,-0.7701840394879997,0.03274765244404665,100.00000000000001,61.686746987951814,14.12,13.23,0,318257058447.2,318250559980.0,8.75872574,8.75872574,0.94654288,0.27676323,-1.65128472,1.87891972
2022-04-15,000001,13.17,13.31,12.61,13.23,550800081.0,8855139311.0,19405521950.0,0.0283836777191141,2026-07-24,62.524587321391444,46.04032919112664,95.49310358192106,12.985416666666666,0.10468749999999893,-0.6570601273385464,-0.7475592570581091,0.09049912971956275,100.0,62.16867469879517,14.09,13.16,0,318645176811.16,318638670419.0,8.76940711,8.76940711,0.9476972,0.27710075,-1.65329848,1.88121108
2022-04-22,000001,13.01,13.05,12.4,12.94,425638057.0,6759277931.0,19405521950.0,0.021933862850826102,2026-07-24,69.14109178740244,53.74058338988524,99.94210858243686,12.995104166666668,0.009687500000001847,-0.6097333127278883,-0.7199940681920649,0.11026075546417657,65.0602409638553,55.18072289156624,14.05,13.12,0,311659046259.88,311652682517.0,8.5771424,8.5771424,0.92691943,0.27102546,-1.61705077,1.8399665
2022-04-29,000001,12.62,12.83,11.64,12.34,669977052.0,10211197362.0,19405521950.0,0.034525072488452,2026-07-24,66.4310046332382,57.970723804336224,83.35156629104215,12.915416666666667,-0.07968750000000036,-0.6135686196542629,-0.6987089784845045,0.08514035883024162,44.02515723270436,40.72289156626504,13.99,13.06,0,297298666793.36,297292596274.0,7.61250235,8.1819316,0.88420957,0.25853736,-8.73046917,1.71055953
2022-05-06,000001,12.24,12.44,12.01,12.05,162262802.0,2459730737.0,19405521950.0,0.0083616819180686,2026-07-24,61.134508503987924,59.025318704220126,65.35288810352353,12.752604166666666,-0.16281250000000114,-0.6327151579053627,-0.6855102143686762,0.052795056463313506,31.538461538461576,33.73493975903615,13.9,12.98,0,290312536242.08,290306608372.0,7.43361848,7.98966689,0.8634318,0.25246207,-8.52531455,1.67036361
2022-05-13,000001,12.03,12.03,11.36,11.77,402085613.0,5836666139.0,19405521950.0,0.0207201648085531,2026-07-24,52.43612902890533,56.82892214578186,43.65054279515226,12.550833333333333,-0.2017708333333328,-0.6628417601487566,-0.6809765235246923,0.01813476337593567,41.836734693877546,31.999999999999975,13.82,12.9,0,283520464872.78,283514675689.5,7.25970361,7.80274287,0.84323119,0.24655554,-8.32585866,1.63128425
2022-05-20,000001,11.81,12.11,11.53,12.1,391773204.0,5751959985.0,19405521950.0,0.0201887485948295,2026-07-24,46.93152938496601,53.52979122550991,33.735005703878215,12.448333333333332,-0.10250000000000092,-0.6525666848676686,-0.6752945557932876,0.02272787092561901,100.00000000000001,43.6746987951807,13.74,12.81,0,291476891333.96,291470939689.0,7.46343246,8.02171101,0.86689476,0.25347462,-8.55950698,1.67706293
2022-05-27,000001,12.14,12.14,11.33,11.42,391889554.0,5652997716.0,19405521950.0,0.020194744310909698,2026-07-24,32.7230929552086,46.59422513540947,4.980828594806866,12.271874999999998,-0.1764583333333345,-0.6913247690791504,-0.6785005984504602,-0.012824170628690235,11.688311688311677,23.192771084337334,13.66,12.71,0,275175920047.64,275170301251.0,7.04603677,7.57309335,0.81841329,0.23929894,-8.08081285,1.58327246
2022-06-03,000001,11.49,11.5,11.18,11.24,366033698.0,5141749626.0,19405521950.0,0.0188623474773373,2026-07-24,22.70825244632955,38.632234239049495,-9.139711139110346,12.103958333333333,-0.16791666666666494,-0.7281714188849655,-0.6884347625373612,-0.03973665634760426,6.521739130434837,17.771084337349393,13.57,12.59,0,270712558862.1,270707031202.5,6.93174986,7.45025756,0.80513861,0.2354175,-7.94974184,1.55759174
2022-06-10,000001,11.2,11.65,10.99,11.53,715039926.0,10099325690.0,19405521950.0,0.0368472400712723,2026-07-24,22.897455653874857,33.38730804399128,1.9177508736420066,11.988958333333333,-0.11500000000000021,-0.7256077237882668,-0.6958693547875423,-0.029738369000724463,100.0,26.50602409638551,13.5,12.48,0,277892748595.36,277887074324.0,7.11560272,7.64786296,0.82649354,0.24166155,-8.16059521,1.5989042
2022-06-17,000001,11.42,12.17,11.04,11.64,849906020.0,12229704903.0,19405521950.0,0.0437971223958752,2026-07-24,25.782769788667384,30.852461958883314,15.643385448235527,11.957291666666666,-0.03166666666666629,-0.7065551680995341,-0.6980065174499407,-0.008548650649593426,99.99999999999999,29.81927710843374,13.44,12.37,0,280415517961.1,280409792177.5,7.18019967,7.71729189,0.83399662,0.24385541,-8.23467882,1.6134194
2022-06-24,000001,11.63,11.78,11.32,11.46,508207534.0,7251989407.0,19405521950.0,0.0261888103452943,2026-07-24,25.70300594606812,29.13597662127825,18.837064595647867,11.918229166666665,-0.039062500000001776,-0.6979350157154904,-0.6979922171030506,5.720138756015736e-05,72.30769230769236,25.961538461538485,13.38,12.27,0,276146215957.54,276140577348.5,7.07088175,7.59979678,0.82129909,0.24014273,-8.10930655,1.58885523
2022-07-01,000001,11.47,12.14,11.45,12.02,621692427.0,9139037826.0,19405546950.0,0.0320368670674819,2026-07-24,40.81349821691898,33.02848381982516,56.38352701110661,11.911875,-0.00635416666666444,-0.6385552950075866,-0.6861048326839578,0.04754953767637127,100.0,43.910256410256395,13.33,12.2,0,289536299514.16,289530760494.0,7.4137425,7.96830415,0.84621632,0.25178704,-8.50251959,1.6658974
2022-07-08,000001,12.04,12.3,11.57,11.71,436333461.0,6422741838.0,19405546950.0,0.0224849864899066,2026-07-24,45.52960949830223,37.195525712650856,62.19777706960498,11.883125,-0.028750000000000497,-0.6094850831138423,-0.6707808827699347,0.06129579965609244,55.71428571428585,37.06293706293709,13.26,12.13,0,282162050598.92,282156652653.0,7.22492064,7.76535806,0.8246639,0.24537423,-8.28596748,1.62346838
2022-07-15,000001,11.68,11.86,10.65,10.66,776132869.0,10693452838.0,19405546950.0,0.039995413218692905,2026-07-24,30.55509320088835,34.98204820873002,21.70118318520501,11.7103125,-0.17281249999999915,-0.6635242608824043,-0.6693295583924287,0.005805297510024343,0.729927007299255,0.38759689922479795,13.14,12.04,0,256934356941.52,256929441618.0,6.57895112,7.07106883,0.75093191,0.22343568,-7.54513132,1.47831646
2022-07-22,000001,10.67,10.85,10.35,10.5,605745920.0,7963091534.0,19405546950.0,0.0312150913118166,2026-07-24,22.934164698028138,30.96608703849606,6.87032001709229,11.478958333333335,-0.23135416666666586,-0.7110646507480034,-0.6776765768635437,-0.033388073884459746,11.029411764705898,5.208333333333345,13.03,11.92,0,248589812116.38,248585056429.5,6.36528428,6.84141931,0.72654364,0.21617908,-7.30008552,1.43030467
2022-07-29,000001,10.49,10.58,10.37,10.39,429376269.0,5497694153.0,19405546950.0,0.022126470854251998,2026-07-24,15.973203815779458,25.968459297590528,-4.017307147842679,11.247083333333334,-0.2318750000000005,-0.7489830228564003,-0.6919378660621149,-0.057045156794285345,12.903225806451891,1.3888888888889206,12.92,11.8,0,246067042750.64,246062335326.0,6.30068732,6.77199039,0.71917044,0.21398523,-7.2260019,1.41578948
2022-08-05,000001,10.38,10.38,9.79,10.09,451285203.0,5508226065.0,19405546950.0,0.0232554745384281,2026-07-24,14.632866288872899,22.189928294684652,-0.4812577227506054,11.071874999999999,-0.17520833333333563,-0.7940873540198883,-0.7123677636536696,-0.08171959036621868,42.25352112676061,8.720930232558157,12.81,11.66,0,238886853017.38,238882282954.5,6.11683446,6.57438499,0.69818518,0.20774118,-7.01514853,1.37447701
2022-08-12,000001,10.04,10.17,9.85,10.15,401327764.0,4899187473.0,19405546950.0,0.0206810848997995,2026-07-24,14.53612068660585,19.638659091991716,4.331043875834119,10.896458333333332,-0.175416666666667,-0.815589751894187,-0.733012161301773,-0.08257759059241399,60.00000000000006,10.465116279069798,12.71,11.51,0,240245267291.24,240240671241.0,6.15161743,6.6117698,0.70215537,0.20892249,-7.05503971,1.38229288
2022-08-19,000001,10.08,10.45,9.89,10.3,652785846.0,8062057951.0,19405546950.0,0.0336391366696311,2026-07-24,16.463655490937782,18.580324558307073,12.230317356199201,10.785520833333331,-0.11093750000000036,-0.811176077842493,-0.748644944609917,-0.06253113323257598,100.0,14.825581395348877,12.63,11.38,0,243932391748.86,243927725161.5,5.97273308,6.71324284,0.71293158,0.21212889,3.30881408,1.38029363
2022-08-26,000001,10.31,10.45,10.07,10.34,534655985.0,6672153360.0,19405546950.0,0.0275517091261369,2026-07-24,18.279887193161713,18.480178769925285,17.87930403963457,10.756979166666666,-0.028541666666665577,-0.795283016088689,-0.7579725589056714,-0.03731045718301762,100.0,15.988372093023271,12.54,11.25,0,244708628476.78,244703947039.5,5.99173939,6.73460558,0.71520026,0.21280392,3.31934332,1.38468597
2022-09-02,000001,10.25,10.49,10.07,10.26,502558937.0,6304145256.0,19405546950.0,0.0258976950402315,2026-07-24,18.42829132930569,18.462882956385418,18.35910807514623,10.713229166666665,-0.043750000000001066,-0.7801498991466627,-0.7624080269538697,-0.017741872192792996,82.22222222222217,13.662790697674431,12.47,11.13,0,242768036656.98,242763392344.5,5.94422361,6.68119872,0.70952857,0.21111634,3.29302022,1.37370512
2022-09-09,000001,10.21,10.44,10.07,10.43,491556201.0,6149517850.0,19405546950.0,0.025330705816565102,2026-07-24,22.591485684915558,19.839083865895464,28.096289322955748,10.683437499999998,-0.029791666666666217,-0.7458416177915517,-0.7590947451214061,0.013253127329854397,100.0,20.317460317460334,12.41,11.03,0,246843279478.56,246838557204.0,6.04400675,6.79335313,0.72143912,0.21466026,3.34829874,1.39676491
2022-09-16,000001,10.56,10.74,10.3,10.3,577919142.0,7431254484.0,19405546950.0,0.0297811313171978,2026-07-24,31.098726305667014,23.59229801248598,46.111582892029084,10.639791666666664,-0.043645833333334494,-0.7208326609715474,-0.7514423282914343,0.030609667319886902,63.888888888889106,20.000000000000057,12.35,10.94,0,243738332566.88,243733669692.0,5.9679815,6.70790215,0.71236441,0.21196013,3.30618177,1.37919554
2022-09-23,000001,10.28,10.39,10.0,10.08,337888140.0,4183942030.0,19405546950.0,0.017411935920723702,2026-07-24,30.90792280026926,26.030839608413743,40.6620891839803,10.548854166666665,-0.090937499999999,-0.7105739892638923,-0.7432686604859259,0.03269467122203362,18.604651162790727,12.554112554112592,12.28,10.85,0,238498734653.42,238494172015.5,5.83968891,6.56370362,0.69705084,0.20740366,3.23510939,1.34954723
2022-09-30,000001,9.97,10.07,9.68,9.71,392922514.0,4726317746.0,19405546950.0,0.0202479484351765,2026-07-24,21.548678093261305,24.536785770029596,15.572462739724727,10.385937499999999,-0.16291666666666593,-0.7239545286466242,-0.7394058341180656,0.015451305471441357,4.838709677419531,1.2396694214876502,12.2,10.75,0,229766071464.32,229761675888.0,5.62586791,6.32337273,0.64642716,0.19980955,3.11665543,1.30013338
2022-10-14,000001,9.59,9.65,9.27,9.45,388958353.0,4473123756.0,19405546950.0,0.020043668648050898,2026-07-24,18.447418048568753,22.506996529542647,10.32826108662097,10.216458333333332,-0.16947916666666707,-0.7469284039049295,-0.7409103480754384,-0.006018055829491109,22.222222222222175,6.360424028268541,12.1,10.64,0,223750236822.94,223745956333.5,5.47856901,6.15781145,0.62950213,0.19457805,3.03505381,1.26609272
2022-10-21,000001,9.36,9.54,9.08,9.09,446314700.0,5066486603.0,19405546950.0,0.0229993362799802,2026-07-24,12.499081911897237,19.17102499032751,-0.8448042449633064,10.021979166666664,-0.19447916666666742,-0.785133822937448,-0.7497550430478404,-0.03537877988960769,1.5873015873015515,0.34013605442176154,12.0,10.52,0,215211632815.82,215207515675.5,5.26949959,5.92282125,0.6054795,0.1871527,2.91923215,1.21777696
2022-10-28,000001,9.09,9.1,8.53,8.54,585953040.0,6263082333.0,19405546950.0,0.0301951313977262,2026-07-24,8.483550837192423,15.608533605949148,-5.766414700321029,9.770624999999997,-0.2513541666666672,-0.849994093428025,-0.7698028531238773,-0.0801912403041477,1.0869565217391073,0.28653295128939216,11.88,10.37,0,202209667623.16,202205799219.0,4.61034354,5.56499526,0.56889958,0.17584591,7.90097556,1.1205359
2022-11-04,000001,8.47,8.89,8.38,8.87,642696584.0,6786429829.0,19405546950.0,0.0331192202753139,2026-07-24,12.57660451293052,14.597890574942939,8.534032388905683,9.607083333333332,-0.16354166666666536,-0.8647992159670466,-0.7888021256925112,-0.07599709027453538,69.01408450704213,13.461538461538423,11.78,10.22,0,209972034902.36,209968017999.0,4.7873241,5.77862271,0.59073834,0.18259623,8.20427597,1.16355071
2022-11-11,000001,8.86,9.56,8.76,9.37,550050268.0,6090018241.0,19405546950.0,0.0283450020459225,2026-07-24,22.367453856077955,17.187745001987945,32.72687156425797,9.556145833333332,-0.05093749999999986,-0.8266573693412997,-0.7963731744222688,-0.030284194919030893,100.0,27.197802197802165,11.7,10.09,0,221809645003.14,221805401638.5,5.05721945,6.10440459,0.62404244,0.19289047,8.66680909,1.22914831
2022-11-18,000001,9.59,10.07,9.49,9.5,868381877.0,10333076555.0,19405546950.0,0.0447491575082864,2026-07-24,30.730844943599987,21.70211164919196,48.78831153241604,9.590729166666664,0.03458333333333208,-0.7769831890009993,-0.7924951773380149,0.015511988337015614,100.0,30.769230769230756,11.64,9.99,0,224914591914.82,224910289150.5,5.12801167,6.18985557,0.63277794,0.1955906,8.78812925,1.24635423
2022-11-25,000001,9.41,10.03,9.2,9.98,634416447.0,7492642655.0,19405546950.0,0.0326925310909618,2026-07-24,47.02122664565041,30.141816648011442,80.78004664092833,9.684687499999997,0.09395833333333314,-0.6909195640734023,-0.7721800546850923,0.08126049061169005,100.0,43.95604395604396,11.59,9.92,0,236170024469.66,236165506381.5,5.38463348,6.49961538,0.66444414,0.20537857,9.22791484,1.30872571
2022-12-02,000001,9.76,11.2,9.58,10.58,1269735936.0,16262623724.0,19405546950.0,0.0654315974330213,2026-07-24,57.35221256282133,39.21194861961474,93.6327404492345,9.844374999999998,0.15968750000000043,-0.5677538230153321,-0.7312948083511402,0.1635409853358082,100.0,66.06606606606604,11.56,9.89,0,250336344754.2,250331555655.0,5.707623,6.88948549,0.70429987,0.21769791,9.78143808,1.38722775
2022-12-09,000001,10.73,11.27,10.67,11.23,759913795.0,10173042706.0,19405546950.0,0.039159617451545004,2026-07-24,71.10678069355333,49.843559310927596,113.6332234588048,10.113020833333332,0.26864583333333414,-0.4129344666534216,-0.6676227400115965,0.2546882733581749,100.0,99.99999999999999,11.54,9.92,0,265861079312.6,265855993215.0,6.06158412,7.3167404,0.74797738,0.23119855,10.38803889,1.47325737
2022-12-16,000001,11.13,11.13,10.61,10.94,502853144.0,6650134427.0,19405546950.0,0.0259128560146044,2026-07-24,76.9316254219998,58.87291468128499,113.04904690342941,10.287187499999998,0.17416666666666636,-0.31006534737667124,-0.5961112614846115,0.2860459141079402,82.42424242424237,89.82456140350874,11.53,9.97,0,258874948761.32,258869996313.0,5.90230161,7.12447569,0.7283225,0.22512326,10.11506853,1.43454404
2022-12-23,000001,10.93,11.04,10.39,10.64,377848864.0,4904714508.0,19405546950.0,0.0194711782653462,2026-07-24,77.35464762850738,65.03349233035912,101.99695822480388,10.342395833333331,0.05520833333333286,-0.24986799925526526,-0.5268626090387423,0.276994609783477,29.761904761904766,79.29824561403508,11.5,10.03,0,251888818210.04,251883999411.0,5.74301911,6.93221098,0.70866762,0.21904797,9.84209816,1.39583071
2022-12-30,000001,10.65,10.97,10.42,10.79,395924204.0,5164297883.0,19405546950.0,0.020402630496327998,2026-07-24,79.36676623907412,69.81125029993079,98.47779811736078,10.37239583333333,0.02999999999999936,-0.1878915242398591,-0.45906839207896566,0.27117686783910655,72.7272727272726,84.56140350877187,11.49,10.09,0,255381883485.68,255376997862.0,5.82266036,7.02834334,0.71849506,0.22208562,9.97858334,1.41518738
2023-01-06,000001,10.82,12.08,10.7,11.99,724498036.0,10247463963.0,19405546950.0,0.037334584686879696,2026-07-24,85.34089636821808,74.98779898935989,106.04709112593449,10.610416666666664,0.23802083333333357,-0.04146674724214883,-0.37554806311160227,0.33408131586945344,100.0,100.0,11.51,10.2,0,283714524054.76,283709096409.0,6.4686394,6.23329212,0.77786268,2.96038095,11.08562982,1.57219145
2023-01-13,000001,12.09,12.26,11.8,12.26,473242929.0,6951461790.0,19405546950.0,0.024386992555239198,2026-07-24,90.22726424547871,80.0676207413995,110.54655125363715,10.899791666666664,0.2893749999999997,0.09526453669898594,-0.2813855431494846,0.37665007984847054,100.00000000000001,100.0,11.55,10.34,0,290118477060.1,290112926902.5,6.61464836,6.37398886,0.79542046,3.02720214,11.33585266,1.60767867
2023-01-20,000001,12.26,12.53,12.11,12.4,446477374.0,6719803945.0,19405546950.0,0.0230077191408405,2026-07-24,92.18354152901786,84.10626100393894,108.33810257917568,11.184062499999998,0.28427083333333414,0.21247264193265103,-0.18261390613305747,0.39508654806570853,100.0,100.0,11.59,10.5,0,293611542335.74,293605925353.5,6.45073254,6.45073254,0.80499743,3.06365005,11.47233784,1.63212731
2023-02-03,000001,12.79,12.9,11.61,11.74,688252019.0,10154829722.0,19405546950.0,0.035466767351280196,2026-07-24,83.14244134063038,83.78498778283608,81.85734845621897,11.273541666666665,0.089479166666667,0.24923144071193093,-0.09624483676405979,0.34547627747599075,16.455696202531726,83.5820895522388,11.62,10.65,0,277892748595.36,277887432324.0,6.10538599,6.10538599,0.76190107,2.89963442,10.85815452,1.54474971
2023-02-10,000001,11.56,11.74,11.36,11.46,452259681.0,6361080755.0,19405546950.0,0.0233056910050141,2026-07-24,69.63812158432465,79.06936571666562,50.77563331964271,11.298229166666664,0.024687499999998863,0.25285464271037483,-0.026424940869172853,0.2792795835795477,9.615384615384743,76.61691542288558,11.66,10.77,0,271294736408.04,271289546361.0,5.96042571,5.96042571,0.74381124,2.83078835,10.60034917,1.50807269
2023-02-17,000001,11.43,11.46,11.01,11.01,615772221.0,8455072435.0,19405546950.0,0.031731763221443,2026-07-24,54.6591461292576,70.93262585419627,22.112186679380244,11.230416666666663,-0.0678125000000005,0.21691436344749881,0.022242919994161482,0.19467144345333734,0.0,65.42288557213928,11.68,10.86,0,260621481399.14,260616495538.5,5.72593113,5.72593113,0.71454828,2.71941971,10.18331112,1.44874222
2023-02-24,000001,11.07,11.74,11.06,11.36,530008827.0,7413058507.0,19405546950.0,0.0273122333714998,2026-07-24,49.32123686173613,63.72882952337623,20.506051538455935,11.211874999999996,-0.018541666666667567,0.2142042943561009,0.06063519486654937,0.15356909948955152,77.77777777777752,74.12935323383083,11.71,10.94,0,268966026224.28,268960880727.0,5.90926325,5.90926325,0.73742659,2.80648974,10.50935905,1.49512786
2023-03-03,000001,11.27,11.84,11.16,11.71,415968086.0,5840998807.0,19405546950.0,0.0214355249595268,2026-07-24,50.21953425191012,59.225731099554196,32.207140556621965,11.248437499999998,0.036562500000002274,0.23756017419211695,0.09602019073166289,0.14153998346045404,100.00000000000001,82.8358208955224,11.75,11.02,0,277310571049.42,277305265915.5,6.09259537,6.09259537,0.76030491,2.89355977,10.83540699,1.5415135
2023-03-10,000001,11.72,11.72,10.66,10.77,642504920.0,8711772466.0,19405546950.0,0.0331093435117011,2026-07-24,35.116594263178165,51.18935215409552,2.97107848134344,11.154479166666663,-0.09395833333333492,0.17816594700731692,0.1124493419867937,0.06571660502052322,10.476190476190414,59.452736318407936,11.75,11.06,0,254993765121.72,254988886923.0,5.60228854,5.60228854,0.69911872,2.66069806,1.89485008,1.41745888
2023-03-17,000001,10.76,10.9,10.37,10.45,560268089.0,7244763345.0,19405546950.0,0.0288715432986028,2026-07-24,24.465081287441567,42.28126186521087,-11.16727986809704,11.016249999999996,-0.13822916666666707,0.10407456164022655,0.11077438591748026,-0.006699824277253713,5.970149253731341,51.492537313432805,11.72,11.07,0,247425457024.5,247420723612.5,5.43601057,5.43601057,0.67836862,2.58172757,1.83861024,1.37538818
2023-03-24,000001,10.46,10.58,10.25,10.51,433207506.0,5513588507.0,19405546950.0,0.022323900847329402,2026-07-24,19.580494443200035,34.71433939120726,-10.687195452814422,10.878437499999995,-0.13781250000000078,0.049626045336777835,0.09854471780133978,-0.04891867246456194,50.0,52.98507462686565,11.69,11.06,0,248783871298.36,248779111899.0,5.46585533,5.46585533,0.682093,2.59590176,1.84870457,1.38293933
2023-03-31,000001,10.49,10.5,10.17,10.27,396839280.0,4997116845.0,19405546950.0,0.0204497858793924,2026-07-24,14.274664183134574,27.9011143218497,-12.978236094295681,10.800937499999995,-0.07750000000000057,-0.01274388675665783,0.07628699688974025,-0.08903088364639808,29.41176470588226,47.014925373134304,11.65,11.03,0,243156155020.94,243151503283.5,5.34221274,5.34221274,0.64531717,2.53718012,1.8068852,1.35165599
2023-04-07,000001,10.29,10.43,10.21,10.35,255913264.0,3225847163.0,19405546950.0,0.013187634682979,2026-07-24,13.109257160013861,22.970495267904422,-6.61321905576726,10.725729166666664,-0.07520833333333066,-0.05508222230841753,0.05001315305010869,-0.10509537535852623,52.941176470588175,43.68131868131867,11.62,10.98,0,244902687658.76,244898002509.0,5.38058458,5.38058458,0.64995233,2.55540408,1.81986362,1.36136462
2023-04-14,000001,10.36,10.58,10.08,10.4,475750479.0,5992702320.0,19405546950.0,0.024516210763129098,2026-07-24,14.800110833948642,20.24703378991916,3.906264922007601,10.636874999999996,-0.08885416666666757,-0.08363696130414588,0.023283130179257774,-0.10692009148340366,100.0,37.50000000000002,11.59,10.93,0,246261101932.62,246256390795.5,5.41042934,5.41042934,0.65355745,2.56957827,1.82995796,1.36891577
2023-04-21,000001,10.38,10.82,10.23,10.25,558798369.0,7182668996.0,19405546950.0,0.0287958061908684,2026-07-24,13.086437525662731,17.86016836850035,3.5389758399874935,10.586562499999996,-0.050312500000000426,-0.11702159201243312,-0.004777814259080401,-0.11224377775335272,53.12499999999993,32.812500000000014,11.54,10.88,0,242573977475.0,242569336875.0,5.32942213,5.32942213,0.64377212,2.53110546,1.80255906,1.34841979
2023-04-28,000001,10.23,10.48,9.83,10.29,621018085.0,7630633826.0,19405546950.0,0.0320020912886454,2026-07-24,16.35281573020963,17.35771748907011,14.343012212488674,10.559479166666662,-0.02708333333333357,-0.1386531791256207,-0.03155288723238846,-0.10710029189323224,80.7017543859647,25.177304964538973,11.48,10.82,0,243544273384.9,243539614222.5,5.15241333,5.35073981,0.64634721,2.54122989,2.52113615,1.3622111
2023-05-05,000001,10.17,10.75,9.99,10.58,324045303.0,4147127176.0,19405546950.0,0.016698591584917898,2026-07-24,24.129390380986308,19.61494178637551,33.158287570207904,10.571666666666662,0.012187499999999574,-0.13088700744363813,-0.05141971127463839,-0.07946729616899974,100.0,29.182879377431902,11.43,10.77,0,250530403936.18,250525611124.5,5.30021164,5.50422717,0.66488784,2.61412572,2.5934556,1.40128648
2023-05-12,000001,10.61,11.15,10.34,10.35,807966857.0,10608856550.0,19405546950.0,0.0416358713867632,2026-07-24,29.21757338530399,22.81581898601834,42.021082183875286,10.578437499999996,0.006770833333334281,-0.14165838851965162,-0.06946744672364104,-0.07219094179601059,69.33333333333327,20.233463035019437,11.39,10.73,0,244902687658.76,244898002509.0,5.18115189,5.38058458,0.64995233,2.55540408,2.53519827,1.36980909
2023-05-19,000001,10.39,10.59,10.1,10.12,405684907.0,5099344654.0,19405546950.0,0.0209056157007724,2026-07-24,26.801614580101628,24.144417517379434,32.116008705546015,10.530312499999996,-0.04812500000000064,-0.1668307424849651,-0.08894010587590585,-0.07789063660905925,22.033898305084584,11.28404669260697,11.35,10.68,0,239469030563.32,239464449363.0,5.06619765,5.26120552,0.63553183,2.49870731,2.47894981,1.33941713
2023-05-26,000001,10.09,10.21,9.68,9.92,346211603.0,4193002060.0,19405546950.0,0.0178408577656706,2026-07-24,23.309919924149387,23.86625165296942,22.197256466509323,10.411145833333329,-0.11916666666666664,-0.20060588314171923,-0.11127326132906853,-0.0893326218126507,35.82089552238809,8.823529411764712,11.31,10.62,0,234811610195.8,234807118095.0,4.96766544,5.15888062,0.62317141,2.45011009,2.43073685,1.31336688
2023-06-02,000001,9.93,9.94,9.43,9.78,447452291.0,5271499467.0,19405546950.0,0.0230579582298245,2026-07-24,22.32289235253369,23.351798552824178,20.265079951952714,10.30833333333333,-0.10281249999999886,-0.23594987216747576,-0.13620858349674997,-0.09974128867072579,50.72463768115941,11.78451178451177,11.25,10.55,0,231512604102.14,231508175113.5,4.8978718,5.08640048,0.61441611,2.41568706,2.396586,1.29491461
2023-06-09,000001,9.74,10.0,9.69,9.74,418349938.0,5003153116.0,19405546950.0,0.0215582657411259,2026-07-24,20.889680173006962,22.53109242621844,17.606855666584003,10.22645833333333,-0.08187500000000014,-0.26414302741936524,-0.16179547228127303,-0.10234755513809221,63.265306122449054,10.437710437710452,11.19,10.48,0,230542308192.24,230537897766.0,4.87734425,5.06508279,0.61184102,2.40556263,2.38654163,1.28948748
2023-06-16,000001,9.69,9.85,9.57,9.77,444526933.0,5177012600.0,19405546950.0,0.0229072096831567,2026-07-24,20.51560073549301,21.859261862643297,17.828278481192434,10.155729166666662,-0.07072916666666806,-0.28082834247518385,-0.1856020463200552,-0.09522629615512865,97.1428571428572,11.447811447811441,11.15,10.41,0,225690828642.74,225686511028.5,4.77470654,4.95849435,0.59896558,2.35494052,2.3363198,1.2623518
2023-06-23,000001,9.77,9.77,9.53,9.54,211513082.0,2420406969.0,19405546950.0,0.010899619708992399,2026-07-24,15.808850102731762,19.842457942672784,7.741634422849721,10.073749999999997,-0.08197916666666494,-0.30904813811748966,-0.2102912646795421,-0.09875687343794756,4.166666666666575,4.761904761904736,11.09,10.33,0,220257171547.3,220252957882.5,4.6597523,4.83911529,0.58454508,2.29824376,2.28007134,1.23195984
2023-06-30,000001,9.49,9.52,9.37,9.43,250863453.0,2817565514.0,19405546950.0,0.0129274095518341,2026-07-24,11.662828907439161,17.115914930928245,0.7566568604609927,9.97333333333333,-0.10041666666666771,-0.33641067728889773,-0.23551514720141323,-0.1008955300874845,15.00000000000011,2.5641025641025834,11.03,10.25,0,217928461363.54,217924292248.5,4.61048619,4.78795284,0.57030077,2.27394515,2.25596486,1.21893471
2023-07-07,000001,9.44,9.69,9.39,9.41,300641041.0,3407108253.0,19405546950.0,0.0154925311703206,2026-07-24,8.52428294203811,14.252037601298198,-2.931226376482069,9.87177083333333,-0.1015625,-0.35561026578742094,-0.25953417091861475,-0.0960760948688062,23.529411764706435,1.7094017094017477,10.97,10.17,0,217346283817.6,217342125840.0,4.59816967,4.77516222,0.56877726,2.2678705,2.24993824,1.21567843
2023-07-14,000001,9.45,9.7,9.38,9.63,364615176.0,4134088307.0,19405546950.0,0.0187892243872052,2026-07-24,12.786680431304134,13.763585211300176,10.83287087131205,9.831249999999997,-0.04052083333333201,-0.3490502822374051,-0.2774373931823728,-0.07161288905503227,100.0,11.11111111111117,10.93,10.1,0,222391822549.08,222387568047.0,4.70491289,4.8860142,0.58198101,2.32051749,2.30216895,1.24389954
2023-07-21,000001,9.59,9.61,9.43,9.53,239367685.0,2706406007.0,19405546950.0,0.0123350135719826,2026-07-24,14.873659970075764,14.133610130892038,16.353759648443216,9.791979166666664,-0.039270833333333144,-0.34791012096901675,-0.2915319387397016,-0.05637818222931512,59.99999999999943,6.837606837606839,10.87,10.03,0,220063112365.32,220058902413.0,4.65564679,4.83485175,0.57588697,2.29621888,2.27806247,1.23087441
2023-07-28,000001,9.52,10.33,9.44,10.3,667368237.0,7868845222.0,19405546950.0,0.0343905914489051,2026-07-24,42.20743998005053,23.49155341394487,79.63921311226184,9.870312499999997,0.07833333333333314,-0.281627543098125,-0.2895510596113863,0.007923516513261286,100.00000000000001,66.42857142857152,10.84,9.99,0,237916557107.48,237912005607.0,5.03335358,5.22709722,0.62260796,2.48250824,2.46287882,1.33073371
2023-08-04,000001,10.33,10.53,10.02,10.33,640756594.0,7847066205.0,19405546950.0,0.0330192493749832,2026-07-24,55.72450021658543,34.235869014825056,98.7017626201062,9.954062499999997,0.08375000000000021,-0.22409415538619548,-0.27645967876634814,0.052365523380152657,99.99999999999999,79.33884297520663,10.79,9.98,0,238692793835.4,238688227485.0,5.04977562,5.24415137,0.62463931,2.49060778,2.47091432,1.33507542
2023-08-11,000001,10.26,10.31,9.99,9.99,336935866.0,4076047596.0,19405546950.0,0.017362863663061702,2026-07-24,54.965758765079975,41.145832264910034,82.60561176541985,9.998749999999998,0.04468750000000021,-0.20358686694652128,-0.26188511640238277,0.058298249455861484,61.797752808988804,51.23966942148765,10.74,9.97,0,230736367374.22,230731953235.5,4.88144976,5.06934633,0.603818,2.40758752,2.38855051,1.2905729
2023-08-18,000001,9.88,9.96,9.63,9.71,388651392.0,4528394283.0,19405546950.0,0.0200278504389178,2026-07-24,46.413954119248764,42.901872883022946,53.43811659170041,9.936874999999997,-0.06187500000000057,-0.20753600714966502,-0.25101529455183924,0.043479287402174216,11.42857142857145,28.099173553719123,10.68,9.96,0,224332414368.88,224328122742.0,4.74596798,4.92864958,0.58705938,2.34076633,2.32225768,1.25475381
2023-08-25,000001,9.71,9.73,9.28,9.43,413673654.0,4658692824.0,19405546950.0,0.0213172890754309,2026-07-24,34.94263607949919,40.24879394851502,24.330320341467527,9.832291666666663,-0.10458333333333414,-0.2306011624980009,-0.24693246814107156,0.01633130564307067,21.126760563380305,11.53846153846156,10.61,9.93,0,217928461363.54,217924292248.5,4.46437491,4.78795284,0.57030077,2.27394515,7.69249775,1.2348411
2023-09-01,000001,9.95,10.02,9.34,9.51,728338845.0,8276660556.0,19405546950.0,0.0375325079409831,2026-07-24,29.42842405299947,36.64200398334317,15.001264192312064,9.776874999999995,-0.05541666666666778,-0.23966245329800095,-0.24547846517245744,0.005816011874456489,53.488372093023166,17.692307692307715,10.57,9.9,0,219674994001.36,219670791474.0,4.50015352,4.82632468,0.5748713,2.29216911,7.75414734,1.24473742
2023-09-08,000001,9.54,9.74,9.43,9.47,386811814.0,4415000876.0,19405546950.0,0.0199330539353849,2026-07-24,24.685616035333016,32.656541334006455,8.743765437986141,9.70520833333333,-0.07166666666666544,-0.2472214423487369,-0.24582706060771334,-0.0013943817410235482,82.60869565217432,14.615384615384706,10.52,9.86,0,218704698091.46,218700514126.5,4.48027652,4.80500699,0.57233211,2.28204469,7.71989757,1.23923946
2023-09-15,000001,9.49,9.58,9.41,9.43,308231491.0,3481006289.0,19405546950.0,0.0158836796403719,2026-07-24,20.457077356888686,28.590053341633865,4.191125387398323,9.656666666666663,-0.04854166666666693,-0.25351727203408636,-0.24736510289298794,-0.006152169141098424,52.941176470588175,11.53846153846156,10.47,9.82,0,217734402181.56,217730236779.0,4.46039951,4.7836893,0.56979293,2.27192026,7.6856478,1.23374151
2023-09-22,000001,9.43,9.45,9.27,9.44,331927615.0,3702090425.0,19405546950.0,0.0171047801876048,2026-07-24,18.13540606861362,25.105170917293787,4.195876371253284,9.618645833333328,-0.03802083333333428,-0.25476309561053867,-0.2488447014364981,-0.005918394174040581,84.99999999999952,12.97709923664121,10.43,9.79,0,218122520545.52,218118347718.0,4.46835031,4.79221638,0.5708086,2.27597003,7.69934771,1.23594069
2023-09-29,000001,9.44,9.51,9.36,9.41,221719899.0,2485463864.0,19405546950.0,0.011425593907313,2026-07-24,15.793974416112798,22.001438750233458,3.37904574787148,9.590833333333329,-0.027812499999999574,-0.25522904746547326,-0.2501215706422931,-0.005107476823180135,82.35294117647096,12.962962962963015,10.4,9.75,0,217346283817.6,217342125840.0,4.45244871,4.77516222,0.56877726,2.2678705,7.67194789,1.23154232
2023-10-13,000001,9.38,9.41,9.2,9.24,377823287.0,4181456573.0,19405546950.0,0.019469860240141,2026-07-24,11.73051747860976,18.57779832635889,-1.964044216888503,9.548437499999997,-0.04239583333333208,-0.2662467698878235,-0.25334661049139917,-0.012900159396424304,16.666666666667037,3.5398230088496367,10.36,9.71,0,213465100178.0,213461016450.0,4.3729407,4.68989147,0.53916765,2.22737281,7.53494882,1.2095505
2023-10-20,000001,9.24,9.28,8.83,8.91,336207424.0,3637672826.0,19405546950.0,0.0173253258393727,2026-07-24,10.06124134428326,15.738945999000348,-1.2941679651509155,9.451979166666662,-0.09645833333333442,-0.29816952369578686,-0.2623111931322767,-0.03585833056351018,13.793103448275872,5.333333333333338,10.31,9.65,0,205702732898.8,205698797670.0,4.21392467,4.51934996,0.51956156,2.14637743,7.26095068,1.16556684
2023-10-27,000001,8.9,8.91,8.65,8.78,422226968.0,4409035368.0,19405546950.0,0.0217580555233973,2026-07-24,9.870511261152322,13.782801086384339,2.045931610688285,9.320312499999996,-0.13166666666666593,-0.33015265532657523,-0.2758794855711364,-0.05427316975543883,22.033898305084584,7.73809523809518,10.26,9.59,0,202791845169.1,202787965627.5,4.18196497,4.4553969,0.51220927,2.11600417,1.28362268,1.19808019
2023-11-03,000001,8.74,8.91,8.7,8.8,335073855.0,3506266399.0,19405546950.0,0.0172669111498552,2026-07-24,10.229975877264575,12.598526016677752,5.492875598438221,9.209374999999998,-0.11093749999999858,-0.3498527994210505,-0.2906741483411192,-0.05917865107993131,57.69230769230788,8.928571428571452,10.21,9.52,0,203374022715.04,203370132036.0,4.19397061,4.46818751,0.51367973,2.12207882,1.28730772,1.20151965
2023-11-10,000001,8.83,8.98,8.65,8.65,420992773.0,4422933201.0,19405546950.0,0.0216944554093073,2026-07-24,6.8199839181763835,10.672345317177296,-0.8847388798254414,9.111562499999998,-0.09781249999999986,-0.373266270726738,-0.30719257281824297,-0.06607369790849504,0.0,0.0,10.15,9.44,0,199880957439.4,199877133585.0,4.12193676,4.39144383,0.50485698,2.0856309,1.26519747,1.18088287
2023-11-17,000001,8.66,8.78,8.5,8.53,430202624.0,4420551374.0,19405546950.0,0.0221690542971269,2026-07-24,5.472581871376828,8.939090835243807,-1.4604360563571284,9.014999999999995,-0.09656250000000277,-0.3969290613995504,-0.32513987053450444,-0.07178919086504598,9.999999999999764,1.639344262295047,10.08,9.36,0,196970069709.7,196966301542.5,4.06190856,4.32749077,0.4975047,2.05525764,1.24677227,1.16368554
2023-11-24,000001,8.53,8.7,8.46,8.49,394953398.0,4022781388.0,19405546950.0,0.0203526032539885,2026-07-24,4.600768866632152,7.492983512373255,-1.1836604248500517,8.92489583333333,-0.09010416666666465,-0.41413575994492113,-0.3429390484165878,-0.07119671152833335,15.78947368421023,1.6042780748662766,10.01,9.28,0,195999773799.8,195996024195.0,4.04189915,4.30617308,0.49505394,2.04513322,1.24063053,1.1579531
2023-12-01,000001,8.48,8.48,8.05,8.12,476978072.0,4680144514.0,19405546950.0,0.024579470665216,2026-07-24,4.665352760403137,6.5504399283832155,0.8951784244429799,8.801979166666664,-0.12291666666666679,-0.45241296524462804,-0.36483383178219586,-0.08757913346243218,14.583333333333064,3.0701754385964266,9.94,9.18,0,187461169792.68,187457583537.0,3.86581642,4.11857742,0.47348723,1.9560383,1.18658326,1.10750762
2023-12-08,000001,8.12,8.13,7.81,7.81,375240394.0,3558544439.0,19405546950.0,0.019336759482576397,2026-07-24,3.1102351736020917,5.403705010122841,-1.476704499439407,8.646562499999996,-0.15541666666666742,-0.5019758700777928,-0.3922622394413152,-0.10971363063647754,0.0,0.0,9.87,9.08,0,180475039241.4,180471586635.0,3.72174873,3.96509006,0.45584174,1.88314247,1.14236277,1.06623404
2023-12-15,000001,7.75,7.98,7.67,7.74,478182086.0,4429172187.0,19405546950.0,0.0246415155023494,2026-07-24,3.522765478053575,4.7767251660997525,1.0148461019612203,8.485937499999995,-0.16062500000000135,-0.5406707286214107,-0.4219439372773343,-0.11872679134407643,15.555555555555642,2.6315789473684315,9.8,8.96,0,178728506603.58,178725087409.5,3.6857318,3.92671822,0.45143037,1.86491851,1.13130764,1.05591565
2023-12-22,000001,7.71,7.8,7.55,7.73,403682191.0,3687012893.0,19405546950.0,0.020802412425690198,2026-07-24,6.544314514506591,5.365921615568698,8.901100312382376,8.36177083333333,-0.12416666666666565,-0.5656234442482173,-0.4506798386715109,-0.11494360557670641,69.23076923076952,6.474820143884913,9.73,8.84,0,178534447421.6,178531031940.0,3.68172992,3.92245468,0.45094022,1.86289362,1.1300793,1.05476916
2023-12-29,000001,7.71,7.96,7.58,7.89,411284619.0,3808874853.0,19405546950.0,0.021194178141935603,2026-07-24,12.288284268412312,7.673375833183236,21.518101138870463,8.294270833333329,-0.06750000000000078,-0.5659639086937407,-0.4737366526759569,-0.09222725601778381,100.0,12.230215827338123,9.67,8.73,0,182221571879.22,182218085860.5,3.75776565,4.0034619,0.46025311,1.90136642,1.15341789,1.07655244
2024-01-05,000001,7.89,7.93,7.62,7.79,474779291.0,4389545640.0,19405546950.0,0.0244661638356963,2026-07-24,13.78659510668047,9.711115591015648,21.937554138010114,8.21989583333333,-0.07437499999999808,-0.5677581311659452,-0.49254094837395457,-0.07521718279199063,70.58823529411774,9.8360655737705,9.6,8.62,0,179892861695.46,179889420226.5,3.70974309,3.87241119,0.44706763,-0.96436705,1.13867772,1.06279458
2024-01-12,000001,7.75,7.81,7.59,7.72,445323950.0,4078061922.0,19405546950.0,0.0229482812902625,2026-07-24,13.79810947491435,11.073446885648549,19.247434653445954,8.158749999999998,-0.06114583333333279,-0.568277728474186,-0.5076883043940008,-0.060589424080185195,45.1612903225806,7.870370370370363,9.53,8.52,0,178340388239.62,178336976470.5,3.67772804,3.83899232,0.44320944,-0.95604457,1.12885095,1.05362267
2024-01-19,000001,7.7,7.89,7.56,7.7,638485534.0,5880860176.0,19405546950.0,0.0329022178887875,2026-07-24,13.546565736899433,11.89781983606551,16.84405753856728,8.088749999999997,-0.07000000000000028,-0.5638041625080028,-0.5189114760168012,-0.044892686491201594,60.86956521739144,7.653061224489814,9.45,8.43,0,177952269875.66,177948865531.5,3.66972428,3.8306376,0.4422449,-0.95396396,1.12639425,1.0513297
2024-01-26,000001,7.7,8.12,7.53,8.08,890978841.0,8311304147.0,19405546950.0,0.0459136165188065,2026-07-24,28.329289438634703,17.37497637025524,50.23791557539363,8.08864583333333,-0.00010416666666657193,-0.5235607229332668,-0.5198413254000943,-0.0037193975331725193,100.0,27.77777777777778,9.39,8.36,0,186684933064.76,186681361659.0,3.8498089,4.01861873,0.46394721,-1.00077789,1.18166987,1.10292167
2024-02-02,000001,8.14,8.3,7.62,7.79,800206563.0,7628274949.0,19405546950.0,0.041235970573867,2026-07-24,30.14160421450104,21.630518985003842,47.16377467349543,8.05614583333333,-0.03250000000000064,-0.5091983617515403,-0.5177127326703835,0.008514370918843217,47.27272727272725,13.40206185567009,9.33,8.29,0,179892861695.46,179889420226.5,3.70974309,3.87241119,0.44706763,-0.96436705,1.13867772,1.06279458
2024-02-09,000001,7.72,8.13,7.65,8.12,751783025.0,7143831509.0,19405546950.0,0.0387406253962863,2026-07-24,45.63552835079284,29.632188773600177,77.64220750517816,8.075624999999997,0.019479166666666714,-0.46581818291398847,-0.5073338227191045,0.04151563980511608,100.0,30.890052356020902,9.28,8.23,0,187655228974.66,187651639006.5,3.8698183,4.03950552,0.46635858,-1.00597944,1.18781161,1.10865411
2024-02-23,000001,8.2,9.44,8.11,9.12,1627389585.0,17183388311.0,19405546950.0,0.0838620827948369,2026-07-24,58.17237666667165,39.145584737957336,96.22596052410029,8.227604166666662,0.15197916666666522,-0.34675031421888036,-0.4752171210190597,0.12846680680017936,100.0,83.2460732984293,9.26,8.23,0,210554212448.3,210550184407.5,4.34204018,4.53243381,0.52326686,-1.12873598,1.33275656,1.24393972
2024-03-01,000001,9.06,9.14,8.74,8.81,1160065358.0,12238282747.0,19405546950.0,0.059780090764202695,2026-07-24,61.120153379875354,46.47044095193001,90.41957823576605,8.365104166666663,0.13750000000000107,-0.27424129670312425,-0.43502195615587264,0.1607806594527484,78.91156462585042,68.08510638297874,9.22,8.25,0,203568081897.02,203564187505.5,4.19797249,4.38204891,0.50590501,-1.09128483,1.28853607,1.20266614
2024-03-08,000001,8.78,8.94,8.62,8.72,794902894.0,8269727740.0,19405546950.0,0.0409626637191999,2026-07-24,61.51465722707224,51.48517971031075,81.57361226059523,8.468749999999995,0.10364583333333144,-0.2214864676329089,-0.3923148584512799,0.17082839081837098,60.39603960396053,69.59064327485383,9.19,8.27,0,201433430895.24,201429577341.0,4.1539518,4.33609796,0.5006,-1.07984142,1.27502425,1.19005477
2024-03-15,000001,8.72,9.03,8.57,8.91,977958208.0,10239165551.0,19405546950.0,0.050395807472975895,2026-07-24,65.09354111822269,56.021300179614734,83.23802299543861,8.504791666666662,0.03604166666666764,-0.16247357912908988,-0.3463466025868419,0.18387302345775203,100.0,86.79245283018874,9.17,8.31,0,205702732898.8,205698797670.0,4.42799985,4.42799985,0.51121002,-1.10272824,2.22475133,1.24896164
2024-03-22,000001,8.87,8.91,8.66,8.7,572988324.0,5993555253.0,19405546950.0,0.0295270380925798,2026-07-24,63.814542246354385,58.61904753519462,74.20553166867391,8.546041666666664,0.04125000000000156,-0.13113899606622326,-0.30330508128271816,0.1721660852164949,38.23529411764678,73.58490566037734,9.15,8.35,0,201045312531.28,201041466402.0,4.32774325,4.32774325,0.49963545,-1.0777608,2.1743796,1.22068326
2024-03-29,000001,8.7,8.96,8.67,8.84,614230756.0,6456390165.0,19405546950.0,0.0316523289749375,2026-07-24,65.40515730908793,60.88108412649239,74.45330367427898,8.599895833333328,0.05385416666666387,-0.09392655638943381,-0.26142937630406127,0.16750281991462745,79.41176470588226,82.38993710691827,9.14,8.39,0,204150259442.96,204146353914.0,4.39458098,4.39458098,0.50735183,-1.09440576,2.20796076,1.23953551
2024-04-05,000001,8.84,8.97,8.75,8.79,325839207.0,3440120063.0,19405546950.0,0.0167910344315236,2026-07-24,65.03200963463003,62.26472596253827,70.56657697881356,8.592291666666663,-0.00760416666666508,-0.06768972694021791,-0.2226814464312926,0.15499171949107468,72.22222222222179,79.24528301886791,9.13,8.43,0,202985904351.08,202982021097.0,4.36951683,4.36951683,0.48837891,-1.0881639,2.19536782,1.23246592
2024-04-12,000001,8.75,8.81,8.43,8.45,532557518.0,5478287519.0,19405546950.0,0.0274435716433127,2026-07-24,58.25225223314254,60.927234719406364,52.9022872606149,8.566874999999996,-0.025416666666666643,-0.07348492065447587,-0.19284214127592925,0.11935722062145337,4.878048780487699,57.86163522012576,9.11,8.46,0,195223537071.88,195219802317.0,4.2024225,4.2024225,0.46970286,-1.04655151,2.11141494,1.18533529
2024-04-19,000001,8.46,9.27,8.45,8.98,978746888.0,10336756411.0,19405546950.0,0.0504364494606525,2026-07-24,60.63934610029054,60.83127184636775,60.25549460813612,8.618124999999996,0.051249999999999574,-0.034908677317732284,-0.16125544848428985,0.12634677116655757,100.0,91.19496855345919,9.1,8.5,0,207449265536.62,207445296895.5,4.46559607,4.46559607,0.49911765,-1.11209102,2.24364073,1.25956603
2024-04-26,000001,8.94,9.08,8.78,8.91,691285286.0,7298568334.0,19405546950.0,0.0356230766275822,2026-07-24,59.47384978114609,60.37879782462719,57.66395369418389,8.646562499999996,0.02843750000000078,-0.009871350745436658,-0.1309786289365192,0.12110727819108255,87.27272727272724,86.79245283018874,9.1,8.53,0,205702732898.8,205698797670.0,4.39676676,4.42799985,0.49491553,-1.10272824,-5.40228308,1.29886616
2024-05-03,000001,8.87,9.16,8.84,9.07,349373390.0,3768758593.0,19405546950.0,0.0180037898906013,2026-07-24,65.04605858425616,61.93455141117018,71.2690729304281,8.744687499999996,0.09812499999999957,0.022620815096052738,-0.10025874013000483,0.12287955522605756,100.0,96.85534591194975,9.11,8.58,0,209389857356.42,209385851590.5,4.47557673,4.50736966,0.50378666,-1.12249412,-5.49911646,1.32214773
2024-05-10,000001,9.21,9.33,9.0,9.19,693024473.0,7523394941.0,19405546950.0,0.0357126998164818,2026-07-24,71.51218720431889,65.12709667555309,84.28236826185051,8.805937499999995,0.06124999999999936,0.057392502691566705,-0.06872849156569052,0.12612099425725723,100.0,100.0,9.12,8.63,0,212300745086.12,212296683633.0,4.53779513,4.57003003,0.51079018,-1.13809876,-5.57556386,1.34052791
2024-05-17,000001,9.16,9.59,9.08,9.59,926461961.0,10260432670.0,19405546950.0,0.047742120507456,2026-07-24,81.00812480287927,70.42077271799515,102.18282897264751,8.917187499999994,0.1112499999999983,0.11589006416735081,-0.03180478041908225,0.14769484458643306,100.0,100.0,9.15,8.69,0,221615585821.16,221611346169.0,4.736894,4.77054323,0.53320145,-1.18803363,-5.82019555,1.39934449
2024-05-24,000001,9.6,9.86,9.49,9.5,955568983.0,10974061615.0,19405546950.0,0.0492420535974635,2026-07-24,78.94714147697779,73.26289563765603,90.31563315562133,9.02552083333333,0.10833333333333606,0.15322131530458982,0.005200438725652165,0.14802087657893764,84.74576271186443,95.63106796116506,9.16,8.76,0,219480934819.38,219476736004.5,4.69126718,4.72459229,0.52806554,-1.17659022,-5.76413412,1.38586569
2024-05-31,000001,9.5,9.73,9.29,9.33,625569850.0,7078681792.0,19405546950.0,0.032236651283874,2026-07-24,73.61044863033952,73.37874663521718,74.07385262058418,9.080312499999996,0.05479166666666657,0.16716208112089426,0.03759276720470058,0.12956931391619367,49.01960784313727,87.37864077669903,9.16,8.83,0,215599751179.78,215595626614.5,4.60830931,4.64104512,0.51872751,-1.15578403,-5.66220425,1.36135878
2024-06-07,000001,9.34,9.35,9.13,9.23,554612702.0,6077250996.0,19405546950.0,0.0285801118324055,2026-07-24,67.72165106824501,71.49304811289312,60.17885697894877,9.08583333333333,0.005520833333333641,0.1682021445824322,0.0637146426802469,0.10448750190218531,27.02702702702699,82.52427184466022,9.16,8.88,0,213271040996.02,213266960980.5,4.55853459,4.59091682,0.51312469,-1.14330031,-5.60104633,1.34665463
2024-06-14,000001,9.22,9.26,8.99,9.16,513655315.0,5452606816.0,19405546950.0,0.0264695097913741,2026-07-24,61.932637355189364,68.30624452699188,49.185423011584334,9.085729166666663,-0.00010416666666657193,0.1615161299772847,0.08327494013965446,0.07824118983763025,50.0,79.12621359223303,9.17,8.93,0,197552247255.64,197548467951.0,4.22255525,4.2525508,0.47530567,-1.05903523,-5.18823036,1.24740165
2024-06-21,000001,9.12,9.19,8.96,9.0,363822713.0,3670422735.0,19405546950.0,0.0187483874552681,2026-07-24,48.07854836024972,61.56367913807782,21.108286804593504,9.06520833333333,-0.020520833333332433,0.1416736270247938,0.09495467751668232,0.04671894950811148,14.814814814814522,71.35922330097087,9.16,8.97,0,194059181980.0,194055469500.0,4.14789317,4.17735835,0.46690145,-1.04030966,-5.09649347,1.22534544
2024-06-28,000001,8.97,9.23,8.89,9.14,419264495.0,4226905631.0,19405546950.0,0.0216053943792599,2026-07-24,41.85628714212729,54.99454847276098,15.579764480859922,9.060312499999997,-0.00489583333333421,0.1356810833779729,0.10309995868894044,0.03258112468903247,92.59259259259274,77.15736040609141,9.17,8.99,0,196970069709.7,196966301542.5,4.21011157,4.24001872,0.47390497,-1.0559143,-5.17294088,1.24372562
2024-07-05,000001,9.08,9.43,8.93,8.97,588890275.0,6029461395.0,19405617528.0,0.0303463816160603,2026-07-24,30.653332321555656,46.880809755692546,-1.8016225467181215,9.046249999999995,-0.014062500000001421,0.11587859381561394,0.10565568571427514,0.010222908101338801,32.00000000000003,68.04123711340209,9.17,9.01,0,193477004434.06,193474006754.16,4.13544949,4.16482627,0.46968988,-1.03718873,-5.08120399,1.2216694
2024-07-12,000001,8.95,9.28,8.87,9.28,471056597.0,4764402012.0,19405617528.0,0.0242742389578851,2026-07-24,34.24026868575091,42.667296065712,17.386213925828727,9.09020833333333,0.04395833333333421,0.12377261374464155,0.10927907132034842,0.014493542424293127,100.0,79.05405405405403,9.18,9.03,0,200075016621.38,200071916713.68,4.27647786,4.30685646,0.48570739,-1.07255926,-5.25448477,1.26333114
2024-07-19,000001,9.28,9.39,9.22,9.33,501837319.0,5192041041.0,19405617528.0,0.0258604148142105,2026-07-24,38.31506127871612,41.21655113671338,32.51208156272162,9.131979166666662,0.041770833333332646,0.13253547706516677,0.11393035246931209,0.018605124595854686,100.0,77.58620689655174,9.2,9.06,0,201239371713.26,201236253765.36,4.30136522,4.33192061,0.48853401,-1.07880111,-5.28506373,1.27068322
2024-07-26,000001,9.32,9.34,8.97,9.03,452510845.0,4595621021.0,19405617528.0,0.0233185490926571,2026-07-24,31.744924573407644,38.05934228227813,19.11608915566667,9.143645833333329,0.011666666666666714,0.11395896853207255,0.11393607568186417,2.2892850208372506e-05,34.782608695652144,51.72413793103445,9.2,9.07,0,194641359525.94,194638343805.84,4.16033685,4.18989042,0.4725165,-1.04343059,-5.11178295,1.22902147
2024-08-02,000001,9.02,9.29,8.97,9.13,381583925.0,3877705935.0,19405617528.0,0.019663580633258,2026-07-24,36.639473525128984,37.58605269656175,34.74631518226346,9.145833333333329,0.002187499999999787,0.10608325422800036,0.11236551139109141,-0.006282257163091054,44.44444444444456,60.34482758620699,9.21,9.08,0,196776010527.72,196772961733.92,4.20596367,4.23584136,0.47769864,-1.05487399,-5.16784438,1.24250027
2024-08-09,000001,9.1,9.2,8.9,9.04,377280848.0,3776261800.0,19405617528.0,0.019441836749365102,2026-07-24,34.54536330246693,36.57248956519681,30.491110777007165,9.10520833333333,-0.04062499999999858,0.0915244096395913,0.10819729104079139,-0.016672881401200088,60.869565217390665,52.586206896551666,9.21,9.09,0,194835418707.92,194832399981.12,4.16448474,4.19406778,0.4729876,-1.0444709,-5.11687945,1.23024682
2024-08-16,000001,9.02,9.19,8.88,9.12,344808612.0,3459586752.0,19405617528.0,0.017768494689874098,2026-07-24,37.911194582596984,37.01872457099687,39.69613460579721,9.114270833333329,0.009062499999998863,0.08545666063568369,0.10364916495976985,-0.01819250432408616,95.99999999999937,59.4827586206896,9.21,9.1,0,196581951345.74,196578905558.64,4.18731658,4.231664,0.47722753,-1.05383368,1.21390344,1.28299614
2024-08-23,000001,9.12,9.45,9.11,9.42,626799582.0,6483297826.0,19405617528.0,0.032299903937383,2026-07-24,56.883325124030215,43.64025808867465,83.36945919474134,9.153437499999995,0.03916666666666657,0.10366048508406855,0.10365142898462959,9.056099438964349e-06,100.0,85.3448275862069,9.22,9.11,0,203179963533.06,203176815518.16,4.3278583,4.37369419,0.49324504,-1.08920421,1.2546465,1.3260582
2024-08-30,000001,9.45,9.5,9.1,9.14,489809475.0,5045587548.0,19405617528.0,0.025240602330395302,2026-07-24,52.207931035067816,46.4961490708057,63.63149496359205,9.154374999999996,0.0009375000000009237,0.09440524230050507,0.10180219164780469,-0.0073969493472996195,48.14814814814819,61.206896551724206,9.21,9.12,0,197164128891.68,197161074084.48,4.19971732,4.24419608,0.47864084,-1.05695461,1.21749842,1.28679573
2024-09-06,000001,9.11,9.19,8.98,9.07,420648324.0,4244361761.0,19405617528.0,0.0216766265434763,2026-07-24,45.3872979387225,46.126532026777966,43.90882976261156,9.153854166666664,-0.0005208333333328596,0.08049409490824821,0.0975405722998934,-0.01704647739164518,20.454545454545446,54.38596491228076,9.2,9.13,0,195611655435.84,195608624682.24,4.16664868,4.21077721,0.47487202,-1.04863213,1.20791182,1.27666348
2024-09-13,000001,9.05,9.06,8.65,8.73,466409864.0,4577777820.0,19405617528.0,0.024034785975093,2026-07-24,33.395453527775786,41.88283919377724,16.420682195772883,9.072916666666663,-0.080937500000001,0.04155522906066089,0.08634350365204689,-0.044788274591386,16.326530612244905,8.510638297872353,9.18,9.12,0,188237406520.6,188234490021.6,4.00957264,4.0520376,0.4569701,-1.00910037,1.16237546,1.2285353
2024-09-20,000001,8.75,8.91,8.69,8.91,192520124.0,1886128008.0,19405617528.0,0.0099208450193462,2026-07-24,32.459714116556405,38.74179750137029,19.895547346928637,9.044791666666663,-0.02812499999999929,0.024932981128099385,0.07406139914725739,-0.049128418019158,61.90476190476186,27.659574468085097,9.16,9.1,0,192118590160.2,192115613527.2,4.09224424,4.13558476,0.46639216,-1.02990656,1.18634196,1.25386592
2024-09-27,000001,8.9,10.4,8.88,10.28,1162228829.0,12541342480.0,19405617528.0,0.0598913601859379,2026-07-24,52.68742845865663,43.39034115379908,71.28160306837175,9.240312499999995,0.19552083333333137,0.12091346515668278,0.08343181234914246,0.03748165280754032,99.99999999999999,99.99999999999999,9.2,9.13,0,221615585821.16,221612152169.76,4.7205484,4.77054323,0.53799984,-1.18803363,1.3684874,1.44637867
2024-10-04,000001,10.46,11.07,10.4,10.99,543028364.0,6467438838.0,19405617528.0,0.0279830499192553,2026-07-24,67.35635726444877,51.379013190682315,99.3110454119817,9.550624999999995,0.3103125000000002,0.25137209549068196,0.11701986897745037,0.1343522265132316,100.0,100.0,9.25,9.22,0,236946261197.58,236942590016.88,5.04710122,5.10055454,0.56345345,-1.27021809,1.46315509,1.54643463
2024-10-11,000001,12.09,12.09,10.49,10.78,1565563509.0,19326135424.0,19405617528.0,0.0806757892007856,2026-07-24,65.5437730600201,56.10059981379491,84.43011955247049,9.824479166666661,0.2738541666666663,0.33396649708580206,0.1604091945991207,0.17355730248668136,90.04739336492887,91.02564102564098,9.31,9.32,1,227437361280.56,227433837428.16,4.8445558,4.89586398,0.54084148,-1.21924292,1.40443715,1.4843746
2024-10-18,000001,11.01,11.24,10.74,11.07,1064629164.0,12783332247.0,19405617528.0,0.0548619059642839,2026-07-24,67.14546110978084,59.78222024579022,81.87194283776206,10.036979166666661,0.21250000000000036,0.41800522771347914,0.21192840122199239,0.20607682649148676,100.00000000000001,100.0,9.37,9.45,1,233647255103.92,233643635037.12,4.97683036,5.02953945,0.55560848,-1.25253283,1.44278356,1.5249036
2024-10-25,000001,10.98,10.98,10.69,10.77,792736194.0,9337358656.0,19405617528.0,0.0408508615021486,2026-07-24,65.30627639876862,61.62357229678302,72.67168460273983,10.154270833333328,0.11729166666666657,0.4551523217640714,0.2605731853304082,0.1945791364336632,48.2758620689654,87.60330578512394,9.42,9.58,1,227243302098.58,227239781252.88,4.88180846,4.89168662,0.54038001,-1.21820261,1.99881521,1.52874462
2024-11-01,000001,10.74,10.79,10.33,10.51,668993109.0,7674708646.0,19405617528.0,0.0344741984136665,2026-07-24,61.56077341313256,61.6026393355662,61.47704156826528,10.238645833333328,0.08437499999999964,0.45832850859272156,0.30012424998287085,0.1582042586098507,24.32432432432428,76.85950413223138,9.47,9.7,1,221809645003.14,221806208345.04,4.76507863,4.77472059,0.52745888,-1.18907394,1.95102116,1.49219053
2024-11-08,000001,10.51,11.04,10.35,10.78,839716881.0,9767180422.0,19405617528.0,0.04327184537098,2026-07-24,61.680050492475964,61.62844305453612,61.78326536835564,10.283229166666661,0.04458333333333364,0.4771323186881862,0.3355258637239339,0.14160645496425228,100.0,88.0165289256198,9.52,9.81,1,227437361280.56,227433837428.16,4.88597738,4.89586398,0.54084148,-1.21924292,2.00052214,1.53005013
2024-11-15,000001,10.69,10.89,10.5,10.52,666644409.0,7731601785.0,19405617528.0,0.034353166449771703,2026-07-24,59.06121013223888,60.7726987471037,55.63823290250923,10.278124999999996,-0.005104166666665577,0.465686502453142,0.3615579914697755,0.1041285109833665,42.22222222222218,77.27272727272724,9.56,9.91,1,222003704185.12,222000264520.32,4.76924755,4.77889795,0.52792035,-1.19011425,1.95272809,1.49349603
2024-11-22,000001,10.69,11.07,10.37,10.37,1002265908.0,11723798847.0,19405617528.0,0.051648235700505,2026-07-24,54.84662191578125,58.79733980332955,46.945186140684655,10.286874999999997,0.008750000000000924,0.4394462019561338,0.37713563356704716,0.06231056838908666,4.651162790697579,71.07438016528921,9.6,9.99,1,218898757273.44,218895365715.84,4.70254479,4.71206021,0.52053685,-1.17346929,1.92541721,1.47260797
2024-11-29,000001,10.37,10.54,10.24,10.46,465393269.0,5260303941.0,19405617528.0,0.0239823993402163,2026-07-24,40.52837857448481,52.7076860603813,16.169763602691845,10.277291666666663,-0.009583333333333499,0.42105911521966277,0.3859203298975703,0.03513878532209247,78.57142857142898,74.79338842975208,9.64,10.07,1,220839349093.24,220835927468.64,4.74423401,4.7538338,0.52515153,-1.18387239,1.94248651,1.48566301
2024-12-06,000001,10.47,10.76,10.4,10.72,547884171.0,6290810075.0,19405617528.0,0.028233276792633,2026-07-24,35.6675676983052,47.02764660635594,12.94740988220373,10.351249999999997,0.07395833333333357,0.4225956242982729,0.3932553887777108,0.029340235520562086,100.0,85.53719008264464,9.68,10.13,1,226273006188.68,226269500376.48,4.86096385,4.87079983,0.53807266,-1.21300106,1.99028056,1.52221711
2024-12-13,000001,10.69,10.99,10.63,10.63,642958933.0,7556068244.0,19405617528.0,0.0331326190507611,2026-07-24,36.77837846553682,43.611223892749564,23.112687611111326,10.42927083333333,0.07802083333333343,0.4118040502225586,0.39696512106668036,0.014838929155878255,81.25000000000004,81.81818181818184,9.73,10.2,1,224332414368.88,224328938623.68,4.81927462,4.82902625,0.53345797,-1.20259796,1.97321125,1.50916207
2024-12-20,000001,10.63,10.79,10.59,10.68,403645270.0,4689640573.0,19405617528.0,0.0208004341741551,2026-07-24,42.18960170794822,43.137349831149116,40.29410546154644,10.469583333333329,0.04031249999999886,0.40264479360799577,0.39810105557494346,0.0045437380330523025,87.49999999999972,83.88429752066114,9.79,10.25,1,225496769460.76,225493275675.36,4.84428816,4.8540904,0.53622679,-1.20883982,1.98345284,1.51699509
2024-12-27,000001,10.7,11.05,10.7,10.88,677561159.0,8011303783.0,19405617528.0,0.0349157226263146,2026-07-24,53.82921238361209,46.701304015303435,68.0850291202294,10.512291666666663,0.04270833333333357,0.40683460915376024,0.39984776629070684,0.0069868428630534,100.0,92.14876033057854,9.85,10.31,1,229572012282.34,229568455356.24,4.93183553,4.94181492,0.54591763,-1.23068632,2.01929837,1.54441067
2025-01-03,000001,10.83,11.02,10.44,10.46,580149112.0,6781578226.0,19405571850.0,0.029895990609265802,2026-07-24,44.72148295453659,46.041363661714485,42.08172154018081,10.506979166666664,-0.005312499999998721,0.37197666282461483,0.39427354559748845,-0.022296882772873616,4.545454545454839,74.79338842975208,9.88,10.36,1,220839349093.24,220835407653.0,4.74423401,4.96178999,0.51975163,-1.22960996,1.94248651,1.48566301
2025-01-10,000001,10.46,10.69,10.32,10.39,444540200.0,5079074951.0,19405571850.0,0.0229078639597005,2026-07-24,35.838418355233244,42.640381892887405,22.234491279924924,10.479895833333332,-0.027083333333331794,0.3348432101413863,0.38238747850626803,-0.04754426836488174,12.500000000000039,71.900826446281,9.89,10.39,1,219286875637.4,219282961905.0,4.71088263,4.92690922,0.51609784,-1.22096595,1.92883107,1.47521898
2025-01-17,000001,10.34,10.66,10.19,10.53,435395480.0,4963695528.0,19405571850.0,0.0224366219849375,2026-07-24,36.77106678227669,40.68394352268383,28.945313301462406,10.45239583333333,-0.027500000000001634,0.313102263336674,0.3685304354723492,-0.05542817213567519,100.0,77.6859504132231,9.92,10.41,1,222197763367.1,222193797682.5,4.77341647,4.99231067,0.5229487,-1.23717346,1.95443502,1.49480153
2025-01-24,000001,10.57,10.59,10.19,10.43,554109177.0,6267861520.0,19405571850.0,0.0285541277156434,2026-07-24,33.81637010291314,38.39475238276027,24.659605543218888,10.454374999999997,0.001979166666666643,0.2845234330670383,0.35172903499128705,-0.06720560192424874,70.58823529411774,73.55371900826444,9.93,10.43,1,220063112365.32,220059184779.0,4.72755832,4.94434961,0.51792474,-1.22528795,1.93565879,1.48044099
2025-01-31,000001,10.46,10.62,10.46,10.55,115193471.0,1324270607.0,19405571850.0,0.0059361028827398,2026-07-24,36.49773510736848,37.762413290963,33.96837874017943,10.47239583333333,0.01802083333333293,0.26846282891769846,0.3350757937765693,-0.06661296485887086,100.0,78.51239669421489,9.95,10.45,1,222585881731.06,222581909119.5,4.78175432,5.00103086,0.52386214,-1.23933447,1.95784888,1.49741254
2025-02-07,000001,10.57,10.59,10.39,10.46,320652957.0,3647608735.0,19405571850.0,0.0165237571702891,2026-07-24,34.796939683982124,36.77392208863605,30.842974874674283,10.458645833333332,-0.013749999999998153,0.24564084186146218,0.3171888033935479,-0.0715479615320857,75.00000000000013,74.3697478991597,9.98,10.46,1,220839349093.24,220835407653.0,4.74423401,4.96178999,0.51975163,-1.22960996,1.94248651,1.48566301
2025-02-14,000001,10.46,10.62,10.43,10.62,519161480.0,5942299380.0,19405571850.0,0.0267532172724917,2026-07-24,39.86462645598805,37.80415687775338,43.98556561245739,10.501770833333332,0.04312499999999986,0.23772457460245633,0.30129595763532957,-0.06357138303287324,100.0,79.45205479452049,10.0,10.47,1,224138355186.9,224134354867.5,4.8151057,5.03591164,0.52751593,-1.24797847,1.97150432,1.50785657
2025-02-21,000001,10.67,11.0,10.62,10.7,699469010.0,8214949975.0,19405571850.0,0.036044751239835,2026-07-24,46.34385949779045,40.65072441776574,57.73012965783987,10.549166666666665,0.04739583333333286,0.23519502532998793,0.28807577117426125,-0.052880745844273325,100.0,57.95454545454538,10.04,10.49,1,225884887824.72,225880856334.0,4.852626,5.07515251,0.53162645,-1.25770298,1.9868667,1.5196061
2025-02-28,000001,10.69,10.75,10.54,10.6,463515552.0,5360597048.0,19405571850.0,0.023885694046166202,2026-07-24,47.36176978567556,42.88773954040234,56.309830276222,10.580729166666664,0.031562499999999716,0.22255569156574673,0.27497175525255835,-0.05241606368681162,62.96296296296303,46.590909090909065,10.07,10.5,1,223750236822.94,223746243430.5,4.80676785,5.02719144,0.52660249,-1.24581747,1.96809046,1.50524556
2025-03-07,000001,10.59,10.76,10.52,10.73,430722552.0,4990623728.0,19405571850.0,0.0221958185684693,2026-07-24,53.796735412672625,46.524071497825766,68.34206324236634,10.623437499999998,0.04270833333333357,0.22048720281523515,0.2640748447650937,-0.043587641949858535,100.0,61.36363636363642,10.09,10.52,1,226467065370.66,226463023489.5,4.86513277,5.0882328,0.53299662,-1.26094448,1.99198749,1.52352261
2025-03-14,000001,10.72,11.03,10.59,11.01,618491646.0,7297499959.0,19405571850.0,0.0318718588032743,2026-07-24,68.40417281479763,53.817438603483055,97.5776412374268,10.682916666666666,0.05947916666666764,0.23869009963104304,0.2589978957382836,-0.02030779610724054,100.0,100.0,10.13,10.55,1,232288840830.06,232284695044.5,4.99020045,5.2190357,0.54669833,-1.29335951,2.04319539,1.56268772
2025-03-21,000001,10.69,10.73,10.47,10.5,1004890322.0,11573476372.0,19405571850.0,0.0517835975032087,2026-07-24,57.904369178119076,55.179748795028395,63.35360994430043,10.663229166666667,-0.01968749999999808,0.20954775269606607,0.24910786712984007,-0.039560114433773996,5.555555555555446,37.80487804878054,10.15,10.56,1,221615585821.16,221611630527.0,4.97923038,4.97923038,0.52157853,-1.23393196,3.49904613,1.51072351
2025-03-28,000001,10.49,10.52,10.43,10.44,383934424.0,4370527239.0,19405571850.0,0.0197847518726945,2026-07-24,41.207079452079334,50.522192347378706,22.576853661480584,10.627604166666666,-0.03562500000000135,0.17954109623480363,0.23519451295083277,-0.055653416716029136,1.7241379310344458,30.48780487804877,10.17,10.57,1,220257171547.3,220253240497.5,4.9487097,4.9487097,0.51838146,-1.22636846,3.47759839,1.50146339
2025-04-04,000001,10.44,10.49,10.32,10.43,337415173.0,3819145443.0,19405571850.0,0.0173875408366282,2026-07-24,32.63570555021249,44.560030081656635,8.787056487324207,10.562187499999999,-0.06541666666666757,0.15318783437786365,0.21879317723623895,-0.0656053428583753,61.111111111110894,29.268292682926845,10.18,10.57,1,220063112365.32,220059184779.0,4.94434961,4.94434961,0.50454791,-1.22528795,3.47453443,1.50014051
2025-04-11,000001,10.11,10.16,9.64,10.01,652436931.0,7050548492.0,19405571850.0,0.0336211133607998,2026-07-24,30.63003871213206,39.916699625148446,12.05671688609928,10.478020833333332,-0.0841666666666665,0.09729068808677965,0.1944926794063471,-0.09720199131956744,46.249999999999964,27.007299270072952,10.17,10.55,1,211330449176.22,211326677446.5,4.74814526,4.74814526,0.48452617,-1.17666542,3.33665608,1.44061113
2025-04-18,000001,10.07,10.29,10.02,10.28,390258718.0,4293641402.0,19405571850.0,0.0201106528071728,2026-07-24,35.76774763062999,38.53371562697563,30.23581163793871,10.440416666666666,-0.03760416666666622,0.0739263633506102,0.17037941619519972,-0.09645305284458952,81.01265822784804,46.71532846715322,10.16,10.53,1,216958165453.64,216954293283.0,4.87458806,4.87458806,0.49742907,-1.20799994,3.42551101,1.47897451
2025-04-25,000001,10.11,10.23,10.09,10.12,385849897.0,4255278424.0,19405571850.0,0.0198834592447217,2026-07-24,35.355956453993116,37.47446256931479,31.11894422334977,10.361666666666666,-0.07874999999999943,0.04201498227981659,0.14470652941212309,-0.1026915471323065,74.99999999999993,35.036496350364885,10.15,10.5,1,213659159359.98,213655346068.5,4.89236031,4.80046642,0.4898653,-1.18963143,0.86269768,1.50853015
2025-05-02,000001,10.11,10.15,10.01,10.03,216089823.0,2369223749.0,19405571850.0,0.0111354524705746,2026-07-24,32.9231556216069,35.95736025341216,26.85474635799639,10.3296875,-0.031979166666666003,0.009354897597230405,0.11763620304914454,-0.10828130545191414,7.407407407407261,28.46715328467146,10.13,10.47,1,211718567540.18,211714788883.5,4.8479247,4.75686545,0.48541602,-1.17882642,0.8548621,1.4948287
2025-05-09,000001,10.04,10.27,10.01,10.25,403745241.0,4456911912.0,19405571850.0,0.0208056348001925,2026-07-24,36.577067776514916,36.16392942777975,37.40334447398524,10.3103125,-0.019375000000000142,0.0012097611923866936,0.09435091467779297,-0.09314115348540628,100.0,44.525547445255455,10.13,10.44,1,216375987907.7,216372126127.5,4.95457016,4.86150777,0.49609429,-1.20475844,0.8736675,1.52771219
2025-05-16,000001,10.26,10.57,10.23,10.46,579035351.0,6556931614.0,19405571850.0,0.0298386131300735,2026-07-24,49.461164450398336,40.59634110198595,67.1908111472231,10.334895833333333,0.02458333333333229,0.011566594365886473,0.07779405061541167,-0.0662274562495252,100.0,59.8540145985402,10.14,10.42,1,220839349093.24,220835407653.0,5.05677205,4.96178999,0.50632762,-1.22960996,0.89168934,1.55922553
2025-05-23,000001,10.48,10.67,10.44,10.54,476891467.0,5476590344.0,19405571850.0,0.0245749762329212,2026-07-24,62.10032322583188,47.76433514326792,90.77229939095979,10.396354166666667,0.06145833333333428,0.025930875691381416,0.06742141563060562,-0.041490539939224205,100.0,65.69343065693424,10.14,10.41,1,222391822549.08,222387853401.0,5.09232054,4.99667077,0.50988704,-1.23825396,0.89795781,1.5701867
2025-05-30,000001,10.52,10.65,10.48,10.63,420990926.0,4840139385.0,19405571850.0,0.0216943323935077,2026-07-24,73.43905043534426,56.32257357396003,107.67200415811271,10.440520833333334,0.044166666666667354,0.04406892088154102,0.0627509166807927,-0.018681995799251686,100.0,72.2627737226278,10.14,10.41,1,224332414368.88,224328410586.0,5.13675615,5.04027173,0.51433632,-1.24905897,0.90579339,1.58388815
2025-06-06,000001,10.61,10.95,10.6,10.76,520959516.0,6133094643.0,19405571850.0,0.0268458729290163,2026-07-24,77.45809469226513,63.367747280061735,105.63878951667192,10.4878125,0.04729166666666629,0.06814780049341351,0.06383029344331687,0.004317507050096647,100.0,81.75182481751823,10.16,10.42,1,227049242916.6,227045190645.0,5.19896599,5.10131309,0.52056531,-1.26418598,0.91676321,1.60307019
2025-06-13,000001,10.78,11.13,10.71,10.98,568176778.0,6665827977.0,19405571850.0,0.029279053582747,2026-07-24,80.50777741389103,69.08109065800484,103.36115092566342,10.575104166666666,0.08729166666666544,0.10378626400136604,0.0718214875549267,0.03196477644643933,100.0,97.81021897810224,10.18,10.45,1,224720532732.84,224716522023.0,5.14564327,5.04899193,0.51522617,-1.25121997,0.90736051,1.58662844
2025-06-20,000001,10.97,11.27,10.93,11.23,488943170.0,5741579767.0,19405571850.0,0.0251960196679282,2026-07-24,85.94698388439299,74.7030550668009,108.43484151957719,10.690416666666666,0.11531249999999993,0.15046840761584335,0.08755087156711003,0.06291753604873332,100.0,100.00000000000001,10.19,10.49,1,229766071464.32,229761970704.0,5.26117584,5.16235444,0.52679429,-1.279313,0.92773302,1.62225222
2025-06-27,000001,11.2,11.93,11.07,11.57,892499007.0,10825161124.0,19405571850.0,0.0459918941785782,2026-07-24,84.38132258959534,77.92914424106571,97.28567928665458,10.840208333333333,0.1497916666666672,0.21245050409310196,0.11253079807230841,0.09991970602079354,100.0,100.0,10.23,10.56,1,236752202015.6,236747976570.0,5.42114403,5.31931792,0.54281169,-1.31821103,0.95594112,1.67157746
2025-07-04,000001,11.51,12.06,11.34,11.95,662899121.0,8153561403.0,19405600653.0,0.034160195958557696,2026-07-24,87.79893050688467,81.2190729963387,100.95864552797661,11.034999999999998,0.19479166666666536,0.2889042776397517,0.14780549398579707,0.14109878365395462,100.0,100.0,10.29,10.65,1,244514569294.8,244510568227.8,5.59888646,5.49372179,0.5555773,-1.36143106,0.98728345,1.72638328
2025-07-11,000001,11.95,12.64,11.95,12.24,871751483.0,11281222083.0,19405600653.0,0.0449226745715407,2026-07-24,86.33345021344178,82.92386540203972,93.15261983624589,11.245937499999997,0.21093749999999822,0.3686455044624566,0.19197349608112896,0.17667200838132763,100.0,99.99999999999999,10.35,10.76,1,250530403936.18,250526304430.23,5.73663684,5.62888478,0.56924626,-1.39492659,1.01157376,1.76885779
2025-07-18,000001,12.21,12.49,11.85,12.04,779713846.0,9952028414.0,19405600653.0,0.040179835705289296,2026-07-24,81.79805771805208,82.54859617404384,80.29698080606858,11.393958333333332,0.1480208333333355,0.4109653202983381,0.23577186092457078,0.17519345937376732,77.77777777777767,92.30769230769226,10.41,10.88,1,246455161114.6,246451128293.1,5.64332206,5.53732275,0.55998664,-1.37223607,0.99511904,1.74008473
2025-07-25,000001,11.99,12.05,11.68,11.71,745239301.0,9285930775.0,19405600653.0,0.0384033101745184,2026-07-24,73.51351996018288,79.53690410275685,61.46675167503494,11.452395833333332,0.05843750000000014,0.41311371936863495,0.2712402326133836,0.14187348675525135,5.357142857143056,79.61538461538464,10.47,10.98,1,239663089745.3,239659168064.55,5.48779744,5.38471937,0.54455394,-1.33441854,0.9676945,1.69212964
2025-08-01,000001,11.71,11.99,11.52,11.65,666849262.0,8266235206.0,19405600653.0,0.034363752708520504,2026-07-24,66.16587605188663,75.07989475246677,48.337838650726326,11.460624999999997,0.008229166666664511,0.4053027645733547,0.2980527390053778,0.10725002556797686,25.00000000000017,77.3076923076923,10.52,11.08,1,238304675471.44,238300776018.84,5.45669251,5.35419869,0.5414674,-1.32685503,0.96220959,1.68253862
2025-08-08,000001,11.61,11.88,11.58,11.76,440706450.0,5469560203.0,19405600653.0,0.0227102710130163,2026-07-24,62.24529906049781,70.80169618847712,45.13250480453917,11.48333333333333,0.022708333333333997,0.4033391644964439,0.319110024103591,0.0842291403928529,100.0,81.53846153846152,10.58,11.16,1,240633385655.2,240629448097.2,5.51001524,5.40651985,0.54675861,-1.33982104,0.97161229,1.69898037
2025-08-15,000001,11.76,11.78,11.32,11.46,592376663.0,7234240083.0,19405600653.0,0.030526066860415098,2026-07-24,51.828250055926425,64.47721414429355,26.530321879192172,11.470208333333332,-0.013124999999998721,0.37327264974107166,0.3299425492310871,0.04333010050998454,31.818181818181984,70.00000000000001,10.62,11.23,1,234423491831.84,234419655888.24,5.3678213,5.26699676,0.53264871,-1.30524502,0.94653842,1.65513571
2025-08-22,000001,11.44,11.56,11.36,11.44,604233481.0,7295857588.0,19405600653.0,0.0311370666543414,2026-07-24,42.40779303091484,57.12074043983398,12.981898213076562,11.443645833333333,-0.026562499999998934,0.34386700257100955,0.3327274398990716,0.011139562671937941,27.272727272727124,69.2307692307692,10.66,11.28,1,234035373467.88,234031543875.18,5.35893418,5.25827657,0.53176684,-1.30308402,0.94497131,1.65239542
2025-08-29,000001,11.49,11.88,11.35,11.43,974744925.0,11916876947.0,19405600653.0,0.0502300826668462,2026-07-24,31.049639798387656,48.43037355935187,-3.711827723540779,11.4090625,-0.034583333333333854,0.3161119570380997,0.32940434332687724,-0.013292386288777547,78.57142857142784,68.84615384615383,10.7,11.32,1,233841314285.9,233837487868.65,5.37578598,5.25391647,0.53132591,-1.30200351,1.88132614,1.6829412
2025-09-05,000001,11.43,11.43,11.0,11.12,683336875.0,8085143760.0,19405600653.0,0.0352133843841806,2026-07-24,23.138784255835656,39.999843791513136,-10.583334815519308,11.365520833333331,-0.04354166666666792,0.26603479079963144,0.3167304328214281,-0.05069564202179666,27.272727272727124,49.77578475336319,10.72,11.34,1,227437361280.56,227433639653.16,5.22856528,5.11003328,0.51677507,-1.26634699,1.82980435,1.63685236
2025-09-12,000001,11.11,11.27,11.07,11.12,448195533.0,5266187962.0,19405600653.0,0.0230961948055293,2026-07-24,18.110419928946346,32.70336917065754,-11.075478554476035,11.321562499999999,-0.04395833333333243,0.22376880823901324,0.2981381079049451,-0.07436929966593187,27.906976744185883,49.77578475336319,10.74,11.35,1,227437361280.56,227433639653.16,5.22856528,5.11003328,0.51677507,-1.26634699,1.82980435,1.63685236
2025-09-19,000001,11.1,11.12,10.78,10.86,454037561.0,5252098648.0,19405600653.0,0.0233972433587003,2026-07-24,14.173350818772628,26.526696386695903,-10.533340317073922,11.226249999999999,-0.09531250000000036,0.16736362180845354,0.2719832106856468,-0.10461958887719325,23.529411764705912,38.116591928251104,10.75,11.33,1,222197763367.1,222194127476.85,5.10811199,4.99231067,0.50486985,-1.23717346,1.78765015,1.5991433
2025-09-26,000001,10.85,11.02,10.74,10.81,460393070.0,5272504641.0,19405600653.0,0.0237247523656951,2026-07-24,11.315567212515091,21.456319995302298,-8.965938353059322,11.157916666666667,-0.06833333333333158,0.11727564244766242,0.24104169703804992,-0.1237660545903875,18.42105263157907,35.87443946188343,10.75,11.31,1,221227467457.2,221223847444.2,5.08580582,4.97051019,0.50266517,-1.23177096,1.77984382,1.59216014
2025-10-03,000001,10.81,10.89,10.69,10.75,200849190.0,2276681055.0,19405600653.0,0.010350063035485,2026-07-24,9.224383743917636,17.37900791150741,-7.084864591261912,11.072187499999998,-0.08572916666666863,0.07191012423111509,0.20721538247666296,-0.13530525824554787,35.29411764705913,25.870646766169134,10.75,11.27,1,220063112365.32,220059511405.02,5.05903842,4.94434961,0.49123752,-1.22528795,1.77047622,1.58378035
2025-10-10,000001,10.75,10.9,10.69,10.84,213541681.0,2431275196.0,19405600653.0,0.011004126325097001,2026-07-24,10.35126983488067,15.03642855263183,0.9809523993783493,11.028437499999999,-0.04374999999999929,0.04272733788788052,0.17431777355890649,-0.13159043567102596,100.0,22.222222222222232,10.74,11.23,1,221809645003.14,221806015463.79,5.09918952,4.98359048,0.49513623,-1.23501246,1.78452762,1.59635004
2025-10-17,000001,10.74,11.21,10.7,11.04,658489431.0,7537118913.0,19405600653.0,0.033932957952435,2026-07-24,16.704768125214542,15.592541743492736,18.929220888658154,11.040833333333333,0.012395833333334494,0.03533082621853367,0.14652038409083193,-0.11118955787229826,100.0,31.81818181818175,10.74,11.2,1,221227467457.2,221223847444.2,5.08580582,4.97051019,0.49383666,-1.23177096,1.77984382,1.59216014
2025-10-24,000001,11.05,11.34,10.91,11.19,490109579.0,5640331315.0,19405600653.0,0.025256089093239502,2026-07-24,25.14211432437271,18.77573260378606,37.874877765546,11.080625,0.039791666666666003,0.04109901991099818,0.12543611125486517,-0.084337091343867,100.0,35.97560975609754,10.75,11.18,1,224332414368.88,224328743548.68,5.15718555,5.04027173,0.50076771,-1.24905897,1.80482408,1.61450625
2025-10-31,000001,11.17,11.24,10.94,10.96,494123016.0,5648971741.0,19405600653.0,0.025462907581972102,2026-07-24,28.923571711744028,22.15834563977205,42.45402385568798,11.083333333333332,0.0027083333333326465,0.02680231673659428,0.105709352351211,-0.07890703561461672,53.06122448979622,17.419354838709758,10.74,11.16,1,219674994001.36,219671399391.96,5.09473988,4.93562941,0.49037114,-1.22312695,-107.73663266,1.61786254
2025-11-07,000001,10.98,11.27,10.94,11.18,475169597.0,5470801938.0,19405600653.0,0.024486209187579898,2026-07-24,44.410586269367805,29.575759182970632,74.08024044216216,11.11125,0.027916666666667922,0.032845614058794936,0.09113660469272779,-0.05829099063393285,96.4285714285715,31.612903225806452,10.75,11.15,1,224138355186.9,224134687542.15,5.19825491,5.03591164,0.50033452,-1.24797847,-109.92562785,1.65073431
2025-11-14,000001,11.15,11.46,11.09,11.38,515102859.0,6020436674.0,19405600653.0,0.026544030674998102,2026-07-24,59.477187383041745,39.54290191632767,99.34575831646988,11.159895833333334,0.0486458333333335,0.05316049812537749,0.08354138337925773,-0.030380885253880247,100.0,44.51612903225813,10.76,11.14,1,228019538826.5,228015807672.75,5.28826798,5.12311357,0.50899832,-1.26958849,-111.82910193,1.67931845
2025-11-21,000001,11.38,11.61,11.2,11.32,610270514.0,7176019480.0,19405600653.0,0.0314481641105837,2026-07-24,62.47754521188293,47.1877830148461,93.05706960595661,11.2134375,0.05354166666666593,0.06368457540688155,0.0795700217847825,-0.015885446377900944,86.36363636363629,40.64516129032261,10.77,11.15,1,226855183734.62,226851471633.57,5.26126406,5.09695299,0.50639918,-1.26310548,-111.2580597,1.67074321
2025-11-28,000001,11.33,11.47,11.21,11.24,486270596.0,5675502274.0,19405600653.0,0.0250582604834146,2026-07-24,61.57923303980604,51.98493302316607,80.76783307308598,11.231979166666665,0.01854166666666579,0.06482241857151472,0.07662050114212894,-0.011798082570614224,51.72413793103444,35.483870967741964,10.78,11.15,1,225302710278.78,225299023581.33,5.22525883,5.06207222,0.50293366,-1.25446148,-110.49667007,1.65930955
2025-12-05,000001,11.23,11.36,11.04,11.16,452683970.0,5240882044.0,19405600653.0,0.0233274907638591,2026-07-24,58.08180753378377,54.0172245267053,66.2109735479407,11.212499999999999,-0.019479166666666714,0.05859340773387345,0.07301508246047785,-0.014421674726604397,42.85714285714304,34.81481481481487,10.79,11.16,1,223750236822.94,223746575529.09,5.1892536,5.02719144,0.49946814,-1.24581747,-109.73528044,1.64787589
2025-12-12,000001,11.12,11.23,10.93,10.99,475107711.0,5422701668.0,19405600653.0,0.024483020108246198,2026-07-24,49.34391564523316,52.45945489954792,43.112837136603645,11.182916666666666,-0.029583333333333073,0.03948414388405297,0.06630889474519287,-0.026824750861139904,19.354838709677548,28.037383177570153,10.8,11.16,1,220257171547.3,220253567411.55,5.10824184,4.9487097,0.49167071,-1.22636846,-108.02215378,1.62215016
2025-12-19,000001,10.98,11.28,10.97,11.25,373003195.0,4302520135.0,19405600653.0,0.0192214197163914,2026-07-24,49.08641995396497,51.335109917686935,44.58904002652105,11.188541666666666,0.005625000000000213,0.04480327740474621,0.06200777127710354,-0.017204493872357327,100.0,52.33644859813087,10.81,11.16,1,225496769460.76,225493079587.86,5.22975948,5.06643231,0.50336685,-1.25554198,-110.59184378,1.66073876
2025-12-26,000001,11.24,11.25,11.12,11.17,289767353.0,3347589637.0,19405600653.0,0.0149321506806952,2026-07-24,44.48898585166294,49.0530685623456,35.36082043029762,11.178229166666664,-0.010312500000001279,0.04207834466563476,0.05802188595480978,-0.015943541289175023,75.0,44.859813084112176,10.83,11.16,1,223944296004.92,223940631535.62,5.19375426,5.03155154,0.49990133,-1.24689797,-109.83045415,1.6493051
2026-01-02,000001,11.17,11.25,11.04,11.05,182150012.0,2093949610.0,19405600653.0,0.0093864660649831,2026-07-24,35.54167684228515,44.549271322325446,17.526487882204563,11.166041666666665,-0.012187499999999574,0.02989125098495471,0.05239575896083877,-0.02250450797588406,28.57142857142866,46.75324675324683,10.84,11.16,1,221421526639.18,221417903450.73,5.13524576,5.19366516,0.49070548,-1.23285146,-108.593196,1.63072541
2026-01-09,000001,11.06,11.44,11.05,11.09,522985099.0,6044280349.0,19405600653.0,0.026950214443331,2026-07-24,31.53758848309207,40.21204370924765,14.188678030780906,11.141041666666666,-0.02499999999999858,0.023193200369210132,0.046555247242513045,-0.023362046873302914,38.46153846153878,53.33333333333338,10.84,11.15,1,222391822549.08,222388183483.38,5.15774903,5.21642443,0.49285582,-1.238253964684,-109.06906452,1.63787144
2026-01-16,000001,11.09,11.17,10.8,10.83,519594365.0,5914100834.0,19405600653.0,0.0267754847835472,2026-07-24,22.25962688996259,34.22790476948597,-1.6769288690841648,11.082916666666664,-0.0581250000000022,-0.0030596108011788914,0.03663227563377466,-0.03969188643495355,10.344827586206707,18.91891891891899,10.84,11.14,1,217152224635.62,217148671307.07,5.03623138,5.09352437,0.48124403,-1.209080441309,-106.49937451,1.59928285
2026-01-23,000001,10.79,10.85,10.63,10.64,437577122.0,4858324130.0,19405600653.0,0.0225490120004271,2026-07-24,15.23657665680045,27.89746206525746,-10.085194160113574,11.015833333333333,-0.06708333333333094,-0.03874988039847871,0.02155584442732398,-0.06030572482580269,2.173913043478219,1.3333333333333048,10.82,11.11,1,213271040996.02,213267551176.47,4.94621831,5.0024873,0.47264271,-1.187470424972,-104.59590044,1.57069871
2026-01-30,000001,10.63,10.71,10.32,10.48,638385269.0,6958962525.0,19405600653.0,0.0328969600279444,2026-07-24,14.91962253310507,23.571515554539996,-2.3841635097647824,10.908124999999998,-0.10770833333333485,-0.07903428101860221,0.0014378193381387391,-0.08047210035674096,31.372549019607884,15.094339622641515,10.8,11.08,1,210166094084.34,210162655071.99,4.87420785,4.92965764,0.46576165,-1.170182410942,-103.07312118,1.54783139
2026-02-06,000001,10.48,10.79,10.43,10.7,463051733.0,5075309672.0,19405600653.0,0.023861757297804098,2026-07-24,21.255938831593834,22.799656646891275,18.16850320099895,10.855833333333333,-0.05229166666666529,-0.09214560023928442,-0.017278864577345895,-0.07486673566193852,100.0,35.84905660377348,10.79,11.04,1,214435396087.9,214431887215.65,4.97322223,5.02979842,0.4752231,-1.193953429633,-105.16694266,1.57927395
2026-02-13,000001,10.7,10.76,10.55,10.56,288757527.0,3182000164.0,19405600653.0,0.0148801128170879,2026-07-24,21.31348303058638,22.30426544145631,19.331918208846517,10.803854166666666,-0.051979166666667354,-0.11253600019578336,-0.036330291701033385,-0.07620570849474997,63.15789473684233,22.641509433962273,10.77,11.0,1,211718567540.18,211715103124.23,4.91021308,4.96607247,0.46920218,-1.178826417957,-103.83451081,1.55926505
2026-02-27,000001,10.58,10.6,10.44,10.55,299060542.0,3253306510.0,19405600653.0,0.015411042788503599,2026-07-24,21.0542267822957,21.88758588840277,19.387508570081557,10.766874999999997,-0.03697916666666856,-0.12802664403411335,-0.05466956216764938,-0.07335708186646397,44.44444444444488,21.6981132075472,10.76,10.95,1,211524508358.2,211521047117.7,4.90571243,4.96152061,0.46877211,-1.17774591798,-103.73933711,1.55783584
2026-03-06,000001,10.5,10.6,10.33,10.48,414650032.0,4479432892.0,19405600653.0,0.0213675443195257,2026-07-24,18.7980559501019,20.857742575635815,14.678682699034077,10.713125,-0.0537499999999973,-0.1442882408415329,-0.07259329790242608,-0.07169494293910683,65.21739130434786,15.094339622641515,10.74,10.91,1,209972034902.36,209968599065.46,4.8697072,4.92510578,0.46533158,-1.169101910965,-102.97794748,1.54640218
2026-03-13,000001,10.45,10.65,10.39,10.58,394338343.0,4277342706.0,19405600653.0,0.020320852214333898,2026-07-24,20.27013253816317,20.661872563144936,19.486652488199645,10.700833333333332,-0.012291666666667922,-0.14740728972664385,-0.08755609626726964,-0.059851193459374216,100.0,24.52830188679242,10.72,10.87,1,212106685904.14,212103215137.29,4.91921439,4.97517618,0.47006231,-1.180987420311,-104.02485822,1.56212346
2026-03-20,000001,10.58,10.72,10.42,10.43,404163373.0,4422271706.0,19405600653.0,0.0208271508945801,2026-07-24,17.827147182304838,19.716964102864903,14.047513341184704,10.667708333333332,-0.03312500000000007,-0.16013694580783877,-0.10207226617538347,-0.058064679632455304,39.99999999999986,10.37735849056598,10.71,10.83,1,209001738992.46,208998319032.81,4.84720393,4.90234652,0.46318125,-1.163699406281,-102.50207896,1.53925615
2026-03-27,000001,10.34,10.7,10.1,10.67,565891222.0,6102835647.0,19405600653.0,0.02916123196179,2026-07-24,37.21809812153657,25.55067544242213,60.55294347976545,10.671041666666666,0.0033333333333338544,-0.14914010147478152,-0.11148583323526308,-0.03765426823951844,100.0,44.531249999999986,10.71,10.8,1,213853218541.96,213849719196.06,5.01614286,5.01614286,0.4739329,-1.20425766118,0.67705494,1.62697782
2026-04-03,000001,10.63,10.96,10.59,10.77,462266538.0,5154463169.0,19405600653.0,0.0238212950099295,2026-07-24,50.7810576624197,33.96080284908799,84.42156728908311,10.6890625,0.018020833333334707,-0.13084752997196247,-0.11535817258260296,-0.015489357389359512,100.00000000000001,52.34374999999995,10.7,10.77,1,215793810361.76,215790279261.36,5.0616614,5.0616614,0.46498969,-1.21518558968,0.68319881,1.64174168
2026-04-10,000001,10.77,10.86,10.62,10.74,250434296.0,2780959336.0,19405600653.0,0.0129052586662027,2026-07-24,58.66023999200072,42.19394856339223,91.59282284921768,10.712395833333332,0.02333333333333165,-0.11741776563246553,-0.11577009119257547,-0.0016476744398900567,95.52238805970158,50.0,10.7,10.76,1,215211632815.82,215208111241.77,5.04800584,5.04800584,0.46373522,-1.21190721161,0.68135565,1.63731252
2026-04-17,000001,10.7,10.87,10.64,10.66,280963817.0,3120515324.0,19405600653.0,0.0144784911337727,2026-07-24,60.81225301792295,48.400050048235805,85.63665895729723,10.709999999999999,-0.0023958333333329307,-0.11193954268120798,-0.11500398149030197,0.003064438809093989,38.888888888889106,45.901639344262314,10.7,10.74,1,213659159359.98,213655663189.53,5.01159101,5.01159101,0.46038997,-1.20316486929,0.67644055,1.62550143
2026-04-24,000001,10.66,10.8,10.57,10.65,350681072.0,3866498458.0,19405600653.0,0.0180711269014897,2026-07-24,61.85933146931297,52.88647718859486,79.8050400307492,10.699895833333333,-0.010104166666666359,-0.10716954415607738,-0.11343709402345706,0.006267549867379679,47.058823529411825,47.826086956521785,10.69,10.73,1,213465100178.0,213461607183.0,5.00703915,5.00703915,0.45997182,-1.202072074999,0.67582616,1.62402505
2026-05-01,000001,10.97,11.23,10.93,11.12,759319956.0,8696164219.0,19405600653.0,0.0391289076580379,2026-07-24,71.32804988809652,59.03366808842875,95.91681348743204,10.773020833333332,0.07312499999999922,-0.06471818298503784,-0.10369331181577321,0.03897512883073537,100.0,88.69565217391298,10.71,10.73,1,222974000095.02,222970351502.97,5.17821644,5.23007999,0.48046147,-1.243167707372,1.16915381,1.6763702
2026-05-08,000001,11.13,11.13,10.94,10.94,295216547.0,3349223995.0,19405600653.0,0.0152129559027259,2026-07-24,72.3307943206779,63.46604349917846,90.06029596367675,10.808020833333332,0.03500000000000014,-0.04508001474009227,-0.09197065240063702,0.04689063766054476,67.27272727272727,73.04347826086953,10.72,10.74,1,219286875637.4,219283287378.9,5.09258884,5.14359477,0.4725165,-1.222610539008,1.14982055,1.64864954
2026-05-15,000001,10.93,11.0,10.61,10.64,474798772.0,5299010506.0,19405600653.0,0.0244671000135517,2026-07-24,64.14973308694162,63.69394002843285,65.06131920395916,10.796354166666667,-0.011666666666664938,-0.053111877058267254,-0.08419889733216307,0.031087020273895816,5.882352941176696,46.9565217391305,10.72,10.75,1,213271040996.02,213267551176.47,4.95288065,5.0024873,0.45955366,-1.189069895763,1.1182768,1.6034211
2026-05-22,000001,10.61,10.62,10.31,10.34,446188665.0,4816539831.0,19405600653.0,0.0229927778572015,2026-07-24,49.84613474232686,59.078004933064186,31.382394360852217,10.700937499999998,-0.0954166666666687,-0.08273100705617331,-0.08390531927696512,0.0011743122207918122,4.761904761904668,22.429906542056088,10.72,10.74,1,207255206354.64,207251814974.04,4.81317247,4.86137983,0.44659082,-1.155529254918,1.08673305,1.55819266
2026-05-29,000001,10.34,10.58,10.28,10.58,464025590.0,4995592413.0,19405600653.0,0.0239119416243505,2026-07-24,43.757072284358266,53.971027383495546,23.329162086083713,10.663645833333332,-0.0372916666666665,-0.08584877549263936,-0.08429401052009997,-0.0015547649725393964,83.33333333333326,47.058823529411825,10.72,10.72,0,212106685904.14,212103215137.29,4.92584036,4.97517618,0.45704472,-1.182578159522,1.11217155,1.59466721
2026-06-05,000001,10.55,10.75,10.43,10.63,453807000.0,4973111515.0,19405600653.0,0.0233853622010839,2026-07-24,41.452083277291514,49.79804601476087,24.760157802352808,10.659270833333332,-0.004374999999999574,-0.08332453394864281,-0.08410011520580854,0.0007755812571657306,100.0,51.960784313725625,10.72,10.71,0,213076981814.04,213073495169.94,4.94837394,4.99793544,0.4591355,-1.187987940923,1.11725926,1.60196212
2026-06-12,000001,10.62,11.25,10.61,11.24,697235287.0,7790302374.0,19405600653.0,0.0359295906098226,2026-07-24,60.62441290651051,53.406834978677416,75.05956876217668,10.756041666666667,0.09677083333333414,-0.03173631582786385,-0.07362735533021961,0.04189103950235576,100.0,100.0,10.74,10.72,0,218122520545.52,218118951339.72,5.06554855,5.11628364,0.47000756,-1.216118802768,1.1437153,1.63989565
2026-06-19,000001,11.21,11.21,10.52,10.52,487673418.0,5303689997.0,19405600653.0,0.025130550026268,2026-07-24,48.66369795141938,51.82578930292474,42.33951524840866,10.723645833333332,-0.03239583333333407,-0.048392426236622654,-0.06858036951150022,0.020187943274877565,11.111111111111088,36.84210526315787,10.74,10.72,0,204150259442.96,204146918869.56,4.74106501,4.78855017,0.43990032,-1.138217953474,1.0704524,1.53484895
2026-06-26,000001,10.52,10.91,10.19,10.23,590224262.0,6221143831.0,19405600653.0,0.0304151503761235,2026-07-24,33.700326936166405,45.783968514005295,9.533043780488626,10.6534375,-0.07020833333333165,-0.08402450788181426,-0.07166919718556303,-0.012355310696251232,3.809523809523895,11.403508771929888,10.73,10.7,0,198522543165.54,198519294680.19,4.61037025,4.65654641,0.42777379,-1.106841222309,1.04094373,1.49253848
2026-07-03,000001,10.22,10.4,9.99,10.29,501045772.0,5100882741.0,19405600653.0,0.0258196476862228,2026-07-24,30.403392560618844,40.657109862876474,9.895957956103587,10.554479166666667,-0.09895833333333393,-0.10619751192996318,-0.07857486013444306,-0.02762265179552012,56.603773584905525,23.999999999999915,10.72,10.68,0,199686898257.42,199683630719.37,4.63741055,4.68385753,0.43028273,-1.11333296095,1.04704898,1.50129237
2026-07-10,000001,10.25,10.63,10.22,10.45,452154136.0,4732098270.0,19405600653.0,0.0233001876151715,2026-07-24,32.43824054305804,37.91748675627033,21.479748116633473,10.534895833333334,-0.019583333333333286,-0.10959576282888506,-0.08477904067333146,-0.024816722155553597,100.0,36.799999999999926,10.71,10.66,0,202791845169.1,202788526823.85,4.709518,4.75668719,0.43697322,-1.130644259993,1.06332962,1.52463608
2026-07-17,000001,10.42,10.93,10.38,10.78,497614838.0,5325378587.0,19405600653.0,0.0256428464595384,2026-07-24,42.524964594842906,39.45331270246118,48.668268379606346,10.591145833333332,0.05624999999999858,-0.084684469227426,-0.08476012638415037,7.565715672436246e-05,100.0,63.19999999999993,10.71,10.64,0,209195798174.44,209192375039.34,4.85823962,4.90689837,0.45077238,-1.166348815319,1.09690845,1.57278248
2026-07-24,000001,10.75,11.18,10.74,11.1,658857635.0,7239108868.0,19405600653.0,0.0339519320623626,2026-07-24,57.71505576164129,45.54056038885455,82.06404650721477,10.658854166666666,0.06770833333333393,-0.03867494325218068,-0.07554308975775643,0.03686814650557575,100.0,88.79999999999995,10.72,10.65,0,215405691997.8,215402167248.3,5.00245453,5.05255769,0.46415338,-1.200971415805,1.12946974,1.6194699
