date,symbol,open,high,low,close,volume,K,D,J,BBI,BBI_DIF,DIF,DEA,MACD,short_term_fund,long_term_fund,Short_LS,Short_Trend,Brick_High,Brick_Low,market_cap,float_market_cap,pe_ttm,pb
2020-01-02,00001,53.1826,53.6823,53.0398,53.1826,2294978.0,88.50674653012604,88.50674653012604,88.50674653012601,52.861333333333334,0.0,-0.8067029751877968,-1.0177455847541832,0.21104260956638643,26.92597780411556,3.5217519976324287,40.02,52.98,0.0,0.0,,,,
2020-01-03,00001,53.5395,53.718,52.7186,52.897,2836418.0,88.50674653012604,88.50674653012604,88.50674653012601,52.861333333333334,0.0,-0.8067029751877968,-1.0177455847541832,0.21104260956638643,26.92597780411556,3.5217519976324287,40.02,52.98,0.0,0.0,,,,
2020-01-06,00001,52.4687,53.2896,52.2545,52.5044,3232362.0,88.50674653012604,88.50674653012604,88.50674653012601,52.861333333333334,0.0,-0.8067029751877968,-1.0177455847541832,0.21104260956638643,26.92597780411556,3.5217519976324287,40.02,52.98,0.0,0.0,,,,
2020-01-07,00001,52.8613,53.0398,51.969,52.1475,4152215.0,88.50674653012604,88.50674653012604,88.50674653012601,52.5163,-0.3450333333333333,-0.8067029751877968,-1.0177455847541832,0.21104260956638643,19.23491379310347,3.5217519976324287,40.02,52.98,6.41166380789015,0.0,,,,
2020-01-08,00001,51.1838,51.7192,50.8625,51.505,4943850.0,88.50674653012604,88.50674653012604,88.50674653012601,52.0523,-0.46399999999999864,-0.8067029751877968,-1.0177455847541832,0.21104260956638643,39.13149400085301,3.5217519976324287,40.02,52.98,9.826832098935228,6.41166380789015,,,,
2020-01-09,00001,52.2189,52.5044,52.0047,52.4687,3889068.0,88.50674653012604,88.50674653012604,88.50674653012601,52.24563333333334,0.19333333333333513,-0.8067029751877968,-1.0177455847541832,0.21104260956638643,100.0,3.5217519976324287,40.02,52.98,24.833850197717197,9.826832098935228,,,,
2020-01-10,00001,52.7543,53.254,52.5758,52.8613,4162726.0,88.50674653012604,88.50674653012604,88.50674653012601,52.337825,0.09219166666666467,-0.8067029751877968,-1.0177455847541832,0.21104260956638643,100.0,3.5217519976324287,40.02,52.98,42.319642657880465,24.833850197717197,,,,
2020-01-13,00001,53.1826,53.7537,52.897,53.4681,6417244.0,88.50674653012604,88.50674653012604,88.50674653012601,52.712599999999995,0.37477499999999253,-0.8067029751877968,-1.0177455847541832,0.21104260956638643,100.0,3.5217519976324287,40.02,52.98,58.962395005635614,42.319642657880465,,,,
2020-01-14,00001,53.9678,53.9678,53.361,53.6109,6117313.0,88.50674653012604,88.50674653012604,88.50674653012601,52.995175,0.28257500000000846,-0.8067029751877968,-1.0177455847541832,0.21104260956638643,100.0,3.5217519976324287,40.02,52.98,70.85103154303287,58.962395005635614,,,,
2020-01-15,00001,53.718,53.718,52.9327,53.5395,5126656.0,87.74031494541599,88.25126933522269,86.71840616580258,53.22420833333334,0.22903333333333364,-0.8067029751877968,-1.0177455847541832,0.21104260956638643,89.998599243591,3.5217519976324287,40.02,52.98,77.5994804772244,70.85103154303287,,,,
2020-01-16,00001,53.6466,53.718,53.0755,53.5395,11143197.0,87.22936055560928,87.91063307535156,85.86681551612472,53.40565000000001,0.1814416666666716,-0.8067029751877968,-1.0177455847541832,0.21104260956638643,89.47213211441998,3.5217519976324287,40.02,52.98,80.96181049476385,77.5994804772244,,,,
2020-01-17,00001,53.8607,54.0392,53.4324,53.7537,3601304.0,88.49046907734527,88.1039117426828,89.26358374667021,53.34319444444444,-0.06245555555556592,-0.8067029751877968,-1.0177455847541832,0.21104260956638643,100.0,3.5217519976324287,40.02,52.98,87.95322997343756,80.96181049476385,,,,
2020-01-20,00001,54.2534,54.2534,53.6109,53.7537,4426256.0,87.41481250688021,87.87421199741527,86.4960135258101,53.43243611111111,0.08924166666666622,-0.8067029751877968,-1.0177455847541832,0.21104260956638643,100.0,3.5217519976324287,40.02,52.98,90.67024953488763,87.95322997343756,,,,
2020-01-21,00001,53.1826,53.7537,52.5758,52.9684,6259527.0,72.56183243184113,82.77008547555722,52.145326344408915,53.343202777777776,-0.08923333333333261,-0.8067029751877968,-1.0177455847541832,0.21104260956638643,33.330503438322545,3.5217519976324287,40.02,52.98,82.3555083909443,90.67024953488763,,,,
2020-01-22,00001,53.6109,53.6823,52.5401,53.2183,5551781.0,61.56936419209452,75.70317838106966,33.30173581414422,53.28173333333333,-0.06146944444444813,-0.8067029751877968,-1.0177455847541832,0.21104260956638643,55.88332234673674,3.5217519976324287,40.02,52.98,79.98375195867104,82.3555083909443,,,,
2020-01-23,00001,53.0755,53.1826,52.5758,52.9327,4057309.0,48.684523695136214,66.69696015242518,12.65965078055828,53.1786111111111,-0.10312222222222545,-0.8067029751877968,-1.0177455847541832,0.21104260956638643,57.88852845768156,3.5217519976324287,40.02,52.98,73.39520001908606,79.98375195867104,,,,
2020-01-24,00001,53.254,53.254,52.7899,53.0755,1854541.0,42.87289419906096,58.755604834637104,11.10747292790866,53.20835833333333,0.02974722222222681,-0.8067029751877968,-1.0177455847541832,0.21104260956638643,78.94426422884078,3.5217519976324287,40.02,52.98,73.74572844655268,73.39520001908606,,,,
2020-01-29,00001,51.5407,51.7548,51.1124,51.3265,7187376.0,30.854029646450297,49.45507977190817,-6.348070604465448,52.83158611111111,-0.37677222222222184,-0.8067029751877968,-1.0177455847541832,0.21104260956638643,10.906219754470087,3.5217519976324287,40.02,52.98,64.05834586772005,73.74572844655268,,,,
2020-01-30,00001,51.3979,51.5407,49.6847,49.8988,7286027.0,22.131431296391764,40.347196946736034,-14.30010000429678,52.19803333333334,-0.6335527777777656,-0.8067029751877968,-1.0177455847541832,0.21104260956638643,6.314144154771795,3.5217519976324287,40.02,52.98,55.22316210158898,64.05834586772005,,,,
2020-01-31,00001,50.0416,50.3271,49.292,49.4705,5833460.0,15.953545804802152,32.21597989942474,-16.57132238444302,51.492105555555554,-0.7059277777777879,-0.8067029751877968,-1.0177455847541832,0.21104260956638643,8.773654460555397,3.5217519976324287,40.02,52.75,47.28364010881256,55.22316210158898,,,,
2020-02-03,00001,49.0065,49.8988,48.6852,48.8637,6240002.0,11.704265142571428,25.378741647140302,-15.644687866566322,50.84467222222222,-0.647433333333332,-0.8067029751877968,-1.0177455847541832,0.21104260956638643,14.70830586684243,3.5217519976324287,40.02,52.48,40.84254416379967,47.28364010881256,,,,
2020-02-04,00001,49.1493,49.3634,48.8994,48.8994,5403104.0,9.211544227433913,19.989675840571504,-12.344718998841266,50.3806638888889,-0.46400833333332514,-0.8067029751877968,-1.0177455847541832,0.21104260956638643,27.276200178275605,4.226102397158886,40.02,52.17,35.74901160146548,40.84254416379967,,,,
2020-02-05,00001,49.4705,49.4705,48.6852,49.0779,4596057.0,8.760548806162229,16.24663349576841,-6.2116205730501335,49.99101944444445,-0.3896444444444498,-0.8067029751877968,-1.0177455847541832,0.21104260956638643,100.0,7.747854394791315,40.02,51.87,35.87852571197868,35.74901160146548,,,,
2020-02-06,00001,49.2563,50.3271,49.2563,50.1487,6292835.0,16.517859596333665,16.33704219595683,16.879494397087335,50.48775520833333,0.49673576388888563,-0.8067029751877968,-1.0177455847541832,0.21104260956638643,100.0,28.874420439972305,40.02,51.61,53.96744381723495,35.87852571197868,,,,
2020-02-07,00001,50.1487,50.3985,49.9702,50.1844,5258996.0,21.94986238891745,18.207982260277035,29.433622646198273,50.501146875,0.013391666666670687,-0.8067029751877968,-1.0177455847541832,0.21104260956638643,100.0,29.578770839498763,40.02,51.39,68.64211376575813,53.96744381723495,,,,
2020-02-10,00001,49.6133,50.3271,49.6133,49.9345,3401742.0,28.19961288963185,21.538525803395306,41.52178706210494,50.49779791666667,-0.003348958333333485,-0.8067029751877968,-1.0177455847541832,0.21104260956638643,73.07402219588424,24.64831804281342,40.02,51.19,76.98475592763984,68.64211376575813,,,,
2020-02-11,00001,49.756,50.5413,49.756,50.113,3235246.0,35.46699226203086,26.18134795627382,54.03828087354493,50.45727291666667,-0.040525000000002365,-0.8067029751877968,-1.0177455847541832,0.21104260956638643,87.49781124146423,28.170070040445847,40.02,51.02,82.39586232703488,76.98475592763984,,,,
2020-02-12,00001,50.6127,50.7198,49.8631,50.5413,5000457.0,54.0535870953596,35.47209433596908,91.21657261414065,50.488875,0.03160208333333259,-0.8067029751877968,-1.0177455847541832,0.21104260956638643,100.0,36.6203018644569,40.02,50.89,91.87284486962506,82.39586232703488,,,,
2020-02-13,00001,50.6841,51.041,50.1844,50.3271,3355267.0,59.26774782218306,43.40397883137374,90.9952858038017,50.50411354166666,0.015238541666661831,-0.8067029751877968,-1.0177455847541832,0.21104260956638643,72.7237998217244,32.39419946729801,40.02,50.79,90.5810374124013,91.87284486962506,,,,
2020-02-14,00001,50.3628,50.7554,50.1844,50.577,2793060.0,66.27980878951209,51.02925548408653,96.78091540036321,50.52530625,0.021192708333337862,-0.8067029751877968,-1.0177455847541832,0.21104260956638643,100.0,37.32465226398335,40.02,50.71,93.51429235361086,90.5810374124013,,,,
2020-02-17,00001,50.9696,51.2908,50.3985,50.9696,2667249.0,73.4107741740745,58.48976171408251,103.25279909405849,50.59631770833333,0.07101145833333078,-0.8067029751877968,-1.0177455847541832,0.21104260956638643,100.0,45.07053368846795,40.02,50.67,99.87231905674982,93.51429235361086,,,,
2020-02-18,00001,50.3271,50.6127,50.113,50.1844,2087473.0,64.14654544348468,60.375356290549895,71.68892374935426,50.57550625,-0.020811458333334087,-0.8067029751877968,-1.0177455847541832,0.21104260956638643,8.335279010039342,29.578770839498763,40.02,50.63,85.47404042783452,99.87231905674982,,,,
2020-02-19,00001,50.0059,50.0773,49.6847,50.0059,4076532.0,50.565655233559994,57.105455938219926,37.48605382424013,50.509695833333325,-0.06581041666667176,-0.8067029751877968,-1.0177455847541832,0.21104260956638643,24.998054323293438,26.05701884186633,40.02,50.57,77.33250224705135,85.47404042783452,,,,
2020-02-20,00001,50.5413,50.5413,49.6847,49.9345,2293526.0,40.092950483575486,51.43462078667178,17.40960987738289,50.38216666666666,-0.1275291666666618,-0.8067029751877968,-1.0177455847541832,0.21104260956638643,49.98999399639822,27.559506739317438,40.02,50.52,69.2303036325765,77.33250224705135,,,,
2020-02-21,00001,49.9702,49.9702,49.3991,49.5419,3245677.0,29.24488887588934,44.03804348307764,-0.3414203384872536,50.26393333333333,-0.11823333333333608,-0.8120999311779045,-0.9766164540389275,0.16451652286102303,23.53328938694812,18.898766848293594,40.02,50.45,61.29431186473218,69.2303036325765,,,,
2020-02-24,00001,49.3277,49.4705,49.0779,49.0779,3727285.0,19.496592583926226,35.857559850027165,-13.225341948275656,50.053122916666666,-0.21081041666666067,-0.8440878604444748,-0.950110735320037,0.10602287487556217,0.0,8.944719039701118,40.02,50.36,51.24586562461916,61.29431186473218,,,,
2020-02-25,00001,48.828,49.0779,48.6139,48.8637,3732077.0,16.108291602951713,29.274470434335345,-10.224066059815549,49.79769166666666,-0.255431250000008,-0.8766175729986898,-0.9354121028557676,0.05879452985707778,26.918103448275993,5.598888291195998,40.02,50.25,46.263968055701326,51.24586562461916,,,,
2020-02-26,00001,48.5425,48.8994,48.2569,48.7566,4077821.0,16.229044221232318,24.92599502996767,-1.1648573962383821,49.60434583333333,-0.1933458333333249,-0.900657460920101,-0.9284611744686343,0.027803713548533282,60.864799025578364,16.278994005733548,40.02,50.12,46.418195100295634,46.263968055701326,,,,
2020-02-27,00001,48.2926,49.4705,48.2926,49.1136,4910456.0,20.231890144214074,23.361293401383136,13.973083629875944,49.506563541666665,-0.09778229166666819,-0.8807495957768197,-0.9189188587302713,0.03816926295345169,100.0,31.58108157923829,40.02,50.01,57.91169080207922,46.418195100295634,,,,
2020-02-28,00001,48.1855,48.5068,47.9,48.4354,7898920.0,20.066857962966704,22.263148255244328,15.674277378411453,49.31768958333333,-0.18887395833333187,-0.9092166576072742,-0.916978418505672,0.0077617608983977515,44.11667765326326,17.44201198853279,40.02,49.88,57.34367622886069,57.91169080207922,,,,
2020-03-02,00001,47.8286,48.364,47.6145,47.6858,6143809.0,14.189941206781237,19.572079239089962,3.425665142163787,49.03994895833333,-0.27774062499999985,-0.9809556187837529,-0.9297738585612881,-0.05118176022246479,4.756187045560728,2.125122947155101,40.02,49.72,48.46117114126125,57.34367622886069,,,,
2020-03-03,00001,47.8643,48.2569,47.6858,47.7572,4279217.0,11.08517150107221,16.743109993084044,-0.23070548295145699,48.77596041666667,-0.26398854166666297,-1.020286649690874,-0.9478764167872054,-0.07241023290366866,17.38335972712846,4.253226431402874,40.02,49.55,42.051624983730704,48.46117114126125,,,,
2020-03-04,00001,47.8286,48.2926,47.5074,48.0785,4622504.0,15.119798704141814,16.2020062301033,12.955383652218842,48.63430937500001,-0.14165104166666254,-1.0138435924278895,-0.9610698519153422,-0.05277374051254724,100.0,16.49529201086017,40.02,49.38,50.340584983236454,42.051624983730704,,,,
2020-03-05,00001,47.6502,48.4711,47.6502,48.3997,6298157.0,25.2310722279731,19.2116948960599,37.269826891799504,48.63059479166667,-0.0037145833333411815,-0.9716190479349223,-0.9631796911192583,-0.00843935681566399,100.0,25.772630119577297,40.02,49.24,67.08627091837343,50.340584983236454,,,,
2020-03-06,00001,47.9,48.2212,47.2932,47.5431,7977260.0,20.646554160953475,19.689981317691092,22.559699847478242,48.48225104166667,-0.1483437499999951,-0.9957973216463003,-0.9697032172246667,-0.026094104421633624,22.584726615454393,6.797410510281899,40.02,49.09,61.3509024572933,67.08627091837343,,,,
2020-03-09,00001,46.3295,46.4009,45.3658,45.687,10854418.0,16.37276144654755,18.584241360643244,11.949801618356162,48.046490625000004,-0.43576041666666754,-1.1514572532247698,-1.0060540244246874,-0.14540322880008238,10.587033191601476,5.73182483314889,40.02,48.88,53.60716774756547,61.3509024572933,,,,
2020-03-10,00001,45.687,46.3652,45.3301,45.4015,7270517.0,11.489997986230852,16.219493569172446,2.031006820347663,47.57690729166667,-0.4695833333333326,-1.2830659488691651,-1.061456409313583,-0.22160953955558216,3.226389516493312,1.2660696870289396,40.02,48.62,44.89016911181403,53.60716774756547,,,,
2020-03-11,00001,45.1873,45.4729,44.0095,44.0809,17835104.0,8.189205070223744,13.542730736189545,-2.517846261707856,46.96790104166667,-0.6090062500000002,-1.4769033491732415,-1.1445457972855146,-0.33235755188772687,4.256333830104158,1.0258473297797022,40.02,48.3,37.37695588064071,44.89016911181403,,,,
2020-03-12,00001,42.8316,43.2599,41.7608,41.7965,14052055.0,5.636809361004457,10.907423611127848,-4.904419139242325,46.14733541666667,-0.8205656250000004,-1.7941707898767447,-1.2744707958037607,-0.5196999940729841,0.980580657565813,0.38767266093300456,40.02,47.87,30.731059941408702,37.37695588064071,,,,
2020-03-13,00001,39.4765,40.226,38.2272,39.5835,29408740.0,8.17123110099301,9.995359441082902,4.522974420813224,44.99623125,-1.15110416666667,-2.1988313683210663,-1.4593429103072217,-0.7394884580138446,23.16996087944374,10.643991712707164,40.02,47.3,29.459619284379144,30.731059941408702,,,,
2020-03-16,00001,36.621,38.834,36.621,37.8703,16043730.0,8.961663089756046,9.650793990640617,7.583401287986906,43.713884375,-1.2823468750000018,-2.627480751793719,-1.6929704786045212,-0.9345102731891979,24.13873055743403,8.706772786195158,40.02,46.62,27.57164507184646,29.459619284379144,,,,
2020-03-17,00001,37.6204,38.5127,37.1921,38.1558,11062595.0,10.291705205296045,9.864431062192425,11.146253491503284,42.753518750000005,-0.9603656249999943,-2.9105994339812042,-1.9364962696798578,-0.9741031643013465,51.80759493670879,11.315746789153145,40.02,45.88,28.398022222596623,27.57164507184646,,,,
2020-03-18,00001,37.1921,37.5847,35.6216,35.6216,16529618.0,6.861136803530697,8.863332975971849,2.856744458648393,41.61134479166667,-1.1421739583333377,-3.3014052455642044,-2.209478064856727,-1.0919271807074775,0.0,0.0,40.02,45.04,22.59933535736795,28.398022222596623,,,,
2020-03-19,00001,35.693,36.3355,32.1594,32.5163,28597813.0,5.409443283712277,7.712036411885325,0.8042570273661802,40.17766875,-1.433676041666665,-3.8176855224960207,-2.531119556384586,-1.2865659661114348,5.951904476018995,2.0078649346558,40.02,44.07,19.1586009056399,22.59933535736795,,,,
2020-03-20,00001,33.016,35.5145,33.016,35.4075,25232496.0,11.227830388515484,8.883967737428712,15.915555690689025,39.25635104166667,-0.9213177083333335,-3.9480351922004857,-2.814502683547766,-1.1335325086527197,93.81607070648714,18.686034805120094,40.02,43.13,28.912123283988706,19.1586009056399,,,,
2020-03-23,00001,33.2302,33.9797,32.6948,32.8019,15469707.0,9.093863115259005,8.953932863372144,9.373723619032727,38.23278749999999,-1.0235635416666753,-4.213023278809956,-3.094206802600204,-1.1188164762097523,19.780794926264747,3.7896214507320036,40.02,42.16,26.142327536684505,28.912123283988706,,,,
2020-03-24,00001,33.6228,34.5151,33.2302,33.7299,15296458.0,10.778579193786028,9.562148306843438,13.211440967671205,37.70408749999999,-0.5287000000000006,-4.298594876252594,-3.3350844173306817,-0.9635104589219119,38.157555203303005,9.263191421594664,40.02,41.23,30.981474932715486,26.142327536684505,,,,
2020-03-25,00001,34.7293,35.693,34.7293,35.693,16640222.0,21.787493030900617,13.637263214862498,38.087952662976846,37.26870520833333,-0.435382291666663,-4.1600507446050585,-3.500077682785557,-0.6599730618195014,100.0,20.842033242500385,40.02,40.43,52.38156479831031,30.981474932715486,,,,
2020-03-26,00001,36.8709,36.8709,35.3004,35.8001,12067696.0,32.70685893627076,19.993795121998588,58.13298656481511,37.18281979166666,-0.08588541666667027,-3.9955531970794382,-3.5991727856443334,-0.39638041143510483,99.99999999999999,21.47373512168078,40.02,39.74,63.2998031120747,52.38156479831031,,,,
2020-03-27,00001,37.442,38.1558,36.8352,37.7632,18221966.0,51.20556633348641,30.3977188591612,92.82126128213682,37.48806875,0.3052489583333369,-3.664539412584098,-3.6122461110322863,-0.052293301551811666,99.99999999999999,34.42983534037847,40.02,39.21,77.55327922567427,63.2998031120747,,,,
2020-03-30,00001,37.7632,37.7989,36.4426,36.7281,15936885.0,59.53394903187666,40.10979558339969,98.3822559288306,37.39734791666666,-0.0907208333333358,-3.4460090753004664,-3.5789987038859223,0.13298962858545593,57.97060256618474,28.131869485169602,40.02,38.78,80.37274979952286,77.55327922567427,,,,
2020-03-31,00001,36.8709,37.3349,36.7281,37.3349,10923688.0,68.4593391562432,49.559643441014195,106.25873058670122,37.54830104166666,0.1509531250000009,-3.187119391385366,-3.500622841385811,0.3135034500004452,67.56777222474629,31.868253665264792,40.02,38.44,86.55584804193461,80.37274979952286,,,,
2020-04-01,00001,37.4776,38.0487,36.7638,37.1564,10568769.0,72.87266692696625,57.330651269664884,103.95669824156897,37.501078125,-0.04722291666666223,-2.962204460780825,-3.392939165264814,0.4307347044839891,79.99551720273452,30.769136038127364,40.02,38.17,83.71999093843729,86.55584804193461,,,,
2020-04-02,00001,36.5496,37.5847,36.5496,37.442,7648777.0,77.55815590406674,64.0731528144655,104.52816208326922,37.504059375,0.002981249999997715,-2.729448837534754,-3.260241099718802,0.5307922621840477,100.0,32.52772424154727,40.02,37.96,87.21029813560384,83.71999093843729,,,,
2020-04-03,00001,37.2635,37.6918,36.9423,37.4776,7014328.0,80.44914361987321,69.53181641626807,102.28379802708349,37.518178125,0.014118750000001512,-2.5131457271563775,-3.110822025206317,0.5976762980499393,100.0,34.57035693623772,40.02,37.81,90.15870489945954,87.21029813560384,,,,
2020-04-06,00001,38.013,39.9762,37.8346,39.8334,11769045.0,86.058893398529,75.04084207702171,108.09499604154357,37.897419791666664,0.37924166666666537,-2.1271105754108532,-2.914079735247224,0.7869691598363708,100.0,56.72846624678435,40.02,37.77,102.15514574757871,90.15870489945954,,,,
2020-04-07,00001,40.9042,41.2254,39.9762,41.1183,13594770.0,90.10339728678304,80.06169381360881,110.18680423313148,38.43317604166667,0.5357562500000057,-1.6979216607907333,-2.670848120355926,0.9729264595651927,100.0,67.65467712825004,40.02,37.86,112.85309868735341,102.15514574757871,,,,
2020-04-08,00001,40.8328,40.8685,39.9405,40.2617,8754282.0,86.68583654529088,82.26974139083616,95.51802685420031,38.85777604166667,0.4245999999999981,-1.4106457685864697,-2.4188076500020346,1.0081618814155648,73.91357310351124,67.96376294929328,40.02,38.0,116.37122041316331,112.85309868735341,,,,
2020-04-09,00001,40.4759,41.2611,40.4759,41.2611,7806942.0,91.12389103019393,85.22112460395542,102.92942388267096,39.239242708333336,0.3814666666666682,-1.0897721120892712,-2.153000542419482,1.0632284303302106,100.0,94.44438679685794,40.02,38.2,125.73745660669752,116.37122041316331,,,,
2020-04-14,00001,40.9042,41.5823,40.8328,41.3682,10388354.0,92.664534794134,87.70226133401495,102.5890817143721,39.49690520833333,0.257662499999995,-0.8174127275163698,-1.8858829794388594,1.0684702519224896,100.0,100.0,40.02,38.44,130.1288299752906,125.73745660669752,,,,
2020-04-15,00001,41.6894,41.975,40.69,41.0113,8199271.0,89.18877466141907,88.197765776483,91.17079243129123,39.76944479166667,0.27253958333334083,-0.6231811558137679,-1.633342614713841,1.0101614589000731,60.00224139863234,96.1243593084875,40.02,38.68,124.43768038705824,130.1288299752906,,,,
2020-04-16,00001,40.4045,40.7614,39.9762,40.6186,8591713.0,84.45887591060114,86.95146915452237,79.47368942275867,39.77204166666667,0.002596874999994725,-0.49523013917140446,-1.4057201196053537,0.9104899804339492,46.14942528735637,91.8599600382243,40.02,38.91,114.08531090129446,124.43768038705824,,,,
2020-04-17,00001,41.2611,41.6894,40.9756,41.4753,8356053.0,86.32956263308391,86.74416698070955,85.50035393783261,39.891395833333334,0.11935416666666754,-0.3209992271106117,-1.1887759411064054,0.8677767139957937,100.0,100.0,40.02,39.15,117.33213525663999,114.08531090129446,,,,
2020-04-20,00001,41.7251,41.7251,40.69,40.7971,7079352.0,81.40339437832425,84.96390944658111,74.28236424181051,39.980624999999996,0.08922916666666225,-0.23493684042924912,-0.9980081209709741,0.763071280541725,54.75952238009489,92.71997337884694,40.02,39.36,110.60965143495869,117.33213525663999,,,,
2020-04-21,00001,40.7971,40.9756,39.4765,39.6906,10971459.0,57.125310080513174,75.68437632455847,20.00717759242258,39.90961145833334,-0.07101354166665885,-0.253099507953209,-0.8490263983674211,0.5959268904142121,10.711426856113789,79.6742782301692,40.02,39.51,96.18077023558902,110.60965143495869,,,,
2020-04-22,00001,39.2623,40.5472,39.1909,40.2974,7630996.0,51.33138795185922,67.56671353365873,18.860736788260198,39.84863229166667,-0.06097916666666947,-0.21603949523888843,-0.7224290177417145,0.5063895225028261,68.88930394720478,86.58504640965782,40.02,39.64,93.46882889382263,96.18077023558902,,,,
2020-04-23,00001,40.69,40.69,39.8691,40.1189,5145790.0,45.33163732068319,60.15502146266689,15.684869036715796,39.856806250000005,0.008173958333337339,-0.1987812004314975,-0.6176994542796711,0.4189182538481736,83.86805241753221,83.54901699191034,40.02,39.75,89.09937471587048,93.46882889382263,,,,
2020-04-24,00001,39.6906,39.9405,39.2623,39.4408,9374622.0,33.213081777358155,51.174374900897305,-2.7095044697201445,39.850865625000004,-0.005940625000000921,-0.23708787885384197,-0.5415771391945052,0.30448926034066326,22.584726615454393,69.84138748888236,40.02,39.8,79.0245092622481,89.09937471587048,,,,
2020-04-27,00001,39.2623,40.1189,39.2623,39.8334,6052456.0,29.834546406700607,44.06109873616507,1.3814417477716745,39.76312083333333,-0.08774479166667248,-0.23307985905534423,-0.479877683166673,0.24679782411132878,66.67055802007924,73.41009571005196,40.02,39.84,78.4483086428898,79.0245092622481,,,,
2020-04-28,00001,39.7263,40.6543,39.4408,40.6543,7696084.0,39.13837568828052,42.42019105353689,32.57474495776778,39.8917625,0.12864166666666677,-0.1617985915886635,-0.4162618648510711,0.2544632732624076,100.0,83.68668905358956,40.02,39.9,92.99666435099178,78.4483086428898,,,,
2020-04-29,00001,41.0469,41.3682,40.69,40.9756,5151326.0,49.56711432121657,44.80249880943012,59.09634534478948,40.14273229166667,0.25096979166666955,-0.07847681688868136,-0.3487048552585931,0.27022803836991177,100.0,90.07093607804961,40.02,39.97,100.64892959492987,92.99666435099178,,,,
2020-05-04,00001,39.3337,39.762,39.298,39.4765,9687327.0,36.80135246174392,42.13545002686805,26.133157331495653,40.0787875,-0.06394479166667111,-0.13188822626175778,-0.30534152945922605,0.17345330319746827,10.640200286123024,59.42099600056853,40.02,40.0,87.32797663492227,100.64892959492987,,,,
2020-05-05,00001,40.0475,40.0832,39.4765,39.8691,4211309.0,34.91712509834969,39.72934171736193,25.29269186032522,40.02153541666667,-0.05725208333332432,-0.14091325381887998,-0.2724558743311568,0.13154262051227683,34.04268001907498,67.39143675010669,40.02,40.02,81.01237848029305,87.32797663492227,,,,
2020-05-06,00001,39.8334,40.6543,39.8334,40.4759,4753293.0,42.950766691663034,40.80315004212897,47.245999990731164,40.048307291666674,0.026771875000001444,-0.09797259730301988,-0.23755921892552942,0.13958662162250954,100.0,79.71049800028433,40.02,40.04,83.80126671105964,81.01237848029305,,,,
2020-05-07,00001,40.4759,40.4759,39.6906,39.9405,5691677.0,39.368763814670864,40.325021299642934,37.456248844726716,40.09292395833334,0.04461666666666275,-0.10592310747090039,-0.21123199663460362,0.10530888916370323,46.427856714028216,66.14162806088684,40.02,40.06,83.43704905530424,83.80126671105964,,,,
2020-05-08,00001,40.1903,40.5472,40.0119,40.5472,3599573.0,46.58394026855188,42.41132762261258,54.92916556043046,40.173225,0.08030104166666518,-0.06254731791615598,-0.1814950608909141,0.11894774297475813,100.0,74.50764962781878,40.02,40.08,95.19429717806457,83.43704905530424,,,,
2020-05-11,00001,40.7257,41.511,40.6186,40.8328,5895311.0,54.33607758019965,46.3862442751416,70.23574419031574,40.25910833333334,0.08588333333333509,-0.005067741280200266,-0.14620959696877134,0.14114185568857107,100.0,71.87445281036601,40.02,40.13,97.24497254683368,95.19429717806457,,,,
2020-05-12,00001,40.3331,40.3688,39.6906,39.9762,8841564.0,46.43944560475422,46.40397805167914,46.510380710904386,40.302610416666674,0.04350208333333683,-0.02830889643687584,-0.12262945686239224,0.0943205604255164,25.004377517071994,34.37664156890212,40.02,40.15,85.95798070416177,97.24497254683368,,,,
2020-05-13,00001,39.6906,40.3688,39.6906,40.226,5779087.0,44.937639139424896,45.915198414261056,42.98252058975257,40.321575,0.018964583333328733,-0.026268104648664803,-0.10335718641964675,0.07708908177098195,46.87445281036577,45.31167921554898,40.02,40.17,80.32649401166175,85.95798070416177,,,,
2020-05-14,00001,39.4765,39.9405,39.4765,39.9405,9358316.0,39.63608839148883,43.82216174000365,31.26394169445919,40.236434375,-0.08514062500000108,-0.04714477085848756,-0.09211470330741492,0.04496993244892736,61.90793862575052,32.81386797408517,40.02,40.17,73.72460238642631,80.32649401166175,,,,
2020-05-15,00001,39.3337,40.1546,39.3337,39.6192,7372417.0,30.79491579931982,39.479746426442375,13.425254545074708,40.173218750000004,-0.063215624999998,-0.0885946401583908,-0.0914106906776101,0.002816050519219293,31.995965482460985,18.748905620731943,40.02,40.16,69.43979114273571,73.72460238642631,,,,
2020-05-18,00001,39.762,40.226,39.6906,40.0475,7072180.0,31.45785151942282,36.805781457435856,20.761991643396755,40.12265000000001,-0.0505687499999965,-0.0858936016878431,-0.0903072728796567,0.004413671191813601,100.0,37.497811241463886,40.02,40.14,77.24675691293737,69.43979114273571,,,,
2020-05-19,00001,40.7919,41.648,40.7919,40.9408,7805060.0,44.11928899203511,39.243617302302276,53.870632371500776,40.20644687500001,0.08379687500000443,-0.011538160131856046,-0.07455345033009657,0.06301529019824052,100.0,76.6021712484681,40.02,40.16,83.86707440470116,77.24675691293737,,,,
2020-05-20,00001,40.7919,40.9036,40.1964,40.3081,4703873.0,43.44734059665757,40.64485840042071,49.05230498913129,40.28396666666667,0.0775197916666599,-0.0036227781705377993,-0.060367315898184816,0.05674453772764702,49.39209726443769,62.598756093461276,40.02,40.18,81.83266484436504,83.86707440470116,,,,
2020-05-21,00001,40.7175,40.7919,39.5265,39.6754,9995195.0,33.886468289286825,38.39206169670941,24.87528147444165,40.21206562500001,-0.07190104166666345,-0.04785177773736393,-0.057864208266020636,0.010012430528656704,10.528176483066128,27.147419734409365,40.02,40.17,70.40816108139916,81.83266484436504,,,,
2020-05-22,00001,38.7077,38.7077,36.6606,37.0328,21522896.0,25.078580950126195,33.954234781181675,7.327273288015235,39.656161458333344,-0.5559041666666644,-0.29276450642661445,-0.1048442678981394,-0.18792023852847506,10.204249485949262,8.625724217844718,40.02,40.06,60.92951274630997,70.40816108139916,,,,
2020-05-25,00001,36.7723,37.1073,36.0651,36.4745,10226595.0,19.163422783435063,29.02396411526614,-0.5576598802270922,39.08136562500001,-0.574795833333333,-0.5258481029047886,-0.18904503489946922,-0.33680306800531934,11.339777857795688,8.337236533957807,40.02,39.87,53.16941578650999,60.92951274630997,,,,
2020-05-26,00001,36.549,37.9261,36.549,37.4794,12819286.0,21.21985265216279,26.42259362756502,10.814370701358328,38.69288958333335,-0.3884760416666637,-0.6223079223346417,-0.2756976123865037,-0.346610309948138,100.0,28.801547703899757,40.02,39.67,52.49755924591645,53.16941578650999,,,,
2020-05-27,00001,36.8467,37.7028,36.5862,36.9956,11689479.0,19.702223500541503,24.182470251890518,10.741729997843471,38.41739166666668,-0.2754979166666658,-0.7293837589553576,-0.36643484170027446,-0.3629489172550831,65.79226472459902,18.949190510131398,40.02,39.44,53.28059919852049,52.49755924591645,,,,
2020-05-28,00001,36.4745,37.1817,35.4324,35.9162,15075848.0,15.729362720677637,21.364767741486222,4.4585526790604675,38.05765000000001,-0.35974166666667173,-0.8910690012199538,-0.47136167360421033,-0.4197073276157435,23.634587200781773,8.727810650887616,40.02,39.17,49.45672913563537,53.28059919852049,,,,
2020-05-29,00001,35.1719,36.214,35.1719,35.2835,16752419.0,11.060661603473307,17.930065695481918,-2.678146580543917,37.53832500000001,-0.519325000000002,-1.0580626354589455,-0.5887018659751574,-0.46936076948378813,6.119427537423675,1.922911246273855,40.02,38.86,41.91529796441702,49.45672913563537,,,,
2020-06-01,00001,36.0279,36.7723,35.879,36.2512,14937801.0,13.65056255708054,16.503564649348125,7.944558372545373,37.333639583333344,-0.2046854166666634,-1.099644968432976,-0.6908904864667211,-0.40875448196625497,100.0,18.708939312520513,40.02,38.57,46.22380213559171,41.91529796441702,,,,
2020-06-02,00001,36.1023,36.8467,35.9535,36.8467,9678312.0,19.033945619311098,17.347024972669114,22.407786912595064,37.33781770833335,0.004178125000002808,-1.0721878792424562,-0.7671499650218682,-0.305037914220588,100.0,29.031531141118705,40.02,38.32,61.06105528282558,46.22380213559171,,,,
2020-06-03,00001,37.5539,38.1122,37.4422,37.6283,11462044.0,35.84671548555918,23.513588476965804,60.51296950274594,37.457501041666674,0.11968333333332737,-0.9761073919365799,-0.8089414504048105,-0.16716594153176945,100.0,42.58004125569868,40.02,38.13,73.57053489922173,61.06105528282558,,,,
2020-06-04,00001,38.261,38.3355,37.6283,38.1866,9787372.0,55.66225589204594,34.229810948659185,98.52714577881945,37.581978125000006,0.12447708333333196,-0.8451701737688779,-0.8161871950776239,-0.02898297869125399,100.0,52.25779611364379,40.02,38.0,87.0548033757673,73.57053489922173,,,,
2020-06-05,00001,38.3355,40.0475,38.0377,39.8987,18599757.0,69.42419323806426,45.96127171179421,116.35003629060435,37.99811770833334,0.416139583333333,-0.5963746874691793,-0.772224693555935,0.17585000608675572,100.0,81.93589765813232,40.02,37.98,99.20800302570485,87.0548033757673,,,,
2020-06-08,00001,41.0525,41.1641,40.122,40.457,10971440.0,75.68268201118441,55.86840847825761,115.31122907703804,38.471812500000006,0.4736947916666665,-0.35011640404384536,-0.6878030356535171,0.3376866316096717,100.0,91.61365251607755,40.02,38.04,105.34956970466746,99.20800302570485,,,,
2020-06-09,00001,40.2336,41.6107,40.1964,41.2385,14015417.0,81.8615945966758,64.53280385106366,116.51917608790009,39.029504166666676,0.5576916666666705,-0.09084719162748911,-0.5684118668483115,0.47756467522082235,100.0,100.0,40.02,38.2,113.40768619331811,105.34956970466746,,,,
2020-06-10,00001,41.0525,41.5363,40.643,40.7919,9462320.0,83.66884463865689,70.91148411359474,109.18356568878121,39.36713541666667,0.33763124999999405,0.07769304250643927,-0.4391908849773613,0.5168839274838006,59.999999999999744,92.63838064154545,40.02,38.38,116.60964966004987,113.40768619331811,,,,
2020-06-11,00001,40.4197,40.643,39.1915,39.2287,9834647.0,75.25977945058649,72.36091589259199,81.05750656657548,39.35416979166668,-0.012965624999992542,0.0841551285942046,-0.3345216822630481,0.4186768108572527,1.8172936003910893,66.87106451719254,40.02,38.53,98.50560068125361,116.60964966004987,,,,
2020-06-12,00001,37.7028,38.7449,37.6283,38.7449,11782962.0,66.62066326190318,70.44749834902905,58.96699308765142,39.18432708333334,-0.16984270833333426,0.049665251556476164,-0.2576842954991433,0.30734954705561945,35.29523327854343,58.89625160716052,40.02,38.64,90.78177381360405,98.50560068125361,,,,
2020-06-15,00001,37.7772,38.8193,37.6283,37.6283,14363043.0,45.90192072404039,62.2656391406995,13.174483890722158,38.83730520833334,-0.3470218750000029,-0.06699622192387267,-0.21954668078408918,0.1525504588602165,0.0,40.49055484126202,40.02,38.68,76.48776420393548,90.78177381360405,,,,
2020-06-16,00001,38.6704,39.0799,38.3727,38.5588,9839236.0,38.38971626681033,54.30699818273644,6.555152434958117,38.75325729166668,-0.08404791666666256,-0.08340625132387203,-0.19231859489204575,0.10891234356817373,83.33333333333302,55.82863547951071,40.02,38.71,72.97459437486216,76.48776420393548,,,,
2020-06-17,00001,38.6332,39.1543,38.4471,38.9682,6891865.0,36.8083243037608,48.474106889744554,13.476759131793287,38.723745833333346,-0.029511458333331575,-0.06265392391562585,-0.16638566069676178,0.10373173678113592,100.0,62.57706128638779,40.02,38.73,85.70058879932961,72.97459437486216,,,,
2020-06-18,00001,38.596,38.7077,38.0005,38.5216,9144193.0,32.01594862516688,42.988054134885324,10.071737605729979,38.72705208333334,0.003306249999994293,-0.0813071839357633,-0.1493699653445621,0.06806278140879879,53.849333471116736,55.21544192793324,40.04,38.74,88.15962308078916,85.70058879932961,,,,
2020-06-19,00001,38.2238,39.1543,37.8888,38.5588,25744885.0,29.132401534227995,38.36950326799955,10.65819806668489,38.70301770833334,-0.024034374999999386,-0.09202746248218574,-0.1379014647720868,0.04587400228990107,62.071521215489604,55.82863547951071,40.05,38.74,88.66250517878886,88.15962308078916,,,,
2020-06-22,00001,38.4099,38.6704,37.8888,38.1122,6641788.0,23.54903193377055,33.42934615658988,3.788403488131891,38.57430729166668,-0.12871041666666372,-0.13500400593044048,-0.13732197300375754,0.002317967073317051,33.343283582089526,48.46701612105628,40.02,38.72,79.28855279957118,88.66250517878886,,,,
2020-06-23,00001,37.8516,38.0377,37.2561,37.8888,11505535.0,21.926287806251043,29.5949933731436,6.588876672465936,38.46535416666668,-0.10895312499999932,-0.18495766241063194,-0.14684911088513242,-0.03810855152549952,48.56835802563925,44.784558072066766,39.98,38.68,75.7610546134639,79.28855279957118,,,,
2020-06-24,00001,37.9633,38.1866,37.5911,37.7028,8234748.0,22.461798726451647,27.217261824246282,12.950872530862377,38.28042708333335,-0.18492708333332786,-0.23682496976793033,-0.164844282661692,-0.07198068710623834,52.17848382198353,41.71859031417931,39.93,38.62,70.0172993217731,75.7610546134639,,,,
2020-06-26,00001,36.9956,37.3678,36.9212,37.1073,12190261.0,17.752434653184462,24.06231943389234,5.1326650917687004,38.033857291666685,-0.2465697916666656,-0.32226716248640486,-0.19632885862663457,-0.12593830385977028,19.233154195948988,31.90254837965254,39.82,38.53,61.540653066479564,70.0172993217731,,,,
2020-06-29,00001,37.0328,37.2189,36.3257,36.6606,8766822.0,15.781549567512267,21.302062811765648,4.740523079005506,37.76983541666668,-0.2640218750000045,-0.42117067914633566,-0.2412972227305748,-0.17987345641576086,24.319221552538178,24.53928065143575,39.67,38.41,56.370162436601106,61.540653066479564,,,,
2020-06-30,00001,36.8839,37.5539,36.7723,37.07,8831897.0,19.292156569013013,20.632094064181434,16.612281578676168,37.60583125000001,-0.16400416666667184,-0.461200834032077,-0.2852779449908752,-0.1759228890412018,95.2277379733877,22.222222222222253,39.53,38.28,58.01938041787483,56.370162436601106,,,,
2020-07-02,00001,36.5117,38.261,36.5117,38.1494,10852670.0,34.35263477129092,25.205607633217927,52.646689047436915,37.69383541666668,0.08800416666667132,-0.40120165812737696,-0.3084626876181756,-0.09273897050920138,100.0,41.54966887417219,39.43,38.19,74.36184586642399,58.01938041787483,,,,
2020-07-03,00001,38.6332,38.7821,38.2238,38.5216,9240624.0,48.77910455444944,33.0634399402951,80.21043378275812,37.921035416666676,0.2271999999999963,-0.31993049001825824,-0.31075624809819213,-0.009174241920066106,100.0,44.69752483308907,39.39,38.14,86.70327722592515,74.36184586642399,,,,
2020-07-06,00001,38.7077,40.1592,38.5588,40.0475,12990937.0,64.88147425059466,43.66945137706162,107.30551999766075,38.34749583333334,0.42646041666666434,-0.13088634987557413,-0.27478226845366854,0.14389591857809442,99.99999999999999,75.75720566682948,39.41,38.17,99.23840610660235,86.70327722592515,,,,
2020-07-07,00001,40.1592,40.3081,38.931,39.2287,12130443.0,67.55289658758007,51.63059978056776,99.39749020160468,38.56227187500001,0.21477604166666708,-0.046600640648392755,-0.2291459428926134,0.18254530224422064,55.10226462685777,59.090539000162906,39.41,38.23,102.85905437613951,99.23840610660235,,,,
2020-07-08,00001,39.6381,39.6381,38.3727,38.7449,8226736.0,65.28436041421905,56.1818533251182,83.48937459242075,38.692151041666676,0.12987916666666877,-0.01862749933766139,-0.18704225418162299,0.1684147548439616,22.22354908048722,49.24279433317052,39.39,38.28,93.13652936000948,102.85905437613951,,,,
2020-07-09,00001,39.0054,39.0054,38.1494,38.2238,8157846.0,59.410311522965344,57.258006057733915,63.7149224534282,38.58747500000001,-0.10467604166666433,-0.038068172107458054,-0.15724743776679,0.11917926565933196,6.893356805336505,38.63580850024422,39.35,38.32,79.10998375982123,93.13652936000948,,,,
2020-07-10,00001,37.74,38.0005,37.2189,37.4794,10338540.0,49.263530301502804,54.59318080565688,38.60422929319465,38.39323333333334,-0.1942416666666702,-0.1122479792962423,-0.14824754607268048,0.035999566776438174,17.070773263433804,25.831803322735222,39.3,38.31,68.7338796376793,79.10998375982123,,,,
2020-07-13,00001,37.5911,38.1494,37.4794,37.7772,6984082.0,43.95375732037812,51.04670631056396,29.767859340006453,38.257151041666674,-0.13608229166666774,-0.14533075724418865,-0.1476641883069821,0.002333431062793462,55.55776694198459,38.99994626256119,39.25,38.29,64.01290530990576,68.7338796376793,,,,
2020-07-14,00001,37.9633,38.5588,37.7028,38.4843,10271999.0,46.622421994711374,49.571944871946435,40.72337624024125,38.209458333333345,-0.04769270833332939,-0.11318728404393141,-0.14076880745437198,0.027581523410440567,100.0,57.99881777634475,39.23,38.28,73.19730381472638,64.01290530990576,,,,
2020-07-15,00001,39.0799,39.0799,38.0377,38.1122,7450659.0,40.72057189047056,46.62148721145448,28.918741248502727,38.204040625000005,-0.005417708333339988,-0.11639695849906673,-0.13589443766331094,0.019497479164244214,62.97143994427342,48.0009672738998,39.21,38.27,74.47716227524279,73.19730381472638,,,,
2020-07-16,00001,38.1494,38.5216,37.8516,37.9633,5009729.0,35.17933244508644,42.80743562266513,19.923126089929056,38.18465729166668,-0.019383333333323094,-0.12946326232005845,-0.13460820259466044,0.0051449402746019945,33.333333333332725,44.000214949755446,39.17,38.26,70.5962536390297,74.47716227524279,,,,
2020-07-17,00001,38.2238,38.2238,37.8144,37.9261,6124546.0,31.08377439452738,38.899548546619215,15.452226090343714,38.13000312500001,-0.054654166666672666,-0.14119255149810073,-0.1359250723753485,-0.005267479122752217,37.508394895902676,43.00069858670535,39.13,38.23,63.4275268546443,70.5962536390297,,,,
2020-07-20,00001,37.5911,38.0377,37.5167,37.8516,5682260.0,29.440274199526176,35.7464570975882,16.827908403402134,38.108285416666675,-0.021717708333333974,-0.15471615354359614,-0.13968328860899804,-0.0150328649345981,74.98880429914915,40.998978988661385,39.1,38.21,58.81162030522884,63.4275268546443,,,,
2020-07-21,00001,37.5167,38.0005,37.5167,37.8516,6675345.0,30.959466338999864,34.15079351139209,24.57681199421542,38.09044479166667,-0.01784062500000516,-0.16354842120267676,-0.14445631512773377,-0.019092106074942994,81.80263800683908,40.998978988661385,39.05,38.18,58.168000560353136,58.81162030522884,,,,
2020-07-22,00001,37.6655,38.1122,37.3678,37.4422,5725070.0,24.639285995657826,30.980291006147336,11.9572759746788,37.940790625000005,-0.14965416666666442,-0.20126317881360478,-0.15581768786490796,-0.04544549094869682,15.378255477469592,29.998925251222566,38.97,38.13,50.70803179341051,58.168000560353136,,,,
2020-07-23,00001,37.2561,37.5539,37.1445,37.3306,6234463.0,19.631385111086754,27.197322374460473,4.499510584339312,37.80820520833334,-0.13258541666666446,-0.23742074470463592,-0.17213829923285356,-0.06528244547178236,26.31876679394668,27.000376162072083,38.89,38.07,47.299100578812215,50.70803179341051,,,,
2020-07-24,00001,37.2189,37.3678,36.8095,37.07,7284377.0,16.91217311375716,23.768939287559366,3.1986407661527423,37.65583645833334,-0.15236875000000083,-0.28383227644598463,-0.19447709467547977,-0.08935518177050486,41.17275169906756,19.998387876833853,38.78,38.0,44.555844013942675,47.299100578812215,,,,
2020-07-27,00001,37.07,37.2189,36.5117,36.6606,6007146.0,13.207393762363097,20.248424112493943,-0.8746669378985956,37.485634375000004,-0.17020208333333642,-0.34961872124110016,-0.22550541998860385,-0.12411330125249631,18.182928318476595,8.998334139395038,38.68,37.91,39.1937101318652,44.555844013942675,,,,
2020-07-28,00001,37.2189,37.7028,36.9212,37.1073,6037371.0,18.682700871676463,19.726516365554783,16.595069883919827,37.41779375000001,-0.06784062499999521,-0.36154236065333123,-0.25271280812154934,-0.10882955253178189,100.0,21.00059111182772,38.6,37.82,45.91102710642309,39.1937101318652,,,,
2020-07-29,00001,36.9584,37.2933,36.8467,37.2189,5880385.0,26.223800074916692,21.89227760200875,34.88684502073257,37.38523020833334,-0.03256354166666853,-0.3578615384190016,-0.27374255418103977,-0.08411898423796182,100.0,20.0011312857062,38.52,37.74,54.081621742133024,45.91102710642309,,,,
2020-07-30,00001,37.2189,38.6332,37.2189,37.6283,7122484.0,35.02672381457645,26.270426339531316,52.53931876466671,37.45501666666667,0.06978645833333275,-0.3182408197064177,-0.28264220728611533,-0.03559861242030238,100.0,31.57984048871556,38.48,37.69,59.067433870228015,54.081621742133024,,,,
2020-07-31,00001,37.2561,37.9633,37.2561,37.6283,5609644.0,40.895339641016285,31.145397440026304,60.395224042996254,37.50618333333334,0.05116666666666703,-0.28357227006315355,-0.28282821984152295,-0.0007440502216305989,100.0,31.57984048871556,38.42,37.65,60.83641763219336,59.067433870228015,,,,
2020-08-03,00001,37.2561,37.8888,36.9584,37.4794,6242401.0,42.46821055806928,34.91966847937396,57.56529471545993,37.54339791666668,0.037214583333337714,-0.26505677082625567,-0.2792739300384695,0.014217159212213837,77.77280191073243,27.36862944736694,38.36,37.62,60.072780626271395,60.83641763219336,,,,
2020-08-04,00001,37.7028,38.6704,37.4794,38.4843,8260594.0,58.771830617718685,42.870389192155535,90.57471346884499,37.71708020833334,0.17368229166666538,-0.1673667726113024,-0.2568924985530361,0.08952572594173369,100.0,72.60213470739771,38.34,37.62,74.40937530653991,60.072780626271395,,,,
2020-08-05,00001,38.3355,38.5216,37.9633,38.1494,7515328.0,64.46958841107127,50.07012226512745,93.26852070295891,37.81013020833334,0.09304999999999808,-0.11563738058976725,-0.2286414749603823,0.11300409437061507,78.05229700504637,73.3342289091886,38.31,37.65,81.08157409580882,74.40937530653991,,,,
2020-08-06,00001,38.3355,38.4099,37.2189,37.8888,5395197.0,64.24406680038287,54.79477044354593,83.14265951405673,37.86634270833334,0.05621250000000089,-0.09457945372857068,-0.20182907071401998,0.1072496169854493,52.93978188715076,69.8114164047453,38.28,37.67,82.5869871737688,81.08157409580882,,,,
2020-08-07,00001,37.3678,37.4794,36.6606,37.07,9781651.0,49.619439896311206,53.06966026113435,42.718999166664915,37.68645208333334,-0.17989062499999875,-0.14232062836747872,-0.18992738224471173,0.04760675387723301,27.498656636216996,28.302747642705196,38.23,37.66,74.54409902546486,82.5869871737688,,,,
2020-08-10,00001,37.1817,37.3678,36.9584,37.07,4417692.0,39.8696886269301,48.669669716399596,22.269726447991104,37.54532395833334,-0.1411281250000016,-0.17810279506898752,-0.1875624648095669,0.00945966974057938,33.333333333333144,28.302747642705196,38.17,37.64,68.32908512506684,74.54409902546486,,,,
2020-08-11,00001,37.5911,38.3355,37.405,38.0749,8633891.0,50.03652111400936,49.125286848936184,51.85898964415571,37.59960104166667,0.05427708333333214,-0.12394463171467862,-0.17483889819058923,0.05089426647591061,100.0,79.24566561898013,38.15,37.64,79.46874720953288,68.32908512506684,,,,
2020-08-12,00001,38.0377,39.1171,37.8516,39.0426,9405826.0,65.68009067550416,54.64355479112552,87.75316244426143,37.845401041666676,0.24580000000000268,-0.0029051062181153497,-0.14045213979609444,0.1375470335779791,100.0,100.0,38.16,37.69,93.298142628541,79.46874720953288,,,,
2020-08-13,00001,39.1543,39.1543,38.4471,38.931,6771640.0,74.13520528197849,61.14077162140984,100.12407260311579,38.08616562500001,0.2407645833333305,0.08305697337284101,-0.09575031716230735,0.17880729053514838,93.18514899853426,95.59050140266298,38.17,37.76,103.00506486320515,93.298142628541,,,,
2020-08-14,00001,38.3727,38.8938,38.3727,38.7077,4483075.0,76.78709318460385,66.35621214247452,97.64885526886249,38.213729166666674,0.1275635416666674,0.13164655740139608,-0.05027094224956666,0.18191749965096274,71.88077246011781,86.76755304437168,38.19,37.84,107.02815879171513,103.00506486320515,,,,
2020-08-17,00001,38.8938,39.2659,38.6332,38.9682,4221747.0,80.71582642404546,71.1427502363315,99.86197879947338,38.31957604166667,0.10584687499999745,0.18899570092916917,-0.0024176136138194873,0.19141331454298866,100.0,97.06033426844218,38.22,37.93,111.80520890557698,107.02815879171513,,,,
2020-08-18,00001,39.0799,39.1543,38.5588,38.8193,5234128.0,81.42989101256809,74.57179716174369,95.14607871421691,38.415333333333336,0.09575729166666491,0.21989550624660836,0.042045010358266084,0.17785049588834229,74.9958018471865,91.17705164170842,38.24,38.02,107.91359435347502,111.80520890557698,,,,
2020-08-19,00001,39.1171,39.1171,38.1122,38.5216,3302793.0,78.09703170589273,75.7468753431267,82.79734443142479,38.44596562500001,0.03063229166667014,0.21785067558366222,0.0772061434033453,0.14064453218031692,47.82710280373799,79.41443755185901,38.25,38.09,100.72767583861535,107.91359435347502,,,,
2020-08-20,00001,38.5588,38.5588,37.2933,37.6283,7184232.0,61.741827565575356,71.07852608394292,43.068430528840224,38.254442708333336,-0.19152291666667054,0.14250557263596164,0.09026602924986857,0.052239543386093074,21.95281782437757,44.11869295507544,38.24,38.13,89.60079696466072,100.72767583861535,,,,
2020-08-21,00001,37.9633,38.4099,37.7028,38.0005,4867266.0,53.111605345180294,65.08955250435538,29.15571102683012,38.1458875,-0.10855520833333543,0.11154168203436399,0.09452115980676765,0.01702052222759634,57.57551086868044,58.82492394010049,38.23,38.15,86.07033779292352,89.60079696466072,,,,
2020-08-24,00001,38.5588,38.7821,37.8888,38.4099,4539360.0,54.27623532525687,61.48511344465587,39.85847908645887,38.14084270833334,-0.005044791666662718,0.11866978276491125,0.09935088439839637,0.019318898366514875,100.0,75.00098779090446,38.22,38.17,89.47417834817705,86.07033779292352,,,,
2020-08-25,00001,38.596,38.8193,38.3355,38.4099,3663352.0,55.0526553119746,59.34096073376211,46.476044468399564,38.220708333333334,0.0798656249999965,0.12290211487272273,0.10406113049326164,0.018840984379461093,100.0,73.43828715365238,38.22,38.2,95.57759160614899,89.47417834817705,,,,
2020-08-26,00001,38.1122,38.2238,37.7772,38.0005,5570897.0,48.65215717611312,55.778026214545775,34.40041909924781,38.21295520833334,-0.007753124999993588,0.09215876122644318,0.10168065663989795,-0.009521895413454773,35.293187924767174,56.25104953820325,38.21,38.2,87.75578797252898,95.57759160614899,,,,
2020-08-27,00001,37.74,38.0377,37.5911,37.6283,5007631.0,38.09565894271547,49.88390379060234,14.519169246941729,38.10711250000001,-0.1058427083333342,0.03733067775740295,0.08881066086339895,-0.051479983105996,4.543234000977716,40.62552476910166,38.2,38.19,74.6144805740579,87.75578797252898,,,,
2020-08-28,00001,37.6283,38.2983,37.5911,37.7028,5709804.0,32.73187221651212,44.16655993257226,9.862496784391837,38.034235416666675,-0.07287708333333143,-0.00010819878109913361,0.07102688893449934,-0.07113508771559847,27.28382999511596,43.75314861460966,38.19,38.17,65.19512901722238,74.6144805740579,,,,
2020-08-31,00001,38.1122,38.6704,37.7772,37.7772,7869427.0,30.665419654375388,39.66617983983997,12.663899283446227,37.98926354166667,-0.04497187500000166,-0.02350437613996803,0.05212063591960586,-0.07562501205957389,100.0,46.87657430730476,38.17,38.14,59.416672660395804,65.19512901722238,,,,
2020-09-01,00001,37.3678,37.6655,37.2189,37.4422,6383120.0,25.094533706099497,34.80896446192648,5.665672194445534,37.90939583333334,-0.07986770833333168,-0.06829050511184676,0.02803840771331534,-0.0963289128251621,39.99641769657904,32.812762384550716,38.13,38.09,53.89509210179345,59.416672660395804,,,,
2020-09-02,00001,37.3306,37.5167,37.07,37.2933,8511630.0,20.98472448487203,30.200884469574998,2.552404515466087,37.79036250000001,-0.11903333333333421,-0.11447917590050594,-0.0004651090094489191,-0.11401406689105702,31.575226244344137,26.56171284634762,38.1,38.04,48.711374341075796,53.89509210179345,,,,
2020-09-03,00001,37.2561,37.5167,36.9584,37.3306,6049910.0,20.656841239507163,27.019536726219055,7.931450266083381,37.69111770833334,-0.09924479166667055,-0.14638677636568787,-0.029649442480696713,-0.11673733388499115,76.93261678379449,28.127623845507774,38.08,37.98,46.37768917823858,48.711374341075796,,,,
2020-09-04,00001,37.1073,37.5539,36.9584,37.2189,12456498.0,18.43742843520121,24.15883396254644,6.994617380510746,37.62559791666667,-0.06551979166666655,-0.17862792457783883,-0.059445138900125136,-0.11918278567771369,69.98925308973692,23.43828715365223,38.05,37.91,48.480315420602736,46.37768917823858,,,,
2020-09-07,00001,37.3802,37.7947,37.3048,37.3802,3566809.0,20.504235779230786,22.940634568107885,15.631438201476591,37.602728125000006,-0.022869791666664696,-0.18898520110213468,-0.08535315134052704,-0.10363204976160764,100.0,20.237980999904234,38.03,37.85,53.92198077254852,48.480315420602736,,,,
2020-09-08,00001,37.6816,37.7947,36.928,37.0034,4942056.0,15.111945371032986,20.331071502416254,4.673693108266448,37.51050937500001,-0.09221874999999358,-0.22500431859436532,-0.1132833847912947,-0.11172093380307062,16.674038036267383,3.565686181783874,38.0,37.78,46.848566642960336,53.92198077254852,,,,
2020-09-09,00001,36.6266,36.9657,36.6266,36.7396,4951402.0,11.917602488605278,17.52658183114593,0.6996438035239763,37.394523958333345,-0.11598541666666762,-0.27170414775671503,-0.14496753738437876,-0.12673661037233627,14.994692144373639,4.677152317880782,37.97,37.7,41.15941416695409,46.848566642960336,,,,
2020-09-10,00001,36.8526,37.3048,36.5889,36.7773,6920608.0,10.962123334144161,15.338428998812006,2.2095120048084738,37.28572083333334,-0.10880312500000144,-0.3021885820262895,-0.1764117463127609,-0.1257768357135286,45.452352231603335,7.918295296935834,37.94,37.62,37.979483918150024,41.15941416695409,,,,
2020-09-11,00001,36.5512,36.7773,36.4005,36.5889,7599968.0,11.81245749173427,14.163105163119427,7.1111621489639525,37.185855208333344,-0.09986562499999962,-0.3376577133540053,-0.2086609397210098,-0.1289967736329955,50.000000000000945,7.337305760018745,37.88,37.53,34.65205107168558,37.979483918150024,,,,
2020-09-14,00001,36.7019,37.1541,36.5512,36.9657,4789952.0,21.388097468070495,16.57143593143645,31.02142054133858,37.16878854166668,-0.017066666666664787,-0.33154084800273864,-0.23323692137735558,-0.09830392662538306,100.0,22.011917280055957,37.84,37.45,45.395519067597746,34.65205107168558,,,,
2020-09-15,00001,36.8903,37.4179,36.8526,37.3048,4488184.0,35.87925476497103,23.007375542614643,61.62301320968381,37.183211458333346,0.014422916666667618,-0.29591947659644546,-0.24577343242117355,-0.05014604417527191,100.0,37.38630725979826,37.82,37.39,61.70212378072567,45.395519067597746,,,,
2020-09-16,00001,37.1918,37.3802,36.8526,37.041,5622160.0,39.23294457673335,28.415898553987546,60.86703662222496,37.18742812500001,0.004216666666664537,-0.2856825676416932,-0.2537552594652775,-0.0319273081764157,64.99469214437316,30.19659610579399,37.81,37.34,68.24694266444189,61.70212378072567,,,,
2020-09-17,00001,36.7396,36.928,36.4005,36.5512,5260333.0,29.758318428193792,28.863371845389626,31.54821159380213,37.104010416666675,-0.08341770833333584,-0.31347892025388546,-0.26569999162299907,-0.0477789286308864,16.66482362048,7.499751169503361,37.78,37.28,60.50307299678444,68.24694266444189,,,,
2020-09-18,00001,36.5135,36.8526,36.3251,36.8526,10181171.0,31.80358590186616,29.84344319754847,35.72387131050154,37.03824583333334,-0.06576458333333335,-0.3076409752035616,-0.2740881883391116,-0.03355278686445001,73.68347534571939,25.30218726016899,37.75,37.23,63.41039314195632,60.50307299678444,,,,
2020-09-21,00001,36.8526,37.041,36.099,36.2121,4737731.0,24.060833242839436,27.91590654597879,16.35068663656073,36.903010416666675,-0.13523541666666716,-0.35065522366608803,-0.2894015954045069,-0.06125362826158115,15.007961783439754,4.894197066078267,37.69,37.16,54.95033916132857,63.41039314195632,,,,
2020-09-22,00001,35.6468,35.9106,35.157,35.3831,8884880.0,19.374036262472398,25.068616451476657,7.984875884463875,36.66878854166668,-0.2342218749999958,-0.4464908288869722,-0.32081944210099994,-0.12567138678597228,13.334512856805945,6.950720895201271,37.6,37.05,48.76528230802012,54.95033916132857,,,,
2020-09-23,00001,35.3831,35.5715,35.0439,35.2323,4944232.0,15.561348522075129,21.899527141676145,2.884991282873095,36.377703125000004,-0.2910854166666752,-0.528517119827697,-0.36235897764633934,-0.16615814218135766,16.127375449409488,6.3721842657106595,37.49,36.92,42.8331567863836,48.76528230802012,,,,
2020-09-24,00001,34.8932,35.157,34.6671,34.9309,4728562.0,13.570878172295188,19.12331081854916,2.466012879787243,36.10786354166668,-0.26983958333332225,-0.610803050110853,-0.4120477921392421,-0.19875525797161092,36.84357541899483,8.482042378058685,37.38,36.77,38.25791900028712,42.8331567863836,,,,
2020-09-25,00001,34.7425,35.3454,34.7048,35.0816,3907163.0,14.070033366378206,17.43888500115884,7.332330096816939,35.95229375000001,-0.15556979166667162,-0.6562897128670571,-0.46089617628480506,-0.195393536582252,73.336871903751,13.327545738079275,37.28,36.61,40.506631438754,38.25791900028712,,,,
2020-09-28,00001,35.3077,35.4207,34.9686,35.0816,4628062.0,14.472597772860288,16.45012259172599,10.517548135128884,35.79594687500001,-0.156346874999997,-0.6844483265607479,-0.5056066063399937,-0.17884172022075429,100.0,13.327545738079275,37.19,36.45,45.78923389567957,40.506631438754,,,,
2020-09-29,00001,34.8555,35.1193,34.7425,35.0439,5319638.0,14.939270076805592,15.946505086752524,12.924800056911728,35.69370312500001,-0.10224374999999952,-0.7017173449639458,-0.544828754064784,-0.15688859089916174,89.9946921443735,13.57788908507811,37.11,36.3,51.347846876885114,45.78923389567957,,,,
2020-09-30,00001,34.7802,35.5338,34.7802,35.1193,6518072.0,16.309120922063283,16.06737703185611,16.792608702477622,35.621251041666675,-0.07245208333333863,-0.7012356090124499,-0.5761101250543172,-0.1251254839581326,100.0,16.667280970108145,37.03,36.16,56.02673501767785,51.347846876885114,,,,
2020-10-05,00001,35.6468,36.0236,35.4207,35.4961,5219906.0,22.513226380467046,18.215993481393088,31.10769217861496,35.60611666666668,-0.01513437499999526,-0.6628087719107043,-0.5934498544255946,-0.0693589174851097,100.0,30.555453171648644,36.96,36.04,62.45192439172874,56.02673501767785,,,,
2020-10-06,00001,35.7222,36.099,35.6845,35.9106,4209146.0,43.95636979034432,26.796118917710164,78.27687153561263,35.67616875000001,0.07005208333333002,-0.5920833722223264,-0.593176557984941,0.0010931857626145236,100.0,45.8331797574731,36.9,35.96,75.49572796502126,62.45192439172874,,,,
2020-10-07,00001,35.9106,36.2874,35.7599,36.099,3805716.0,58.76175439580934,37.45133074374322,101.38260169994159,35.77678958333335,0.1006208333333376,-0.5148952856035365,-0.57752030350866,0.06262501790512354,100.0,52.77726585824321,36.85,35.91,86.94151334115948,75.49572796502126,,,,
2020-10-08,00001,35.7976,36.099,35.5338,35.8729,2873958.0,63.98060879570863,46.294423427731694,99.35297953166251,35.80595416666668,0.029164583333333383,-0.4665890036588607,-0.5553340435387002,0.0887450398798395,59.996461429583086,45.714069075330876,36.79,35.88,86.90289370162431,86.94151334115948,,,,
2020-10-09,00001,36.0236,36.0236,35.4584,35.6091,5360334.0,61.70045557103857,51.429767475500654,82.2418317621144,35.77388437500001,-0.032069791666671676,-0.44446882260638176,-0.5331609993522365,0.08869217674585472,23.52482048079936,35.71293172081735,36.74,35.84,77.59989079099336,86.90289370162431,,,,
2020-10-12,00001,35.27,36.0236,35.27,35.6468,12414632.0,60.64514804051934,54.50156099717355,72.93232212721092,35.747297916666675,-0.02658645833333395,-0.4190656172506593,-0.510341922931921,0.09127630568126177,62.49792668767572,37.14220722599235,36.68,35.82,75.13273693016913,77.59989079099336,,,,
2020-10-14,00001,35.3077,35.8352,35.27,35.3454,6466392.0,53.4384919014384,54.1472046319285,52.021066440458185,35.67822083333334,-0.06907708333333318,-0.41843044932522844,-0.49195962821058253,0.0735291788853541,20.010615711251496,25.715585548015298,36.62,35.78,65.32620480398384,75.13273693016913,,,,
2020-10-15,00001,35.0816,35.3454,34.7425,34.9686,5567503.0,40.50407842515473,49.59949589633724,22.313243482789716,35.56518541666668,-0.11303541666666206,-0.4432224921263881,-0.4822122009937436,0.03898970886735553,25.002764569280394,11.430412859688518,36.57,35.73,59.452683773439844,65.32620480398384,,,,
2020-10-16,00001,35.0439,35.27,34.6671,34.7048,5208505.0,27.778295489427165,42.325762427367216,-1.3166383864529365,35.39954791666668,-0.16563750000000255,-0.4786393633566206,-0.481497633466319,0.002858270109698413,5.558012678755852,1.429275505174998,36.52,35.66,50.31821041089046,59.452683773439844,,,,
2020-10-19,00001,34.9686,35.5715,34.7048,34.9309,3802996.0,23.945842202686336,36.19912235247359,-0.5607180968881664,35.30338333333334,-0.09616458333333355,-0.48289657741612757,-0.48177742225628073,-0.0011191551598468408,87.4958540630181,11.112515270230569,36.48,35.6,48.048128638588366,50.31821041089046,,,,
2020-10-20,00001,34.7425,34.9309,34.5541,34.7048,4193083.0,18.862027458188138,30.420090721045103,-4.254099067525793,35.21703020833334,-0.08635312500000225,-0.49876537387396525,-0.48517501257981765,-0.01359036129414759,39.994692144373495,6.556449858603447,36.43,35.52,43.85972259617935,48.048128638588366,,,,
2020-10-21,00001,34.8555,35.0439,34.6294,34.7802,4829584.0,17.453102129654557,26.09776119058159,0.16378400780049418,35.15737500000001,-0.059655208333332155,-0.49949944091216736,-0.4880398982462876,-0.011459542665879785,60.005307855626505,9.836850119643332,36.38,35.44,42.29114637437452,43.85972259617935,,,,
2020-10-22,00001,34.7425,34.9309,34.5917,34.7425,4902349.0,15.908963855972516,22.701495412378563,2.323900743160422,35.07416354166667,-0.08321145833333787,-0.4973896707465144,-0.4899098527463329,-0.007479818000181493,83.32596196373262,11.363088057901164,36.33,35.37,39.84135929382306,42.29114637437452,,,,
2020-10-23,00001,34.8932,35.0439,34.5164,34.9686,3814539.0,20.606860546586145,22.003283790447757,17.814014058862917,35.05493437500001,-0.019229166666661968,-0.4720319913204776,-0.48633428046116184,0.014302289140684266,100.0,28.573233918868002,36.29,35.31,56.3660975252003,39.84135929382306,,,,
2020-10-27,00001,35.27,35.5338,35.0439,35.2323,12095106.0,31.832639616235955,25.27973573237716,44.93844738395355,35.08279375000001,0.027859374999998465,-0.42574968417676473,-0.47421736120428243,0.0484676770275177,100.0,45.235688108176745,36.25,35.26,65.93434116180191,56.3660975252003,,,,
2020-10-28,00001,35.2323,35.4207,34.5917,34.8932,9793752.0,33.125844665017944,27.895105376590752,43.58732324187232,35.05296041666668,-0.029833333333328937,-0.4116874813242646,-0.46171138522827887,0.05002390390401429,52.6330493085627,23.8089220270443,36.18,35.22,64.77959287735011,65.93434116180191,,,,
2020-10-29,00001,34.6671,35.0439,34.6294,34.8555,5534049.0,32.79694102047861,29.529050591220038,39.33272187899576,35.01998333333334,-0.0329770833333356,-0.39898589810565,-0.4491662878037531,0.05018038969810312,41.180143615360066,21.426766081132445,36.12,35.18,62.87667876398132,64.77959287735011,,,,
2020-10-30,00001,34.8932,35.6468,34.6671,35.1946,8866764.0,41.86344782351331,33.64051633531779,58.30931079990435,35.022723958333344,0.0027406250000012733,-0.3574369551496943,-0.43082042127294135,0.07338346612324703,100.0,42.85353216226489,36.07,35.16,67.95576284131114,62.87667876398132,,,,
2020-11-02,00001,35.5338,35.8729,35.1193,35.6468,7113002.0,55.686333442730415,40.98912203778867,85.08075625261391,35.13380000000001,0.11107604166666363,-0.28473807442750854,-0.4016039519038548,0.11686587747634625,100.0,71.42676608113244,36.04,35.15,79.27111727610426,67.95576284131114,,,,
2020-11-03,00001,36.0236,37.0787,35.9106,36.7019,8777554.0,65.55570963075058,49.17798456877597,98.31115975469982,35.414445833333346,0.28064583333333815,-0.14036786218730413,-0.3493567339605447,0.20898887177324055,100.0,100.0,36.05,35.2,89.4823461367809,79.27111727610426,,,,
2020-11-04,00001,36.4005,37.2295,36.3251,36.5512,4846441.0,68.70349926877974,55.68648946877723,94.73751886878473,35.636225,0.2217791666666571,-0.03767931570637728,-0.2870212503097112,0.24934193460333393,90.4776949323897,93.10455273392816,36.06,35.28,95.10956946500464,89.4823461367809,,,,
2020-11-05,00001,38.8874,39.8672,38.7744,39.7918,27156685.0,78.66595448498504,63.3463111408465,109.3052411732621,36.33608333333334,0.6998583333333386,0.3017134693223369,-0.1692743063833016,0.4709877757056385,100.00000000000001,99.99999999999999,36.19,35.48,106.90260413562596,95.10956946500464,,,,
2020-11-06,00001,39.4904,39.5657,38.5106,38.8121,10373673.0,79.11063632332338,68.60108620167212,100.1297365666259,36.801612500000005,0.4655291666666628,0.4860284607913101,-0.038213752948379254,0.5242422137396894,71.73969481062682,81.42889638700383,36.3,35.73,110.0013601532452,106.90260413562596,,,,
2020-11-09,00001,38.9628,39.0382,37.757,37.9831,12319219.0,74.16904077638044,70.45707105990823,81.59298020932488,37.13368333333334,0.33207083333333287,0.5587649531297743,0.08118198826725145,0.47758296486252283,11.11165716532347,65.71444819350191,36.38,35.97,105.41393303910954,110.0013601532452,,,,
2020-11-10,00001,39.0005,39.3396,38.8121,39.0382,17592968.0,77.50360861157048,72.80591691046232,86.89899201378682,37.338582291666675,0.20489895833333804,0.6935520630458925,0.20365600322297966,0.4898960598229128,100.0,85.71482731167309,36.49,36.23,105.55797675283576,105.41393303910954,,,,
2020-11-11,00001,39.1889,41.073,39.0759,40.9976,22254692.0,84.61005910227128,76.74063097439864,100.34891535801654,37.87828854166668,0.5397062500000018,0.9475561854810763,0.352436039674599,0.5951201458064773,100.0,100.0,36.68,36.56,116.03202883846501,105.55797675283576,,,,
2020-11-12,00001,41.073,41.1483,39.7541,40.3194,14229245.0,85.15718984105641,79.54615059661789,96.37926832993344,38.37993229166668,0.5016437499999995,1.081662478722535,0.49828132748418624,0.5833811512383489,68.96819949668279,89.53588841572552,36.84,36.91,118.73886011302034,116.03202883846501,,,,
2020-11-13,00001,41.1483,41.7889,40.5078,40.8469,17366031.0,84.76311280956305,81.28513800093295,91.71906242682329,38.750467708333346,0.37053541666666945,1.2164846460345302,0.6419219911942551,0.5745626548402751,92.157985117344,97.67481330617787,37.02,37.27,119.11258517681938,118.73886011302034,,,,
2020-11-16,00001,41.073,41.7889,40.9599,41.5628,10758238.0,88.46269333539426,83.67765644575339,98.03276711467603,39.11393333333334,0.36346562499999635,1.3653603082187544,0.786609654599155,0.5787506536195994,100.0,100.0,37.22,37.65,125.98549661980604,119.11258517681938,,,,
2020-11-17,00001,42.2034,43.7107,41.8266,43.7107,22762985.0,92.30846222359617,86.5545917050343,103.8162032607199,39.89660937500001,0.7826760416666687,1.6377835727993428,0.9568444382391925,0.6809391345601503,100.0,100.0,37.48,38.11,134.1441958761459,125.98549661980604,,,,
2020-11-18,00001,43.7107,43.7861,43.1455,43.5223,10609943.0,93.4138262308121,88.84100321362689,102.55947226518254,40.555645833333344,0.6590364583333326,1.817527343364766,1.1289810192643073,0.6885463241004588,93.1510833212156,97.9509043646607,37.74,38.6,138.85737615307812,134.1441958761459,,,,
2020-11-19,00001,43.5977,44.3136,43.2962,43.7484,9892112.0,92.73577698450849,90.1392611372541,97.92880867901727,41.090654166666674,0.5350083333333302,1.9556761397523204,1.29432004336191,0.6613560963904104,100.0,100.0,38.0,39.09,140.48427052961057,138.85737615307812,,,,
2020-11-20,00001,43.3339,43.3339,42.4295,42.844,7166073.0,86.2529464182827,88.84382289759697,81.07119345965418,41.33950416666667,0.24884999999999735,1.9694795997169052,1.429351954632909,0.5401276450839962,31.427704905603463,90.20363951473142,38.22,39.55,130.22356911221976,140.48427052961057,,,,
2020-11-23,00001,42.9571,42.9571,42.0527,42.6556,7884584.0,80.28359234715484,85.99041271411625,68.86995161323202,41.482769791666676,0.14326562500000506,1.9428210045356877,1.5320457646134646,0.4107752399222231,35.55463820251224,88.16291161178513,38.42,39.96,117.71242352632638,130.22356911221976,,,,
2020-11-24,00001,42.7687,43.2208,42.5803,42.844,5648126.0,76.11186011724276,82.69756184849176,62.940456654744736,41.62956770833335,0.14679791666667086,1.9148232903106788,1.6086012697529075,0.30622202055777126,100.0,90.12307927528481,38.62,40.32,109.48857290505495,117.71242352632638,,,,
2020-11-25,00001,43.0701,44.0875,42.9947,43.6353,10099746.0,78.13364115020975,81.17625494906441,72.04841355250042,41.90236250000001,0.2727947916666622,1.93419005790863,1.673719027384052,0.2604710305245779,100.0,98.76483886116182,38.8,40.68,114.36167351571973,109.48857290505495,,,,
2020-11-26,00001,43.8614,43.8614,43.0324,43.56,4052222.0,77.93219276728361,80.09490088847082,73.60677652490921,42.16535312500001,0.2629906250000005,1.9213145617770095,1.7232381342626435,0.19807642751436605,92.8625592417063,97.9339839894726,39.0,41.01,117.31659029138342,114.36167351571973,,,,
2020-11-27,00001,43.3339,43.6353,42.8817,43.3339,4796807.0,72.15718091736612,77.44899423143592,61.57355428922651,42.32471875000002,0.15936562500000662,1.871295132479851,1.752849533906085,0.11844559857376602,60.00530785562613,95.43567550901305,39.21,41.31,113.05675098210526,117.31659029138342,,,,
2020-11-30,00001,43.3339,43.3339,42.2034,42.3918,14730861.0,53.104271259549485,69.33408657414044,20.644640630367576,42.32000520833334,-0.004713541666674814,1.7356275439139282,1.7494051359076537,-0.013777591993725524,13.887660327288915,84.27877762454956,39.37,41.55,98.33409896104124,113.05675098210526,,,,
2020-12-01,00001,41.4498,42.2788,41.4498,42.2034,7718619.0,44.17440976630067,60.947527638193854,10.628174022514301,42.29252187500001,-0.027483333333329085,1.5945269825712387,1.7184295052403706,-0.12390252266913193,39.99787697043682,80.28783587231116,39.49,41.73,91.7993917137206,98.33409896104124,,,,
2020-12-02,00001,42.2034,43.3339,42.1281,43.2962,6665881.0,52.78306621692415,58.22604049777062,41.89711765523121,42.43225833333335,0.13973645833333848,1.552981790834707,1.685339962359238,-0.132358171524531,100.0,93.90836959303817,39.66,41.9,100.96224278665419,91.7993917137206,,,,
2020-12-03,00001,42.8063,42.8817,42.2788,42.5426,5831124.0,48.998722058455165,55.150267684665465,36.69563080603456,42.451502083333345,0.01924374999999401,1.4426181016868824,1.6367955902247668,-0.1941774885378844,59.185441941074494,79.8744867643623,39.79,42.04,101.18653290342237,100.96224278665419,,,,
2020-12-04,00001,42.8817,43.1078,42.6179,42.7687,8590021.0,49.33311323592202,53.21121620175098,41.57690730426411,42.524126041666676,0.07262395833333102,1.3577471987740637,1.5809859119346261,-0.22323871316056243,54.841195103159116,83.6482291284175,39.91,42.15,104.67036437693005,101.18653290342237,,,,
2020-12-07,00001,42.6933,42.731,41.9397,42.2034,7460131.0,42.41219061616598,49.611541006555974,28.013489835385982,42.41107500000002,-0.11305104166665814,1.2306848423748562,1.5109256980226722,-0.280240855647816,31.80940892641735,74.21303868878735,39.98,42.23,93.38692764707825,104.67036437693005,,,,
2020-12-08,00001,41.6759,42.5049,41.6759,42.1658,7438449.0,38.17140456956532,45.79816219422576,22.91788932024444,42.41461458333335,0.003539583333335372,1.1141102344566747,1.4315626053094728,-0.3174523708527981,44.829795021961644,67.93954986528371,40.06,42.28,88.14530082832246,93.38692764707825,,,,
2020-12-09,00001,41.7889,42.5426,41.7889,42.0527,8305680.0,34.64305793846868,42.0797941089734,19.76958559745924,42.35965937500002,-0.05495520833333245,1.0010582170340925,1.3454617276543968,-0.3444035106203043,71.43127962085318,63.70893525949715,40.12,42.31,81.47572728483277,88.14530082832246,,,,
2020-12-10,00001,42.015,42.4295,41.7889,42.0904,6864142.0,34.428811443790615,39.52946655391247,24.22750122354691,42.31845000000002,-0.0412093750000011,0.9040840356684328,1.257186189257204,-0.3531021535887713,84.60910389875586,58.490849460481286,40.2,42.32,79.38757137227526,81.47572728483277,,,,
2020-12-11,00001,42.1658,42.9194,41.902,41.9773,5105821.0,32.285025084035084,37.11465273062001,22.625769790865235,42.28625208333335,-0.032197916666667936,0.8087819387503998,1.1675053391558432,-0.35872340040544337,62.487562189054316,45.34654076405602,40.27,42.32,73.35401921022526,79.38757137227526,,,,
2020-12-14,00001,42.2034,42.2034,41.4875,41.4875,4064629.0,21.52335005602339,31.917551839087803,0.7349464898945612,42.16810520833335,-0.11814687500000076,0.6858258008374065,1.0711694314921558,-0.3853436306547493,0.0,18.920566612874296,40.32,42.29,61.461779589900885,73.35401921022526,,,,
2020-12-15,00001,41.2614,41.6759,40.2817,40.5078,9523140.0,17.015708241823912,26.95027063999984,-2.8534165545279464,41.901592708333354,-0.2665124999999975,0.5035242591581337,0.9576403970253514,-0.4541161378672177,13.334512856806,6.522052672570533,40.29,42.21,53.7393554877095,61.461779589900885,,,,
2020-12-16,00001,41.073,41.2614,40.4701,40.8469,8384327.0,18.01023626486877,23.97025918162282,6.090190431360675,41.725747916666684,-0.17584479166666966,0.3820079600173045,0.8425139096237421,-0.46050594960643754,46.873445015757085,16.30368938760198,40.29,42.11,50.671055070200296,53.7393554877095,,,,
2020-12-17,00001,40.5078,40.9599,40.244,40.7715,7440081.0,18.579050136560276,22.173189499935305,11.39077140981022,41.58208125000002,-0.14366666666666106,0.27643470046233176,0.72929806779146,-0.45286336732912824,87.49378006302952,15.052505421755619,40.29,42.0,49.467701997542406,50.671055070200296,,,,
2020-12-18,00001,40.6962,41.3744,40.357,41.0353,9361071.0,22.244995324151727,22.197124774674112,22.340736423106954,41.529480208333354,-0.052601041666669346,0.21161422986556033,0.6257613002062801,-0.41414707034071974,100.0,23.33323504260901,40.32,41.89,56.20448025997277,49.467701997542406,,,,
2020-12-21,00001,40.8092,40.8846,40.1686,40.6962,6585877.0,21.22328853125794,21.872512693535388,19.924840206703045,41.39367500000002,-0.13580520833333054,0.13136669045366034,0.5268823782557561,-0.3955156878020958,60.87458174685574,15.21908443188044,40.32,41.78,58.58510862019156,56.20448025997277,,,,
2020-12-22,00001,40.244,40.3194,39.2643,39.6034,8525578.0,17.241341670652144,20.328789019240972,11.066446973474484,41.11106354166669,-0.282611458333335,-0.020177298435477553,0.4174704429175094,-0.43764774135298695,19.14737436476577,7.75795012582937,40.27,41.64,52.876621816363766,58.58510862019156,,,,
2020-12-23,00001,39.7541,40.0556,39.5657,40.0556,4241973.0,18.71062860850147,19.789402215661138,16.553081394182136,40.92736770833335,-0.1836958333333385,-0.10260546866559395,0.31345526060088874,-0.4160607292664827,55.26223898316924,18.10340883093112,40.24,41.49,54.02807350715267,52.876621816363766,,,,
2020-12-24,00001,39.7918,40.8846,39.7918,40.4324,2817181.0,25.72157203299122,21.766792154771167,33.63113178943132,40.82688020833336,-0.10048749999999274,-0.13595853116878232,0.22357250224695452,-0.35953103341573683,100.0,27.19230858765746,40.22,41.35,64.57696546894627,54.02807350715267,,,,
2020-12-28,00001,40.7339,41.3744,40.6208,41.073,4250335.0,42.147714688660834,28.56043299940106,69.32227806718038,40.92501354166669,0.09813333333332963,-0.1094384686722023,0.15697030806312315,-0.2664087767353255,100.0,44.444171417338346,40.21,41.25,77.22963524338425,64.57696546894627,,,,
2020-12-29,00001,40.8092,41.186,40.6208,40.9976,3881217.0,55.479485258058254,37.53345041895346,91.37155493626786,40.95994270833335,0.03492916666666446,-0.09342829470853076,0.10689058750879235,-0.2003188822173231,94.1148922884794,42.98965748158436,40.19,41.18,86.12030764359395,77.22963524338425,,,,
2020-12-30,00001,41.1483,41.4121,40.8469,41.4121,3998051.0,70.3196568387055,48.46218589220414,114.03459873170821,41.03648020833335,0.07653750000000059,-0.046754474142026936,0.0761615751786285,-0.12291604932065543,100.0,53.27017039113082,40.19,41.13,99.51531931591146,86.12030764359395,,,,
2020-12-31,00001,41.4498,41.6759,40.7715,40.7715,3889493.0,67.71241345502914,54.87892841314581,93.37938353879578,41.016062500000025,-0.020417708333326345,-0.06075584578773885,0.04877809098535503,-0.10953393677309388,19.044610135220594,37.38187951090068,40.18,41.09,87.12758210596131,99.51531931591146,,,,
2021-01-04,00001,41.0353,41.9397,41.0353,41.9397,5341440.0,78.47494230335275,62.744266376548126,109.93629415696199,41.18838333333335,0.17232083333332326,0.022156536493120882,0.0434537800869082,-0.02129724359378732,100.0,76.34402465471977,40.21,41.1,100.70349192799999,87.12758210596131,,,,
2021-01-05,00001,41.5252,42.2034,41.2237,42.2034,6587213.0,85.6499615355685,70.37949809622158,116.19088841426233,41.35441458333335,0.16603125000000318,0.10789978145398749,0.056342980360324056,0.05155680109366343,100.0,83.86885058783243,40.25,41.13,112.19316881056193,100.70349192799999,,,,
2021-01-06,00001,42.2034,42.2788,41.7513,42.2788,5445803.0,90.43330769037898,77.06410129427405,117.17172048258885,41.562452083333355,0.2080375000000032,0.17986272515319968,0.08104692931889917,0.0988157958343005,100.0,100.0,40.31,41.2,121.99176155682397,112.19316881056193,,,,
2021-01-07,00001,42.7687,43.2208,42.4672,42.9571,9225540.0,91.05877555561574,81.72899271472129,109.71834123740464,41.76538645833335,0.2029343749999981,0.28830363289299754,0.12249827003371885,0.1658053628592787,100.0,100.00000000000001,40.39,41.3,127.04980622855732,121.99176155682397,,,,
2021-01-08,00001,43.1455,43.1455,42.1281,43.1078,6376366.0,92.59046575502589,85.34948372815616,107.07242980876535,41.96753645833335,0.20214999999999606,0.3820005989809516,0.17439873582316542,0.2076018631577862,100.0,100.00000000000001,40.48,41.42,133.26354035944445,127.04980622855732,,,,
2021-01-11,00001,43.2585,43.2585,42.4672,42.6933,5321964.0,87.91772415918713,86.20556387183315,91.34204473389511,42.145740625000016,0.17820416666666716,0.4179910926512207,0.22311720718877648,0.19487388546244422,57.691129937736115,89.2155587355276,40.56,41.55,129.80533385075213,133.26354035944445,,,,
2021-01-12,00001,42.9571,43.7861,42.8063,43.3716,8233665.0,87.36189903586671,86.591008926511,88.90367925457815,42.32119687500002,0.17545625000000342,0.4955347433313264,0.27760071441728645,0.21793402891403996,100.0,100.0,40.67,41.69,130.51559192117867,129.80533385075213,,,,
2021-01-13,00001,43.3339,43.7861,43.0701,43.7861,6227280.0,91.57459935724448,88.2522057367555,98.21938659822243,42.530414583333354,0.20921770833333397,0.5837067232849051,0.3388219161908102,0.24488480709409494,100.0,100.0,40.8,41.86,138.140264148041,130.51559192117867,,,,
2021-01-14,00001,43.673,43.7861,43.1078,43.2585,5021038.0,87.98977458967285,88.16472868772796,87.63986639356264,42.67642708333335,0.14601249999999766,0.6040476566014092,0.39186706427293,0.21218059232847925,46.15227597468861,88.33208014507498,40.92,42.02,133.5050341054104,138.140264148041,,,,
2021-01-15,00001,43.673,43.673,42.731,42.844,6439995.0,79.7377454492085,85.35573427488815,68.50176779784923,42.674064583333355,-0.0023624999999967145,0.5800350242242942,0.42950065626320283,0.15053436796109138,10.709885318927114,79.16537661993019,41.01,42.15,115.9981512666065,133.5050341054104,,,,
2021-01-18,00001,42.9947,43.2585,42.6179,43.0701,4504241.0,74.76258582008039,81.82468478995223,60.638387880336694,42.658752083333354,-0.015312500000000284,0.5726480897496415,0.4581301429604906,0.11451794678915095,70.59007180768003,84.16559777079922,41.1,42.27,109.06967578129999,115.9981512666065,,,,
2021-01-19,00001,43.0701,43.9745,42.6933,43.8614,8357330.0,81.13324612153258,81.59420523381235,80.21132789697305,42.84676562500002,0.1880135416666633,0.6234583480415807,0.4911957839767086,0.13226256406487213,100.0,100.0,41.22,42.4,117.85579071499043,109.06967578129999,,,,
2021-01-20,00001,43.7861,43.8614,43.0701,43.5223,7284164.0,79.25853034329788,80.81564693697419,76.14429715594525,42.97394166666669,0.1271760416666723,0.6291113042755327,0.5187788880364734,0.11033241623905932,72.73019702452748,92.6236105370777,41.32,42.53,118.19301589307156,117.85579071499043,,,,
2021-01-21,00001,43.7484,43.7861,42.8817,43.3716,6050077.0,72.83946252082222,78.15691879825687,62.204549965952936,43.032432291666694,0.05849062500000457,0.6143492465753511,0.537892959744249,0.07645628683110206,58.06865850526484,89.34545691849206,41.42,42.64,115.35881142976373,118.19301589307156,,,,
2021-01-22,00001,43.7861,43.7861,42.3165,42.5803,8147197.0,53.863220289313794,70.05901929527585,21.471622277389685,42.9225385416667,-0.10989374999999768,0.5326587541142374,0.5368461186182467,-0.004187364504009361,21.877591640404926,70.1771538980841,41.48,42.71,101.93713563943713,115.35881142976373,,,,
2021-01-25,00001,42.5803,42.731,40.8469,41.3744,13630331.0,41.530802697885065,60.54961376281225,3.493180568030695,42.652872916666695,-0.2696656250000018,0.36638889530151886,0.5027546739549011,-0.13636577865338229,20.893571513447252,38.8883428346766,41.5,42.72,91.04622496241021,101.93713563943713,,,,
2021-01-26,00001,41.3744,42.1281,41.2237,41.6382,8115961.0,36.120718446072665,52.40664865723239,3.548858023753226,42.42795625000002,-0.22491666666667243,0.2529889900174638,0.45280153716741367,-0.1998125471499499,45.65016730125754,31.39542060112309,41.52,42.69,84.38776113315932,91.04622496241021,,,,
2021-01-27,00001,42.1281,42.6179,42.0527,42.2788,6786243.0,39.34138189281169,48.05155973575882,21.921026206917432,42.35612291666669,-0.07183333333333053,0.2123618392676505,0.40471359758746106,-0.19235175831981055,100.0,51.1633648089858,41.54,42.65,84.68986873638558,84.38776113315932,,,,
2021-01-28,00001,41.6005,41.9397,41.1483,41.5628,6894970.0,33.85750650295393,43.32020865815719,14.932102192547418,42.26819375000003,-0.08792916666666173,0.1209945634463665,0.34796979075924217,-0.22697522731287567,36.66519239274698,25.609243017573373,41.54,42.59,81.817430116124,84.68986873638558,,,,
2021-01-29,00001,41.4498,41.5252,40.1686,40.4701,11305939.0,25.21230790782602,37.284241741380136,1.0684402407177913,41.98126562500003,-0.28692812500000286,-0.039135291552597096,0.2705487742968743,-0.3096840658494714,14.287745237418466,8.164536395147419,41.51,42.48,72.15901033884256,81.817430116124,,,,
2021-02-01,00001,40.7715,41.6005,40.3194,41.4875,7128273.0,28.71335402982737,34.42727917086255,17.28550374775702,41.83721250000003,-0.14405312499999923,-0.08298705496714831,0.19984160844406978,-0.2828286634112181,94.59905322048448,35.71544627383008,41.5,42.37,75.47592084453638,72.15901033884256,,,,
2021-02-02,00001,41.4498,41.902,41.073,41.4121,4921617.0,30.600425377175906,33.15166123963367,25.497953652260378,41.80071145833337,-0.03650104166666068,-0.12241294305584205,0.1353906981440874,-0.2578036411999295,94.28311471680985,33.67363518197581,41.48,42.27,82.6884968096925,75.47592084453638,,,,
2021-02-03,00001,40.8846,41.186,40.2063,40.6208,11840471.0,24.56706543228456,30.290129303850634,13.120937689152413,41.71160833333336,-0.08910312500000828,-0.21503079904491784,0.06530639870628635,-0.2803371977512042,32.35248204808027,12.245450606585901,41.44,42.15,76.43538948303865,82.6884968096925,,,,
2021-02-04,00001,40.1686,40.8469,40.0179,40.3194,6531633.0,20.082293372730195,26.887517326810485,6.471845464569618,41.45412395833336,-0.2574843749999971,-0.3091874577367051,-0.009592372582311937,-0.29959508515439315,21.625304834313816,7.844412644724961,41.4,42.0,68.36999398966509,76.43538948303865,,,,
2021-02-05,00001,40.3194,40.3194,39.9425,39.9802,9792947.0,13.857907276021633,22.54431397654753,-3.5149061250301656,41.174652083333356,-0.2794718750000058,-0.4064921053415347,-0.08897231913415649,-0.3175197862073782,5.558012678755852,0.9620046441603753,41.33,41.84,57.63530451427118,68.36999398966509,,,,
2021-02-08,00001,40.0556,40.2817,39.5657,39.5657,7540154.0,9.238604850681089,18.10907760125872,-8.50234065047417,40.94227812500002,-0.23237395833333352,-0.5111610787602316,-0.1734100710593715,-0.33775100770086014,0.0,0.0,41.23,41.66,47.99299136238635,57.63530451427118,,,,
2021-02-09,00001,39.8672,40.4701,39.8295,40.2817,6000939.0,16.212425699386948,17.476860300634794,13.683556496891256,40.82020416666669,-0.12207395833333123,-0.5302246781194953,-0.24477299247139628,-0.285451685648099,100.0,16.667830621319006,41.15,41.49,55.28422633783609,47.99299136238635,,,,
2021-02-10,00001,40.6208,40.8469,40.0933,40.3194,4685842.0,21.561754386987346,18.83849166275231,27.008279835457415,40.753486458333356,-0.06671770833333568,-0.5361106926816532,-0.30304053251344765,-0.2330701601682056,100.0,17.54545242917339,41.08,41.34,62.09628958010114,55.28422633783609,,,,
2021-02-11,00001,40.0933,40.6208,40.0179,40.3194,5405254.0,25.12797351205428,20.934985612519636,33.51394931112356,40.747215625000024,-0.006270833333331893,-0.5346127189889671,-0.3493549698085515,-0.1852577491804156,100.0,17.54545242917339,41.02,41.2,67.77424464028206,62.09628958010114,,,,
2021-02-16,00001,41.1107,41.9397,40.5078,41.6005,12973202.0,45.32260856995692,29.064193264998732,77.8394391798733,40.88498020833336,0.13776458333333608,-0.4251506288424096,-0.36451410161532316,-0.060636527227086456,100.0,47.36829853108912,41.03,41.12,79.5303448475729,67.77424464028206,,,,
2021-02-17,00001,41.4498,41.9773,41.186,41.8643,7194110.0,61.986510429399054,40.038298986465506,105.88293331526614,41.082806250000026,0.19782604166666573,-0.31350083594875144,-0.3543114484820088,0.04081061253325735,100.0,53.5093232767651,41.03,41.1,92.33113309517327,79.5303448475729,,,,
2021-02-18,00001,41.9397,41.9773,41.4498,41.5252,5145826.0,68.40871027576124,49.49510274956409,106.23592532815555,41.26336562500002,0.1805593749999943,-0.24950398013805852,-0.3333499548132187,0.0838459746751602,75.00184297825265,45.61538282468508,41.0,41.09,98.40512763386101,92.33113309517327,,,,
2021-02-19,00001,41.5252,41.7513,41.3368,41.6759,5700914.0,74.77316462128208,57.92112337347009,108.47724711690604,41.31518020833336,0.051814583333339215,-0.18449899076913567,-0.3035797620044021,0.11908077123526645,72.22467934542217,53.333670323004554,40.99,41.11,104.38940747043742,98.40512763386101,,,,
2021-02-22,00001,42.1281,42.8063,41.8643,42.5049,17123080.0,80.0818608224252,65.30803585645513,109.62951075436533,41.47886041666669,0.1636802083333322,-0.06533554906107497,-0.2559309194157367,0.19059537035466173,100.0,77.22746262382087,41.04,41.17,110.1123079918282,104.38940747043742,,,,
2021-02-23,00001,42.5803,43.8614,42.5426,43.7861,13312089.0,86.09870526715046,72.23825899335357,113.81959781474424,41.88511666666669,0.40625624999999843,0.13097467505847504,-0.17854980052089436,0.3095244755793694,100.0,100.0,41.1,41.29,119.41848809024154,110.1123079918282,,,,
2021-02-24,00001,44.2382,45.1426,43.8991,44.5397,19324126.0,86.81093981209517,77.09581926626744,106.24118090375063,42.34122187500002,0.4561052083333337,0.34340263213152866,-0.07415931399040976,0.4175619461219384,99.99999999999999,100.0,41.19,41.48,123.8236001904188,119.41848809024154,,,,
2021-02-25,00001,45.218,46.7252,44.8788,46.5368,16181765.0,90.27099991568052,81.48754614940513,107.83790744823128,43.03989791666669,0.6986760416666655,0.665234192435129,0.07371938729469801,0.5915148051404311,100.00000000000001,100.0,41.36,41.78,131.0158434364119,123.8236001904188,,,,
2021-02-26,00001,45.2933,45.5194,44.1629,44.1629,14895419.0,79.77674642945625,80.91727957608884,77.49568013619108,43.285219791666684,0.2453218749999948,0.7204294696822799,0.2030614037722144,0.5173680659100656,10.00113735451352,65.9465507595645,41.46,42.05,121.27077286343675,131.0158434364119,,,,
2021-03-01,00001,44.2006,44.6527,43.9368,44.3136,6571720.0,72.0055066702826,77.94668860748676,60.12314279587426,43.47833541666668,0.19311562499999724,0.7674852627427811,0.31594617556632776,0.4515390871764533,14.492307692307797,68.1083329747099,41.58,42.31,106.52625341780798,121.27077286343675,,,,
2021-03-02,00001,44.3136,44.6904,43.3716,43.56,8635024.0,61.7566713857114,72.55001620022831,40.16998175667757,43.36451041666669,-0.1138249999999914,0.7354898269612065,0.3998549058453035,0.335634921115903,20.00000000000015,57.29798740514414,41.67,42.53,91.64365584956371,106.52625341780798,,,,
2021-03-03,00001,43.6353,44.3513,43.56,44.0122,5343695.0,57.72148171315757,67.60717137120473,37.95010239706326,43.46303541666669,0.0985250000000022,0.7381134618678189,0.46750661704980656,0.27060684481801234,68.00424628450097,63.78476854441911,41.76,42.72,85.77591125005078,91.64365584956371,,,,
2021-03-04,00001,43.9368,44.8035,43.5977,44.5774,10084497.0,57.085910079681746,64.10008427403041,43.057561690984414,43.57255208333335,0.10951666666665716,0.7768446463460208,0.5293742229090495,0.24747042343697134,100.0,71.8925277215934,41.87,42.91,95.79910079103385,85.77591125005078,,,,
2021-03-05,00001,44.5774,44.8035,43.7484,44.6527,9241197.0,54.8737671144387,61.02464522083317,42.57201090164976,43.675384375000014,0.1028322916666653,0.8043434986141662,0.5843680780500728,0.21997542056409336,100.0,72.97270158224676,42.0,43.1,105.55053826194894,95.79910079103385,,,,
2021-03-08,00001,44.7658,45.8209,44.4643,45.6325,11226020.0,59.05487941217032,60.36805661794555,56.42852500061987,44.01098645833335,0.33560208333333463,0.8948825595238077,0.6464709743448198,0.24841158517898787,100.0,87.02787221528885,42.14,43.3,114.32250495751227,105.55053826194894,,,,
2021-03-09,00001,46.7252,48.0818,46.4991,47.8557,20584486.0,71.1031793423074,63.9464308593995,85.41667630812321,44.62684687500002,0.6158604166666706,1.1329689171080162,0.7437705628974591,0.38919835421055704,100.0,100.0,42.36,43.59,122.64592632462833,114.32250495751227,,,,
2021-03-10,00001,48.2325,48.2702,46.1223,46.3861,12047948.0,67.91478304362157,65.26921492080686,73.20591928925097,45.02172187500002,0.394874999999999,1.1893594375274574,0.8328883378234588,0.3564710997039986,56.666863242318776,82.27261761158022,42.53,43.88,119.55158486745603,122.64592632462833,,,,
2021-03-11,00001,46.4238,47.1774,46.1977,46.4991,7580137.0,66.55811268763652,65.69884750975008,68.2766430434094,45.31531250000002,0.2935906250000002,1.2290003360039208,0.9121107374595512,0.3168895985443696,21.73762547594304,83.09785452642595,42.71,44.16,115.70014627549779,119.55158486745603,,,,
2021-03-12,00001,46.0846,46.8383,45.7832,46.0093,9975859.0,62.32074073022991,64.5728119165767,57.81659835753632,45.31099479166669,-0.004317708333331893,1.2069799534882861,0.9710845806652981,0.235895372822988,31.582623271407055,76.44236903212642,42.87,44.41,100.19008449323871,115.70014627549779,,,,
2021-03-15,00001,46.1223,47.7426,45.9339,47.7426,9833857.0,71.14675286081679,66.76412556465674,79.91200745313691,45.65876145833336,0.3477666666666721,1.3142417056086444,1.0397160056539674,0.274525699954677,100.0,98.55699303375953,43.05,44.68,106.5122457073557,100.19008449323871,,,,
2021-03-16,00001,47.8557,47.8934,46.8383,47.2151,7064029.0,73.23748211052846,68.92191107994732,81.86862417169075,45.927638541666695,0.2688770833333365,1.341221805354131,1.100017165594,0.24120463976013085,73.0784934163518,91.28186284516666,43.21,44.95,108.7123443685937,106.5122457073557,,,,
2021-03-17,00001,47.2151,47.2151,46.5745,46.7629,5495093.0,71.04696457271996,69.63026224420487,73.88036922975013,46.06344479166669,0.13580624999999458,1.3110025466891457,1.1422142418130292,0.1687883048761165,45.83402443744124,83.6154549679896,43.32,45.19,104.58683786151917,108.7123443685937,,,,
2021-03-18,00001,47.4789,47.5542,46.876,47.4035,6620918.0,73.1071305897536,70.78921835938779,77.74295505048522,46.23144375000002,0.16799895833332812,1.3234882836702653,1.1784690501844763,0.14501923348578893,100.0,93.06324686680271,43.5,45.42,109.0461135883607,104.58683786151917,,,,
2021-03-19,00001,46.7252,47.102,45.4817,45.4817,24623536.0,48.73808705983573,63.4388412595371,19.33657866043299,46.12899062500002,-0.1024531249999967,1.1648820857646456,1.1757516573005102,-0.010869571535864653,0.0,63.58281305128164,43.62,45.58,91.93688268775347,109.0461135883607,,,,
2021-03-22,00001,45.8209,47.6296,45.6701,47.102,9877805.0,51.86089433180366,59.57952561695928,36.423631761492416,46.31268125000002,0.183690624999997,1.1565976619267389,1.1719208582257559,-0.015323196299017017,84.31158289103946,87.42030243348796,43.8,45.74,98.49696685886501,91.93688268775347,,,,
2021-03-23,00001,47.4412,47.5165,46.5745,47.3281,6028652.0,60.09396383187817,59.75100502193224,60.77988145177004,46.401779166666685,0.08909791666666678,1.1549628835702421,1.1685292632946531,-0.013566379724410993,100.0,90.06982740772807,43.98,45.9,106.84096799538105,98.49696685886501,,,,
2021-03-24,00001,47.4035,47.4035,45.7832,45.9716,8271865.0,46.833799829536794,55.44526995780043,29.610859573009535,46.44417291666669,0.04239375000000223,1.0323092779226144,1.1412852662202453,-0.10897598829763089,18.184559710494817,57.98264980709624,44.09,46.0,96.28712513962702,106.84096799538105,,,,
2021-03-25,00001,45.5948,46.2731,45.5571,45.5948,5298788.0,32.78574589125071,47.89209526895053,2.573047135851084,46.26362187500002,-0.1805510416666678,0.8943908201881712,1.0919063770138304,-0.19751555682565924,2.1287408243930512,49.57962578889854,44.2,46.06,81.6016305020093,96.28712513962702,,,,
2021-03-26,00001,45.7078,46.2731,45.3687,46.047,6283418.0,30.81268339515999,42.198957977687016,8.040134230105934,46.13017500000002,-0.13344687499999708,0.8122154949524898,1.0359682006015623,-0.22375270564907246,100.0,59.664146651501916,44.29,46.1,77.46457273640172,81.6016305020093,,,,
2021-03-29,00001,45.4441,46.9513,45.4441,46.8006,6038409.0,41.65285089658021,42.01692228398475,40.92470812177113,46.291894791666685,0.16171979166666262,0.7986933399108338,0.9885132284634166,-0.1898198885525828,100.0,76.47019468789732,44.36,46.15,84.63496599670022,77.46457273640172,,,,
2021-03-30,00001,47.102,47.4412,46.7252,46.9136,4847778.0,50.54563244491965,44.85982567096304,61.91724599283286,46.43751250000002,0.14561770833333298,0.788011385505996,0.9484128598719325,-0.16040147436593644,100.0,78.99020985259034,44.46,46.21,91.71463204960554,84.63496599670022,,,,
2021-03-31,00001,47.2528,47.2528,46.6875,46.6875,6556771.0,53.14067270989983,47.6201080172753,64.1818020951489,46.44378437500002,0.0062718750000030354,0.7526256789437298,0.909255423686292,-0.1566297447425622,84.61381422252454,72.80536350303792,44.55,46.26,94.60515371797482,91.71463204960554,,,,
2021-04-01,00001,47.4789,47.4789,46.7629,47.0644,4934604.0,60.427483724715046,51.88923325308855,77.50398466796804,46.538385416666685,0.09460104166666383,0.7463910008229391,0.8766825391136214,-0.1302915382906823,100.0,81.41615782057303,44.65,46.33,101.4997914882027,94.60515371797482,,,,
2021-04-07,00001,47.1774,48.0818,46.8006,46.989,7169790.0,60.192106469481224,54.656857658552774,71.26260409133813,46.635339583333355,0.09695416666667,0.7269855863314589,0.8467431485571889,-0.11975756222572997,79.99469355266594,78.89854649039512,44.72,46.39,91.22367418999428,101.4997914882027,,,,
2021-04-08,00001,46.9513,48.0818,46.876,47.8557,8840874.0,70.68352415130279,59.99907982280278,92.05241280830283,46.86221979166669,0.2268802083333341,0.7726356395209635,0.8319216467499438,-0.059286007228980364,100.0,100.00000000000001,44.8,46.48,99.91029397653996,91.22367418999428,,,,
2021-04-09,00001,47.6296,47.7426,47.2151,47.6673,3645405.0,75.36310723892704,65.1204222948442,95.8484771270927,47.032181250000015,0.16996145833332577,0.7845673263273198,0.822450782665419,-0.0378834563380992,82.14387261870893,92.42460796139922,44.88,46.58,102.98425661210243,99.91029397653996,,,,
2021-04-12,00001,47.6673,47.6673,46.6499,46.8383,5294911.0,68.297678240127,66.17950760993847,72.53401950050406,47.03454270833335,0.0023614583333326777,0.7188435216732998,0.8017293304669952,-0.08288580879369545,15.624481671918636,59.09127462806589,44.93,46.66,90.2239801184624,102.98425661210243,,,,
2021-04-13,00001,47.1397,47.818,46.989,47.2528,3943940.0,68.3888200310834,66.91594508365345,71.33456992594327,47.03337083333335,-0.0011718749999971578,0.6922240904295691,0.77982828245951,-0.08760419202994085,59.25889522311787,75.7579412947327,45.04,46.73,87.57788781669154,90.2239801184624,,,,
2021-04-14,00001,47.5542,47.931,47.102,47.7426,5787833.0,71.02961165933766,68.28716727554819,76.51450042691661,47.12678020833335,0.09340937500000024,0.7025521817294376,0.7643730623134954,-0.06182088058405788,100.0,95.45235223160452,45.13,46.81,97.3075726244189,87.57788781669154,,,,
2021-04-15,00001,47.705,48.1195,47.2905,47.931,5601686.0,76.41086794345962,70.99506749818534,87.2424688340082,47.30654375000002,0.17976354166666653,0.7176667583121912,0.7550318015132346,-0.03736504320104339,100.0,99.99999999999999,45.23,46.9,105.97269344248018,97.3075726244189,,,,
2021-04-16,00001,48.0064,48.1948,47.4789,48.0441,5615801.0,81.02235306960569,74.33749602199212,94.39206716483281,47.43921250000002,0.13266875000000056,0.7303523467082371,0.7500959105522351,-0.019743563843998002,100.0,99.99999999999999,45.34,47.0,113.38351202275638,105.97269344248018,,,,
2021-04-19,00001,48.0441,49.1745,47.5542,48.6093,6243582.0,79.8856670520812,76.18688636535515,87.28322842553331,47.61035000000001,0.17113749999999328,0.7770552738366661,0.7554877832091214,0.021567490627544705,100.0,100.0,45.48,47.12,115.59044032926296,113.38351202275638,,,,
2021-04-20,00001,48.9484,49.2876,48.6847,48.9108,5117494.0,81.82872047194519,78.06749773421849,89.35116594739858,47.85018645833335,0.2398364583333361,0.8288418375545348,0.7701585940782041,0.05868324347633069,100.0,100.0,45.62,47.26,119.8819327556647,115.59044032926296,,,,
2021-04-21,00001,47.9687,48.3079,47.6673,47.8934,7116551.0,70.26692850813204,75.46730799218967,59.866169540016784,47.89101354166669,0.0408270833333404,0.7788097511505327,0.7718888254926698,0.006920925657862953,25.003685684800097,71.27692611727504,45.69,47.37,107.40896838112626,119.8819327556647,,,,
2021-04-22,00001,48.0818,48.6847,48.0064,48.3832,3965809.0,68.74880320630348,73.22780639689428,59.79079682512187,47.93850625000002,0.04749270833332986,0.7698078629291558,0.771472632979967,-0.0016647700508112262,57.57137112987554,85.10488128511338,45.79,47.48,103.91812836299187,107.40896838112626,,,,
2021-04-23,00001,48.1948,48.4586,47.8557,48.1948,2828590.0,63.318541445520275,69.92471807976962,50.10618817702158,47.929867708333354,-0.008638541666663002,0.7389533024944086,0.7649687668828553,-0.026015464388446707,73.68347534571865,79.78600265379293,45.88,47.58,96.72441318216282,103.91812836299187,,,,
2021-04-26,00001,48.1948,48.4586,47.7426,48.3079,1906703.0,60.60395442390467,66.81779686114797,48.176269549418066,47.994242708333346,0.06437499999999119,0.7153806035498746,0.7550511342162591,-0.039670530666384485,88.24539494224075,82.9790237429772,45.97,47.67,99.08255039939075,96.72441318216282,,,,
2021-04-27,00001,48.2325,48.2325,47.8934,48.0441,2339659.0,52.98087472834945,62.20548948354846,34.53164521795142,47.97697604166669,-0.017266666666657216,0.6677156046212502,0.7375840282972573,-0.0698684236760071,53.334512648151545,75.53146438553398,46.05,47.74,92.39586419321824,99.08255039939075,,,,
2021-04-28,00001,48.0441,48.0818,47.6673,47.8934,5041720.0,42.959587225139806,55.79018873074558,17.29838421392826,47.939692708333354,-0.03728333333333467,0.6107402851800643,0.7122152796738187,-0.10147499449375441,35.29503590384057,71.27692611727504,46.1,47.79,85.7765986753208,92.39586419321824,,,,
2021-04-29,00001,48.0064,48.7224,47.8557,48.647,4202239.0,49.65430117920746,53.74489288023287,41.47311777715663,48.04213541666669,0.10244270833333502,0.6192577382084181,0.6936237713807386,-0.07436603317232049,100.0,92.39045778405968,46.19,47.86,97.99108699703235,85.7765986753208,,,,
2021-04-30,00001,48.3832,48.6093,47.7803,48.0064,5235402.0,40.078941842321356,49.18957586759569,21.857673791772683,48.049985416666686,0.007849999999997692,0.5677718938493399,0.6684533958744588,-0.10068150202511894,34.61263652138426,59.99823079304689,46.26,47.9,91.31423546892661,97.99108699703235,,,,
2021-05-03,00001,47.6673,48.1195,46.876,47.2528,5156782.0,33.52172090470186,43.96695754663108,12.631247620843425,47.96049375000001,-0.08949166666667452,0.46084740731332374,0.6269321981622318,-0.16608479084890804,21.276115189158823,26.666371798841098,46.32,47.92,82.44419561949779,91.31423546892661,,,,
2021-05-04,00001,47.4789,48.0441,47.2151,48.0441,4503613.0,43.43569666321546,43.78987058549254,42.72734881866131,47.920063541666686,-0.040430208333326334,0.4349464858698511,0.5885350557037556,-0.15358856983390456,100.0,61.66570834623372,46.39,47.93,86.84924556042883,82.44419561949779,,,,
2021-05-05,00001,47.9687,48.5339,47.705,48.1571,2740469.0,52.08501961256536,46.554920261183476,63.14521831532913,47.942039583333354,0.021976041666668777,0.41871133105379954,0.5545703107737644,-0.13585897971996486,100.0,66.66371798841159,46.44,47.94,93.43572188992295,86.84924556042883,,,,
2021-05-06,00001,48.4586,48.76,47.7426,48.3832,3603406.0,61.39001307504365,51.499951199136866,81.17013682685722,48.060964583333345,0.11892499999999018,0.4192563085505796,0.5275075103291275,-0.10825120177854786,100.0,76.66416029014995,46.52,47.97,100.64134042671523,93.43572188992295,,,,
2021-05-07,00001,48.0441,48.7224,48.0441,48.4963,4845782.0,69.59440362115437,57.53143533980937,93.72034018384439,48.123770833333346,0.06280625000000128,0.4239276577739801,0.506791539818098,-0.08286388204411788,100.0,81.66659294971012,46.59,48.0,107.54090997749874,100.64134042671523,,,,
2021-05-10,00001,48.76,49.589,48.6847,49.5514,5122186.0,79.26762919872021,64.77683329277966,108.24922101060133,48.354581250000024,0.230810416666678,0.5069239837151116,0.5068180285975007,0.00010595511761091192,100.0,100.0,46.69,48.07,117.5962604251956,107.54090997749874,,,,
2021-05-11,00001,49.476,49.476,48.0441,48.3079,6384246.0,70.43815653424939,66.66394103993623,77.98658752287568,48.40836354166668,0.053782291666657045,0.4669761025155452,0.4988496433811096,-0.031873540865564376,17.50149273535435,53.52096882709117,46.75,48.13,107.42919153419324,117.5962604251956,,,,
2021-05-12,00001,48.3079,48.5339,47.6296,47.8557,4119489.0,58.99587631832378,64.10791946606541,48.77179002284052,48.33770937500002,-0.0706541666666638,0.3942833055356516,0.477936375812018,-0.08365307027636637,11.765011967946487,36.61882335351723,46.79,48.16,93.70014538754283,107.42919153419324,,,,
2021-05-13,00001,47.3658,47.6296,47.1397,47.2151,3500769.0,43.496943715840395,57.237594215990406,16.01564271554038,48.08178645833335,-0.25592291666666966,0.28173500812364694,0.43869610227434375,-0.1569610941506968,6.454374250984591,12.674740225760692,46.81,48.15,79.82478846988728,93.70014538754283,,,,
2021-05-14,00001,47.4789,47.931,46.8006,46.9513,4860483.0,30.799473499079372,48.4248873103534,-4.4513541234686755,47.89062395833336,-0.19116249999999013,0.16930161262280308,0.3848172043440356,-0.21551559172123252,14.283006350109098,5.47840628180895,46.81,48.1,68.79185547642209,79.82478846988728,,,,
2021-05-17,00001,47.3658,47.6296,46.876,47.3658,4376330.0,27.28954523617674,41.37977328562784,-0.8909108627254625,47.77718020833335,-0.11344375000000895,0.11234893395265289,0.33032355026575905,-0.21797461631310616,100.0,20.546750036352975,46.83,48.05,66.86501955703497,68.79185547642209,,,,
2021-05-18,00001,47.5982,48.5277,47.4433,48.1404,5266583.0,34.20938362180346,38.989643397686386,24.648864070037618,47.802432291666676,0.025252083333327846,0.12823901267031346,0.28990664274666994,-0.16166763007635648,100.0,48.705831030972725,46.87,48.01,77.56713463686877,66.86501955703497,,,,
2021-05-20,00001,48.2179,48.6052,47.9468,48.0629,6016215.0,37.89615198465946,38.625146260010744,36.43816343395689,47.90310833333334,0.10067604166666655,0.1330447551109799,0.25853426521953193,-0.12548951010855203,93.87061056627645,45.888468809073615,46.89,47.99,84.32279414076665,77.56713463686877,,,,
2021-05-21,00001,47.9855,48.334,47.3658,47.5982,4315494.0,34.79884048056814,37.34971100019654,29.697099441311323,47.89781145833335,-0.005296874999991985,0.09822367291935308,0.22647214675949617,-0.1282484738401431,30.0025819777948,28.9952013959574,46.91,47.96,82.15000132534726,84.32279414076665,,,,
2021-05-24,00001,47.0947,47.5207,47.0173,47.056,4045541.0,26.381305679328136,33.69357589324041,11.756765251503595,47.76169583333335,-0.13611562500000218,0.026570418519426653,0.18649180111148228,-0.15992138259205563,3.7012241775056056,9.284571760942079,46.92,47.91,69.4192521573954,82.15000132534726,,,,
2021-05-25,00001,47.056,47.2496,46.5912,47.0947,6432534.0,25.920870452885453,31.102674079788756,15.557263199078847,47.64122604166668,-0.12046979166667171,-0.026783788415208676,0.1438366832061441,-0.17062047162135277,50.000000000000355,17.00898587933256,46.92,47.86,64.97702066900798,69.4192521573954,,,,
2021-05-26,00001,46.9398,48.1791,46.9398,47.8693,5189433.0,38.43417182790841,33.54650666249531,48.209502158734594,47.67148333333334,0.0302572916666648,-0.006488836145592813,0.11377157933579671,-0.12026041548138952,100.0,43.17613674751712,46.95,47.82,74.59189346099056,64.97702066900798,,,,
2021-05-27,00001,47.8306,48.2953,47.5595,47.5982,9944509.0,42.28944788527221,36.460820403420946,53.94670284897474,47.645206250000015,-0.026277083333326345,-0.012140496491099384,0.08858916417041748,-0.10072966066151687,78.78882716532324,34.01797175866488,46.96,47.78,78.64860697689312,74.59189346099056,,,,
2021-05-28,00001,47.6369,48.2566,47.4433,47.8693,7866018.0,49.34655678283292,40.75606586322494,66.52753862204888,47.68916145833335,0.04395520833333677,0.0051961285543455915,0.0719105570472031,-0.06671442849285751,100.0,43.17613674751712,46.97,47.76,86.48524765979204,78.64860697689312,,,,
2021-05-31,00001,47.9855,48.0242,47.056,47.056,3159489.0,40.590521469919004,40.70088439878963,40.369795612177754,47.56909375000001,-0.12006770833334457,-0.046158893174208515,0.048296667002920776,-0.09445556017712929,0.0,15.701641780960635,46.93,47.73,74.65815640825039,86.48524765979204,,,,
2021-06-01,00001,47.056,47.2496,46.3976,46.7849,7859460.0,32.90832735308127,38.103365383553516,22.51825129213678,47.46794375000002,-0.10114999999998986,-0.10749449261196986,0.017138435079942643,-0.1246329276919125,26.31650472242997,12.280423615955446,46.91,47.67,68.06348285371618,74.65815640825039,,,,
2021-06-02,00001,47.0173,47.482,46.9785,47.2884,4277361.0,37.27318222354428,37.826637663550436,36.166271343531974,47.42832708333335,-0.0396166666666673,-0.11415919880836611,-0.00912109169771911,-0.10503810711064701,100.0,28.24529139450836,46.9,47.62,70.13528880634341,68.06348285371618,,,,
2021-06-03,00001,47.7531,47.7531,46.5138,46.6687,5433671.0,29.610692910934358,35.08798941267841,18.656099907446247,47.31089687500002,-0.11743020833333162,-0.1675146330214048,-0.04079979996245625,-0.12671483305894854,30.43331836551441,8.595979453357973,46.89,47.56,63.14380389441082,70.13528880634341,,,,
2021-06-04,00001,47.056,47.056,46.3589,46.5525,7987333.0,23.07310671098722,31.08302851211468,7.0532631087322954,47.199733333333356,-0.11116354166666298,-0.2166778406467671,-0.07597540809931842,-0.14070243254744869,20.82840236686419,6.064212999217021,46.88,47.48,56.4605831665495,63.14380389441082,,,,
2021-06-07,00001,46.475,46.7849,46.2427,46.7849,4820733.0,24.187163868580484,28.784406964269948,14.992677677201556,47.08109270833335,-0.11864062500000472,-0.23418772877892025,-0.10761787223523879,-0.12656985654368147,100.0,16.387100673980743,46.87,47.41,56.88831891410992,56.4605831665495,,,,
2021-06-08,00001,46.1265,46.475,45.9328,46.0878,9659800.0,18.311724766002527,25.293512898180808,4.348148501645966,46.94049791666668,-0.14059479166667188,-0.3008466128849818,-0.14626362036518742,-0.1545829925197944,18.190353244924438,4.283424528823333,46.82,47.31,49.55661681958324,56.88831891410992,,,,
2021-06-09,00001,46.3201,46.7462,46.3201,46.475,6147759.0,19.985307402024485,23.5241110661287,12.907700073816052,46.89150104166668,-0.04899687500000027,-0.31875603361895344,-0.18076210301594062,-0.13799393060301282,63.63102922192243,22.82851248368498,46.79,47.22,54.370993927443806,49.55661681958324,,,,
2021-06-10,00001,46.475,46.6687,46.3589,46.3976,4481527.0,20.7316540437327,22.593292058663366,17.008378013871365,46.786903125000016,-0.10459791666666263,-0.3353294426427951,-0.2116755709413115,-0.12365387170148356,85.72482478790037,21.054538865736408,46.76,47.13,60.07966478566448,54.370993927443806,,,,
2021-06-11,00001,46.3976,46.5525,46.0878,46.3201,3852545.0,20.91334023908382,22.033308118803518,18.673404479644418,46.736792708333354,-0.05011041666666216,-0.35067522529517703,-0.2394755018120846,-0.11119972348309243,59.99483471074253,17.543939119405522,46.75,47.05,62.92715991617908,60.07966478566448,,,,
2021-06-15,00001,46.2814,46.5138,45.8554,46.0103,5706352.0,16.66306433110581,20.243226856237616,9.5027392808422,46.605508333333354,-0.1312843749999999,-0.383415365831425,-0.2682634746159527,-0.11515189121547231,28.568793803024626,6.778993435448492,46.73,46.96,56.94217011419211,62.92715991617908,,,,
2021-06-16,00001,46.0103,46.3589,45.8941,46.0878,3322875.0,15.190844067780091,18.55909926008511,8.454333683170056,46.49040520833335,-0.11510312500000452,-0.3985147310284134,-0.29431372589844484,-0.10420100512996855,50.01075962986909,10.17067833698025,46.68,46.87,55.04248789896273,56.94217011419211,,,,
2021-06-17,00001,46.0103,46.2814,45.7005,45.9328,6071855.0,15.839758580536591,17.65265236690227,12.213971007805235,46.40824166666669,-0.08216354166665951,-0.4181679119545052,-0.31908456310965694,-0.09908334884484826,59.97934417764012,9.520882003360876,46.64,46.78,53.066845536349575,55.04248789896273,,,,
2021-06-18,00001,45.7779,46.3201,45.7779,46.1652,6083226.0,24.844235955203406,20.049846896335982,34.433014072938256,46.38439479166669,-0.023846874999996714,-0.4102612256492506,-0.3373198956175757,-0.07294133003167491,100.0,19.670673890958362,46.6,46.69,59.68190395861106,53.066845536349575,,,,
2021-06-21,00001,45.7005,46.049,45.3906,45.623,7971298.0,22.277390705652422,20.792361499441462,25.247449118074343,46.26485416666669,-0.11954062500000617,-0.44264360845112805,-0.3583846381842862,-0.08425897026684187,30.0025819777948,9.375882519062333,46.55,46.61,56.019228497695465,59.68190395861106,,,,
2021-06-22,00001,45.8554,46.6687,45.8554,46.3201,6052384.0,37.70740181006305,26.430708269648658,60.260788890891824,46.27897395833335,0.014119791666665549,-0.4073609327722423,-0.3681798971018774,-0.039181035670364905,100.0,37.499495703392746,46.53,46.54,66.49420152292183,56.019228497695465,,,,
2021-06-23,00001,46.4363,48.0242,46.2814,47.7144,9217664.0,54.55047929500353,35.803965278100286,92.04350732881001,46.49884687500002,0.21987291666666664,-0.263849310143236,-0.3473137797101491,0.08346446956691311,100.0,93.75075644491045,46.55,46.53,79.61488349690038,66.49420152292183,,,,
2021-06-24,00001,48.1404,48.4115,47.5207,47.5207,5493526.0,59.871019211112845,43.82631658910447,91.9604244551296,46.726373958333355,0.22752708333333516,-0.16385645127272142,-0.31062231402266355,0.14676586274994213,89.58041958041956,85.93617622140621,46.59,46.56,85.79687251962822,79.61488349690038,,,,
2021-06-25,00001,48.0242,48.0242,47.3658,47.6757,3945180.0,65.12835290473056,50.92699536097984,93.53106799223202,46.94585000000003,0.2194760416666739,-0.07128248547648042,-0.2627543483134269,0.1914718628369465,97.29937194696451,92.18945414935236,46.63,46.61,91.32237041265375,85.79687251962822,,,,
2021-06-28,00001,47.6757,48.4115,47.4433,48.1017,3849366.0,73.33382795191295,58.39593955795755,103.20960473982376,47.10359479166669,0.15774479166665856,0.03604221690492437,-0.20299503526975665,0.23903725217468103,100.0,100.0,46.67,46.7,100.06071673060927,91.32237041265375,,,,
2021-06-29,00001,48.334,48.334,47.056,47.056,6186947.0,67.26564067219125,61.35250659603545,79.09190882450288,47.13789166666669,0.03429687500000256,0.03630012085724843,-0.15513600404435562,0.19143612490160405,0.0,61.42894028254204,46.69,46.77,83.80727053295865,100.06071673060927,,,,
2021-06-30,00001,47.1334,47.3658,46.8236,46.8623,6931189.0,61.08285034407462,61.26262117871517,60.72330867479353,47.09350625000002,-0.04438541666667106,0.020636653915545367,-0.11998147245237542,0.1406181263679208,3.0279320866910697,54.28423886983134,46.69,46.82,70.95136483338938,83.80727053295865,,,,
2021-07-02,00001,45.9328,46.7462,45.8167,46.5525,5069102.0,53.542582807422775,58.68927505495103,43.24919831236626,46.916396875000025,-0.17710937499999346,-0.016583858975145915,-0.09930194975692952,0.0827180907817836,59.37222625675822,42.85714285714293,46.68,46.84,67.3355492371612,70.95136483338938,,,,
2021-07-05,00001,46.5138,47.3271,46.2039,46.8236,2326703.0,48.62989925201703,55.33614978730637,35.21739818143837,46.87242083333336,-0.04397604166666724,-0.023930028801466108,-0.08422756556583684,0.06029753676437073,96.29877582249439,52.8567740031721,46.7,46.86,67.4469380190881,67.3355492371612,,,,
2021-07-06,00001,46.8236,47.1722,46.475,46.475,2385527.0,40.876589738228766,50.51629643761384,21.597176339458613,46.79536041666669,-0.07706041666666863,-0.05722141508930889,-0.07882633547053125,0.02160492038122236,65.37888568874794,39.998524584117206,46.71,46.86,68.15087917562626,67.4469380190881,,,,
2021-07-07,00001,46.0103,46.1265,45.5455,45.8554,6533301.0,30.855386413064423,43.96265976276404,4.640839713665187,46.62753645833335,-0.16782395833333652,-0.13207909477250013,-0.08947688733092503,-0.0426022074415751,24.246929035287188,17.144332558740125,46.68,46.82,61.70877241133377,68.15087917562626,,,,
2021-07-08,00001,45.5455,45.7005,44.9646,44.9646,6438531.0,20.570257608709614,36.16519237807923,-10.61961193002962,46.347555208333354,-0.27998124999999874,-0.26028406780322655,-0.12363832342538533,-0.13664574437784122,0.0,0.0,46.63,46.74,51.41295836161942,61.70877241133377,,,,
2021-07-09,00001,45.1195,45.5068,44.4611,44.6548,6256823.0,15.347938716323489,29.22610782416065,-12.408399499350836,46.04822083333335,-0.2993343750000008,-0.3824767496044714,-0.17540600866120254,-0.20707074094326888,13.89227569389655,5.320551557435582,46.56,46.61,44.661244105684005,51.41295836161942,,,,
2021-07-12,00001,45.1583,45.7005,44.771,45.0033,3347218.0,14.898574169993077,24.450263272771462,-4.20480403556369,45.84004375000002,-0.2081770833333323,-0.44605247751594135,-0.2295353024321503,-0.21651717508379104,100.0,14.893149480854838,46.52,46.47,45.92219496086703,44.661244105684005,,,,
2021-07-13,00001,45.5455,45.7779,45.2357,45.5068,4314669.0,21.932474585230548,23.61100037692449,18.57542300184266,45.775090625000026,-0.06495312499999528,-0.45061405946918853,-0.27375105383955795,-0.1768630056296306,100.0,28.723287370213612,46.49,46.35,59.873462147456394,45.92219496086703,,,,
2021-07-14,00001,45.3906,45.4681,44.771,44.8484,3751415.0,19.126185662077358,22.11606213864211,13.146432708947849,45.65163645833336,-0.12345416666666864,-0.5015746828289238,-0.31931577963743113,-0.18225890319149268,10.519162815982265,10.638356314893048,46.41,46.22,57.64431431680757,59.873462147456394,,,,
2021-07-15,00001,45.3132,45.8167,44.9259,45.5068,4145492.0,24.912921169461168,23.04834848224846,28.64206654388658,45.614923958333364,-0.03671249999999304,-0.4832632090187019,-0.35210526551368526,-0.13115794350501664,100.0,28.723287370213612,46.36,46.11,67.17171207357056,57.64431431680757,,,,
2021-07-16,00001,45.5068,45.7392,45.1583,45.4294,3818556.0,28.513990774353886,24.8702292462836,35.80151383049446,45.583867708333365,-0.031056249999998897,-0.4695836986657511,-0.37560095214409844,-0.09398274652165267,89.48083718401773,26.59726418722187,46.3,46.01,73.14384089267261,67.17171207357056,,,,
2021-07-19,00001,45.3132,45.3519,44.616,44.8484,2919109.0,26.761218620395017,25.50055903765407,29.28253778587691,45.5346479166667,-0.04921979166666546,-0.49986233074060493,-0.40045322786339976,-0.09940910287720517,26.088908845981,10.638356314893048,46.22,45.9,66.12486279837132,73.14384089267261,,,,
2021-07-20,00001,44.3062,44.8097,44.1126,44.2675,4718150.0,20.87075979540131,23.957292623569817,14.69769413906429,45.33495625000003,-0.19969166666666638,-0.5642280700500777,-0.43320819630073537,-0.13101987374934232,11.76336573511526,3.883081396806242,46.14,45.78,57.453648783045765,66.12486279837132,,,,
2021-07-21,00001,44.4224,44.616,43.9189,44.0738,2926746.0,16.634534000671835,21.51637308260382,6.870855836807863,45.084014583333364,-0.2509416666666695,-0.6236789704201726,-0.4713023511246228,-0.1523766192955498,16.664873587950325,3.7032609735105146,46.06,45.64,50.01600040825326,57.453648783045765,,,,
2021-07-22,00001,43.9964,45.0808,43.9964,44.771,3315843.0,26.0561417172428,23.029629294150144,32.10916656342811,45.02673750000003,-0.05727708333333226,-0.6075327644945219,-0.49854843379860264,-0.10898433069591923,100.0,20.371521468872526,46.01,45.52,57.87194400604213,50.01600040825326,,,,
2021-07-23,00001,44.5386,44.6548,44.3062,44.4224,2346165.0,26.214334405094863,24.091197664465053,30.460607886354488,44.9464541666667,-0.08028333333333393,-0.6157676998576704,-0.5219922870104162,-0.09377541284725421,59.089308766576984,12.037391221191605,45.94,45.4,59.93013566069777,57.87194400604213,,,,
2021-07-26,00001,44.4224,45.0808,44.0738,44.4224,5182824.0,26.31979619699624,24.83406384197545,29.291260907037824,44.90974375000003,-0.03671041666666497,-0.6152022765683185,-0.5406342849219967,-0.07456799164632177,54.9961270333078,12.037391221191605,45.88,45.29,61.65710486406738,59.93013566069777,,,,
2021-07-27,00001,45.0033,46.0878,44.4611,44.8097,10081372.0,31.23703443271246,26.96838737222112,39.774328553695135,44.89885000000003,-0.010893750000001035,-0.5768527024633414,-0.5478779684302657,-0.02897473403307571,100.0,21.2967390264894,45.85,45.2,61.88502770757985,61.65710486406738,,,,
2021-07-28,00001,44.8097,45.0808,44.0351,44.5386,7248753.0,30.348718699528217,28.095164481323483,34.85582713593768,44.8770666666667,-0.02178333333333171,-0.5618591307006042,-0.5506742008843334,-0.011184929816270839,65.00129098889786,19.753912849447016,45.83,45.12,58.106451581654,61.88502770757985,,,,
2021-07-29,00001,44.5386,44.771,44.19,44.4999,5674738.0,29.161736667560064,28.45068854340234,30.58383291587551,44.8488354166667,-0.028231249999997488,-0.5467962567474558,-0.5498986120569579,0.0031023553095020917,60.0051639555896,19.73907725759314,45.8,45.04,54.41766420028475,58.106451581654,,,,
2021-07-30,00001,44.1126,44.771,43.9964,43.9964,5392916.0,20.632237742103076,25.844538276302586,10.207636673704059,44.69270937500003,-0.1561260416666741,-0.5689288055676656,-0.5537046507590995,-0.015224154808566093,0.0,2.6680896478121876,45.76,44.96,45.01113614809431,54.41766420028475,,,,
2021-08-02,00001,43.9576,44.616,43.9576,44.3062,2572210.0,19.707151225305353,23.79874259263684,11.523968490642375,44.60395208333336,-0.08875729166666702,-0.555072212129744,-0.5539781630332283,-0.0010940490965156702,64.28176286188443,13.333562846421195,45.7,44.88,45.68368026514018,45.01113614809431,,,,
2021-08-03,00001,44.1513,44.3062,43.5316,43.9189,4000381.0,18.188566351648458,21.928683845640716,10.708331363663937,44.470409375000024,-0.13354270833333715,-0.5687860239703397,-0.5569397352206507,-0.011846288749689071,50.00000000000046,13.158252361215016,45.64,44.79,46.22776820961309,45.68368026514018,,,,
2021-08-04,00001,43.7253,44.1126,43.6091,43.6478,5238557.0,13.640980963431067,19.1661162182375,2.590710453818197,44.334450000000025,-0.13595937499999877,-0.5946747822617482,-0.5644867446288702,-0.03018803763287803,15.0012909888974,5.000430329632452,45.56,44.7,40.55492988424223,46.22776820961309,,,,
2021-08-05,00001,43.5316,43.8027,43.4154,43.6865,2940909.0,12.475467127344553,16.935899854606518,3.554601672820624,44.20534583333336,-0.12910416666666436,-0.6050938973645685,-0.5726081751760098,-0.03248572218855872,53.843098311817826,12.962608778808649,45.48,44.6,39.41249720020545,40.55492988424223,,,,
2021-08-06,00001,44.3062,45.0808,43.9576,44.8097,7513721.0,25.708336663951396,19.86004545772148,37.404919076411225,44.286840625000025,0.08149479166666396,-0.5167613647828517,-0.5614388130973782,0.04467744831452647,100.0,66.668260495362,45.45,44.55,55.37458541718584,39.41249720020545,,,,
2021-08-09,00001,44.5773,45.1583,44.3449,44.5386,4346154.0,38.62033009030969,26.11347366858422,63.63404293376064,44.358653125000025,0.07181250000000006,-0.4632921570361148,-0.5418094818851256,0.07851732484901075,80.5565516746757,53.7056517165537,45.42,44.51,63.40483158717694,55.37458541718584,,,,
2021-08-10,00001,44.4224,44.6548,43.9189,44.4224,6276561.0,45.005975984241225,32.410974440469886,70.19597907178391,44.40989270833336,0.05123958333333434,-0.4253901605731656,-0.5185256176227335,0.09313545704956794,56.52222721149565,48.14956488476642,45.39,44.48,68.37551541635258,63.40483158717694,,,,
2021-08-11,00001,44.1126,44.771,44.1126,44.5773,5204306.0,52.22556870462417,39.015839195187986,78.64502772349654,44.41715208333336,0.007259375000003843,-0.3784904179247235,-0.4905185776831315,0.11202815975840802,100.0,55.556086831787454,45.35,44.46,71.3643029545184,68.37551541635258,,,,
2021-08-12,00001,44.8097,45.197,44.4999,44.9646,3188678.0,63.80222766208584,47.27796868415394,96.85074561794964,44.513972916666695,0.09682083333333225,-0.30653659769674135,-0.4537221816858535,0.14718558398911213,100.0,74.07478244238304,45.33,44.47,81.95403744470745,71.3643029545184,,,,
2021-08-13,00001,44.5386,44.8871,44.5386,44.6935,4543351.0,66.44778057280799,53.667905980371955,92.00752975768006,44.57852291666669,0.064549999999997,-0.26829543828511504,-0.4166368330057058,0.14834139472059077,68.18075117370915,63.460774577954325,45.31,44.48,85.06939895141159,81.95403744470745,,,,
2021-08-16,00001,44.6935,45.1195,44.5386,44.9646,3912332.0,73.28370224087504,60.20650473387298,99.43809725487917,44.621285416666694,0.042762500000002035,-0.21365070725566682,-0.376039607855698,0.1623889006000312,100.0,100.0,45.3,44.5,92.81501292563235,85.06939895141159,,,,
2021-08-17,00001,45.1195,45.2744,44.6548,44.8097,4859624.0,73.85669803327477,64.7565691670069,92.0569557658105,44.63621354166669,0.014928124999997294,-0.1807598130615773,-0.3369836488968739,0.1562238358352966,63.63849765258223,90.00129098889764,45.29,44.53,88.73646702028331,92.81501292563235,,,,
2021-08-18,00001,45.1583,45.3519,44.8097,45.2744,3479217.0,80.7683871978054,70.09384184393973,102.11747790553673,44.737871875000025,0.10165833333333296,-0.11586056760397412,-0.29275903263829395,0.17689846503431983,100.0,100.0,45.3,44.57,99.45380908255773,88.73646702028331,,,,
2021-08-19,00001,44.8484,44.9259,44.4224,44.5386,3514034.0,68.26057169316363,69.48275179368103,65.81621149212882,44.70439062500003,-0.033481249999994134,-0.12238952836962369,-0.2586851317845599,0.13629560341493618,13.638497652582117,60.41958041958059,45.29,44.6,86.8835176225942,99.45380908255773,,,,
2021-08-20,00001,44.5386,44.8484,43.8415,43.9576,6387400.0,48.069282964933855,62.34492885076531,19.51799119327096,44.58859895833336,-0.11579166666667362,-0.1724576369083053,-0.24143963280930897,0.06898199590100368,8.10244957777906,29.16621839698766,45.26,44.59,75.07839678418104,86.8835176225942,,,,
2021-08-23,00001,44.7322,44.771,44.0738,44.3062,4410899.0,42.30175008396708,55.663869261832566,15.577511728236104,44.50509166666669,-0.08350729166667037,-0.18191091126870873,-0.22953388850118892,0.047622977232480185,66.66188495194292,47.918235610543185,45.25,44.58,71.55466231829057,75.07839678418104,,,,
2021-08-24,00001,44.3449,44.7322,44.0738,44.19,3790567.0,35.89228607292709,49.07334153219741,9.530175154386455,44.43206666666669,-0.07302499999999412,-0.1965137796562786,-0.22292986673220686,0.02641608707592827,74.99462018506546,41.66756320602468,45.22,44.56,68.89378637885206,71.55466231829057,,,,
2021-08-25,00001,44.0738,44.6548,44.0738,44.5386,3159294.0,39.31263633675366,45.81977313371616,26.298362742828672,44.46676666666669,0.03470000000000084,-0.17790675312623705,-0.2139252440110129,0.03601849088477585,100.0,60.41958041958059,45.22,44.55,76.87779822492493,68.89378637885206,,,,
2021-08-26,00001,44.2675,44.8484,44.1513,44.4611,4217848.0,39.88250614540639,43.840684137612904,31.966150160993365,44.44699687500003,-0.019769791666661263,-0.16748350723374017,-0.20463689665555834,0.03715338942181817,83.32616179001722,56.2506724045187,45.19,44.54,78.17790444298109,76.87779822492493,,,,
2021-08-27,00001,44.3062,44.4224,43.6865,43.8027,5165853.0,28.91410501363427,38.86515776295336,9.011999514996091,44.36146666666669,-0.08553020833333846,-0.2099304398566133,-0.20569560529576933,-0.004234834560843975,13.636897077807673,20.83378160301253,45.16,44.5,68.15279914378196,78.17790444298109,,,,
2021-08-30,00001,43.5704,44.2675,43.4542,44.0738,2448822.0,30.159420029289375,35.96324518506537,18.551769717737386,44.3013510416667,-0.060115624999994566,-0.21916800313827878,-0.2083900848642712,-0.010777918274007564,61.535405700665144,35.41689080150617,45.14,44.47,69.28327617168245,68.15279914378196,,,,
2021-08-31,00001,43.764,44.0738,43.6865,43.9576,5967831.0,31.508060273654124,34.47818354792829,25.567813725105793,44.223484375000034,-0.0778666666666652,-0.23317728487590017,-0.213347524866597,-0.01982976000930317,81.2459651387993,29.16621839698766,45.1,44.43,67.85854613968554,69.28327617168245,,,,
2021-09-01,00001,43.764,44.3062,43.6865,44.1513,3862567.0,37.672040182436085,35.54280242609755,41.930515695113144,44.23034687500003,0.006862499999996885,-0.22604407501362545,-0.2158868348960027,-0.010157240117622757,100.0,39.58579881656806,45.07,44.39,76.5917201298808,67.85854613968554,,,,
2021-09-02,00001,44.1513,44.2675,43.9189,44.0738,3769628.0,39.92844566650043,37.00468350623185,45.775969987037584,44.19645520833336,-0.033891666666669096,-0.22406171315556378,-0.21752181054791492,-0.006539902607648862,83.32616179001697,35.41689080150617,45.03,44.35,84.10684591147088,76.5917201298808,,,,
2021-09-03,00001,44.1513,44.4999,44.0738,44.19,6467968.0,44.210892243214666,39.40675308522612,53.81917055919176,44.18072395833336,-0.01573125000000175,-0.21068565513964188,-0.21615457946626032,0.005468924326618441,100.0,40.424129216569476,45.0,44.33,87.45387939085315,84.10684591147088,,,,
2021-09-06,00001,44.19,44.4257,43.9151,44.0329,4578750.0,43.30981971285316,40.70777529443513,48.51390854968922,44.171101041666695,-0.009622916666664594,-0.21033705521104906,-0.21499107461521808,0.004654019404169013,42.851946162239905,31.79320953741335,44.97,44.3,84.97369725289327,87.45387939085315,,,,
2021-09-07,00001,43.9151,44.0329,43.208,43.2473,5682501.0,29.67179885270444,37.0291164805249,14.957163597063527,44.048818750000024,-0.12228229166667148,-0.2703358779996279,-0.22606003529210003,-0.04427584270752785,4.002036659878244,1.9018583042975368,44.9,44.24,71.97230060087534,84.97369725289327,,,,
2021-09-08,00001,43.0116,43.2473,42.8545,43.0509,6110052.0,23.759968328771023,32.60606709660694,6.067770793099186,43.883341666666695,-0.16547708333332878,-0.32992998841233145,-0.2468340259161463,-0.08309596249618514,16.666666666666465,8.116037852803718,44.85,44.17,63.536371486554415,71.97230060087534,,,,
2021-09-09,00001,43.1687,43.1687,42.4224,42.4224,6283403.0,15.83997888584735,27.017371026353743,-6.514805395165439,43.61540312500002,-0.2679385416666733,-0.42299739698739103,-0.28206670013039525,-0.14093069685699577,0.0,0.0,44.78,44.06,53.06599876576303,63.536371486554415,,,,
2021-09-10,00001,42.7367,43.483,42.501,43.4044,3909748.0,26.316103051856555,26.78361503485468,25.3810790858603,43.56515937500002,-0.05024374999999992,-0.41275679234406226,-0.30820471857312864,-0.10455207377093362,100.0,34.43197755960731,44.74,43.96,61.097971406592734,53.06599876576303,,,,
2021-09-13,00001,43.4044,43.483,42.8938,43.3651,2418057.0,32.66962024556178,28.745616771757046,40.51762719317124,43.52312500000003,-0.04203437499999296,-0.40316478822357027,-0.32719673250321696,-0.07596805572035331,95.99796334012176,33.053997194950774,44.7,43.88,75.47758734523563,61.097971406592734,,,,
2021-09-14,00001,43.6008,43.6008,42.6581,42.8938,3224732.0,29.34332484882614,28.944852797446742,30.14026895158493,43.47847395833336,-0.044651041666668334,-0.42865179595568037,-0.3474877451937096,-0.08116405076197075,43.48018596413538,16.528751753155543,44.63,43.79,73.95524584858273,75.47758734523563,,,,
2021-09-15,00001,42.6581,42.8938,42.226,42.6581,4817835.0,25.896414786269023,27.928706793720835,21.831830771365404,43.338212500000026,-0.1402614583333346,-0.4625376077576959,-0.37049771770650686,-0.09203989005118907,37.93345623738028,14.174648996194668,44.55,43.7,70.34810709282056,73.95524584858273,,,,
2021-09-16,00001,42.4224,42.4224,41.8725,42.1867,7696454.0,21.366318406261964,25.74124399790121,12.616467222983466,43.14099791666669,-0.1972145833333343,-0.521419795263462,-0.4006821332178979,-0.12073766204556413,30.764711642024935,11.785004313416586,44.46,43.58,63.664397635587164,70.34810709282056,,,,
2021-09-17,00001,42.6188,42.6188,41.0476,41.244,12396945.0,16.437180035108412,22.63988934363694,4.031761418051353,42.85508958333336,-0.28590833333333165,-0.6368115969245238,-0.4479080259592231,-0.18890357096530075,12.194970506053876,5.62589515898015,44.35,43.43,55.12850555181706,63.664397635587164,,,,
2021-09-20,00001,41.244,41.244,39.9478,40.0656,8425122.0,12.03303561789418,19.10427143505602,-2.1094360164294983,42.36700937500002,-0.48808020833333643,-0.8139645857253583,-0.5211193379124501,-0.2928452478129082,5.261512349814754,2.566001568354155,44.19,43.21,46.879304060651805,55.12850555181706,,,,
2021-09-21,00001,40.1442,41.0083,39.6728,40.6155,6502774.0,16.021854023606267,18.07679896457277,11.91196414167326,41.99851041666669,-0.36849895833333335,-0.8996170460596318,-0.5968188795418865,-0.30279816651774527,59.99872708757615,19.37399810925223,44.05,42.99,47.63341776267086,46.879304060651805,,,,
2021-09-23,00001,40.8119,41.3226,40.6155,40.9298,6321061.0,21.34824212571713,19.167280018287556,25.71016634057628,41.78825416666669,-0.21025625000000048,-0.9313992637453481,-0.6637349563825788,-0.26766430736276925,100.0,25.833367586008425,43.92,42.76,51.122166416223024,47.63341776267086,,,,
2021-09-24,00001,41.0083,41.2833,40.1835,40.262,4310250.0,19.23216141714474,19.18890715123995,19.31866994895433,41.604093750000025,-0.18416041666666416,-0.9989574198951772,-0.7307794490850985,-0.26817797081007866,46.87350835322189,12.304993421464783,43.76,42.53,52.052354335448655,51.122166416223024,,,,
2021-09-27,00001,40.4584,40.9298,39.9478,39.9871,3322999.0,15.488616776399246,17.95547702629305,10.554896276611636,41.35125729166669,-0.25283645833333424,-1.0624328138029284,-0.7971101220286645,-0.26532269177426393,4.002036659877521,6.957849995572393,43.61,42.29,48.175735895031266,52.052354335448655,,,,
2021-09-28,00001,39.8692,40.2227,39.5157,39.8692,6212882.0,13.8138986081632,16.574950886916433,8.291794050656733,41.10739062500002,-0.24386666666666912,-1.1094618795277782,-0.8595804735284872,-0.24988140599929098,47.36701058555511,7.562629698564431,43.46,42.05,45.040629084788506,48.175735895031266,,,,
2021-09-29,00001,39.7907,41.0083,39.5157,40.8905,5361021.0,23.97729341002896,19.04239839462061,33.84708344084566,41.10376250000002,-0.003628124999998761,-1.052193348348922,-0.8981030484925742,-0.15409029985634792,100.0,29.411890550456793,43.35,41.85,58.539688114237975,45.040629084788506,,,,
2021-09-30,00001,40.6155,41.3226,40.4191,40.8119,5231515.0,29.908572971256888,22.6644565868327,44.396805740105265,41.08947500000002,-0.014287500000001785,-1.0016041190965552,-0.9188032626133704,-0.0828008564831848,94.28280477160303,27.73035534732474,43.26,41.69,68.18165115855354,58.539688114237975,,,,
2021-10-04,00001,40.6155,40.8512,40.3406,40.6548,3296766.0,40.95293984236872,28.760617672011374,65.33758418308341,41.06404687500003,-0.025428124999990587,-0.9630865848493002,-0.9276599270605563,-0.035426657788743876,82.85568810008719,24.3694242988255,43.14,41.54,73.93669981941031,68.18165115855354,,,,
2021-10-05,00001,40.6155,41.244,40.6155,41.0476,3364078.0,55.5621476935363,37.69446101251969,91.29752105556953,41.04479687500003,-0.019249999999999545,-0.8905992108966103,-0.9202477838277672,0.029648572931156858,100.0,32.772821598956035,43.04,41.43,84.92073602331848,73.93669981941031,,,,
2021-10-06,00001,41.4404,41.4797,40.537,41.1262,4531434.0,64.3751045723371,46.588008865792155,99.94929598542699,41.06686354166669,0.02206666666666024,-0.8173877445701834,-0.8996757759762504,0.082288031406067,100.0,35.65261666519074,42.94,41.34,89.88402426384698,84.92073602331848,,,,
2021-10-07,00001,41.2833,41.519,40.9298,41.0476,5230556.0,68.40634519368477,53.86078764175636,97.49746029754158,41.112275000000025,0.0454114583333336,-0.7569834590486835,-0.871137312590737,0.11415385354205354,86.65987780040824,39.39362769048783,42.85,41.27,91.71917555444097,89.88402426384698,,,,
2021-10-08,00001,41.244,41.3226,40.8512,41.3226,2947388.0,75.66962223215323,61.130399171888655,104.74806835268237,41.15072500000002,0.03844999999999743,-0.6790942500611976,-0.8327287000848291,0.15363445002363152,100.0,46.46539974798773,42.78,41.23,98.95960800744163,91.71917555444097,,,,
2021-10-11,00001,41.3226,41.9903,41.2047,41.5975,2450825.0,78.48865733874466,66.91648522750732,101.63300156121934,41.21618645833336,0.06546145833333838,-0.5884016304834034,-0.783863286164544,0.1954616556811406,100.0,53.53460025201209,42.74,41.21,103.2129560862081,98.95960800744163,,,,
2021-10-12,00001,41.5583,41.7154,41.1262,41.3226,2712109.0,76.66505871668355,70.16600972389939,89.66315670225185,41.24687916666669,0.03069270833332638,-0.5325700723471485,-0.7336046434010649,0.20103457105391642,63.1649470722235,46.46539974798773,42.71,41.2,98.1421637395639,103.2129560862081,,,,
2021-10-15,00001,41.3226,41.5975,40.8512,41.244,5067097.0,69.3638630720385,69.89862750661243,68.29433420289064,41.24810312500003,0.001223958333341102,-0.48902830945012,-0.6846893766108759,0.19566106716075593,52.63298941444489,44.89790616719487,42.66,41.2,92.07141193616577,98.1421637395639,,,,
2021-10-18,00001,41.4797,41.6368,41.0869,41.4011,4035674.0,67.67071383077405,69.1559896146663,64.70016226298955,41.25546354166669,0.0073604166666640936,-0.43680922673078726,-0.6351133466348582,0.19830411990407093,100.0,55.81243894496904,42.62,41.2,90.84133433513438,92.07141193616577,,,,
2021-10-19,00001,41.5975,42.0296,41.5975,41.8725,2484489.0,74.93872324079386,71.08356749004214,82.64903474229729,41.37166666666669,0.11620312499999841,-0.3533143986546108,-0.5787535570388087,0.22543915838419792,100.0,75.00000000000011,42.61,41.23,100.46491560686555,90.84133433513438,,,,
2021-10-20,00001,41.6761,41.9511,41.4797,41.8332,3649077.0,78.90639970932544,73.69117822980324,89.33684266836983,41.44531458333336,0.07364791666666548,-0.2870068906330516,-0.5204042237576573,0.23339733312460564,94.99745417515221,86.76525645825518,42.59,41.27,107.62273034047436,100.46491560686555,,,,
2021-10-21,00001,41.8332,41.9903,41.519,41.8332,3069375.0,80.38204425066131,75.9214669034226,89.30319894513875,41.49646354166669,0.05114895833333577,-0.23178583003914355,-0.4626805450139545,0.23089471497481096,89.99490835030443,98.33248472505073,42.59,41.31,112.53466630368732,107.62273034047436,,,,
2021-10-22,00001,41.6368,41.9118,41.4011,41.5975,2871618.0,74.69857487269692,75.51383622651404,73.06805216506268,41.49113750000002,-0.005326041666670278,-0.20468231156768724,-0.41108089832470107,0.20639858675701384,45.45244156445216,88.33163611676825,42.56,41.35,103.43326007292504,112.53466630368732,,,,
2021-10-25,00001,41.4011,41.7547,41.0869,41.5583,2649351.0,69.80074713169617,73.60947319490809,62.18329500527233,41.48050833333336,-0.010629166666660694,-0.18424186477018623,-0.3657130916137981,0.1814712268436119,63.1649470722235,86.66836388323152,42.54,41.38,101.66990983937474,103.43326007292504,,,,
2021-10-26,00001,41.8332,42.1867,41.3619,41.4797,3614756.0,62.220840032137914,69.81326214065136,47.03599581511102,41.45432500000003,-0.026183333333328562,-0.17239773278046755,-0.327050019847132,0.15465228706666445,76.92910301606027,83.33333333333329,42.51,41.41,95.61377289346245,101.66990983937474,,,,
2021-10-27,00001,41.4011,41.5583,41.0083,41.3226,4880200.0,53.24644046570336,64.29098824900203,31.157344899106022,41.415052083333364,-0.03927291666666832,-0.17368568939501472,-0.29637715375670853,0.12269146436169381,57.14545454545463,76.66751527494904,42.47,41.42,87.99178811684129,95.61377289346245,,,,
2021-10-28,00001,41.4404,41.519,40.9298,41.4011,4080253.0,47.99663246683241,58.859536321612154,26.27082475727292,41.3994947916667,-0.015557291666667084,-0.16645333985490396,-0.2703923909763476,0.10393905112144364,85.70649208947056,79.99830278343505,42.44,41.43,84.5345735664661,87.99178811684129,,,,
2021-10-29,00001,41.5583,41.5583,41.0083,41.1262,5156810.0,37.2063369387973,51.6418031940072,8.335404428377487,41.33607916666669,-0.06341562500000464,-0.18081940970404986,-0.252477794721888,0.07165838501783817,41.67197114364466,68.33418194161553,42.4,41.42,75.46441424367875,84.5345735664661,,,,
2021-11-01,00001,41.2047,41.4797,40.9298,41.0083,3753945.0,26.88606619374346,43.38989086058596,-6.121583139941535,41.27960729166669,-0.05647187499999973,-0.19941938568609174,-0.24186611291472876,0.042446727228637016,16.656057712709174,63.33163611676833,42.35,41.41,66.87448135829226,75.46441424367875,,,,
2021-11-02,00001,41.2047,41.7154,41.0869,41.244,3486576.0,26.256714455626867,37.678832058932926,3.4124792490147513,41.26364895833336,-0.015958333333330188,-0.19291715164710865,-0.23207632066120473,0.03915916901409608,100.0,58.97251778836723,42.32,41.39,67.16627093519313,66.87448135829226,,,,
2021-11-03,00001,41.3619,41.6761,41.244,41.4797,3346402.0,32.08797538880177,35.81521316888921,24.63349982862691,41.310292708333364,0.046643750000001205,-0.16682204347813467,-0.2190254652245907,0.052203421746456036,100.0,74.3586395978849,42.31,41.38,75.60631185098475,67.16627093519313,,,,
2021-11-04,00001,41.519,41.5975,40.6941,40.6941,4739571.0,21.391983592534515,31.007469976770977,2.1610108240615915,41.24196458333336,-0.06832812500000074,-0.20714499812093123,-0.21664937180385882,0.009504373682927586,0.0,11.763384500187152,42.26,41.36,63.1670823603024,75.60631185098475,,,,
2021-11-05,00001,40.8512,41.0869,40.6155,40.8119,2784873.0,18.427989061689754,26.814309671743903,1.6553478415814524,41.15931041666669,-0.08265416666667136,-0.22697927884539126,-0.21871535321216531,-0.00826392563322595,22.72622078222671,20.58405091725958,42.22,41.32,57.639102550919034,63.1670823603024,,,,
2021-11-08,00001,40.6548,41.5583,40.6548,41.4404,2805105.0,37.284568396492006,30.3043959133266,51.244913362822814,41.16749062500003,0.00818020833333577,-0.18979554689052947,-0.21293139194783814,0.023135845057308674,100.0,65.62450278440701,42.2,41.3,69.54325410405637,57.639102550919034,,,,
2021-11-09,00001,41.6368,41.6368,41.0869,41.4011,1817542.0,48.66460392114525,36.42446524926615,73.14488126490346,41.24645625000003,0.07896562500000215,-0.16163512388440893,-0.2026721383351523,0.04103701445074337,95.23578615589801,62.49801113762921,42.17,41.29,79.2289439709244,69.54325410405637,,,,
2021-11-10,00001,41.6368,41.6368,40.7727,41.3619,3535588.0,55.063307484236475,42.63741266092293,79.91509713086357,41.296384375000024,0.049928124999993884,-0.14085718421996063,-0.19030914751211397,0.049451963292153345,90.00763747454191,59.37947494033399,42.15,41.28,86.3207386135613,79.2289439709244,,,,
2021-11-11,00001,41.3619,41.8332,41.1655,41.519,4291368.0,61.4412906975198,48.90537200645522,86.51312807964895,41.30948229166669,0.013097916666666265,-0.11044076785357504,-0.1743354715804062,0.06389470372683115,100.0,71.8774860779632,42.12,41.29,92.42719216567716,86.3207386135613,,,,
2021-11-12,00001,41.519,41.7939,41.244,41.3226,2532957.0,60.317023723615584,52.70925591217534,75.53255934649607,41.33199270833336,0.02251041666666964,-0.10101889442858436,-0.15967215615004182,0.05865326172145746,73.68350529277804,56.252983293556184,42.1,41.29,91.69452863029503,92.42719216567716,,,,
2021-11-15,00001,41.2833,41.2833,40.8512,41.0869,3545701.0,53.115457988145316,52.84465660416533,53.65706075610528,41.311533333333365,-0.020459374999994395,-0.11128815149528748,-0.14999535521909096,0.038707203723803485,35.29499850254589,37.50198886237079,42.07,41.29,85.01336417461101,91.69452863029503,,,,
2021-11-16,00001,41.0869,41.4797,41.0476,41.2833,2398789.0,53.69066994725822,53.12666105186296,54.81868773804875,41.285345833333366,-0.02618749999999892,-0.10239838821142655,-0.1404759618175581,0.03807757360613154,91.66313109885361,53.12649164677781,42.04,41.29,83.45896827103726,85.01336417461101,,,,
2021-11-17,00001,41.4011,41.4011,41.0476,41.244,2586065.0,52.998345949892666,53.08388935120619,52.82725914726562,41.2763416666667,-0.009004166666663593,-0.09740158349373473,-0.1318610861527934,0.03445950265905867,90.90488312890595,51.61369795516155,42.01,41.28,81.51618547065777,83.45896827103726,,,,
2021-11-18,00001,41.0476,41.244,41.0083,41.0476,2610138.0,46.44334174437296,50.870373482261776,37.58927826859532,41.25383333333337,-0.022508333333334463,-0.10804395491442165,-0.12709765990511906,0.019053704990697418,14.29090909091074,35.48493060688226,41.99,41.27,76.98666103572094,81.51618547065777,,,,
2021-11-19,00001,41.0476,41.2047,40.7334,40.9298,3589037.0,36.914825271541055,46.218524078688205,18.307427657246762,41.183459375000034,-0.07037395833333449,-0.12454787605695827,-0.1265877031354869,0.002039827078528622,38.46455150802944,32.00610997963372,41.95,41.25,71.79104119956644,76.98666103572094,,,,
2021-11-22,00001,40.9298,41.3619,40.8905,41.2047,2253177.0,38.894298862605886,43.77711567332744,29.12866524116278,41.178953125000035,-0.004506249999998602,-0.11412960486028823,-0.12409608348044716,0.009966478620158939,100.0,62.494696648281916,41.92,41.24,79.67667238671817,71.79104119956644,,,,
2021-11-23,00001,41.244,41.4797,40.6941,41.0869,3632731.0,37.423987261518995,41.659406202724625,28.953149379107742,41.18018333333337,0.0012302083333324276,-0.11406367039155896,-0.12208960086266953,0.008025930471110568,76.9291030160592,52.17487548422824,41.89,41.23,80.53479224409813,79.67667238671817,,,,
2021-11-24,00001,41.1262,41.3619,40.9691,41.2047,2523369.0,40.42486584846865,41.24789275130596,38.77881204279403,41.18835937500003,0.008176041666665412,-0.1033149904472026,-0.11833467877957614,0.015019688332373535,100.0,65.21306032097449,41.88,41.22,85.42641433987447,80.53479224409813,,,,
2021-11-25,00001,41.2047,41.2047,40.8905,41.0083,2398979.0,40.28154668241421,40.92577739500871,38.993085257225204,41.147851041666705,-0.04050833333332804,-0.10938351766519361,-0.11654444655669963,0.007160928891506019,61.5354484919697,43.47537354731607,41.85,41.2,82.60776318663646,85.42641433987447,,,,
2021-11-26,00001,40.9298,41.0083,40.4191,40.4977,4706287.0,29.3246642852276,37.058739691748336,13.856513472186123,41.04678645833337,-0.10106458333333279,-0.1536231498996301,-0.12396018722528572,-0.029662962674344387,10.00509164969467,7.146104191290271,41.79,41.17,71.22114204454569,82.60776318663646,,,,
2021-11-29,00001,40.537,40.537,39.6728,39.6728,5742042.0,19.549776190151732,31.222418524549468,-3.7955084786437396,40.80946875000004,-0.23731770833332888,-0.2523371278622264,-0.14963557535267386,-0.10270155250955254,0.0,0.0,41.71,41.1,59.588547608111696,71.22114204454569,,,,
2021-11-30,00001,39.6728,39.9478,38.3766,38.3766,14770814.0,13.033184126767821,25.159340391955585,-11.219128403607705,40.3802604166667,-0.4292083333333423,-0.430202072102297,-0.20574887470259848,-0.22445319739969852,0.0,0.0,41.58,40.96,49.734371676522045,59.588547608111696,,,,
2021-12-01,00001,38.6515,39.555,38.5337,38.8087,6987133.0,13.33038438202081,21.21635505531066,-2.4415569645588917,40.070118750000034,-0.31014166666666654,-0.5301828452578832,-0.2706356688136554,-0.25954717644422776,33.335904952939266,13.750636456211783,41.48,40.8,45.88274621845156,49.734371676522045,,,,
2021-12-02,00001,38.8087,39.0051,38.3373,38.7301,4778846.0,13.053589588013883,18.4954332328784,2.169902298284846,39.810301041666705,-0.25981770833332973,-0.6087434755620222,-0.33825723016332876,-0.2704862453986935,83.32626219770872,12.345601408052337,41.37,40.62,42.89300060755963,45.88274621845156,,,,
2021-12-03,00001,38.6515,39.3193,38.3766,39.2407,6908480.0,18.28530208786802,18.42538951787494,18.005127227854175,39.74851145833337,-0.061789583333336395,-0.6226249554235395,-0.3951307752153709,-0.22749418020816858,100.0,28.39362604896747,41.29,40.46,50.86760220732603,42.89300060755963,,,,
2021-12-06,00001,39.2015,39.6728,39.0051,39.5157,6599564.0,25.17704262711671,20.67594055428886,34.17924677277241,39.71659375000003,-0.031917708333338624,-0.6044679957090722,-0.43699821931411115,-0.16746977639496102,100.0,37.03680422415702,41.21,40.31,66.39607303703607,50.86760220732603,,,,
2021-12-07,00001,39.5157,40.0656,39.4371,39.8692,3642034.0,34.59293018739262,25.31493709865678,53.148916364864284,39.78083020833337,0.06423645833334035,-0.5551545031041911,-0.4606294760721271,-0.094525027032064,100.0,48.147216896627604,41.14,40.21,79.54709631263448,66.39607303703607,,,,
2021-12-08,00001,39.9085,39.9478,39.1229,39.3586,3961736.0,35.80749195819939,28.81245538517099,49.7975651042562,39.77920000000004,-0.0016302083333314954,-0.5509236527373531,-0.4786883114051723,-0.07223534133218079,40.909616942483936,32.099192255712474,41.06,40.1,82.22241990424939,79.54709631263448,,,,
2021-12-09,00001,39.28,39.8692,39.28,39.5943,3817849.0,42.91971331255811,33.514874694300026,61.72939054907427,39.774704166666695,-0.004495833333344024,-0.5225282725042177,-0.4874563036249814,-0.03507196887923636,63.164947072222546,39.50718169532006,40.99,40.02,83.89789546608704,82.22241990424939,,,,
2021-12-10,00001,39.2407,39.4371,39.1622,39.2015,4673313.0,45.28077321379169,37.436840867463914,60.96863790644724,39.67364895833337,-0.10105520833332804,-0.5256609145152495,-0.495097225803035,-0.030563688712214543,16.673737802291534,28.948514387163875,40.9,39.94,72.31289706724559,83.89789546608704,,,,
2021-12-13,00001,39.28,39.6335,38.9658,39.2015,4972613.0,46.854813147947404,40.57616496095841,59.4121095219254,39.598369791666705,-0.07527916666666101,-0.5221248258969311,-0.5005027458218142,-0.0216220800751169,37.50198886237121,29.33469110658535,40.82,39.86,67.01339875545928,72.31289706724559,,,,
2021-12-14,00001,38.8872,39.2407,38.8087,39.1229,3588400.0,46.38823258446547,42.51352083546076,54.13765608247489,39.49075520833337,-0.10761458333333707,-0.5196743311002834,-0.504337062877508,-0.015337268222775369,79.98981670061066,26.666666666666764,40.75,39.78,64.11674053668438,67.01339875545928,,,,
2021-12-15,00001,38.8872,39.4371,38.6123,39.1229,4292464.0,45.65412466357295,43.56038877816482,49.8415964343892,39.416693750000036,-0.07406145833333255,-0.5118322131701447,-0.5058360929360354,-0.005996120234109337,86.65987780040719,27.027212990676784,40.68,39.7,67.30456665494859,64.11674053668438,,,,
2021-12-16,00001,38.8479,39.3193,38.8479,39.1622,3189106.0,43.048757711677105,43.38984508933558,42.36658295636016,39.3990979166667,-0.017595833333338362,-0.4967202152115391,-0.5040129173911361,0.007292702179596988,100.0,28.76822208272297,40.61,39.64,71.01341425069825,67.30456665494859,,,,
2021-12-17,00001,38.9265,39.555,38.9265,39.1622,6456007.0,41.31184641041321,42.69717886302812,38.54118150518339,39.37168437500004,-0.02741354166666099,-0.47921970153785765,-0.4990542742204804,0.01983457268262273,100.0,28.76822208272297,40.56,39.58,75.3680066059656,71.01341425069825,,,,
2021-12-20,00001,38.8872,39.28,38.8479,39.0443,4699228.0,38.323709412757715,41.239355712937986,32.49241681239717,39.341807291666704,-0.029877083333332166,-0.46945240790135045,-0.4931339009566544,0.023681493055303926,62.48806872414879,24.65648322522145,40.53,39.52,75.57258067963592,75.3680066059656,,,,
2021-12-21,00001,39.7121,39.7121,38.8087,38.8087,3377592.0,30.75772156941436,37.74547766509678,16.78220937804953,39.26161458333337,-0.08019270833333536,-0.4752443868710259,-0.48955599813952866,0.014311611268502777,0.0,16.43998047011237,40.49,39.46,63.052131275597404,75.57258067963592,,,,
2021-12-22,00001,38.8087,38.9658,38.6123,38.7694,2867147.0,25.266619495691273,33.585858275294946,8.628141936483928,39.1748729166667,-0.0867416666666685,-0.47750141441854055,-0.487145081395331,0.009643666976790477,36.36574074074051,15.069400850945032,40.45,39.39,56.5100117316389,63.052131275597404,,,,
2021-12-23,00001,38.6515,39.2407,38.6515,39.0836,2091323.0,31.128828345372607,32.76684829865417,27.852788438809483,39.14091250000004,-0.033960416666658944,-0.4487637418199384,-0.4794688134802525,0.03070507166031411,100.0,27.94084612504673,40.41,39.34,58.882239939345354,56.5100117316389,,,,
2021-12-24,00001,39.1229,39.3586,39.0443,39.0443,1601264.0,33.84584191928282,33.12651283886372,35.28450008012102,39.12658125000004,-0.014331250000005014,-0.4242693972846254,-0.4684289302411271,0.04415953295650166,91.66136218968867,32.7254212182929,40.36,39.29,59.80331045329882,58.882239939345354,,,,
2021-12-28,00001,39.2407,40.3799,39.2407,40.0656,5519823.0,49.970170542552815,38.74106540676008,72.4283808141383,39.2714197916667,0.14483854166666532,-0.3187724675514332,-0.4384976377031883,0.1197251701517551,100.0,100.0,40.33,39.29,72.45991837540832,59.80331045329882,,,,
2021-12-29,00001,40.537,40.537,39.9085,40.1835,3119805.0,60.524614136662535,46.00224831672756,89.56934577653249,39.42036562500004,0.148945833333336,-0.22308031499635206,-0.39541417316182104,0.17233385816546898,100.0,100.0,40.32,39.31,82.81645510101686,72.45991837540832,,,,
2021-12-30,00001,39.9871,40.537,39.9871,40.2227,2629970.0,68.23980354646945,53.41476672664152,97.88987718612532,39.59057395833338,0.17020833333334195,-0.14243853946178575,-0.344819046421814,0.20238050696002824,100.0,100.0,40.31,39.36,90.95126108888363,82.81645510101686,,,,
2021-12-31,00001,40.1049,40.4584,39.5157,39.5157,2754550.0,61.138930702928576,55.989488052070534,71.43781600464466,39.57379895833338,-0.01677500000000265,-0.13403329037388545,-0.3026618952122283,0.16862860483834285,0.0,62.50132597857223,40.29,39.4,81.87014900910646,90.95126108888363,,,,
2022-01-03,00001,40.0263,40.6155,39.6728,40.3013,3010477.0,68.86431908416752,60.28109839610286,86.03076046029685,39.665450000000035,0.09165104166665827,-0.06325159048594742,-0.25477983426697215,0.19152824378102473,100.0,100.0,40.28,39.45,88.30589132379981,81.87014900910646,,,,
2022-01-04,00001,40.537,40.6155,40.1442,40.3799,3278858.0,75.3224853532363,65.29489404848067,95.37766796274758,39.78043645833337,0.11498645833333399,-0.0008049413944135608,-0.20398485569246044,0.20317991429804688,100.0,100.0,40.29,39.52,95.74626341377802,88.30589132379981,,,,
2022-01-05,00001,40.6548,41.5975,40.3013,41.2833,7081079.0,79.9932206043526,70.19433623377131,99.5909893455152,40.04844062500004,0.26800416666667104,0.12019576591541181,-0.139148731370886,0.2593444972862978,100.0,99.99999999999999,40.32,39.62,103.83314590950245,95.74626341377802,,,,
2022-01-06,00001,41.3619,41.4797,40.7334,41.2833,3275564.0,82.56010518748577,74.3162592183428,99.04779712577175,40.24934062500004,0.2008999999999972,0.21362713755797813,-0.06859355758511315,0.2822206951430913,100.0,99.99999999999999,40.36,39.75,110.39046312040327,103.83314590950245,,,,
2022-01-07,00001,41.2833,41.6368,40.9691,41.5975,6511858.0,87.82668170213667,78.81973337960743,105.84057834719513,40.490740625000036,0.24139999999999873,0.3094582448271339,0.007016802897336263,0.30244144192979766,100.0,99.99999999999999,40.41,39.89,119.82905536153976,110.39046312040327,,,,
2022-01-10,00001,41.8332,42.501,41.4797,42.4617,5896937.0,91.44563759876478,83.02836811932654,108.28017655764123,40.819301041666705,0.3285604166666687,0.4499520383305793,0.09560384998398487,0.35434818834659443,100.0,100.0,40.51,40.07,128.13170852336913,119.82905536153976,,,,
2022-01-11,00001,42.6581,42.8152,42.3439,42.4224,5548168.0,90.32881371058738,85.46184998308017,100.0627411656018,41.098759375000036,0.2794583333333307,0.5517628219776611,0.18683564438272013,0.364927177594941,97.3670105855556,98.97906167194895,40.6,40.27,130.52072110327035,128.13170852336913,,,,
2022-01-12,00001,42.4224,42.8545,42.1082,42.5795,4125567.0,90.80704508943518,87.24358168519852,97.93397189790849,41.37944375000004,0.280684375000007,0.6377734037868876,0.27702319626355365,0.360750207523334,100.0,100.0,40.7,40.48,133.87581972824253,130.52072110327035,,,,
2022-01-13,00001,43.208,43.4044,42.7759,43.208,6165496.0,92.11697742804448,88.86804693281384,98.61483841850574,41.624940625000036,0.2454968749999935,0.7480292909162003,0.371224415194083,0.3768048757221173,100.0,100.0,40.82,40.71,138.04090252211228,133.87581972824253,,,,
2022-01-14,00001,43.0116,43.3651,42.7759,43.1687,2836532.0,92.33477901374364,90.02362429312377,96.95708845498339,41.869207291666704,0.2442666666666682,0.82275251540878,0.4615300352370224,0.3612224801717576,96.42662302236796,99.14485279718002,40.93,40.95,139.43695460240104,138.04090252211228,,,,
2022-01-17,00001,43.208,43.8365,43.0902,43.5615,3918001.0,92.29688292399987,90.78137717008246,95.3278944318347,42.14784895833337,0.27864166666666534,0.903254728154721,0.5498749738205622,0.3533797543341588,100.0,100.0,41.03,41.19,141.34245005036672,139.43695460240104,,,,
2022-01-18,00001,43.5615,43.7972,43.3259,43.7579,3607269.0,94.02027164265066,91.86100866093852,98.33879760607493,42.384342708333364,0.23649374999999395,0.9716999976490612,0.634239978586262,0.3374600190627992,100.0,100.0,41.15,41.44,145.38395219570378,141.34245005036672,,,,
2022-01-19,00001,43.9936,43.9936,43.2866,43.483,3869869.0,90.38613800257822,91.36938510815175,88.41964379143118,42.5664291666667,0.18208645833333748,0.9923223598152902,0.7058564548320676,0.28646590498322255,58.82881533622827,94.65757151741289,41.25,41.67,139.25928797611175,145.38395219570378,,,,
2022-01-20,00001,44.3079,44.3079,43.3259,43.5223,4200586.0,84.33163036534236,89.02346686054862,74.94795737492984,42.713330208333375,0.1469010416666734,1.0003060069846725,0.7647463652625885,0.235559641722084,50.010608953957494,95.42133084577118,41.37,41.89,127.89735580413489,139.25928797611175,,,,
2022-01-21,00001,43.7579,43.9936,43.3259,43.7972,4263217.0,81.81548614648773,86.62080662252833,72.20484519440652,42.84180937500004,0.12847916666666492,1.0170908472799454,0.81521526166606,0.2018755856138854,100.0,100.0,41.48,42.1,122.37112075362123,127.89735580413489,,,,
2022-01-24,00001,43.7972,44.3864,43.5615,44.3471,4575222.0,87.30197540131921,86.8478628821253,88.21020043970702,43.08198437500005,0.2401750000000078,1.0625172509610863,0.8646756595250652,0.1978415914360211,100.0,100.0,41.61,42.31,130.54745563756495,122.37112075362123,,,,
2022-01-25,00001,44.3471,44.3471,43.6794,44.1507,8660036.0,86.6562481150055,86.78399129308536,86.40076175884576,43.2677385416667,0.1857541666666549,1.0703320430080083,0.9058069362216539,0.16452510678635446,80.76772424598542,96.1538461538462,41.72,42.52,132.15894567349892,130.54745563756495,,,,
2022-01-26,00001,43.9936,44.1507,43.3651,43.7579,3898612.0,78.09578292009367,83.88792183542147,66.51150508943809,43.34343125000004,0.07569270833333519,1.0329227542355568,0.9312300998244345,0.1016926544111223,40.00000000000014,87.80477708324712,41.82,42.7,123.20932814310987,132.15894567349892,,,,
2022-01-27,00001,43.7972,43.7972,42.9723,43.3259,4924510.0,60.398956522313085,76.058266731052,29.080336104835254,43.31479895833337,-0.028632291666667697,0.95738074446529,0.9364602287526056,0.020920515712684384,30.00678886625926,78.86326944570929,41.89,42.83,111.30306915697614,123.20932814310987,,,,
2022-01-28,00001,43.6794,44.0722,43.0509,43.2473,5424050.0,46.74830371176162,66.28827905795521,7.66835301937445,43.285751041666714,-0.029047916666655738,0.8810150018308534,0.9253711833682552,-0.04435618153740184,35.005091649695125,77.23641180610184,41.95,42.94,99.8329646589546,111.30306915697614,,,,
2022-01-31,00001,43.2473,43.7579,42.7367,43.3651,4358007.0,43.86279389517006,58.813117337026824,13.962147011456523,43.27265625000005,-0.01309479166666705,0.8205413857858659,0.9044052238517774,-0.08386383806591147,100.0,78.99150674967373,42.01,43.03,96.84939786663381,99.8329646589546,,,,
2022-02-04,00001,43.6401,44.0722,42.8938,43.6401,6944279.0,47.49568652436275,55.04064039947213,32.405778774144,43.31520833333338,0.04255208333333371,0.7857481950294058,0.880673818087303,-0.0949256230578972,100.0,83.17828166266149,42.08,43.11,100.62614144111441,96.84939786663381,,,,
2022-02-07,00001,43.6401,43.6401,43.2473,43.6008,3627772.0,49.12353117101744,53.0682706566539,41.23405219974451,43.35776145833338,0.04255312499999775,0.7463991345218801,0.8538188813742185,-0.10741974685233835,95.64976754483094,81.55371002026797,42.13,43.17,102.85434174663554,100.62614144111441,,,,
2022-02-08,00001,43.6794,44.7399,43.6008,44.465,11426803.0,61.50800640368157,55.88151590566312,72.76098739971846,43.545168750000045,0.18740729166666625,0.7760031568077537,0.8382557364609255,-0.06225257965317188,100.0,100.0,42.22,43.26,110.65036640139326,102.85434174663554,,,,
2022-02-09,00001,44.7399,44.7399,44.1507,44.7007,6750281.0,73.68638126592613,61.816471025750786,97.42620174627683,43.76203125000005,0.21686250000000484,0.8091561297461709,0.8324358151179746,-0.023279685371803693,100.0,100.0,42.3,43.37,120.39755069454304,110.65036640139326,,,,
2022-02-10,00001,45.8791,46.2719,45.172,46.2719,9485283.0,82.45758751061742,68.696843187373,109.97907615710622,44.22930625000005,0.4672750000000008,0.9512474204558004,0.8561981361855397,0.0950492842702606,99.99999999999999,100.0,42.42,43.54,129.21540627619845,120.39755069454304,,,,
2022-02-11,00001,47.4895,47.4895,46.7039,47.0575,11960428.0,85.27526537626414,74.22298391700339,107.37982829478565,44.72726875000005,0.49796249999999986,1.114401025194617,0.9078387139873552,0.20656231120726187,100.00000000000001,100.0,42.58,43.76,133.63177324686518,129.21540627619845,,,,
2022-02-14,00001,47.0967,47.0967,46.3897,46.9396,5993169.0,86.32683629023006,78.25760137474562,102.46530612119895,45.16425312500005,0.43698437500000153,1.2201230685062825,0.9702955848911407,0.24982748361514184,93.74701670644399,97.61784494777042,42.74,44.02,135.9752365266432,133.63177324686518,,,,
2022-02-15,00001,46.9396,47.0575,46.3897,46.429,5468563.0,83.44683660441642,79.98734645130254,90.36581691064416,45.39297916666671,0.22872604166666122,1.2483175688956933,1.025899981692051,0.22241758720364224,5.884995507637668,85.4540825773006,42.87,44.27,129.92432018232853,135.9752365266432,,,,
2022-02-16,00001,46.9789,46.9789,46.3897,46.429,3752876.0,81.27258480505931,80.41575923588813,82.98623594340168,45.51941145833338,0.12643229166666714,1.2561814359370231,1.0719562725410454,0.18422516339597772,7.146753955265369,85.4540825773006,42.99,44.51,110.85470944116364,129.92432018232853,,,,
2022-02-17,00001,47.2539,47.4895,46.7432,47.2539,7622655.0,85.66381582826877,82.16511143334834,92.66122461810963,45.78414791666671,0.26473645833333137,1.3138311159729739,1.120331241227431,0.19349987474554275,100.0,100.0,43.13,44.77,115.67189728991323,110.85470944116364,,,,
2022-02-18,00001,47.0967,47.0967,46.5468,46.9396,4294396.0,85.72888636500436,83.35303641056701,90.48058627387903,45.976859375000046,0.19271145833333492,1.3189534451638352,1.1600556820147119,0.1588977631491233,63.63110391113151,93.04215000442746,43.27,45.01,111.69271448733787,115.67189728991323,,,,
2022-02-21,00001,46.5861,46.6254,46.0362,46.5468,4328901.0,81.0743592099909,82.5934773437083,78.03612294255609,46.06646145833338,0.08960208333333242,1.2766013846134996,1.1833648225344695,0.09323656207903008,41.93151022419285,84.34649783051441,43.41,45.22,104.17248627615662,111.69271448733787,,,,
2022-02-22,00001,45.8005,46.1147,45.0149,45.6434,5123794.0,62.51558751610862,75.90084740117507,35.74506774597572,45.94575833333338,-0.12070312499999858,1.1568053099986955,1.1780529200273147,-0.02124761002861919,32.65443965293303,64.34738333480915,43.51,45.37,95.08297033890747,104.17248627615662,,,,
2022-02-23,00001,45.6434,45.9183,45.2113,45.8791,3002649.0,53.3179969469443,68.37323058309815,23.20752967463659,45.90607708333338,-0.039681250000001,1.068567299289107,1.156155795879673,-0.087588496590566,56.41360402115045,69.56521739130436,43.62,45.49,91.82143248946764,95.08297033890747,,,,
2022-02-24,00001,44.8578,45.0149,43.8365,44.0329,8588667.0,37.33746561678755,58.02797559432795,-4.043554338293248,45.59061041666671,-0.3154666666666657,0.8399823359207517,1.0929211038878888,-0.2529387679671371,9.615196318417556,28.694766669618307,43.66,45.53,79.38150604595627,91.82143248946764,,,,
2022-02-25,00001,44.0329,44.5043,43.5223,43.7187,4792954.0,26.54184203719154,47.53259774194914,-15.439669372323664,45.26491562500005,-0.32569479166666326,0.6262547169179555,0.9995878264939021,-0.37333310957594656,8.333333333333208,21.73913043478258,43.69,45.49,68.95257270933607,79.38150604595627,,,,
2022-02-28,00001,43.6794,43.6794,42.501,43.0116,11995813.0,21.10640860679966,38.723868030232644,-14.128510240066305,44.78904791666672,-0.4758677083333325,0.3952606596716848,0.8787223931294587,-0.4834617334577739,33.331157386252606,10.742914851985173,43.68,45.38,62.06745478913517,68.95257270933607,,,,
2022-03-01,00001,43.4437,43.7187,42.3831,42.6974,5333794.0,16.122612787842957,31.190116282769413,-14.01239420200995,44.415072916666716,-0.3739750000000015,0.18471362724601192,0.7399206399527694,-0.5552070127067574,23.53249475891008,6.4527387698119965,43.65,45.22,55.264864045766245,62.06745478913517,,,,
2022-03-02,00001,42.7367,42.8938,41.0083,41.1655,8818146.0,11.609061570363666,24.66309804530083,-14.499011379510662,43.862291666666714,-0.5527812500000024,-0.10455272154613482,0.5710259676529885,-0.6755786891991233,7.847052363600204,2.5169719482516175,43.54,44.98,47.30389245835512,55.264864045766245,,,,
2022-03-03,00001,39.9478,41.6368,39.9085,41.244,6986212.0,14.36693570565547,21.23104393208571,0.638719252794985,43.38356354166672,-0.4787281249999964,-0.3237323085309072,0.3920743124162094,-0.7158066209471166,47.886263401341054,18.181446891932396,43.42,44.69,48.93023653017006,47.30389245835512,,,,
2022-03-04,00001,41.244,41.5975,40.8905,41.5583,5995285.0,18.43898857878028,20.300358814317235,14.716248107706363,43.06114479166672,-0.3224187499999971,-0.4666925854160624,0.220320932849755,-0.6870135182658175,100.0,22.460315299371103,43.31,44.4,52.428491786537336,48.93023653017006,,,,
2022-03-07,00001,41.3619,41.4011,40.3013,41.244,6663734.0,19.70000483219118,20.100240820275218,18.8995328560231,42.81768125000005,-0.24346354166667084,-0.5984524310051071,0.05656626007878257,-0.6550186910838898,80.94920596435921,18.181446891932396,43.2,44.1,55.66853840564153,52.428491786537336,,,,
2022-03-08,00001,41.2833,41.8332,41.0476,41.6368,9787217.0,24.415257281725058,21.5385796407585,30.168612563658172,42.665880208333384,-0.15180104166666553,-0.66352863560045,-0.08745271905706395,-0.576075916543386,100.0,23.52901135404475,43.11,43.82,70.86391001688688,55.66853840564153,,,,
2022-03-09,00001,41.6368,42.2653,40.9691,41.5975,6592967.0,28.527153693278205,23.868104324931736,37.84525242997114,42.50179479166672,-0.16408541666666565,-0.7100877288235807,-0.2119797210103673,-0.4981080078132134,97.05728191688475,22.99398262858386,43.0,43.55,77.03309711018323,70.86391001688688,,,,
2022-03-10,00001,42.226,43.3259,41.8332,43.208,6978712.0,47.88360383569167,31.873270828518383,79.90426985003825,42.69532708333338,0.19353229166666353,-0.6100005485417199,-0.2915838865166378,-0.3184166620250821,100.0,44.91926920249407,42.95,43.36,90.67962183203281,77.03309711018323,,,,
2022-03-11,00001,43.208,43.2866,42.2653,42.8545,7098769.0,57.69532786288604,40.4806231733076,92.12473724204291,42.79311979166672,0.09779270833333698,-0.5528325235511815,-0.34383361392354655,-0.20899890962763495,84.21099647148168,40.10673346584261,42.9,43.22,97.80202727327625,90.67962183203281,,,,
2022-03-14,00001,42.3046,42.8152,41.9118,42.6581,10389959.0,65.2831613582698,48.74813590162833,98.3532122715527,42.87986458333339,0.08674479166666771,-0.5174099111107182,-0.37854887336098086,-0.13886103774973735,60.00145475705552,37.43295123478639,42.86,43.11,101.6496420933587,97.80202727327625,,,,
2022-03-15,00001,42.9723,42.9723,40.6155,41.2047,12094314.0,56.16524758115361,51.22050646147009,66.05472982052065,42.622493750000054,-0.2573708333333329,-0.599701483573476,-0.42277939540347986,-0.1769220881699961,26.315319338990804,17.6464181664716,42.77,42.97,91.18807982611906,101.6496420933587,,,,
2022-03-16,00001,41.244,41.7547,41.0869,41.4404,10577211.0,49.99722449997953,50.81274580763991,48.366181884658786,42.41340729166672,-0.2090864583333314,-0.6385384536389012,-0.4659312070505641,-0.17260724658833704,40.38480368158227,20.855229122988526,42.72,42.83,85.07013751095164,91.18807982611906,,,,
2022-03-17,00001,43.9543,43.9543,42.6188,43.208,9545910.0,59.85488842018889,53.82679334515623,71.9110785702542,42.49687500000006,0.0834677083333375,-0.5206843594891524,-0.4768818375382818,-0.04380252195087059,100.0,44.91926920249407,42.73,42.74,92.95309367327428,85.07013751095164,,,,
2022-03-18,00001,43.2866,44.8578,43.0902,44.8578,17502458.0,73.23659228012593,60.29672632347947,99.11632419341886,42.92527916666672,0.4284041666666596,-0.2908068286369101,-0.43966683575800747,0.14886000712109737,100.0,70.3915461307619,42.8,42.76,105.78751276470638,92.95309367327428,,,,
2022-03-21,00001,45.2506,45.4077,44.6221,45.0542,5498540.0,79.69887143341536,66.76410802679143,105.56839824666321,43.383141666666724,0.4578625000000045,-0.09172207564854773,-0.3700778837361155,0.27835580808756777,100.0,77.5153277194463,42.88,42.84,114.35684556088867,105.78751276470638,,,,
2022-03-22,00001,45.2506,45.5255,44.6221,45.2113,4095203.0,84.33285251026062,72.62035618794783,107.75784515488618,43.71988645833339,0.3367447916666677,0.07783346672864155,-0.2804956136431641,0.35832908037180566,100.0,88.81519445281882,42.98,42.98,120.94587311211552,114.35684556088867,,,,
2022-03-23,00001,45.447,45.6434,45.172,45.3684,5228931.0,87.73207490686495,77.65759576092022,107.88103319875441,44.00220833333339,0.28232187500000094,0.22232133079364047,-0.17993222475580317,0.40225355554944364,100.0,91.44642079522997,43.07,43.15,126.6315544068791,120.94587311211552,,,,
2022-03-24,00001,45.1327,45.9576,44.8578,45.6827,5461067.0,90.10607780460407,81.8070897754815,106.70405386284921,44.302542708333384,0.3003343749999914,0.3580628615477721,-0.0723332074950881,0.4303960690428602,100.0,100.0,43.16,43.34,128.8240302366583,126.6315544068791,,,,
2022-03-25,00001,45.5648,46.2719,45.3684,45.7612,4443056.0,90.39448158946357,84.66955371347552,101.84433734143965,44.533311458333394,0.23076875000000996,0.46659468351698763,0.03545237070732704,0.4311423128096606,100.0,100.0,43.28,43.56,127.917932997604,128.8240302366583,,,,
2022-03-28,00001,45.5648,45.9969,45.172,45.8398,3353927.0,90.81843613518076,86.71918118737727,99.01694603078772,44.67038645833339,0.13707499999999584,0.5525795049057791,0.13887779754701746,0.41370170735876166,100.0,100.0,43.38,43.77,127.37081844182154,127.917932997604,,,,
2022-03-29,00001,45.9576,46.7039,45.2506,45.7219,3774967.0,85.86609768113827,86.43482001863094,84.72865300615291,44.759573958333384,0.0891874999999942,0.6042441996701484,0.23195107797164366,0.37229312169850476,82.34501347708913,98.01224014971424,43.47,43.98,120.68942579817303,127.37081844182154,,,,
2022-03-30,00001,45.8791,46.2719,45.6434,46.154,5121797.0,85.5050349485439,86.12489166193525,84.2653215217612,44.92651250000005,0.1669385416666671,0.672305778762798,0.3200220181298745,0.35228376063292344,100.0,99.99999999999999,43.55,44.2,119.91202311420079,120.68942579817303,,,,
2022-03-31,00001,46.154,46.154,45.2113,45.2113,4870938.0,66.4375001620004,79.56242782862364,40.187644828753946,44.96661041666672,0.04009791666666729,0.6427676338494877,0.38457114127379716,0.2581964925756905,0.0,84.90593227123526,43.61,44.37,102.14881354866031,119.91202311420079,,,,
2022-04-01,00001,45.1327,45.5648,44.9756,45.5255,3495042.0,58.756713048724656,72.62718956865731,31.01576000885933,45.05498645833339,0.08837604166667035,0.6373646128051575,0.43512983558006924,0.2022347772250883,46.66496945010178,89.26136654877233,43.68,44.53,95.30406593173373,102.14881354866031,,,,
2022-04-04,00001,45.5648,45.5648,45.0149,45.2506,3705059.0,46.26357111722032,63.83931675151165,11.112079848637663,45.02757812500005,-0.027408333333340806,0.6039387175390303,0.46889161197186147,0.1350471055671688,50.009092562283705,84.56438908537932,43.77,44.66,86.47054292512125,95.30406593173373,,,,
2022-04-06,00001,44.9363,45.172,44.5435,44.7399,6774041.0,33.872683775116535,53.85043909271328,-6.082826860076963,44.977242708333385,-0.050335416666662525,0.530128244409859,0.481138938459461,0.048989305950397966,19.999999999999712,74.46781619572081,43.85,44.74,76.39242328022675,86.47054292512125,,,,
2022-04-07,00001,44.3079,44.5435,43.2866,43.9151,8649623.0,28.71236010197249,45.47107942913302,-4.805078552348576,44.771852083333386,-0.20539062499999972,0.40046216723560946,0.4650035842146907,-0.06454141697908122,32.00101832993905,59.57569739099036,43.88,44.78,72.02910748875006,76.39242328022675,,,,
2022-04-08,00001,43.9151,44.3864,43.6794,44.3864,2618906.0,29.86934093708888,40.270499931784975,9.067022947696685,44.63845937500006,-0.13339270833332506,0.331904845606374,0.43838383649302737,-0.10647899088665336,75.6760476157712,68.08522163040536,43.89,44.78,73.92636924086173,72.02910748875006,,,,
2022-04-11,00001,44.465,44.7399,43.8758,44.7399,3962436.0,34.08880281397864,38.20993422584953,25.84653999023685,44.64213958333338,0.0036802083333213886,0.30260888312641754,0.4112288458197054,-0.10861996269328789,100.0,74.46781619572081,43.92,44.79,83.3701161893503,73.92636924086173,,,,
2022-04-12,00001,44.7792,44.7792,44.1507,44.3079,2751930.0,34.1295242333144,36.84979756167115,28.68897757660089,44.62332187500005,-0.018817708333330074,0.2417461332275721,0.37733230330127876,-0.13558617007370666,59.264497878358966,66.66787036201129,43.94,44.78,88.81451710144782,83.3701161893503,,,,
2022-04-13,00001,44.5043,44.6614,44.0722,44.5435,2456824.0,37.36439464011665,37.02132992115298,38.05052407804399,44.61226979166672,-0.011052083333332519,0.21010100287118405,0.34388604321525984,-0.1337850403440758,77.27114917254983,70.92172971021034,43.96,44.76,96.2039496435473,88.81451710144782,,,,
2022-04-14,00001,44.3864,44.7007,44.3471,44.5828,1471432.0,43.87486140201731,39.30584041477442,53.01290337650309,44.580765625000055,-0.031504166666664446,0.18604853888403028,0.3123185423490139,-0.12627000346498363,100.0,68.99212567346207,43.98,44.74,102.36690279966136,96.2039496435473,,,,
2022-04-19,00001,44.8578,45.0149,44.19,44.8578,6561599.0,52.23881697424159,43.616832601263475,69.48278572019781,44.66873541666673,0.08796979166667285,0.18702112648516334,0.2872590591762438,-0.10023793269108044,100.0,63.334464811043084,44.01,44.73,109.03413704285109,102.36690279966136,,,,
2022-04-20,00001,44.8578,45.172,44.7007,44.9756,3524463.0,64.68691542846265,50.6401935436632,92.78035919806155,44.72888437500006,0.060148958333329006,0.19504898142638893,0.2688170436262728,-0.07376806219988385,100.0,61.53795939682736,44.04,44.74,114.40637312837632,109.03413704285109,,,,
2022-04-21,00001,45.1327,45.4863,44.8971,45.4863,4348745.0,76.45794361897511,59.24611023543383,110.88161038605767,44.88560520833339,0.1567208333333312,0.2398554320905788,0.263024721319134,-0.023169289228555212,100.0,76.71409639394564,44.09,44.76,123.99858080417081,114.40637312837632,,,,
2022-04-22,00001,44.8578,45.1327,44.4257,44.8578,3518235.0,72.71085222392901,63.734357564932225,90.66384154192258,44.93020520833339,0.04460000000000264,0.22209005375522395,0.254837787806352,-0.032747734051128075,40.741089949085236,54.79528492711152,44.09,44.79,118.71855018365925,123.99858080417081,,,,
2022-04-25,00001,44.3864,44.5435,43.3651,43.8758,4631939.0,56.499233055942604,61.32264939526902,46.85240037728978,44.78904895833339,-0.14115625000000165,0.12730418692547119,0.22933106763017586,-0.10202688070470467,24.075994719969806,20.548231847666788,44.08,44.77,106.79494364601474,118.71855018365925,,,,
2022-04-26,00001,42.7367,43.3651,42.4224,43.0509,5748440.0,44.503845895776045,55.716381562104694,22.078774563118756,44.468260416666716,-0.3207885416666727,-0.014212992920356271,0.18062225552006944,-0.1948352484404257,25.806848977580557,16.842641226283508,44.04,44.7,95.84007926150828,106.79494364601474,,,,
2022-04-27,00001,42.6974,43.208,42.3439,43.0509,3164693.0,37.16880629304283,49.533856472417405,12.43870593429368,44.20352604166672,-0.2647343749999962,-0.12492630484604916,0.11951254344684573,-0.2444388482928949,46.15183758730992,18.55594341355869,44.02,44.6,87.93949451070236,95.84007926150828,,,,
2022-04-28,00001,43.0509,43.8365,42.9331,43.7187,3443873.0,39.36253752869521,46.143416824510005,25.80077893706563,44.10860520833339,-0.09492083333333312,-0.15697204718275515,0.06421562532092556,-0.2211876725036807,100.0,36.08304243983093,44.03,44.51,91.52167938017533,87.93949451070236,,,,
2022-04-29,00001,43.7187,43.9151,43.0116,43.3651,5094964.0,37.07417641084772,43.12033668662258,24.98185585929801,43.99689583333338,-0.11170937500000377,-0.20849766243592427,0.00967296776955559,-0.21817063020547986,74.279895257492,26.802446130022805,44.03,44.4,95.11409842108316,91.52167938017533,,,,
2022-05-03,00001,42.6188,42.9723,41.9511,42.9331,5488149.0,33.975376866491125,40.07201674657876,21.782097106315845,43.84960000000006,-0.14729583333332386,-0.2809522309398531,-0.048452071972326156,-0.23250015896752696,55.55555555555587,23.364819529372692,43.98,44.29,93.90955357524696,95.11409842108316,,,,
2022-05-04,00001,43.0509,43.9936,43.0509,43.9543,3803481.0,41.538385814743094,40.560806435966875,43.493544572295534,43.84140729166673,-0.008192708333332632,-0.2530536480760972,-0.08937238719308037,-0.16368126088301682,100.0,56.042972247090546,43.97,44.2,106.22646697409355,93.90955357524696,,,,
2022-05-05,00001,43.9936,44.8578,43.7187,43.8758,3307527.0,47.8571637558014,42.992925542578384,57.585640182247445,43.88314895833339,0.04174166666666679,-0.2345740900138793,-0.11841272775724015,-0.11616136225663914,96.08126996805086,53.84679946284689,43.95,44.13,107.71910647368091,106.22646697409355,,,,
2022-05-06,00001,43.7579,43.9151,43.0902,43.2473,4321726.0,46.7692842717373,44.25171178563136,51.80442924394919,43.858186458333385,-0.024962500000007992,-0.26755934691654204,-0.14824205158910053,-0.11931729532744151,21.740092982068084,36.665535188956916,43.9,44.05,103.02837526542335,107.71910647368091,,,,
2022-05-10,00001,42.6974,42.8938,41.7939,42.8152,6856518.0,42.29063395893595,43.59801917673289,39.67586352334206,43.64582812500005,-0.21235833333333431,-0.3248229032144465,-0.18355822191416973,-0.14126468130027678,49.05615063163446,27.65951684541211,43.82,43.96,96.00590719472915,103.02837526542335,,,,
2022-05-11,00001,42.6974,42.8152,42.1867,42.5795,4414920.0,36.74059714455085,41.31221183267221,27.597367768308118,43.417096875000055,-0.2287312499999956,-0.3847881065451233,-0.22380419884036046,-0.16098390770476284,54.05256639603696,21.27613476329765,43.74,43.85,87.96876866801898,96.00590719472915,,,,
2022-05-12,00001,42.8152,42.8152,41.9511,42.0689,3404922.0,27.48556101508737,36.7033282268106,9.050026591640915,43.18878020833339,-0.2283166666666645,-0.46811596549029844,-0.2726665521703481,-0.19544941331995036,26.9264662684813,7.447730473404794,43.64,43.72,77.64694701768062,87.96876866801898,,,,
2022-05-13,00001,42.6581,43.1687,42.4224,42.8938,5565599.0,30.289937746907793,34.56553140017633,21.73875044037071,43.10613437500006,-0.08264583333333064,-0.4622626815813575,-0.31058577805254994,-0.15167690352880758,100.0,29.788213627992587,43.55,43.61,87.50526643252698,77.64694701768062,,,,
2022-05-16,00001,42.6974,42.9331,42.5403,42.9331,1820721.0,32.58708188099067,33.90604822711445,29.949149188743107,43.075046875000055,-0.031087500000005264,-0.44927378186259403,-0.33832337881455876,-0.11095040304803527,100.0,30.852562019282924,43.48,43.51,95.86248365514966,87.50526643252698,,,,
2022-05-17,00001,43.4437,43.5615,42.9723,43.5615,4976641.0,40.95511389082922,36.25573678168604,50.35386810911558,43.219476041666724,0.1444291666666686,-0.38384858941213906,-0.34742842093407483,-0.03642016847806423,100.0,47.871303217419616,43.45,43.44,108.24528381220048,95.86248365514966,,,,
2022-05-18,00001,43.6794,43.9543,43.4044,43.7579,2394709.0,48.67051219036994,40.39399525124734,65.22354606861514,43.325033333333394,0.1055572916666705,-0.31254795613144637,-0.34045232797354913,0.02790437184210276,100.0,53.190336908243935,43.44,43.41,115.14022649743052,108.24528381220048,,,,
2022-05-19,00001,43.4044,43.6794,43.0902,43.5223,2933809.0,59.11490913289981,46.63429987846482,84.07612764176979,43.40400833333339,0.07897499999999269,-0.2719181385339624,-0.3267454900856318,0.0548273515516694,70.01018329938934,46.809663091756065,43.43,43.39,116.1211348391897,115.14022649743052,,,,
2022-05-20,00001,44.3079,44.5435,43.7579,44.4257,4239316.0,71.3151862457136,54.861262000881084,104.22303473537863,43.60654791666673,0.20253958333334054,-0.16492078128768384,-0.2943805483260422,0.12945976703835838,100.0,71.27613476329755,43.45,43.41,123.46961870755194,116.1211348391897,,,,
2022-05-23,00001,44.5435,44.6614,44.0722,44.3079,4082119.0,76.52917863502377,62.08390087892864,105.41973414721404,43.71621458333339,0.10966666666666214,-0.08860865488347258,-0.2532261696375283,0.16461751475405573,91.17933358292753,68.08579785505353,43.48,43.46,125.58073893967398,123.46961870755194,,,,
2022-05-24,00001,44.1535,44.5191,43.6661,43.991,3777948.0,76.10769603721727,66.75849926502485,94.8060895816021,43.79558750000006,0.07937291666667079,-0.05308993869916634,-0.21319892344985591,0.16010898475068958,42.77251184834123,71.7092594405823,43.51,43.51,121.86771875259018,125.58073893967398,,,,
2022-05-25,00001,44.1129,44.6816,43.9504,44.3566,3591239.0,79.27658961499088,70.93119604834686,95.96737674827892,43.840847916666725,0.04526041666666458,0.00450780120248595,-0.16965757851938754,0.1741653797218735,100.0,97.37442054867397,43.53,43.57,121.79889187868918,121.86771875259018,,,,
2022-05-26,00001,44.9253,44.9659,44.5191,44.7628,2928975.0,83.39333107138356,75.08524105602577,100.00951110209914,43.95898541666673,0.11813750000000312,0.08198628344791103,-0.1193288061259278,0.20131508957383884,100.0,99.99999999999999,43.57,43.64,126.3342836974085,121.79889187868918,,,,
2022-05-27,00001,45.2909,45.8189,44.9253,45.4533,3807080.0,84.64775667528524,78.2727462624456,97.39777750096454,44.220829166666725,0.26184374999999704,0.1968371024897948,-0.05609562440278329,0.25293272689257806,100.0,100.00000000000001,43.65,43.76,129.80364827513617,126.3342836974085,,,,
2022-05-30,00001,45.4533,45.6564,45.2096,45.3721,2889251.0,84.30713859831934,80.28421037440351,92.352995046151,44.41906145833339,0.19823229166666323,0.27809928718084365,0.010743357913942098,0.26735592926690155,91.30807107685766,97.78105700388055,43.73,43.89,130.84555928761546,129.80364827513617,,,,
2022-05-31,00001,45.3315,45.494,44.9253,45.2502,7689069.0,82.59095029213763,81.0531236803149,85.66660351578312,44.56234895833339,0.14328749999999957,0.32887280182846723,0.07436924669684712,0.2545035551316201,61.53409090909097,94.44990982128219,43.81,44.02,126.26455598242347,130.84555928761546,,,,
2022-06-01,00001,45.0471,45.7377,45.0065,45.494,4878642.0,83.36330911337605,81.82318549133528,86.4435563574576,44.707166666666716,0.14481770833332774,0.3843532158477885,0.13636604052703538,0.2479871753207531,100.0,99.99999999999999,43.91,44.16,124.50601768564823,126.26455598242347,,,,
2022-06-02,00001,45.494,45.6158,44.9659,45.1284,1842134.0,78.21737020292206,80.62124706186421,73.40961648503776,44.77330104166672,0.0661343750000043,0.39427601069656504,0.1879480345609413,0.20632797613562373,35.713029716898056,90.11918596794679,43.98,44.28,112.29306895747777,124.50601768564823,,,,
2022-06-06,00001,45.2096,45.2096,44.4785,44.7628,4968914.0,69.12589947133982,76.78946453168942,53.79876935064061,44.764495833333385,-0.008805208333335202,0.36839243388924103,0.22403691442660126,0.14435551946263978,27.996061053668235,80.23837193589358,44.03,44.38,101.32843117646335,112.29306895747777,,,,
2022-06-07,00001,44.5597,44.7628,44.3972,44.5597,2632338.0,56.95361454364405,70.17751453567429,30.50581455958357,44.68346041666672,-0.08103541666666558,0.327713364494457,0.2447722044401724,0.08294116005428459,22.22374179431088,74.74933109915946,44.08,44.45,89.10886563217606,101.32843117646335,,,,
2022-06-08,00001,45.0065,45.0065,44.0723,44.1535,5234462.0,39.51875383103509,59.95792763412789,-1.3595937751505147,44.55848541666672,-0.12497499999999917,0.2597042546894812,0.24775861449003417,0.01194564019944705,11.759594496741867,63.771249425691224,44.11,44.49,76.7852335374706,89.10886563217606,,,,
2022-06-09,00001,43.7067,44.0317,43.3411,43.4224,8147714.0,27.439548051373276,49.11846777320969,-15.918291392299551,44.34663854166672,-0.2118468749999991,0.14513980393414272,0.22723485237885588,-0.08209504844471316,6.671590349581962,41.52812667588713,44.12,44.48,65.98669841219686,76.7852335374706,,,,
2022-06-10,00001,43.6661,43.991,43.2599,43.3817,6426132.0,19.931582361151758,39.389505969190374,-18.98426485492547,44.142618750000054,-0.20401979166666706,0.05048059261375215,0.19188400042583514,-0.141403407812083,13.630259623992888,40.379350249795486,44.12,44.44,57.42370500971411,65.98669841219686,,,,
2022-06-13,00001,43.0974,43.3411,42.5287,43.1786,4514666.0,20.038526601627954,32.939179513336235,-5.762779221788605,43.95487812500005,-0.18774062500000355,-0.0404595939491017,0.14541528155084776,-0.18587487549994947,72.72015217634558,24.619091027477555,44.12,44.37,55.351849615685296,57.42370500971411,,,,
2022-06-14,00001,42.8537,43.2599,42.6506,43.0568,3978587.0,18.844631113456785,28.24099671337642,0.05189991361751822,43.82030312500005,-0.1345749999999981,-0.12096418918838481,0.09213938740300125,-0.21310357659138607,61.910902696365895,17.809327892624765,44.11,44.28,55.87626119362241,55.351849615685296,,,,
2022-06-15,00001,42.4069,42.9755,42.4069,42.7318,5102224.0,15.93807572272356,24.14002304982547,-0.465818931480257,43.63487083333339,-0.18543229166666464,-0.20858500666430757,0.03199450858953948,-0.24057951525384705,42.10185305170382,10.524440413332888,44.07,44.16,52.09535857865926,55.87626119362241,,,,
2022-06-16,00001,43.138,43.5036,42.3662,42.7318,7092734.0,14.911332561954511,21.063792887201817,2.606411911459901,43.49029895833339,-0.1445718749999969,-0.27485675817206356,-0.029375744762781125,-0.24548101340928244,52.93947292209655,11.688726900696992,44.02,44.04,52.03635618067156,52.09535857865926,,,,
2022-06-17,00001,42.285,42.8131,42.0007,42.0007,6202520.0,9.94088837463634,17.35615804967999,-4.889650975450959,43.266052083333385,-0.22424687500000573,-0.38196816737988115,-0.09989422928620113,-0.28207393809368003,0.0,0.0,43.94,43.89,42.9609951018942,52.03635618067156,,,,
2022-06-20,00001,41.8788,42.61,41.7976,42.4881,2355320.0,13.800018013518766,16.17077803762625,9.0584979653038,43.141252083333384,-0.12480000000000047,-0.4226535373588831,-0.16444609090073753,-0.2582074464581456,73.9135088846074,18.680337625798092,43.87,43.75,46.49984291999145,42.9609951018942,,,,
2022-06-21,00001,42.4881,42.9755,42.3662,42.7724,3102685.0,23.744272934366432,18.695276336539646,33.84226613002,43.07040729166672,-0.07084479166666569,-0.4270337726716775,-0.21696362725492552,-0.210070145416752,100.0,26.3716048046747,43.83,43.62,54.008761464960145,46.49984291999145,,,,
2022-06-22,00001,42.8537,43.0974,42.4475,42.4881,3015952.0,26.323117307753378,21.23788999361089,36.49357193603836,43.02671145833339,-0.043695833333330825,-0.44827830150452996,-0.2632265621048464,-0.18505173939968356,70.83504308576157,18.680337625798092,43.77,43.49,59.167991629436415,54.008761464960145,,,,
2022-06-23,00001,42.8537,42.8943,42.5693,42.61,1797524.0,33.422132914039544,25.29930430042044,49.667790141277756,42.98167291666673,-0.04503854166665633,-0.4500900742196734,-0.3005992645278118,-0.14949080969186157,60.019694731659584,21.978140893842586,43.71,43.38,66.13386528220553,59.167991629436415,,,,
2022-06-24,00001,42.7318,43.0162,42.5693,42.9349,2067060.0,44.50299286883603,31.70053382322564,70.10791096005681,42.962760416666725,-0.018912500000006105,-0.4204623739341642,-0.3245718864090823,-0.09589048752508189,100.0,30.767774050427366,43.67,43.29,76.28974072455796,66.13386528220553,,,,
2022-06-27,00001,43.3817,43.5848,42.8131,43.3005,3253703.0,57.69947361055791,40.366847085669725,92.36472666033428,43.07158541666672,0.10882499999999595,-0.3632935218707729,-0.33231621350142043,-0.030977308369352474,100.0,40.658478519640674,43.64,43.23,84.15054590448813,76.28974072455796,,,,
2022-06-28,00001,43.3005,43.9504,43.3005,43.9504,3771860.0,71.79964907370527,50.84444774834824,113.71005172441933,43.25563958333339,0.18405416666666952,-0.26251913895078616,-0.31835679859129357,0.05583765964050741,100.0,58.24045016773079,43.64,43.21,97.83729470351156,84.15054590448813,,,,
2022-06-29,00001,43.3817,43.6255,43.1786,43.3411,2930542.0,71.76554085404202,57.81814545024616,99.66033166163373,43.30599270833339,0.05035312500000089,-0.2291783074442364,-0.3005211003618821,0.07134279291764573,46.42574518596651,41.75684449734866,43.63,43.21,97.2453533704801,97.83729470351156,,,,
2022-06-30,00001,43.2193,43.3411,42.9755,43.0974,3915736.0,67.96942163711803,61.20190417920346,81.50445655294716,43.29795312500006,-0.008039583333328437,-0.2198853105950036,-0.2843939424085064,0.0645086318135028,12.503846548364244,35.16394329618003,43.6,43.2,88.35774296313511,97.2453533704801,,,,
2022-07-04,00001,42.8131,43.463,42.6912,43.3005,3258099.0,64.97166088352579,62.4584897473109,69.99800315595557,43.261988541666724,-0.03596458333333885,-0.1938969477006509,-0.2662945434669353,0.0723975957662844,93.75288505924019,45.12129218205832,43.59,43.2,87.50917086106124,88.35774296313511,,,,
2022-07-05,00001,43.6255,44.0317,43.0568,43.1786,2887622.0,58.697599281101596,61.2048595919078,53.6830786594892,43.245060416666725,-0.01692812499999974,-0.1810502594193153,-0.24924568665741131,0.06819542723809602,79.99343508944739,46.57358694185897,43.58,43.19,83.49525803092173,87.50917086106124,,,,
2022-07-06,00001,42.9349,43.0974,42.4881,42.7724,3301780.0,45.27106083195482,55.89359333859014,24.02599581868418,43.18623958333339,-0.05882083333333554,-0.2013253582368506,-0.23966162097329918,0.03833626273644858,34.99507631708467,35.291987980159874,43.56,43.18,75.15538836467744,83.49525803092173,,,,
2022-07-07,00001,42.6506,42.8943,42.3662,42.8943,2426217.0,40.750105800308546,50.84576415916294,20.55878908259976,43.08976770833338,-0.09647187500000598,-0.2051918845669789,-0.23276767369203513,0.027575789125056233,65.00492368291476,46.551211851097214,43.54,43.16,71.81649126131845,75.15538836467744,,,,
2022-07-08,00001,43.138,43.3005,42.8131,43.2193,2837712.0,44.24068896644201,48.64407242825596,35.4339220428141,43.07750833333339,-0.01225937499999219,-0.17995691933198543,-0.2222055228200252,0.04224860348803977,100.0,66.03957636566308,43.54,43.15,74.36445866670935,71.81649126131845,,,,
2022-07-11,00001,43.0974,43.1786,42.7318,42.8943,2107431.0,40.0631912233,45.78377869327064,28.622016283358718,43.06820312500006,-0.009305208333330484,-0.1840610699959413,-0.21457663225520843,0.03051556225926713,61.903645528074485,50.942958008175346,43.51,43.13,77.91347376434652,74.36445866670935,,,,
2022-07-12,00001,42.8943,43.2599,42.8131,43.0568,2990470.0,40.53046932148756,44.03267556934295,33.52605682577678,43.06524375000006,-0.002959375000003206,-0.1722160476386847,-0.2061045153319037,0.03388846769321899,66.66666666666764,58.49126718691938,43.49,43.12,85.69645051580935,77.91347376434652,,,,
2022-07-13,00001,43.0162,43.3817,42.8943,43.3005,4213315.0,45.71940224354548,44.594917794077126,47.968371142482184,43.07582083333338,0.010577083333323856,-0.1415327275851297,-0.1931901577825489,0.051657430197419196,100.0,69.8114083983648,43.48,43.12,96.01750265819234,85.69645051580935,,,,
2022-07-14,00001,43.0974,43.2193,42.1225,42.4881,4763752.0,36.862728809056875,42.01752146573704,26.553143495696546,43.00346770833338,-0.07235312499999935,-0.18068701839689538,-0.19068952990541818,0.010002511508522799,31.03565365025479,32.074507617985894,43.44,43.09,88.50702513686691,96.01750265819234,,,,
2022-07-15,00001,43.0568,43.1786,42.4069,42.4475,2813921.0,30.24943146946406,38.094824800312715,14.558644807766754,42.89303437500005,-0.11043333333333294,-0.21254309218507217,-0.19506024236134897,-0.017482849823723196,27.589134125636374,30.188591601634872,43.39,43.06,81.38654303792543,88.50702513686691,,,,
2022-07-18,00001,43.0162,43.5442,42.5287,43.4224,3114098.0,50.64388488904709,42.27784482989084,67.37596500735958,42.91588854166672,0.02285416666666862,-0.15730961048424064,-0.18751011598592732,0.03020050550168668,100.0,75.47380156075813,43.38,43.05,93.64583050877843,81.38654303792543,,,,
2022-07-19,00001,43.4224,43.463,42.6912,42.9755,3342758.0,53.76212100384898,46.10593688787689,69.07448923579317,42.95650208333338,0.04061354166666575,-0.14789295547094383,-0.17958668388293061,0.03169372841198678,55.992122107335774,54.714790040876736,43.34,43.03,95.20467121630197,93.64583050877843,,,,
2022-07-20,00001,43.0974,43.3817,42.9349,43.0162,2893855.0,56.79520172149401,49.66902516574927,71.0475548329835,42.99924166666672,0.042739583333336384,-0.13558312085402235,-0.17078597127714895,0.0352028504231266,54.548506210137155,48.8921713441652,43.33,43.03,94.78654431054633,95.20467121630197,,,,
2022-07-21,00001,42.8131,43.0162,42.4881,42.5693,3270573.0,48.3391893683374,49.225746566611974,46.566074971788254,42.883296875000056,-0.1159447916666636,-0.16004369919285466,-0.1686375168602901,0.008593817667435444,15.37587578110136,24.443350292685388,43.31,43.01,81.73736235456707,94.78654431054633,,,,
2022-07-22,00001,42.9349,42.9349,42.1631,42.3256,2739677.0,36.98803100746303,45.14650804689566,20.671076928597756,42.816443750000055,-0.06685312500000151,-0.19682456599174003,-0.1742749266865801,-0.022549639305159935,19.048177235963177,11.111111111111068,43.28,42.97,72.12311750143603,81.73736235456707,,,,
2022-07-25,00001,42.1631,42.3256,42.0007,42.2444,2409127.0,29.921617907361654,40.07154466705099,9.621764387982978,42.727586458333384,-0.08885729166667033,-0.22987596230434804,-0.18539513381013367,-0.044480828494214364,42.85965529370356,12.499358875724312,43.25,42.92,65.40205301436656,72.12311750143603,,,,
2022-07-26,00001,42.2444,43.3005,42.1631,43.0974,4556591.0,43.63201262931123,41.25836732113774,48.37930324565821,42.75889895833339,0.03131250000000563,-0.18510567779365772,-0.18533724260683848,0.00023156481318076239,100.0,56.249679437862156,43.26,42.9,78.17715736572677,65.40205301436656,,,,
2022-07-27,00001,42.7724,42.9755,42.285,42.61,2353831.0,42.24641463917152,41.587716427149,43.56381106321656,42.76271666666671,0.0038177083333224004,-0.18680068932752647,-0.18562993195097607,-0.0011707573765503965,55.557581836418194,31.250961686413167,43.24,42.87,78.39540658356249,78.17715736572677,,,,
2022-07-28,00001,42.61,42.6506,42.2038,42.4881,2740804.0,38.69013756422044,40.621856806172815,34.826699080315706,42.74790312500005,-0.014813541666661934,-0.19572412355687874,-0.1876487702721566,-0.008075353284722142,34.78540083484991,34.28290075262014,43.22,42.84,75.96681645412826,78.39540658356249,,,,
2022-07-29,00001,42.4881,43.0162,42.0007,42.285,5279489.0,32.27408336645891,37.839265659601516,21.1437187801737,42.64043125000005,-0.10747187500000166,-0.21668665324019543,-0.19345634686576435,-0.023230306374431076,46.66010175611289,19.997186466905422,43.19,42.8,69.57959133441571,75.96681645412826,,,,
2022-08-01,00001,42.4881,42.61,42.3256,42.3662,2341489.0,30.3381651600674,35.33889882642348,20.336697827355238,42.609534375000045,-0.030896875000003376,-0.22416343116029225,-0.19959776372466992,-0.02456566743562233,74.9897414854322,25.70865864809713,43.17,42.76,68.10977733729754,69.57959133441571,,,,
2022-08-02,00001,42.0819,42.1225,41.1883,41.3101,4358598.0,22.147609901554265,30.94180251813374,4.559224668395316,42.421239583333374,-0.18829479166667085,-0.3117140300303376,-0.22202101698580345,-0.08969301304453414,10.3404363698107,5.451859809319192,43.1,42.68,58.675519056217695,68.10977733729754,,,,
2022-08-03,00001,41.3101,41.4726,41.0258,41.3914,2526976.0,20.122556305759147,27.335387114008878,5.696894689259686,42.213067708333384,-0.2081718749999908,-0.370270037349826,-0.25167082105860794,-0.11859921629121806,27.275440167114287,15.254944504714997,43.06,42.59,53.94131154632187,58.675519056217695,,,,
2022-08-04,00001,41.4726,41.7976,41.432,41.757,3467338.0,24.130003613285368,26.266925947101043,19.856158945654016,42.087411458333385,-0.1256562499999987,-0.3827629771317618,-0.2778892522732387,-0.10487372485852309,100.0,30.509889009429994,43.02,42.5,57.585319379314114,53.94131154632187,,,,
2022-08-05,00001,41.7163,42.5287,41.6757,42.4069,2819500.0,36.32523533334515,29.619695742515745,49.736314515003954,42.15342604166671,0.06601458333332744,-0.33634504702209256,-0.2895804112230095,-0.046764635799083076,100.0,57.6274722523575,42.98,42.44,73.26391725990243,57.585319379314114,,,,
2022-08-08,00001,42.2444,42.61,41.9601,42.1631,2250397.0,43.26324638514547,34.167545956725654,61.454647241985114,42.19361458333338,0.040188541666665856,-0.3155931639216689,-0.2947829617627414,-0.020810202158927538,74.99230690327205,47.45472753066846,42.93,42.39,80.83074214720273,73.26391725990243,,,,
2022-08-09,00001,42.4069,42.9755,42.0819,42.61,3413735.0,55.37284485697804,41.235978923476445,83.64657672398123,42.27908958333338,0.08547500000000241,-0.26008792030827266,-0.28784395347184766,0.027756033163575,100.0,66.10197780188594,42.91,42.36,88.52439552764893,80.83074214720273,,,,
2022-08-10,00001,42.4881,42.6912,42.1631,42.285,3847205.0,58.00311843627045,46.82502542774111,80.35930445332912,42.30405104166672,0.02496145833333685,-0.23956286710338048,-0.27818773619815423,0.03862486909477375,49.99230650869339,52.54109989151283,42.88,42.34,86.91892029841736,88.52439552764893,,,,
2022-08-11,00001,42.8131,42.8131,42.4069,42.7318,3741285.0,67.83562599893885,53.82855895147369,95.8497600938692,42.39459791666672,0.09054687500000114,-0.18510975855706135,-0.25957214066993567,0.07446238211287431,100.0,71.1841775849119,42.87,42.34,93.77797802917422,86.91892029841736,,,,
2022-08-12,00001,43.0568,43.138,42.7724,42.9755,3166812.0,75.99261725056294,61.21657838450344,105.54469498268195,42.48428750000005,0.08968958333333177,-0.1208970979175561,-0.23183713211945975,0.11094003420190365,100.0,81.35274972878221,42.87,42.36,102.02244580917088,93.77797802917422,,,,
2022-08-15,00001,42.9755,43.138,42.5693,42.6912,2005236.0,76.94397820807349,66.45904499236012,97.91384463950024,42.53040625000005,0.04611874999999799,-0.09188949088753873,-0.20384760387307554,0.11195811298553682,50.000000000000625,69.49011099057,42.86,42.38,100.6044530246415,102.02244580917088,,,,
2022-08-16,00001,42.7318,42.8943,42.3662,42.6912,2275855.0,75.89934615981771,69.60581204817932,88.48641438309451,42.55114270833339,0.020736458333338703,-0.0681155595576115,-0.17670119500998274,0.10858563545237124,53.33989824388711,80.39196756130539,42.85,42.41,96.1835338557007,100.6044530246415,,,,
2022-08-17,00001,42.4475,42.8131,42.285,42.3256,3261039.0,65.41412564202584,68.20858324612816,59.825210433821184,42.482595833333384,-0.06854687500000267,-0.07787768675431295,-0.1569364933588488,0.07905880660453585,9.995076317086241,62.743772929137016,42.83,42.43,82.16698160787008,96.1835338557007,,,,
2022-08-18,00001,42.3256,42.5287,42.1631,42.3256,1699505.0,53.952683359505585,63.456616617253964,34.94481684400883,42.47370729166672,-0.008888541666664196,-0.08463858200239116,-0.14247691108755728,0.05783832908516612,30.770687369816475,62.743772929137016,42.81,42.43,73.70599788451692,82.16698160787008,,,,
2022-08-19,00001,42.285,42.7724,42.1225,42.4881,3172943.0,48.789211183268065,58.567481472592,29.232670604620196,42.45974375000005,-0.013963541666669244,-0.0760080744958671,-0.12918314376921924,0.05317506927335214,100.0,70.58795134195807,42.8,42.44,75.04425652663848,73.70599788451692,,,,
2022-08-22,00001,42.3256,42.8943,42.2444,42.7318,2075388.0,52.526140788845375,56.55370124467646,44.47101987718321,42.50120937500005,0.04146562500000073,-0.04893963614180308,-0.113134442243736,0.06419480610193293,100.0,82.35180536783163,42.81,42.45,84.83660656478328,75.04425652663848,,,,
2022-08-23,00001,42.7318,42.8943,42.0819,42.1225,4317879.0,36.29887150023662,49.80209132986318,9.292431840983497,42.44535416666672,-0.055855208333333906,-0.07577958174882582,-0.10566347014475397,0.02988388839592815,6.2471149407608415,52.93975670978971,42.81,42.45,72.46727723966565,84.83660656478328,,,,
2022-08-24,00001,42.5693,42.5693,41.1883,41.1883,6923130.0,24.199247666824416,41.26781010885026,-9.937877217227282,42.23972291666672,-0.20563124999999616,-0.17046752110761787,-0.11862428033732675,-0.05184324077029112,0.0,8.334615581884465,42.77,42.41,60.67687529399315,72.46727723966565,,,,
2022-08-25,00001,41.1883,41.757,40.4571,41.7163,3934832.0,31.789265562557233,38.10829526008592,19.151206167499865,42.10474479166672,-0.1349781250000035,-0.20059092064960282,-0.13501760839978197,-0.06557331224982085,75.60946319202569,50.0,42.73,42.36,65.03494974749623,60.67687529399315,,,,
2022-08-26,00001,41.757,42.4069,41.5945,42.4069,3792127.0,47.86005745091759,41.3588826570298,60.86240703869315,42.136064583333386,0.031319791666668095,-0.16681533999845044,-0.14137715471951567,-0.025438185278934766,100.0,77.42217280813229,42.71,42.32,76.45000396223382,65.03494974749623,,,,
2022-08-29,00001,42.285,42.285,41.3508,41.432,3095345.0,45.240311838551484,42.6526923842037,50.41555074724705,42.06794166666671,-0.06812291666667392,-0.21622176153959316,-0.15634607608353118,-0.05987568545606198,50.000000000000185,38.711086404066286,42.66,42.27,76.5927120393552,76.45000396223382,,,,
2022-08-30,00001,41.432,41.6757,40.9446,41.5539,4889153.0,45.16102850618679,43.488804424864725,48.50547666883091,41.96471145833338,-0.10323020833332919,-0.24274221418249198,-0.17362530370332335,-0.06911691047916863,41.66723654516843,43.551461245235146,42.63,42.21,79.54301977181083,76.5927120393552,,,,
2022-08-31,00001,41.1477,41.3508,40.8633,41.2289,6942792.0,40.663181430953195,42.54693009356088,36.89568410573783,41.78573020833338,-0.17898124999999965,-0.2866799794818249,-0.19623623885902367,-0.09044374062280122,52.939472922097096,30.646442185514854,42.58,42.14,73.00123622053317,79.54301977181083,,,,
2022-09-01,00001,41.0258,41.0664,40.6196,40.7008,3987359.0,30.441847416029134,38.51190253438363,14.301737179320142,41.64651562500005,-0.13921458333333447,-0.3599647815883458,-0.2289819474048881,-0.13098283418345769,8.690998608584241,9.676778907242854,42.52,42.05,62.30566770808517,73.00123622053317,,,,
2022-09-02,00001,40.6196,40.8227,40.4977,40.6602,4865661.0,23.07234272179728,33.36538259685485,2.4862629716821374,41.475569791666715,-0.17094583333333446,-0.4165182330212218,-0.26648920452815483,-0.15002902849306698,22.22374179431088,8.064644218551711,42.44,41.94,55.767279505288045,62.30566770808517,,,,
2022-09-05,00001,40.2388,40.528,40.1562,40.4454,4395601.0,19.376423196156832,28.702396129955513,0.7244773285594661,41.28037083333338,-0.19519895833333578,-0.4732148888957397,-0.3078343414016718,-0.1653805474940679,53.10319500550856,10.25786542758845,42.36,41.81,53.08133020003886,55.767279505288045,,,,
2022-09-06,00001,40.4454,40.528,39.9496,40.1149,2560508.0,15.159913921761357,24.188235393890793,-2.8967290224975173,41.11392812500005,-0.16644270833332797,-0.5386072558755401,-0.35398892429644546,-0.18461833157909469,23.262032085561565,5.462837502891768,42.28,41.68,48.11207901983296,53.08133020003886,,,,
2022-09-07,00001,39.7018,39.991,39.2886,39.4539,4859553.0,11.87359770435348,20.08335616404502,-4.545919215029599,40.83362291666672,-0.2803052083333313,-0.6364319621317875,-0.4104775318635139,-0.22595443026827366,14.289419087136526,4.483441373511491,42.18,41.51,42.72587279670154,48.11207901983296,,,,
2022-09-08,00001,39.3713,39.5778,38.9168,39.1234,5721749.0,9.960345147319664,16.709019158469903,-3.5370028749808142,40.539042708333376,-0.2945802083333433,-0.7321871369806274,-0.4748194528869366,-0.2573676840936908,17.24396961856232,5.090299849705444,42.06,41.32,38.66967688947369,42.72587279670154,,,,
2022-09-09,00001,39.0821,39.8257,39.0821,39.5365,3750751.0,14.127513677417324,15.848517331452378,10.685506369347216,40.38055729166672,-0.15848541666665739,-0.7659111385062829,-0.5330377900108059,-0.23287334849547703,100.0,15.268435706014127,41.96,41.13,42.279397546337634,38.66967688947369,,,,
2022-09-13,00001,39.5778,40.5693,39.5365,40.3215,3295035.0,28.655537740573475,20.117524134492744,45.731564952734935,40.38584791666671,0.005290624999993554,-0.7209836623397052,-0.5706269644765858,-0.15035669786311945,100.0,36.82044560943641,41.9,40.98,58.15141902296129,42.279397546337634,,,,
2022-09-14,00001,39.4952,39.9083,39.4539,39.7018,4497723.0,31.276499171050915,23.83718248001213,46.15513255312848,40.31980000000004,-0.06604791666666898,-0.7270024925528986,-0.6019020700918484,-0.12510042246105024,50.0,20.576671035386553,41.83,40.84,61.04933351713824,58.15141902296129,,,,
2022-09-15,00001,39.6191,40.1149,39.5778,39.867,2390967.0,37.46956985155074,28.381311603858336,55.64608634693553,40.274566666666715,-0.045233333333328574,-0.7102548240013888,-0.6235726208737564,-0.08668220312763242,47.61410788381726,24.90694626474432,41.75,40.71,65.02209700752451,61.04933351713824,,,,
2022-09-16,00001,39.206,40.5693,39.206,40.4454,6742840.0,55.813802997352546,37.52547540168974,92.39045818867815,40.27675520833338,0.002188541666662047,-0.6428991882530326,-0.6274379343496117,-0.015461253903420902,100.0,40.06815203145474,41.67,40.62,79.03017188828215,65.02209700752451,,,,
2022-09-19,00001,40.0736,40.3628,39.6191,39.8257,2714721.0,55.543039618003014,43.53133014046083,79.56645857308739,40.25726041666671,-0.019494791666666345,-0.6322359501225208,-0.6283975375041935,-0.0038384126183272915,49.999999999999716,23.82437745740488,41.59,40.53,78.27245021731133,79.03017188828215,,,,
2022-09-20,00001,39.6604,40.1975,39.6604,39.9083,2678612.0,57.02869307866862,48.03045111986342,75.025176996279,40.230694791666714,-0.026565624999996373,-0.6100874193920873,-0.6247355138817723,0.01464809448968496,56.66451508794546,25.989515072083762,41.51,40.45,79.46308105828243,78.27245021731133,,,,
2022-09-21,00001,39.7844,40.0323,39.4952,39.6604,3068139.0,53.01862443267777,49.6931755574682,59.6695221830969,40.08914062500005,-0.14155416666666554,-0.6055575173167682,-0.6208999145687715,0.01534239725200326,39.99031711450152,21.305979771353286,41.43,40.37,75.51621534626676,79.46308105828243,,,,
2022-09-22,00001,39.2886,39.2886,38.7103,39.1234,3209436.0,42.75295779822412,47.379769637720166,33.49933411923202,39.94561770833337,-0.14352291666667583,-0.6379451152085664,-0.6243089546967304,-0.013636160511836026,34.48247078464106,11.175133906833295,41.33,40.27,69.96093894534881,75.51621534626676,,,,
2022-09-23,00001,38.9581,39.1647,38.6689,38.9581,2325207.0,33.574588156789865,42.77804247741006,15.167679515549466,39.76769270833338,-0.17792499999999478,-0.6692363088251199,-0.6332944255224083,-0.03594188330271153,29.167927382753447,7.736757624398102,41.24,40.16,63.6301107927566,69.96093894534881,,,,
2022-09-26,00001,38.7516,38.7516,36.0662,36.6859,12189262.0,26.970269063362306,37.50878467272748,5.893237844631955,39.24252708333338,-0.5251656249999996,-0.8673836963158621,-0.6801122796810991,-0.187271416634763,20.270181865759376,9.773368870944767,41.08,39.98,57.37483791062269,63.6301107927566,,,,
2022-09-27,00001,37.3469,37.8014,37.099,37.3882,7610962.0,27.76603060398786,34.261199983147606,14.775691845668376,38.91089895833338,-0.3316281250000017,-0.9567187298619899,-0.7354335697172772,-0.22128516014471267,45.71389052180213,24.090238168996052,40.94,39.77,59.116025547410146,57.37483791062269,,,,
2022-09-28,00001,36.8099,36.9338,35.6944,35.901,6540356.0,19.92336561999638,29.481921862097195,0.8062531357947478,38.35835416666671,-0.5525447916666693,-1.1344448247501262,-0.815235820723847,-0.31920900402627916,12.197425906246437,3.5258981141735948,40.77,39.5,50.762800791972836,59.116025547410146,,,,
2022-09-29,00001,36.1902,36.8512,35.4465,35.6531,8768511.0,14.683026177896423,24.548956634030272,-5.048834734371276,37.94490000000004,-0.4134541666666678,-1.2805362686112076,-0.9082959103013192,-0.37224035830988844,10.640160683936857,3.57291090204762,40.6,39.19,43.76867069298822,50.762800791972836,,,,
2022-09-30,00001,35.6531,36.1902,35.3639,35.8597,7982168.0,13.207805822227732,20.768573030096093,-1.913728593508992,37.53329375000004,-0.4116062499999984,-1.3639214594583606,-0.9994210201327275,-0.36450043932563314,92.31055669335197,9.290037287563859,40.42,38.88,41.71014191647171,43.76867069298822,,,,
2022-10-03,00001,35.4465,35.8183,35.3639,35.777,3607756.0,11.754822594534595,17.763989551575595,-0.2635113195474048,37.24630000000003,-0.2869937500000077,-1.420305623689515,-1.083597940844085,-0.33670768284543007,83.31988705123108,7.799784755395273,40.23,38.56,41.53113958484818,41.71014191647171,,,,
2022-10-05,00001,37.8014,38.0906,36.8512,37.6361,8638171.0,27.134838711539697,20.887605938230294,39.6293042581585,37.3518041666667,0.10550416666666962,-1.2999911583584876,-1.1268765843469655,-0.17311457401152208,100.0,44.715143166387854,40.12,38.32,57.1295273284546,41.53113958484818,,,,
2022-10-06,00001,37.6774,38.0906,37.1817,37.3882,2984726.0,35.84317248558546,25.87279478734868,55.78392788205903,37.388390625000035,0.03658645833333196,-1.2106884728899203,-1.1436389620555565,-0.06704951083436383,89.08986884957304,39.83666240283375,40.0,38.13,67.66787494391484,57.1295273284546,,,,
2022-10-07,00001,37.0577,37.1817,36.7685,36.8925,2307648.0,38.936134728462314,30.22724143438656,56.353921316613814,37.42016250000004,0.031771875000004,-1.1664679817348969,-1.1482047659914245,-0.01826321574347234,14.292300599354059,30.081668798583053,39.84,37.96,71.53873727720955,67.66787494391484,,,,
2022-10-10,00001,36.3554,36.5207,36.0249,36.1075,4020924.0,35.047776570970576,31.834086479914564,41.47515675308261,37.19026979166671,-0.2298927083333311,-1.1811502979896673,-1.1547938723910731,-0.02635642559859419,6.058827844201542,14.633474367804801,39.68,37.79,60.43976619595938,71.53873727720955,,,,
2022-10-11,00001,36.2315,36.562,35.6944,35.777,2755513.0,28.415244893354714,30.69447261772795,23.856789444608246,36.93421145833337,-0.2560583333333355,-1.2055578073290008,-1.1649466593786586,-0.04061114795034215,6.89424922794421,8.129489324018502,39.51,37.6,51.046973490850135,60.43976619595938,,,,
2022-10-12,00001,35.9836,36.1902,35.1986,35.1986,5470884.0,18.94349659556981,26.7774806103419,3.2755285660256206,36.63941875000004,-0.2947927083333326,-1.2570821202606197,-1.1833737515550509,-0.07370836870556885,0.0,0.0,39.32,37.4,42.190380543331,51.046973490850135,,,,
2022-10-13,00001,35.1986,35.4052,34.9921,35.0747,3727922.0,13.51759974210597,22.357520320929922,-4.162241415541935,36.367443750000035,-0.27197500000000474,-1.293008210218325,-1.2053006432877056,-0.08770756693061932,10.523633583895949,1.5146791850805816,39.15,37.19,36.143886782005126,42.190380543331,,,,
2022-10-14,00001,35.5292,35.9836,35.116,35.116,4272210.0,10.344636178993126,18.35322560695099,-5.672542676922603,36.12860416666671,-0.23883958333332345,-1.3031257085017884,-1.2248656563305222,-0.07826005217126619,60.0,2.2720187776208727,38.98,36.98,31.69100427048447,36.143886782005126,,,,
2022-10-17,00001,35.24,35.4052,34.8268,35.116,3668556.0,9.850036473026902,15.518829228976294,-1.487549038871883,35.985298958333374,-0.14330520833333793,-1.2962020879717144,-1.2391329426587607,-0.057069145312953706,100.0,5.147189691382212,38.86,36.78,31.53648488014744,31.69100427048447,,,,
2022-10-18,00001,35.116,35.3639,34.7855,35.0747,4502135.0,9.483395469022874,13.507017975658487,1.4361504557516476,35.87556145833337,-0.10973750000000138,-1.2793006520809556,-1.2471664845431998,-0.032134167537755776,87.50378214826034,5.645350199109884,38.72,36.58,32.11462315569864,31.53648488014744,,,,
2022-10-19,00001,34.9095,35.8597,34.9095,34.9508,5169988.0,8.621737813447043,11.87859125492134,2.108030930498451,35.75894479166671,-0.11661666666666548,-1.261363622228295,-1.2500059120802187,-0.011357710148076183,50.01512859304135,3.226750995549349,38.61,36.4,29.652474598246712,32.11462315569864,,,,
2022-10-20,00001,34.7029,35.0334,34.579,34.9508,3373666.0,11.99761508961692,11.918265866486534,12.15631353587769,35.666430208333374,-0.09251458333333318,-1.2329358794978234,-1.2465919055637396,0.013656026065916205,75.00504337300804,7.316881174479478,38.51,36.23,31.761786287380517,29.652474598246712,,,,
2022-10-21,00001,34.9095,34.9095,33.7114,34.1245,5865080.0,12.82897204669473,12.221834593222601,14.043246953638988,35.40865416666671,-0.25777604166666634,-1.262528549671984,-1.2497792343853884,-0.01274931528659562,33.33064385993214,7.633037694013305,38.37,36.05,30.764861135215682,31.761786287380517,,,,
2022-10-24,00001,34.0006,34.2071,33.2156,33.5461,9100827.0,12.256227223850424,12.233298803431873,12.302084064687524,35.08072708333338,-0.32792708333332854,-1.3174660713221442,-1.2633166017727395,-0.054149469549404694,19.046795758414067,5.755333043099707,38.22,35.84,28.035598722911928,30.764861135215682,,,,
2022-10-25,00001,33.6288,33.9593,33.133,33.2983,7930172.0,10.103744550692898,11.523447385852215,7.264338880374265,34.72354791666671,-0.3571791666666684,-1.3652619521441025,-1.2837056718470121,-0.08155628029709039,16.671709531013185,3.670804556860719,38.03,35.62,24.663518703410787,28.035598722911928,,,,
2022-10-26,00001,33.133,33.8353,33.133,33.3396,6368956.0,9.151695366169672,10.732863379291368,5.989359339926281,34.46233750000005,-0.261210416666664,-1.3838557396582374,-1.3037356854092572,-0.08012005424898017,50.01210360687353,4.587950522972946,37.84,35.4,22.61103714711963,24.663518703410787,,,,
2022-10-27,00001,33.5048,33.9593,33.2983,33.4222,8234552.0,9.636539346691256,10.36742203509133,8.174773969891106,34.27987500000005,-0.18246249999999975,-1.3760639123298972,-1.3182013307933853,-0.057862581536511914,100.0,6.4222424551974004,37.66,35.18,25.092424684958942,22.61103714711963,,,,
2022-10-28,00001,33.4635,33.8353,32.8851,33.0091,6003468.0,7.813902136011023,9.516248735397895,4.409208937237278,34.06728750000004,-0.21258750000000504,-1.3872314104364136,-1.332007346721991,-0.05522406371442257,23.086948426735493,2.609976846979484,37.48,34.97,22.868401653860147,25.092424684958942,,,,
2022-10-31,00001,33.0091,33.1743,32.0176,32.2241,7074772.0,7.000823056274413,8.677773509023401,3.6469221507764367,33.789281250000045,-0.2780062499999971,-1.442793052423724,-1.3541644878623376,-0.08862856456138646,14.701694432578606,3.6753581916881455,37.27,34.73,20.732193610601982,22.868401653860147,,,,
2022-11-01,00001,32.3481,32.8025,31.8523,32.4307,8909765.0,10.72801195064907,9.361186322898623,13.46166320614996,33.55259687500005,-0.23668437499999584,-1.45340125566252,-1.374011841422374,-0.0793894142401459,50.000000000000306,10.000345793423046,37.09,34.5,23.584847641243385,20.732193610601982,,,,
2022-11-02,00001,32.3894,33.7114,32.0589,33.2156,5112444.0,22.01637187307,13.579581506289083,38.88995260663184,33.49879479166671,-0.05380208333333769,-1.3825364433206886,-1.375716761802037,-0.0068196815186516435,100.0,23.571008679414962,36.94,34.3,37.43095642985446,23.584847641243385,,,,
2022-11-03,00001,32.9677,33.2156,32.6372,32.9677,3847147.0,30.46660791764491,19.20859031007436,52.982643132786016,33.47339687500005,-0.025397916666662468,-1.3310356764623208,-1.3667805447340937,0.03574486827177292,81.8161813247267,20.14848534113697,36.78,34.12,46.65329480917882,37.43095642985446,,,,
2022-11-04,00001,32.6372,34.2071,32.6372,33.8766,6428281.0,48.966017871148445,29.12773283043239,88.64258795258056,33.56978541666672,0.09638854166666988,-1.2030127317560542,-1.3340269821384858,0.13101425038243164,100.0,40.16308876631888,36.67,34.0,61.715787796475624,46.65329480917882,,,,
2022-11-07,00001,33.8766,34.9095,33.5874,34.579,5302081.0,62.373830048339435,40.2097652364014,106.7019596722155,33.72858958333338,0.15880416666666264,-1.0329683992168839,-1.2738152655541655,0.24084686633728158,100.0,64.07924421883811,36.58,33.93,75.19351291390502,61.715787796475624,,,,
2022-11-08,00001,34.8681,35.0334,34.579,34.9095,3174466.0,73.61759365560606,51.345708042802954,118.16136488121225,33.99025000000005,0.26166041666667184,-0.861606390541283,-1.191373490551589,0.32976710001030596,100.0,77.89639972481974,36.52,33.92,88.50442821512083,75.19351291390502,,,,
2022-11-09,00001,35.0747,35.4465,34.1658,34.3724,3733791.0,72.4503097800121,58.38057528853934,100.58977876295764,34.09827083333337,0.10802083333332035,-0.7603751143362771,-1.1051738153085267,0.3447987009722495,59.375236366386595,75.31004392911574,36.44,33.93,90.74023997363986,88.50442821512083,,,,
2022-11-10,00001,34.3724,34.4963,33.5874,33.7527,4398284.0,65.92489815282387,60.89534957663418,75.98399530520327,34.02855208333338,-0.06971874999999272,-0.7218323752658407,-1.0285055272999895,0.3066731520341488,12.50283639664133,58.22839108986726,36.35,33.92,78.173544874926,90.74023997363986,,,,
2022-11-11,00001,34.7442,35.3226,34.4963,34.9921,7595270.0,73.0690684882829,64.95325588051709,89.30069370381452,34.142593750000046,0.11404166666666526,-0.5845395469312749,-0.9397123312262465,0.3551727842949717,100.0,96.20369519257288,36.31,33.96,86.30055510831272,78.173544874926,,,,
2022-11-14,00001,35.3639,35.8183,34.8268,35.0334,8601031.0,75.08660177596614,68.33103784566678,88.59772963656488,34.27169791666671,0.12910416666666436,-0.4670179344534162,-0.8451734518716805,0.37815551741826425,100.0,97.46913012838192,36.26,34.02,90.21056283386945,86.30055510831272,,,,
2022-11-15,00001,35.4878,36.5207,35.116,36.4794,8226011.0,83.03657662709146,73.23288410614168,102.64396166899104,34.66374583333338,0.3920479166666695,-0.25427002798838316,-0.726992767095021,0.47272273910663787,100.0,100.0,36.27,34.14,102.96739618157065,90.21056283386945,,,,
2022-11-16,00001,36.2728,36.6033,35.9836,36.5207,5358427.0,87.99683426383727,78.15420082537355,107.6821011407647,34.96283750000005,0.2990916666666692,-0.08139494425665816,-0.5978732025273484,0.5164782582706903,100.0,100.0,36.28,34.3,113.08716441006482,102.96739618157065,,,,
2022-11-17,00001,36.6033,36.8925,36.0249,36.5207,5702655.0,88.24812903803387,81.51884356292699,101.7066999882476,35.27613229166671,0.31329479166666374,0.05497607512582903,-0.46730334699671294,0.522279422122542,100.0,100.0,36.3,34.48,117.8269605770185,113.08716441006482,,,,
2022-11-18,00001,36.1902,36.562,35.8183,35.9836,4173564.0,82.99877790558145,82.01215501047848,84.97202369578739,35.39447395833338,0.1183416666666659,0.11834737435568599,-0.35017320272623315,0.46852057708191913,23.533599088838645,88.49498757604329,36.33,34.65,112.75936875686045,117.8269605770185,,,,
2022-11-21,00001,35.8183,36.1902,35.3226,36.0662,3401937.0,80.33226646813256,81.45219216302984,78.09241507833801,35.47623333333339,0.0817593750000114,0.1732377384320074,-0.24549101449458502,0.4187287529265924,62.06493614890266,90.26433039156892,36.36,34.81,108.22329309813364,112.75936875686045,,,,
2022-11-22,00001,36.3554,36.6033,35.901,36.1075,3126480.0,78.97112016859299,80.62516816488422,75.66302417601054,35.54508020833338,0.06884687499999131,0.21756337708517037,-0.15288013617863394,0.3704435132638043,100.0,91.14900179933176,36.39,34.96,105.20038030809981,108.22329309813364,,,,
2022-11-23,00001,36.4794,36.5207,36.0662,36.2728,2678097.0,77.36015306123096,79.5368297969998,73.00679958969329,35.60963020833338,0.064549999999997,0.2629984116187245,-0.06970442661916225,0.33270283823788677,100.0,94.68982949190298,36.42,35.1,109.39074620593132,105.20038030809981,,,,
2022-11-24,00001,36.2728,36.3141,35.8597,36.2728,2698243.0,74.90693007328741,77.99352988909567,68.7337304416709,35.66729791666671,0.05766770833333368,0.29559852800121433,0.0033561643049130757,0.29224236369630124,100.0,94.68982949190298,36.44,35.24,112.90335518572381,109.39074620593132,,,,
2022-11-25,00001,36.1488,36.2315,35.9423,35.9836,1703208.0,66.21715405767718,74.06807127862284,50.51531961578584,35.693551041666716,0.026253125000003763,0.2947012000615601,0.06162517145624248,0.23307602860531762,29.99273783587657,88.49498757604329,36.44,35.36,99.8896537415657,112.90335518572381,,,,
2022-11-28,00001,35.6118,36.1075,34.7029,35.8597,4398263.0,61.755291841642254,69.96381146629598,45.33825259233481,35.724540625000046,0.030989583333330017,0.2807559864329221,0.10545133445157841,0.1753046519813437,73.68622205235997,85.84097335275465,36.43,35.45,102.0110276798478,99.8896537415657,,,,
2022-11-29,00001,36.2315,36.6446,36.0662,36.562,4605660.0,69.4721675241931,69.7999301522617,68.81664226805592,35.83557187500004,0.11103124999999636,0.3226546824625274,0.1488920040537682,0.17376267840875917,100.0,100.0,36.46,35.55,112.65088008247938,102.0110276798478,,,,
2022-11-30,00001,36.438,37.4295,36.3141,37.4295,10719373.0,79.64811168279539,73.08265732910625,92.77902039017366,36.10280833333338,0.2672364583333362,0.42100659892489745,0.20331492302799406,0.21769167589690339,99.99999999999999,100.0,36.54,35.68,122.75054799429569,112.65088008247938,,,,
2022-12-01,00001,37.5948,37.8014,36.7685,36.9751,7630075.0,77.54282696985452,74.56938054268902,83.48971982418553,36.27666041666671,0.1738520833333297,0.4570167146840234,0.2540552813591999,0.20296143332482347,66.66911171422275,90.518122822027,36.58,35.81,123.87994132701795,122.75054799429569,,,,
2022-12-02,00001,36.8099,36.8099,36.2315,36.3554,5199749.0,69.47263716122734,72.87046608220179,62.676979319278445,36.30247604166671,0.025815624999999898,0.43058684281799486,0.2893615936509589,0.14122524916703594,10.342237061770122,77.58696241888039,36.6,35.91,109.17789299292907,123.87994132701795,,,,
2022-12-05,00001,36.7272,37.099,36.438,36.8925,8851818.0,69.87057527708306,71.87050248049555,65.87072087025811,36.34981979166671,0.047343750000003126,0.4478182897284455,0.32105293286645625,0.12676535686198925,88.89187735341591,86.02326852502539,36.61,36.01,103.93961412579388,109.17789299292907,,,,
2022-12-06,00001,36.3967,36.8512,36.2728,36.8099,6635955.0,69.24726534259412,70.99609010119507,65.74961582539223,36.430300000000045,0.08048020833333425,0.4496261949747691,0.3467675852881188,0.10285860968665028,87.50378214826034,83.8734025663049,36.62,36.11,98.02759061177714,103.93961412579388,,,,
2022-12-07,00001,36.9751,37.0577,36.1075,36.1075,8228917.0,61.27538091851497,67.75585370696837,48.314435341608174,36.42427083333338,-0.0060291666666643096,0.3898867908803041,0.35539142640655585,0.034495364473748236,0.0,65.59173368730649,36.61,36.17,82.75243315088073,98.02759061177714,,,,
2022-12-08,00001,36.3554,36.7272,36.0249,36.6859,5925983.0,62.18315696326576,65.89828812573417,54.75289463832894,36.41738437500004,-0.006886458333340784,0.38477943108115653,0.361269027341476,0.023510403739680552,84.2038216560506,80.64600088493269,36.63,36.23,86.90462468668866,82.75243315088073,,,,
2022-12-09,00001,36.4794,37.7601,36.4794,37.5535,6774582.0,70.1373030660443,67.31129310583755,75.78932298645779,36.56111666666671,0.143732291666673,0.44560324398972995,0.37813587067112675,0.0674673733186032,100.0,99.99999999999999,36.68,36.31,97.61755383198417,86.90462468668866,,,,
2022-12-12,00001,37.1817,37.7187,37.0164,37.3882,5275824.0,72.33846285648842,68.9870163560545,79.04135585735625,36.75993229166671,0.1988156249999946,0.474992804029327,0.3975072573427668,0.07748554668656016,89.18618343582348,94.20122079562191,36.72,36.41,103.89819356698231,97.61755383198417,,,,
2022-12-13,00001,37.5535,37.5948,37.099,37.3469,4637250.0,73.03097073442218,70.33500114884373,78.4229099055791,36.893335416666716,0.13340312500000806,0.4893112023050321,0.4158680463352199,0.07344315596981221,80.76529187226502,92.75240300287653,36.75,36.5,108.52492767515598,103.89819356698231,,,,
2022-12-14,00001,37.5948,37.7601,37.099,37.1817,4416660.0,70.9095360451703,70.52651278095259,71.67558257360574,36.94110416666671,0.04776874999999592,0.48177477699619686,0.4290493924674153,0.05272538452878156,44.45938676707957,86.95713183189503,36.78,36.58,106.53038456873367,108.52492767515598,,,,
2022-12-15,00001,37.3056,37.5122,36.8512,37.0577,3223639.0,67.11319615244324,69.38874057144947,62.56210731443076,36.98499791666671,0.04389374999999518,0.46048812153205176,0.4353371382803426,0.02515098325170917,41.65826104498661,82.6071704202623,36.81,36.66,95.99087167131772,106.53038456873367,,,,
2022-12-16,00001,37.223,37.7187,37.0577,37.5535,6038818.0,74.1066612739048,70.96138080560125,80.3972222105119,37.06719895833338,0.08220104166667141,0.47811381173499257,0.4438924729712726,0.034221338763719966,100.0,100.0,36.85,36.73,102.3058241466559,95.99087167131772,,,,
2022-12-19,00001,37.2643,37.6774,37.2643,37.3882,3832661.0,75.59354489107093,72.50543550075781,81.76976367169718,37.09559270833337,0.028393749999992224,0.473288197942594,0.4497716179655369,0.02351657997705714,76.46304997864135,94.20122079562191,36.89,36.81,102.5284088671884,102.3058241466559,,,,
2022-12-20,00001,37.1817,38.3797,37.1817,37.8427,5664329.0,76.12753510828772,73.7128020366011,80.95700125166096,37.22470312500005,0.129110416666677,0.5003702589549022,0.45989134616340993,0.04047891279149224,100.0,100.00000000000001,36.93,36.89,104.33201798753763,102.5284088671884,,,,
2022-12-21,00001,37.9666,38.0492,37.4295,37.5948,2884908.0,70.31702186190923,72.58087531170382,65.78931496232005,37.26429375000004,0.03959062499999533,0.4961106741758883,0.4671352117659056,0.028975462409982666,62.496217851739665,92.10459264921327,36.96,36.97,99.12531009022639,104.33201798753763,,,,
2022-12-22,00001,38.4211,38.4624,38.0492,38.3384,4362191.0,77.64597220452997,74.26924094264587,84.39943472829816,37.448045833333374,0.18375208333333148,0.5464382282757967,0.4829958150678838,0.06344241320791288,100.0,100.00000000000001,37.02,37.07,108.56333028472162,99.12531009022639,,,,
2022-12-23,00001,38.1319,38.5037,38.0492,38.1732,1900460.0,78.43064813635331,75.65637667388168,83.97919106129658,37.58705000000005,0.13900416666667326,0.5664630842996488,0.4996892689142368,0.06677381538541194,81.82418307844668,95.45592078118558,37.06,37.17,112.23283538850194,108.56333028472162,,,,
2022-12-28,00001,38.6276,39.4952,38.5863,39.0408,3795085.0,79.89173819276807,77.0681638468438,85.53888688461663,37.849136458333376,0.26208645833332866,0.6449069107080874,0.5287327972730069,0.11617411343508044,100.0,100.0,37.12,37.3,116.19959674429984,112.23283538850194,,,,
2022-12-29,00001,39.0408,39.0408,38.3384,38.4624,3357550.0,73.57381638468962,75.90338135945908,68.91468643515071,37.94597187500004,0.09683541666666429,0.652876211618306,0.5535614801420667,0.09931473147623926,41.670028237192824,80.82164528001606,37.17,37.43,105.86365315304738,116.19959674429984,,,,
2022-12-30,00001,39.1234,39.2473,38.6689,38.7103,3217202.0,71.64886904278454,74.48521058723423,65.97618595388514,38.07981458333337,0.1338427083333329,0.671455279720405,0.5771402400577343,0.09431503966267063,52.94703872437329,89.04141383998139,37.24,37.55,101.99105744075172,105.86365315304738,,,,
2023-01-03,00001,38.9168,39.6604,37.9666,39.0821,4504084.0,73.3223199516816,74.09758037538336,71.7717991042781,38.21365312500004,0.13383854166666964,0.7080188768975972,0.6033159674257069,0.10470290947189032,100.0,100.0,37.3,37.69,104.30848295989232,101.99105744075172,,,,
2023-01-04,00001,39.4952,39.9496,39.1234,39.6191,4616640.0,78.23472654220645,75.47662909765772,83.75092143130391,38.453346875000044,0.2396937500000007,0.7714345854905815,0.6369396910386819,0.13449489445189966,100.0,100.0,37.38,37.84,111.07569702786361,104.30848295989232,,,,
2023-01-05,00001,40.0736,40.4867,39.867,40.1975,5387673.0,82.33660560531064,77.76328793354203,91.48324094884785,38.76490833333337,0.3115614583333297,0.858468151077787,0.6812453830465028,0.17722276803128412,100.0,100.0,37.48,38.02,118.19939654697725,111.07569702786361,,,,
2023-01-06,00001,40.3628,40.4454,39.9083,40.1149,5647977.0,83.3066094694505,79.61106177884486,90.69770485066181,38.97706458333337,0.2121562499999996,0.9102845554429493,0.7270532175257921,0.18323133791715718,92.30984079694635,98.02041892345302,37.59,38.21,123.31597489196545,118.19939654697725,,,,
2023-01-09,00001,40.7346,40.8172,40.1975,40.2388,3236762.0,82.10758459122418,80.44323604963796,85.43628167439664,39.196107291666706,0.21904270833333328,0.9503916009661566,0.771720894213865,0.17867070675229157,100.0,100.0,37.7,38.41,122.30175325311657,123.31597489196545,,,,
2023-01-10,00001,40.3628,40.9825,40.1149,40.3215,6580492.0,80.76599895413706,80.55082368447098,81.19634949346923,39.36652916666671,0.1704218750000024,0.9775809773622228,0.8128929108435365,0.16468806651868628,100.0,100.0,37.81,38.6,114.55380656763464,122.30175325311657,,,,
2023-01-11,00001,40.4454,40.7346,39.3299,39.4126,8318944.0,69.8259615694114,76.9758696461178,55.52614541599863,39.38589687500004,0.01936770833333412,0.9152378280729607,0.8333618942894214,0.0818759337835393,8.340056474384399,76.34366622420025,37.88,38.76,98.1564148984603,114.55380656763464,,,,
2023-01-12,00001,39.6604,40.1149,39.4952,40.0323,4979685.0,69.38185781959787,74.44453237061116,59.25650871757128,39.45476145833337,0.06886458333332968,0.9053981774551829,0.8477691509225738,0.05762902653260915,70.83501411859605,91.66642653372905,37.96,38.91,94.76001132455829,98.1564148984603,,,,
2023-01-13,00001,40.3215,40.5693,40.0323,40.3628,2732981.0,72.73865070639503,73.87590514920578,70.46414182077353,39.55503333333337,0.10027187499999712,0.9137357938947588,0.8609624795170108,0.052773314377748015,100.0,100.0,38.06,39.05,97.34526471208063,94.76001132455829,,,,
2023-01-16,00001,40.6933,41.6848,40.4867,41.6022,6242498.0,80.75083415823646,76.167548152216,89.91740617027739,39.904044791666706,0.3490114583333366,1.008724686616425,0.8905149209368937,0.11820976567953134,100.0,100.0,38.2,39.23,108.85937249239292,97.34526471208063,,,,
2023-01-17,00001,41.6435,41.6435,40.7346,40.8998,3015163.0,76.05563983162226,76.13024537868476,75.90642873749724,40.089514583333376,0.18546979166666944,1.0156188369070023,0.9155357041309153,0.10008313277608694,55.25829670679645,85.21574405388331,38.32,39.41,109.50591549364526,108.85937249239292,,,,
2023-01-18,00001,40.8998,41.0238,40.652,40.8998,4070798.0,72.92551028054612,75.06200034597188,68.6525301496946,40.24055416666671,0.15103958333333622,1.0094462328679157,0.9343178098783154,0.07512842298960032,37.03272075302541,84.54395423038831,38.42,39.58,106.8411116420601,109.50591549364526,,,,
2023-01-19,00001,40.528,40.8998,40.2801,40.8172,3508475.0,69.66956393326197,73.26452154173525,62.47964871631541,40.30595937500004,0.06540520833333119,0.9865173125197089,0.9447577104065941,0.0417596021131148,86.67096982410858,82.2418278475285,38.53,39.73,100.66247354105187,106.8411116420601,,,,
2023-01-20,00001,40.5693,41.2303,40.4867,41.0651,3739120.0,71.00792846304543,72.51232384883865,67.999137691459,40.43334479166671,0.12738541666666947,0.9770861947253024,0.9512234072703357,0.02586278745496673,100.0,87.84979074765293,38.65,39.88,100.83737085509858,100.66247354105187,,,,
2023-01-26,00001,41.7261,42.0153,41.2717,41.6022,6312450.0,75.5442245958795,73.5229574311856,79.5867589252673,40.62012291666671,0.18677812499999646,1.0014078409578886,0.9612602940078463,0.0401475469500423,100.0,100.0,38.77,40.03,106.12002084098188,100.83737085509858,,,,
2023-01-27,00001,41.313,41.4369,41.1477,41.313,3242097.0,74.4068358144719,73.8175835589477,75.58534032552032,40.71351145833337,0.09338854166666266,0.9859811211576925,0.9662044594378155,0.01977666171987702,74.07440609592112,92.04532951919902,38.87,40.18,105.91181019638121,106.12002084098188,,,,
2023-01-30,00001,41.6435,42.511,41.6022,42.0566,7105877.0,76.8271604559733,74.82077585795624,80.83992965200744,40.93083645833338,0.21732500000000954,1.0219769262013259,0.9773589527905175,0.04461797341080831,100.0,100.0,38.98,40.34,110.75891908285628,105.91181019638121,,,,
2023-01-31,00001,42.1805,42.1805,41.0651,41.1477,5405302.0,64.18148497952423,71.27434556514557,49.995763808281566,40.95493020833338,0.024093749999998693,0.9660274637574275,0.9750926549838995,-0.00906519122647198,8.330811901159775,77.7775061124694,39.07,40.47,94.89334353991325,110.75891908285628,,,,
2023-02-01,00001,41.189,41.85,41.189,41.85,4488356.0,66.24455745538292,69.59774952855803,59.538173309032715,41.13781770833338,0.18288749999999965,0.9672074864722333,0.9735156212815663,-0.00630813480933301,79.16288451840633,94.94865525672367,39.17,40.61,95.06993797931835,94.89334353991325,,,,
2023-02-02,00001,42.0979,42.1392,41.6022,41.6435,3430310.0,64.5344877933312,67.90999561681575,57.78347214636207,41.19548750000004,0.05766979166666175,0.9406367636821642,0.9669398497616859,-0.026303086079521698,73.69091604026013,89.8997555012225,39.26,40.73,91.18141757477485,95.06993797931835,,,,
2023-02-03,00001,41.3956,41.6435,40.4041,40.7346,5003801.0,49.813973080563194,61.877988104731564,25.68594303222646,41.15933958333338,-0.03614791666666406,0.8365948952434223,0.9408708588580332,-0.10427596361461089,22.857735666366988,67.6772616136919,39.34,40.82,81.9145287113676,91.18141757477485,,,,
2023-02-06,00001,40.652,40.652,39.9496,40.2388,2694917.0,36.97288218644871,53.57628613197061,3.7660742954048914,40.96438958333338,-0.19494999999999862,0.7059957687430582,0.8938958408350383,-0.18790007209198,17.073026743019064,38.02672848765848,39.38,40.85,72.55535755535323,81.9145287113676,,,,
2023-02-07,00001,40.2801,40.652,40.0736,40.1149,4581643.0,26.799755454665362,44.6507759062022,-8.902285448408307,40.75696354166671,-0.20742604166667178,0.5857452192770367,0.832265716523438,-0.24652049724640124,21.057324840764487,28.789379102944817,39.42,40.85,63.00558737716223,72.55535755535323,,,,
2023-02-08,00001,40.1149,41.0651,40.0736,40.4041,3595270.0,23.78123776621638,37.69426319287359,-4.044813087098049,40.70575520833338,-0.05120833333332797,0.5079267520968003,0.7673979236381104,-0.25947117154131016,100.0,39.39560641067948,39.44,40.84,60.19365770141631,63.00558737716223,,,,
2023-02-09,00001,40.4041,40.8585,40.3215,40.7759,3099953.0,26.607392419350536,33.99863960169924,11.824898054653133,40.72254270833338,0.01678749999999951,0.4708287877579025,0.7080840964620688,-0.23725530870416633,100.0,53.031136538673024,39.48,40.83,70.79722592969051,60.19365770141631,,,,
2023-02-10,00001,40.7759,41.3956,40.7346,40.8585,3632251.0,31.31872988430055,33.10533636256634,27.74551692776896,40.76040729166671,0.03786458333333087,0.44298703464044564,0.6550646840977442,-0.21207764945729857,100.0,56.06043935893192,39.52,40.82,75.51123454669748,70.79722592969051,,,,
2023-02-13,00001,40.528,40.7759,40.3628,40.4867,2414498.0,29.05568473835846,31.755452487830382,23.656149239414617,40.73673437500004,-0.023672916666669153,0.38646615074910073,0.6013449774280155,-0.21487882667891478,30.763500931098505,42.42490923093837,39.54,40.8,71.64270073251194,75.51123454669748,,,,
2023-02-14,00001,40.6933,40.9825,40.6106,40.6933,2622027.0,30.692159086320117,31.401021353993627,29.274434550973098,40.74190312500004,0.005168750000002831,0.3542601459823871,0.5519280111388898,-0.1976678651565027,66.67339116401071,46.7752010619193,39.57,40.79,69.33736396048376,71.64270073251194,,,,
2023-02-15,00001,40.5693,40.7346,39.3299,39.4952,6857492.0,22.84300923873616,28.548350648907803,11.432326418392869,40.54136562500004,-0.20053750000000292,0.22941543972946477,0.48742549685700476,-0.25801005712754,12.124101510928199,6.062273077346053,39.55,40.74,59.99534928336429,69.33736396048376,,,,
2023-02-16,00001,39.7431,40.0736,39.5365,39.5778,3573749.0,19.22893101110434,25.44187743630665,6.803038160699721,40.390741666666706,-0.15062395833333397,0.13557738850875012,0.4170558751873538,-0.2814784866786037,18.182484964060553,9.09157589760521,39.53,40.66,54.05824911419836,59.99534928336429,,,,
2023-02-17,00001,39.2886,39.867,39.2886,39.4952,2797157.0,16.087757519505324,22.323837464039542,3.6155976304368878,40.18933958333338,-0.20140208333332765,0.05392333255509385,0.34442936666090185,-0.290506034105808,71.43845089902969,7.463872832369744,39.49,40.58,48.21360105189851,54.05824911419836,,,,
2023-02-20,00001,39.6191,39.991,39.4952,39.867,2710688.0,19.875622557695767,21.507765828591616,16.611336015904072,40.140278125000044,-0.049061458333333974,0.01899410543978064,0.2793423144166776,-0.260348208976897,100.0,20.895953757225247,39.47,40.49,50.93261993699505,48.21360105189851,,,,
2023-02-21,00001,39.867,40.1562,39.5365,39.7844,3184820.0,21.094110656245775,21.369880771143002,20.54257042645132,40.10241145833338,-0.03786666666666605,-0.01517772897181402,0.2204383057389793,-0.23561603471079332,85.71922544951589,17.911849710982494,39.45,40.42,57.88802628308623,50.93261993699505,,,,
2023-02-22,00001,39.9496,39.9496,39.4126,39.4539,3080169.0,16.67783298614447,19.805864842810156,10.421769272813101,40.00859791666671,-0.09381354166666966,-0.06814224050258844,0.16272219649066574,-0.23086443699325418,9.088908450704158,5.971820809248369,39.41,40.33,53.109823093625536,57.88802628308623,,,,
2023-02-23,00001,39.3713,39.5365,39.1647,39.206,3512307.0,11.875881029161038,17.162536904927116,1.3025692776288835,39.90488541666671,-0.10371250000000032,-0.12863760149675585,0.10445023689318142,-0.23308783838993727,6.6645150879457855,1.4281268370275484,39.4,40.24,44.961641422137646,53.109823093625536,,,,
2023-02-24,00001,39.0821,39.4126,38.9168,39.2886,2789256.0,13.916834468360355,16.080636092738196,9.58923121960467,39.811495833333375,-0.0933895833333338,-0.16797912248652835,0.04996436501723946,-0.2179434875037678,69.22360826661769,11.841518568061668,39.39,40.14,45.259246994744984,44.961641422137646,,,,
2023-02-27,00001,39.2886,39.4539,38.7516,38.9581,4461871.0,12.749061271056823,14.970111152177738,8.30696150881499,39.690563541666705,-0.1209322916666693,-0.22325263183763866,-0.004679034353736164,-0.21857359748390248,38.454376163873135,6.248108925869845,39.36,40.04,41.90218312248835,45.259246994744984,,,,
2023-02-28,00001,39.1234,39.4126,38.6689,38.6689,6913005.0,8.499374180704548,12.813198828353341,-0.1282751145930412,39.52530729166671,-0.16525624999999877,-0.2870839838154282,-0.06116002424607457,-0.22592395956935363,0.0,0.0,39.31,39.93,34.246655841464246,41.90218312248835,,,,
2023-03-01,00001,38.8342,39.6191,38.5037,39.4126,5188207.0,24.000087073571013,16.54216157675923,38.91593806719458,39.4749635416667,-0.05034375000000324,-0.2744961942388784,-0.10382725824463533,-0.17066893599424304,100.0,27.161342378148873,39.28,39.83,50.3892605389361,34.246655841464246,,,,
2023-03-02,00001,39.3713,39.7844,38.8755,39.7431,3425686.0,41.000562335482016,24.694961829666823,73.6117633471124,39.51628125000004,0.04131770833333803,-0.2351411318157801,-0.1300900329588643,-0.10505109885691583,100.0,39.473851837696536,39.26,39.77,68.14183115621206,50.3892605389361,,,,
2023-03-03,00001,39.8257,40.0736,39.6191,39.7018,3027377.0,51.501131319973375,33.63035165976901,87.2426906403821,39.602789583333376,0.08650833333333452,-0.20492230932685374,-0.14505648823246217,-0.059865821094391564,96.66774245602713,50.87905554611848,39.25,39.72,77.44351308066648,68.14183115621206,,,,
2023-03-06,00001,39.4952,40.5693,39.4952,40.2801,3425968.0,63.000496015536065,43.420399778358025,102.16068848989214,39.72198750000004,0.11919791666666413,-0.13277910299704843,-0.14260101118537943,0.009821908188331008,100.0,75.43740445048401,39.25,39.71,88.10558854960401,77.44351308066648,,,,
2023-03-07,00001,40.1562,41.0651,40.1562,40.6106,3848467.0,69.41892988058456,52.08657647910021,104.08363668355325,39.87346041666671,0.15147291666666973,-0.04837882335976218,-0.12375657362025598,0.0753777502604938,100.0,89.4725666723288,39.28,39.73,95.36724113315776,88.10558854960401,,,,
2023-03-08,00001,40.1975,40.4867,39.7844,39.867,2835963.0,64.02088623308323,56.06467973042788,79.93329923839394,39.918642708333365,0.04518229166665577,-0.04102044104155311,-0.1072093471045154,0.0661889060629623,33.333333333333336,57.894513334465636,39.29,39.75,86.23267587285974,95.36724113315776,,,,
2023-03-09,00001,39.867,40.4041,39.6191,40.0736,3588374.0,63.1108242881287,58.41339458299482,72.50568369839645,39.92811562500003,0.00947291666666672,-0.018306945595185198,-0.08942886680264936,0.07112192120746416,45.83963691376684,66.66808221505006,39.29,39.77,82.38073285358675,86.23267587285974,,,,
2023-03-10,00001,40.0736,40.0736,39.1234,39.2473,4771569.0,51.75088241628612,56.19255719409191,42.86753286067453,39.7792166666667,-0.14889895833333355,-0.06621851530991307,-0.0847867965041021,0.018568281194189032,13.039360134709094,31.578053337863153,39.27,39.77,70.75061847759899,82.38073285358675,,,,
2023-03-13,00001,39.0821,40.3628,39.0821,40.2801,4691559.0,57.61815419199788,56.6677561933939,59.51895018920584,39.86183541666671,0.08261875000000884,-0.020612838986011184,-0.07195200500048392,0.051339166014472734,100.0,81.12897332846165,39.28,39.79,82.90821209963919,70.75061847759899,,,,
2023-03-14,00001,41.313,41.4369,39.9496,40.1975,7700295.0,55.616235951011994,56.317249445933264,54.21420896116946,39.88550208333337,0.023666666666663616,0.008763834361616318,-0.055808837128063865,0.06457267148968018,93.10517529215365,77.35659481183764,39.31,39.81,82.55071691060544,82.90821209963919,,,,
2023-03-15,00001,40.3628,41.1064,40.2801,40.528,4440530.0,57.54490471022111,56.726467867362544,59.18177839593824,40.018909375000035,0.1334072916666642,0.058044546136976294,-0.03303816047505583,0.09108270661203213,100.0,96.07954815131238,39.35,39.85,86.17979016735615,82.55071691060544,,,,
2023-03-16,00001,40.528,40.528,38.9994,39.5778,4675206.0,46.273013396557694,53.24198304376093,32.33507410215121,39.9539291666667,-0.0649802083333384,0.02019388389673793,-0.022391751600697077,0.04258563549743501,37.83854507392405,50.98011296217207,39.36,39.87,78.7881050088762,86.17979016735615,,,,
2023-03-17,00001,41.2303,41.313,39.7018,40.3215,15145724.0,48.928675597705116,51.80421389507566,43.17759900296403,39.99180625000004,0.03787708333334194,0.049635172638467395,-0.007986366752864182,0.05762153939133158,86.49090671202416,86.27841852959332,39.41,39.9,81.07595542902114,78.7881050088762,,,,
2023-03-20,00001,40.3215,40.652,39.867,40.2801,4695121.0,50.132963218982844,51.247130336378056,47.90462898419243,40.02106458333337,0.029258333333331166,0.06883350230633312,0.007377607058975277,0.06145589524735784,96.86861810755593,84.31344629550519,39.46,39.93,83.2886787281511,81.07595542902114,,,,
2023-03-21,00001,40.2801,40.3628,39.6604,39.7844,4995999.0,44.15701821436458,48.883759629040235,34.70353538501327,40.022360416666714,0.0012958333333443761,0.04354748136456266,0.014611581920092754,0.028935899444469903,18.756617758281,60.78598889363512,39.47,39.94,79.1952049213636,83.2886787281511,,,,
2023-03-22,00001,39.7844,40.8172,39.7844,40.6106,4030736.0,51.47151641641394,49.746345224831465,54.921858799578885,40.08130833333337,0.058947916666653555,0.08914792101001723,0.02951884973807765,0.059629071271939574,100.0,100.0,39.5,39.97,82.30551018910418,79.1952049213636,,,,
2023-03-23,00001,40.6933,40.6933,39.9496,40.1975,5901354.0,50.69861778188275,50.06376941051523,51.96831452461781,40.059363541666706,-0.02194479166666241,0.09090498431046967,0.04179607665255605,0.04910890765791362,56.52494211744874,80.39299444681757,39.52,40.0,81.82930579066934,82.30551018910418,,,,
2023-03-24,00001,40.0736,40.4454,39.9496,40.0736,3224108.0,48.488993051169665,49.53884395740004,46.38929123870891,40.11057812500004,0.05121458333333351,0.0813618859354932,0.04970923850914348,0.031652647426349725,35.003631082062576,74.51231667378613,39.53,40.03,78.45707690213612,81.82930579066934,,,,
2023-03-27,00001,40.2388,40.4041,39.7431,40.1149,2866429.0,48.397629761176226,49.15843922532543,46.87601083287781,40.06496458333337,-0.04561354166666831,0.07625248537463847,0.055017887882242475,0.021234597492395993,81.82218309859168,76.47254259812993,39.54,40.04,75.31114876272525,78.45707690213612,,,,
2023-03-28,00001,40.0323,40.4867,39.9496,40.4041,2835264.0,52.50338756784728,50.273422006166044,56.963318691209736,40.12134583333337,0.05638125000000116,0.09445050504491093,0.06290441131477617,0.031546093730134755,100.0,90.19887037828094,39.57,40.07,82.34932101265696,75.31114876272525,,,,
2023-03-29,00001,40.4454,40.652,39.9496,40.2388,4529231.0,46.66872334286344,49.071855785065175,41.862458458459955,40.16394375000004,0.042597916666665014,0.09444552894561298,0.06921263484094353,0.025232894104669445,74.99243570347933,82.35322037116137,39.59,40.09,84.0630942428314,82.34932101265696,,,,
2023-03-30,00001,39.9083,40.3215,39.9083,40.1562,3743683.0,45.399019803494845,47.847577124541736,40.50190516140107,40.156629166666704,-0.007314583333332791,0.08677615417897044,0.07272533870854891,0.01405081547042153,50.0,73.8113077056077,39.62,40.11,82.9978463007659,84.0630942428314,,,,
2023-03-31,00001,40.1975,40.652,40.1975,40.2388,6673808.0,46.932679868996466,47.54261137269331,45.712816861602775,40.151890625000036,-0.004738541666668539,0.08636765652215672,0.07545380227127048,0.010913854250886243,100.0,76.92403177755703,39.64,40.12,81.84346326953344,82.9978463007659,,,,
2023-04-03,00001,40.2388,40.7346,40.2388,40.4867,4709769.0,54.36513760189249,49.81678678242637,63.461839240824744,40.22763229166671,0.07574166666667281,0.10483886027795819,0.08133081387260802,0.023508046405350175,100.0,92.31007944389279,39.67,40.14,87.98165208687928,81.84346326953344,,,,
2023-04-04,00001,40.7346,41.1477,40.3215,41.0238,3375576.0,66.63641951474595,55.4233310265329,89.06259649117204,40.36921770833337,0.1415854166666648,0.16096144031138948,0.0972569391603643,0.06370450115102518,100.0,100.0,39.71,40.19,98.70477833542134,87.98165208687928,,,,
2023-04-06,00001,40.6106,41.5608,40.6106,41.2717,4476003.0,72.45604142669448,61.10090115992009,95.16632196024328,40.52802395833338,0.15880625000000492,0.22287330284115825,0.1223802118965231,0.10049309094463516,100.0,100.0,39.78,40.25,104.6541009991868,98.70477833542134,,,,
2023-04-11,00001,41.5608,41.8087,41.1064,41.5608,3719247.0,77.63690910501552,66.61290380828524,99.68491969847608,40.7289885416667,0.2009645833333238,0.2919019894061776,0.156284567398454,0.13561742200772361,100.0,99.99999999999999,39.84,40.34,111.25925525069796,104.6541009991868,,,,
2023-04-12,00001,41.8087,42.3871,41.5195,42.2219,5841923.0,82.86976770736176,72.03185844131075,104.5455862394638,40.96869687500004,0.23970833333333985,0.395395097234541,0.2041066733656714,0.19128842386886963,100.0,100.0,39.94,40.46,119.08817891430071,111.25925525069796,,,,
2023-04-13,00001,41.8087,42.1805,41.5195,42.1805,3886322.0,85.80161911489661,76.62177866583937,104.1613000130111,41.183000000000035,0.2143031249999936,0.46867094983813473,0.2570195286601641,0.21165142117797064,96.28865979381479,98.7152831652445,40.03,40.6,124.78507812491296,119.08817891430071,,,,
2023-04-14,00001,41.8913,42.2632,41.7261,42.1805,4752583.0,87.75618671991985,80.33324801719954,102.60206412536047,41.37320937500004,0.190209375000002,0.5207398263812593,0.3097635882043831,0.21097623817687616,94.10592255125341,98.7152831652445,40.1,40.74,128.4611983762482,124.78507812491296,,,,
2023-04-17,00001,42.0153,42.2219,41.6848,42.1392,5828874.0,88.06355694858628,82.91001766099511,98.37063552376864,41.476482291666706,0.10327291666666838,0.5523055863352013,0.35827198783054676,0.19403359850465457,93.75189107413017,97.43366951124918,40.18,40.89,128.22867317348957,128.4611983762482,,,,
2023-04-18,00001,42.1392,42.1392,41.8087,41.9327,3236407.0,84.99183521626338,83.60395684608453,87.76759195662109,41.54319270833337,0.0667104166666661,0.5542695796172339,0.3974715061878842,0.1567980734293497,50.010086746014636,91.02560124127227,40.25,41.02,123.73981767923456,128.22867317348957,,,,
2023-04-19,00001,42.0979,42.1392,41.8087,41.85,3839075.0,81.32718010028202,82.84503126415036,78.29147777254533,41.57762083333337,0.03442812499999803,0.5428947073496815,0.42655614642024364,0.11633856092943784,36.355633802816634,85.48116338083165,40.32,41.13,112.5407684401653,123.73981767923456,,,,
2023-04-20,00001,42.0153,42.2219,41.8087,42.1392,4299788.0,82.8999851573886,82.86334922856311,82.9732570150396,41.6357135416667,0.058092708333333576,0.5508660215862164,0.4514181214534382,0.09944790013277827,100.0,96.77142299433942,40.39,41.24,118.70772290332471,112.5407684401653,,,,
2023-04-21,00001,42.0979,43.3373,41.8913,42.8415,7366079.0,81.19191862405857,82.30620569372826,78.96334448471919,41.8173104166667,0.18159687499999677,0.6068576094172826,0.48250601904620705,0.12435159037107557,100.0,100.0,40.49,41.37,119.11141647773448,118.70772290332471,,,,
2023-04-24,00001,42.9655,43.0068,41.974,42.1392,5556132.0,65.49149876217177,76.70130338320944,43.07188952009645,41.90079791666671,0.08348750000001104,0.5877859747046656,0.5035620101778988,0.08422396452676684,32.00038729666926,77.33346243222309,40.58,41.48,106.68384279800938,119.11141647773448,,,,
2023-04-25,00001,42.1392,42.635,41.85,42.0566,4195219.0,53.50990077745113,68.97083584795666,22.588030636440067,41.930063541666705,0.029265624999993634,0.559556221300717,0.5147608524024625,0.04479536889825453,20.83711548159367,74.66757035889495,40.65,41.57,94.71914315027914,106.68384279800938,,,,
2023-04-26,00001,41.7261,42.5937,41.7261,42.511,4868220.0,52.33892527876473,63.42686565822601,30.16304451984216,41.97567500000004,0.04561145833333313,0.5673106171090083,0.5252708053437717,0.042039811765236634,100.0,89.33320423444357,40.73,41.66,93.59430198628671,94.71914315027914,,,,
2023-04-27,00001,42.5937,43.2134,42.4697,43.0481,4304126.0,62.39236470929243,63.082032008581486,61.013030110714325,42.1663197916667,0.1906447916666636,0.6097665042282188,0.5421699451206611,0.06759655910755769,100.0,100.00000000000001,40.81,41.77,103.6705365506263,93.59430198628671,,,,
2023-04-28,00001,43.2547,44.0396,43.2134,43.3786,7725799.0,65.40443361571873,63.856165877627234,68.50096909190171,42.38105937500004,0.21473958333334053,0.6624454299856879,0.5662250420936664,0.09622038789202148,100.0,100.00000000000001,40.91,41.9,107.19507013820125,103.6705365506263,,,,
2023-05-02,00001,43.3786,44.3288,43.3786,43.7504,3952492.0,69.52859706500455,65.74697627341966,77.09183864817433,42.59192916666671,0.21086979166666708,0.7258281162060882,0.5981456569161507,0.1276824592899375,100.0,100.0,41.02,42.04,111.909245118511,107.19507013820125,,,,
2023-05-03,00001,43.3373,43.5852,43.1721,43.5026,3488056.0,69.10441197758412,66.86612150814115,73.58099291647008,42.74987500000004,0.15794583333332923,0.7474478491000696,0.6280060953529345,0.11944175374713506,57.150268026975866,93.55040212383858,41.11,42.19,109.71681694899331,111.909245118511,,,,
2023-05-04,00001,43.4612,45.0724,43.4612,44.9898,7435821.0,78.58014200770798,70.77079500799675,94.19883600713041,43.11652604166671,0.36665104166667106,0.8745054990984826,0.6773059761020441,0.1971995229964385,100.0,100.0,41.24,42.38,119.04738767112761,109.71681694899331,,,,
2023-05-05,00001,44.9898,44.9898,44.2875,44.3701,3718551.0,78.72430828086607,73.42196609895319,89.32899264469182,43.33772187500004,0.22119583333333281,0.9146514585092262,0.7247750725834805,0.18987638592574574,65.90746547835171,86.95643022521573,41.35,42.57,117.85765386862506,119.04738767112761,,,,
2023-05-08,00001,44.4114,44.618,44.0809,44.4528,3083937.0,79.64421456539306,75.49604892109981,87.94054585397956,43.573555208333374,0.235833333333332,0.9422786180645488,0.7682757816796941,0.1740028363848547,64.86981551746713,88.49688323372537,41.47,42.76,118.13462091880024,117.85765386862506,,,,
2023-05-09,00001,44.3288,44.7419,43.6265,43.9157,5708345.0,74.90729765216801,75.29979849812254,74.12229596025895,43.58259791666671,0.009042708333332428,0.9103400266270967,0.7966886306691746,0.11365139595792206,34.99939489289602,75.47268907563026,41.57,42.93,107.52650255606382,118.13462091880024,,,,
2023-05-10,00001,43.4612,43.9983,43.4612,43.7504,4378793.0,66.34039615253327,72.31333104959278,54.394526358414254,43.586470833333365,0.0038729166666584547,0.8617563435735107,0.8097021732500418,0.05205417032346893,29.164985881403737,68.08466807436776,41.66,43.07,96.05094338289292,107.52650255606382,,,,
2023-05-11,00001,43.7504,43.7917,43.1721,43.7917,3867218.0,55.095390134420484,66.57401741120201,32.13813558085744,43.6122791666667,0.02580833333333743,0.8171662062116027,0.811194979842354,0.005971226369248739,83.32436793975226,65.47560729619909,41.76,43.18,92.05909402611425,96.05094338289292,,,,
2023-05-12,00001,43.5852,43.5852,42.5524,42.8002,4762658.0,40.0080378673914,57.718690896598474,4.586731808977248,43.46208333333337,-0.15019583333333486,0.6938244609142501,0.7877208760567332,-0.09389641514248315,19.9951585572499,36.90459038123492,41.81,43.25,80.77685011863936,92.05909402611425,,,,
2023-05-15,00001,43.1721,43.3373,42.5937,43.2547,3149643.0,35.96170778461014,50.466363192602365,6.952396968625692,43.41045000000003,-0.051633333333334974,0.6255387691751366,0.7552844546804139,-0.12974568550527732,56.66908738804172,47.50075642965196,41.89,43.29,81.52936819459106,80.77685011863936,,,,
2023-05-16,00001,43.5852,43.5852,42.3871,42.5524,4059727.0,26.026384119468634,42.31970350155779,-6.560254644709673,43.22799375000003,-0.18245625000000132,0.5088860047735508,0.7060047646990413,-0.19711875992549044,19.052558782849403,26.251134644477943,41.94,43.3,71.7971497479066,81.52936819459106,,,,
2023-05-17,00001,42.5524,42.8415,42.0979,42.1805,4831300.0,18.303007304330787,34.314138102482126,-13.719254291971893,43.0786604166667,-0.1493333333333311,0.3820248816124945,0.6412087880817319,-0.2591839064692374,7.140387275242009,13.922848301008049,41.98,43.26,61.78109695196494,71.7971497479066,,,,
2023-05-18,00001,42.635,42.7589,42.0979,42.1805,4528614.0,13.243356357198833,27.290544187387695,-14.851019303178894,42.89102500000004,-0.18763541666665873,0.2782787038468584,0.5686227712347571,-0.29034406738789875,18.173817381738193,13.922848301008049,42.0,43.21,53.22082971001852,61.78109695196494,,,,
2023-05-19,00001,42.2219,42.511,42.0566,42.2219,2920489.0,10.880816501194348,21.82063495865658,-10.998820413730115,42.771825000000035,-0.11920000000000641,0.19712738276156472,0.4943236935401186,-0.2971963107785539,100.0,15.19134724392547,42.01,43.13,47.3225024051775,53.22082971001852,,,,
2023-05-22,00001,42.0979,42.3458,41.85,42.1392,5785995.0,11.741146670860951,18.46080552939137,-1.6981710461998816,42.681454166666704,-0.09037083333333129,0.1247036709965954,0.420399689031414,-0.2956960180348186,77.7628394729776,12.657413365199007,42.01,43.05,47.29353915716126,47.3225024051775,,,,
2023-05-23,00001,42.1702,42.2564,41.3949,41.6533,3395140.0,11.421111576746668,16.1142408785098,2.034852973220403,42.51128541666671,-0.17016874999999487,0.02777906866226232,0.34187556495758364,-0.3140964962953213,31.24546553808976,7.187960722134178,42.0,42.95,44.27743355195709,47.29353915716126,,,,
2023-05-24,00001,41.5672,42.1702,41.5241,42.1702,5940585.0,19.413066912157632,17.21384955639241,23.811501623688073,42.44683333333337,-0.06445208333333596,-0.007241392638562161,0.27205217343835447,-0.27929356607691663,100.0,21.566663884948145,41.97,42.86,55.665667421517554,44.27743355195709,,,,
2023-05-25,00001,41.5672,41.8256,41.3949,41.7395,3280379.0,18.186379478518575,17.538026197101132,19.48308604135346,42.34564895833337,-0.10118437500000255,-0.06895438775872265,0.20385086119893903,-0.2728052489576617,44.44731071843147,9.585802108542644,41.94,42.76,55.92962516717222,55.665667421517554,,,,
2023-05-29,00001,41.8256,41.9979,41.3949,41.438,4554711.0,12.780175309866033,15.952075901356098,6.436374126885905,42.233975000000044,-0.11167395833332705,-0.14057050202369936,0.13496658855441135,-0.2755370905781107,5.559138398039791,1.1989206932043326,41.9,42.65,47.48329602330361,55.92962516717222,,,,
2023-05-30,00001,41.5672,41.5672,40.9641,41.438,3111581.0,16.934235690047405,16.279462497586533,18.243782074969154,42.08395625000004,-0.15001875000000098,-0.19507805021394375,0.06895766080074033,-0.2640357110146841,61.11684291978358,11.7718657624761,41.87,42.54,49.911773035366195,47.48329602330361,,,,
2023-05-31,00001,41.3518,41.3518,40.7918,40.7918,12209519.0,11.289490460031603,14.616138485068221,4.636194409958367,41.8938229166667,-0.1901333333333426,-0.28710900050300125,-0.002255671460007991,-0.28485332904299326,0.0,0.0,41.82,42.4,41.002616712786775,49.911773035366195,,,,
2023-06-01,00001,40.6195,40.7488,40.1457,40.1888,6086134.0,8.133719974946906,12.455332315027784,-0.509504705214848,41.64063958333337,-0.2531833333333324,-0.40404368804567525,-0.08261327477714145,-0.32143041326853383,3.3351388996364957,0.8897421605665148,41.74,42.24,34.14054295851355,41.002616712786775,,,,
2023-06-02,00001,40.4903,41.2226,40.4903,41.0503,4388091.0,19.12791761492078,14.679527414992116,28.02469801477811,41.50956458333337,-0.1310749999999956,-0.42233105078657474,-0.1505568299790281,-0.27177422080754665,100.0,18.67426353708638,41.71,42.09,45.33639399170764,34.14054295851355,,,,
2023-06-05,00001,41.1364,41.6103,41.0072,41.6103,3931894.0,35.88171245236603,21.746922427450087,64.15129250219792,41.54209062500004,0.032526041666670835,-0.38717350249768856,-0.1978801644827602,-0.18929333801492837,100.0,34.004318450929915,41.69,41.98,64.7774458196414,45.33639399170764,,,,
2023-06-06,00001,41.5672,41.8687,41.438,41.6964,2280890.0,49.45337181520207,30.98240555670075,86.39530433220469,41.64700937500004,0.10491874999999595,-0.34834780509189045,-0.22797369260458625,-0.1203741124873042,100.0,36.003343316848856,41.69,41.89,78.37379603185653,64.7774458196414,,,,
2023-06-07,00001,41.6964,41.9118,41.2226,41.481,2941782.0,56.999796737615576,39.65486928367236,91.689651645502,41.64819895833337,0.0011895833333284145,-0.33114194182419254,-0.24860734244850752,-0.08253459937568502,68.74637260592056,35.41909814323614,41.69,41.82,84.30823019471856,78.37379603185653,,,,
2023-06-08,00001,41.7395,42.1272,41.481,42.0841,2266729.0,70.60815787217938,49.97263214650803,111.87920932352205,41.71011250000004,0.0619135416666694,-0.2657773259668872,-0.25204133915218346,-0.013735986814703727,100.0,53.16511245200222,41.7,41.78,96.83513899023441,84.30823019471856,,,,
2023-06-09,00001,42.0841,42.7302,41.3949,42.4718,3375450.0,77.07275011817825,59.006004803731436,113.20624074707187,41.8671322916667,0.1570197916666629,-0.18060929558333783,-0.23775493043841434,0.05714563485507651,100.0,63.79868348875489,41.71,41.78,103.85800521980505,96.83513899023441,,,,
2023-06-12,00001,42.2564,42.6871,42.2564,42.6871,2287917.0,84.15928875486723,67.39043278744337,117.69700068971494,42.02821666666671,0.1610843750000086,-0.0946490518858667,-0.2091337547279048,0.1144847028420381,100.0,81.74332582824064,41.74,41.8,113.93829051768341,103.85800521980505,,,,
2023-06-13,00001,42.601,42.601,41.9979,42.2995,3621734.0,83.88461515108128,72.88849357532267,105.87685830259849,42.069714583333365,0.04149791666665692,-0.0571423190529714,-0.1787354675929181,0.12159314853994671,70.00464324407996,69.276294628498,41.76,41.84,114.44676344978322,113.93829051768341,,,,
2023-06-14,00001,42.2995,42.3425,41.8256,42.0841,2831041.0,79.64139752575467,75.13946155880001,88.64526945966401,42.0496635416667,-0.020051041666661717,-0.04428841362488356,-0.1518460567993112,0.10755764317442765,30.005803830527928,76.27292043755408,41.75,41.87,110.59198963486709,114.44676344978322,,,,
2023-06-15,00001,42.4718,42.7302,41.7826,42.1702,5423907.0,75.59378136462577,75.29090149407527,76.19954110572675,42.03366875000004,-0.015994791666663843,-0.026844602664134243,-0.12684576597227581,0.10000116330814157,74.9854904236795,79.66081687258995,41.75,41.9,104.5165064207349,110.59198963486709,,,,
2023-06-16,00001,42.0841,42.6441,42.0841,42.4287,6290801.0,77.06296311369489,75.88158870061515,79.42571193985438,42.089026041666706,0.0553572916666667,0.007749204814103905,-0.09992677181499987,0.10767597662910378,100.0,89.83237585582744,41.77,41.94,107.05723713217368,104.5165064207349,,,,
2023-06-19,00001,42.2995,42.6441,42.2133,42.4718,2669283.0,78.9953671133839,76.91951483820473,83.14707166374225,42.16074166666671,0.07171562500000306,0.03820248184333508,-0.07230092108333289,0.11050340292666797,100.0,91.52829149287798,41.79,41.98,110.47228289592049,107.05723713217368,,,,
2023-06-20,00001,42.2564,42.5579,42.1702,42.3425,3682403.0,76.31868679023513,76.71923882221488,75.51758272627566,42.18547604166671,0.024734375000001307,0.05131200109023837,-0.04757833664861863,0.098890337738857,66.64947124065003,86.44054458172663,41.83,42.02,109.57652792605357,110.47228289592049,,,,
2023-06-21,00001,42.2564,42.2995,41.5672,41.7826,3971856.0,60.55734914551089,71.33194226331355,39.008162909905565,42.10954166666671,-0.07593437500000277,0.016333852339641908,-0.034795898850966525,0.05112975119060843,23.81162944948065,64.40938065633125,41.85,42.04,97.99730736169442,109.57652792605357,,,,
2023-06-23,00001,41.7826,41.7826,41.0072,41.481,3625259.0,49.53774911112996,64.06721121258569,20.478824908218513,41.99007187500004,-0.11946979166666694,-0.035316080183932286,-0.03489993511755968,-0.0004161450663726085,35.482663071969064,52.54190603604321,41.86,42.04,90.74923917766971,97.99730736169442,,,,
2023-06-26,00001,41.481,41.6964,41.1795,41.3087,3084511.0,38.85801575487603,55.6641460600158,5.245755144596487,41.85492395833337,-0.1351479166666678,-0.08912481842680364,-0.04574491177940847,-0.043379906647395175,38.88315708021698,45.76217832690653,41.84,42.01,81.94414028269111,90.74923917766971,,,,
2023-06-27,00001,41.2657,41.8687,41.1795,41.8256,3681533.0,41.73819351737336,51.02216187913499,23.1702567938501,41.82472604166671,-0.030197916666665492,-0.0890328062988317,-0.054402490683293114,-0.03463031561553859,100.0,66.10136145431657,41.85,41.99,86.6281619897486,81.94414028269111,,,,
2023-06-28,00001,41.481,42.0841,41.481,41.9549,2975441.0,46.159762983336954,49.401362247202314,39.67656445560624,41.83505312500004,0.010327083333329767,-0.07763156823504858,-0.05904830619364421,-0.01858326204140437,100.0,71.18910836546793,41.87,41.97,97.29781314034491,86.6281619897486,,,,
2023-06-29,00001,41.8256,41.9549,40.7057,40.9641,6057043.0,35.21670262996988,44.6731423747915,16.303823140326628,41.70044375000004,-0.1346093749999966,-0.14685246071231006,-0.07660913709737738,-0.07024332361493268,20.68523855267382,32.202722908633156,41.84,41.92,86.97554824516594,97.29781314034491,,,,
2023-06-30,00001,40.9641,41.5241,40.9641,41.2226,3737128.0,32.366576000114726,40.57095358323258,15.957820833879026,41.599040625000036,-0.10140312500000448,-0.17879073874193097,-0.09704545742628809,-0.08174528131564288,41.37848222862623,42.37428189187065,41.81,41.87,83.51568601716843,86.97554824516594,,,,
2023-07-03,00001,41.2226,41.6533,41.1795,41.481,4235861.0,35.53049421135682,38.890800459274,28.80988171552245,41.5474322916667,-0.051608333333334144,-0.181162999434747,-0.11386896582797987,-0.06729403360676714,100.0,45.09741442097608,41.79,41.82,85.76149604332514,83.51568601716843,,,,
2023-07-04,00001,41.2657,41.5241,41.2226,41.3087,2335573.0,36.29836519599303,38.02665537151368,32.84178484495173,41.5568541666667,0.009421875000001023,-0.19470180197829734,-0.13003553305804336,-0.06466626892025398,66.66666666666667,30.433027152518488,41.77,41.77,85.37908970385271,85.76149604332514,,,,
2023-07-05,00001,40.9641,41.3518,40.9641,41.0072,2794309.0,31.489972231648608,35.84776099155865,22.77439471182852,41.477433333333366,-0.07942083333333727,-0.22714158400554396,-0.1494567432475435,-0.07768484075800047,8.338169858772586,15.216513576259064,41.74,41.71,73.35846461519276,85.37908970385271,,,,
2023-07-06,00001,40.4903,41.0934,39.8011,39.8442,6691595.0,21.622603768390686,31.106041917169332,2.6557274708333907,41.19475625000004,-0.28267708333332564,-0.3427437883402149,-0.18811415226607778,-0.15462963607413713,2.8588485009287927,1.4934164934165814,41.66,41.61,62.12906306921133,73.35846461519276,,,,
2023-07-07,00001,39.8442,40.1027,39.4565,39.6288,4757294.0,16.60084073218231,26.270974855506992,-2.739427514467053,40.92778437500004,-0.26697187500000297,-0.4465923098179232,-0.23980978377644688,-0.20678252604147632,11.11111111111111,5.333374605336463,41.58,41.48,54.2572983496531,62.12906306921133,,,,
2023-07-10,00001,40.2319,40.2319,39.4996,39.715,3618920.0,14.34651877705447,22.296156162689485,-1.552755994215559,40.694466666666706,-0.2333177083333311,-0.5159893872170613,-0.2950457044645698,-0.22094368275249154,66.67526437967591,8.00160960812248,41.51,41.33,48.97236906501149,54.2572983496531,,,,
2023-07-11,00001,39.715,40.7057,39.715,40.3611,4989113.0,21.63340338152229,22.075238568967084,20.749733006632702,40.6536385416667,-0.040828125000004434,-0.5129393551255887,-0.3386244345967736,-0.17431492052881514,100.0,28.00099052807532,41.46,41.2,55.94178288681701,48.97236906501149,,,,
2023-07-12,00001,40.3611,40.6195,40.1457,40.318,3975291.0,27.494313106496747,23.881596748143636,34.71974582320297,40.637038541666705,-0.01659999999999684,-0.5081424427447985,-0.3725280362263786,-0.13561440651841988,94.99709808473563,28.570954797200894,41.43,41.08,65.47740409000656,55.94178288681701,,,,
2023-07-13,00001,40.6195,41.0072,40.5334,40.878,3423534.0,39.89879431668853,29.22066260432527,61.255057741415044,40.6962666666667,0.05922812499999708,-0.4539210163183114,-0.38880663224476514,-0.06511438407354625,100.0,47.14290452027991,41.41,41.0,79.69029785664478,65.47740409000656,,,,
2023-07-14,00001,40.7488,41.3518,40.7057,41.0934,4732271.0,52.98889118758802,37.143405465412854,84.67986263193833,40.777035416666706,0.08076875000000427,-0.3890840467098897,-0.38886211513779007,-0.00022193157209965397,100.0,54.286472324478574,41.39,40.95,89.67163947730343,79.69029785664478,,,,
2023-07-18,00001,40.878,41.0072,40.2319,40.6626,3727413.0,56.53804867051323,43.60828653377965,82.39757294398038,40.821457291666704,0.04442187499999761,-0.3682176568832318,-0.38473322348687844,0.016515566603646614,49.994196169471245,39.99933671608125,41.35,40.9,86.69350783503762,89.67163947730343,,,,
2023-07-19,00001,40.4903,40.6626,40.3611,40.4903,3908414.0,55.873850628827,47.696807898795434,72.22793608889013,40.7873510416667,-0.03410625000000067,-0.36141786249616104,-0.38007015128873495,0.018652288792573912,29.994196169471245,34.28514575664107,41.31,40.86,78.83556269861894,86.69350783503762,,,,
2023-07-20,00001,40.4903,41.0072,40.3611,40.6626,3248016.0,58.461354964672545,51.2849902540878,72.81408438584202,40.73215625000003,-0.05519479166667196,-0.3382269368368114,-0.37170150839835026,0.03347457156153888,100.0,41.79140679140673,41.28,40.82,76.58414588680824,78.83556269861894,,,,
2023-07-21,00001,40.6626,41.0934,40.6626,40.9641,3145499.0,65.33028170664316,55.96675407160626,84.05733697671695,40.76445937500003,0.032303124999998545,-0.29215168810841874,-0.355791544340364,0.06363985623194524,100.0,60.34261927633691,41.25,40.8,87.63141290070588,76.58414588680824,,,,
2023-07-24,00001,40.6195,40.878,40.1888,40.6626,3594141.0,62.851338016224105,58.26161538647887,72.03078327571457,40.7442666666667,-0.020192708333333087,-0.27677476459633255,-0.3399881883915577,0.06321342379522515,61.11182767960741,48.274895933397275,41.2,40.78,87.86754113645273,87.63141290070588,,,,
2023-07-25,00001,41.1795,41.5241,40.9211,41.1795,4336735.0,66.90089201081607,61.14137426125794,78.41992750993234,40.80528645833337,0.061019791666673484,-0.22033900099459913,-0.316058350912166,0.09571934991756686,100.0,68.9641370477104,41.18,40.79,94.1922911176373,87.86754113645273,,,,
2023-07-26,00001,41.3518,41.5241,40.9641,41.2226,2453572.0,70.40752944508989,64.23009265586859,82.7624030235325,40.87170000000003,0.06641354166666247,-0.17017378448617393,-0.2868814376269676,0.11670765314079368,100.0,70.68924111431312,41.17,40.8,100.46145381209593,94.1922911176373,,,,
2023-07-27,00001,41.481,41.8256,41.1364,41.8256,2553388.0,80.2716862967266,69.57729053615459,101.6604778178706,41.0686729166667,0.19697291666666672,-0.08082868568914137,-0.24567088723940236,0.164842201550261,100.0,94.82468780019211,41.19,40.84,112.08420804073208,100.46145381209593,,,,
2023-07-28,00001,41.3949,41.8256,41.1364,41.7395,4148711.0,85.09436955461145,74.74965020897355,105.78380824588726,41.1916197916667,0.12294687500000379,-0.016776215854548582,-0.19989195296243162,0.18311573710788304,90.00580383052792,96.36570849689748,41.22,40.9,119.31441958365963,112.08420804073208,,,,
2023-07-31,00001,41.7826,42.2133,41.438,41.438,5311060.0,77.29762119480073,75.59897387091594,80.69491584257028,41.25399583333337,0.06237604166666699,0.00954724302844312,-0.15800411376425666,0.16755135679269978,43.76088218224038,83.63935671774098,41.23,40.96,110.94167681181317,119.31441958365963,,,,
2023-08-01,00001,41.3949,41.9118,41.0072,41.2226,3586171.0,68.55323425006146,73.25039399729779,59.158914755588825,41.227977083333364,-0.026018750000005753,0.012879329127329697,-0.1238274251859394,0.1367067543132691,29.414174518640152,74.54729644168668,41.22,41.01,98.46102710250406,110.94167681181317,,,,
2023-08-02,00001,41.3518,41.3518,40.1888,40.4472,4317619.0,49.95670461488419,65.48583086982659,18.898452104999393,41.06060520833337,-0.1673718749999935,-0.046512105742515075,-0.10836436129725453,0.06185225555473946,20.68523855267382,41.817567852771205,41.2,41.02,86.59146945277772,98.46102710250406,,,,
2023-08-03,00001,40.4903,40.7057,39.8873,39.8873,5947109.0,33.30446974325613,54.7587104943031,-9.604011758837828,40.84837395833337,-0.2122312500000021,-0.13717819168620338,-0.1141271273750443,-0.02305106431115908,0.0,18.18412055210858,41.15,40.99,73.01208525270928,86.59146945277772,,,,
2023-08-04,00001,38.8535,38.9396,37.8197,38.0351,19723014.0,23.83717502184545,44.451532003483884,-17.39153894143142,40.340458333333366,-0.5079156250000025,-0.3544034363237287,-0.16218238916478117,-0.19222104715894756,8.19790675547106,5.377068823485415,41.04,40.88,62.936211296953786,73.01208525270928,,,,
2023-08-07,00001,37.6474,38.2504,37.6474,38.1643,5942437.0,19.665076243784597,36.18938008358412,-13.383531435814447,39.91465312500003,-0.4258052083333368,-0.5102488167511439,-0.2317956746820537,-0.27845314206909016,23.076923076923002,12.371356086352955,40.94,40.71,56.70351025000559,62.936211296953786,,,,
2023-08-08,00001,37.9058,38.1212,37.2166,37.3889,7657581.0,14.259476116546054,28.879412094571432,-14.980395839504702,39.422426041666704,-0.49222708333332577,-0.6883903676073757,-0.3231146132671181,-0.3652757543402576,18.1808589215997,3.7383380342807513,40.81,40.49,48.7682752678441,56.70351025000559,,,,
2023-08-09,00001,37.1305,37.3889,37.0013,37.2166,5365395.0,10.883268037789462,22.88069740897744,-13.111590704586497,39.076023958333366,-0.3464020833333379,-0.8338597836046162,-0.42526364733461774,-0.40859613626999847,18.512467755803936,4.462823622079869,40.69,40.23,43.62939356315714,48.7682752678441,,,,
2023-08-10,00001,37.0013,37.6043,37.0013,37.2597,5780607.0,8.908108597206288,18.223167805053723,-9.72200981848858,38.75924375000004,-0.3167802083333271,-0.9348906960400143,-0.5271890570756971,-0.4077016389643172,66.66666666666728,5.356217482329078,40.56,39.96,41.79044115662715,43.62939356315714,,,,
2023-08-11,00001,37.0874,37.5612,37.0013,37.0874,5590669.0,6.5232009322311475,14.323178847446199,-9.076754898198956,38.50483333333337,-0.25441041666666564,-1.0171366736342407,-0.6251785803874058,-0.39195809324683484,33.320433436532994,1.7847148809154039,40.43,39.68,36.47506154137611,41.79044115662715,,,,
2023-08-14,00001,36.872,37.0013,36.5274,36.6997,5834436.0,5.539276811963622,11.39521150228534,-6.172592568679814,38.26791770833337,-0.23691562500000174,-1.100910739571205,-0.7203250122241657,-0.3805857273470393,23.528608493786617,3.252047865312745,40.28,39.4,34.1875289609183,36.47506154137611,,,,
2023-08-15,00001,36.5274,36.872,36.269,36.6136,4507598.0,6.281862560257096,9.690761854942592,-0.5359360291138948,38.00363750000003,-0.2642802083333393,-1.1608680762503525,-0.8084336250294031,-0.3524344512209494,42.10654936461365,6.201634092790548,40.13,39.12,34.868273514178355,34.1875289609183,,,,
2023-08-16,00001,36.3551,36.5274,36.0967,36.1828,7829413.0,5.197440893115009,8.192988201000064,-0.793653722655101,37.725441666666704,-0.27819583333332787,-1.2289797437197691,-0.8925428487674762,-0.3364368949522929,14.278606965174399,1.5029063170940633,39.97,38.83,29.809722906281806,34.868273514178355,,,,
2023-08-17,00001,35.9244,36.0967,35.4936,35.9244,4941155.0,8.673898494423332,8.353291632141152,9.31511221898769,37.44501250000003,-0.2804291666666714,-1.2889512240024175,-0.9718245238144645,-0.31712670018795297,38.46428571428561,6.803537586860357,39.8,38.54,31.79480677628169,29.809722906281806,,,,
2023-08-18,00001,35.6229,35.9675,35.3644,35.4506,5281912.0,6.824870228628881,7.843817830970395,4.7869750239458515,37.1098416666667,-0.3351708333333292,-1.3590445350614502,-1.0492685260638617,-0.3097760089975885,10.532746823069205,1.3341175013929005,39.62,38.25,27.045540568273296,31.79480677628169,,,,
2023-08-21,00001,35.4506,35.5798,34.6752,34.9337,7117589.0,7.49165895933383,7.726431540424874,7.022113797151745,36.753136458333366,-0.35670520833333796,-1.4397074478847713,-1.1273563104280435,-0.3123511374567278,20.693243675952985,3.615182367420073,39.42,37.94,25.301421287796074,27.045540568273296,,,,
2023-08-22,00001,34.8906,35.6659,34.8906,35.3213,5439346.0,12.347095981196697,9.266653020682147,18.507981902225797,36.5350635416667,-0.21807291666666373,-1.4555783061037886,-1.1930007095631925,-0.2625775965405961,83.32473562032501,9.035858133810747,39.25,37.65,32.53141649386514,25.301421287796074,,,,
2023-08-23,00001,35.1921,35.5367,34.9337,35.3644,2618712.0,16.191665281065827,11.57499044081004,25.425014961577403,36.36230937500004,-0.17275416666666388,-1.4479867755790465,-1.2439979227663633,-0.2039888528126832,100.0,9.63862161557404,39.08,37.38,40.76135776279766,32.53141649386514,,,,
2023-08-24,00001,35.4936,35.9675,35.4075,35.7521,4038261.0,26.226568823434715,16.458849901684932,45.762006666934276,36.32417187500004,-0.038137499999997715,-1.3946100861299797,-1.2741203554390865,-0.1204897306908932,100.0,15.060695905124206,38.96,37.14,56.03801326171886,40.76135776279766,,,,
2023-08-25,00001,35.5798,35.7521,35.3644,35.3644,3562390.0,27.94201456400876,20.286571455792874,43.25290078044053,36.210653125000036,-0.11351875000000433,-1.3678253854376408,-1.2928613614387974,-0.07496402399884339,52.62707722385181,9.7560975609757,38.83,36.93,58.03565248327752,56.03801326171886,,,,
2023-08-28,00001,36.1828,36.1828,35.4936,35.6229,3037191.0,35.68340329534505,25.418848735643603,56.212512414747955,36.14739270833337,-0.06326041666666526,-1.310631384776265,-1.296415366106291,-0.014216018669974018,66.6752643796753,14.013426391435557,38.72,36.74,62.968096802943336,58.03565248327752,,,,
2023-08-29,00001,35.6659,36.4413,35.6229,36.3982,4640152.0,56.30880039254445,35.715499287943885,97.49540260174558,36.197642708333376,0.05025000000000546,-1.1890380066538029,-1.2749398942157932,0.08590188756199035,100.0,26.31578947368429,38.63,36.6,78.58001734578895,62.968096802943336,,,,
2023-08-30,00001,36.6136,36.829,36.3982,36.5274,5330607.0,66.20481452485909,45.878604366915624,106.857234840746,36.28603437500004,0.08839166666666642,-1.0699156960831715,-1.2339350545892689,0.1640193585060974,100.0,32.08939708939712,38.55,36.51,87.23111321163427,78.58001734578895,,,,
2023-08-31,00001,36.4844,37.0443,36.4844,36.829,6407927.0,74.44059659528757,55.3992684430396,112.52325289978353,36.400904166666706,0.11486979166666345,-0.9403342197548028,-1.1752148876223756,0.23488066786757278,100.0,41.32307515205006,38.48,36.46,96.55936908287448,87.23111321163427,,,,
2023-09-04,00001,37.3604,37.4043,36.5711,36.7904,6804713.0,74.81967555438182,61.87273748015368,100.71355170283807,36.44109583333337,0.04019166666666507,-0.8311734138592968,-1.1064065928697597,0.27523317901046296,91.03992571959085,60.62308331661463,38.41,36.43,98.88099051769726,96.55936908287448,,,,
2023-09-05,00001,36.615,36.7465,36.3519,36.4834,4088623.0,70.78833493204239,64.84460329744992,82.67579820122731,36.44633333333338,0.005237500000006889,-0.7606665327290969,-1.0372585808416273,0.27659204811253035,27.562355900231104,51.82425267260916,38.33,36.42,86.29227803597367,98.88099051769726,,,,
2023-09-06,00001,36.6588,36.9658,36.3957,36.6588,4731428.0,68.3435869169643,66.01093117062139,73.00889840965013,36.46102083333337,0.014687499999993747,-0.682765511527613,-0.9663599669788244,0.2835944554512114,69.98859749144823,73.09577329844863,38.26,36.42,80.47723992541827,86.29227803597367,,,,
2023-09-07,00001,36.6588,36.7904,36.1765,36.2642,3269755.0,60.26572640878328,64.09586291667536,52.605453392999124,36.401565625000046,-0.059455208333325515,-0.6454292070361092,-0.9021738149902814,0.2567446079541722,18.183703089364467,61.48191139485402,38.18,36.41,69.49451915439776,80.47723992541827,,,,
2023-09-11,00001,36.3519,36.5711,36.0449,36.4396,4125807.0,56.680701121495495,61.624142318282075,46.79381872792233,36.400935416666705,-0.0006302083333409314,-0.5948297752318084,-0.8407050070385867,0.2458752318067784,64.29385893467986,68.26852389243561,38.12,36.41,70.15169476618814,69.49451915439776,,,,
2023-09-12,00001,36.308,36.3957,36.0888,36.1326,2328888.0,47.32457654198266,56.857620392848936,28.25848884025011,36.32290937500004,-0.07802604166666782,-0.572897687348302,-0.7871435431005298,0.21424585575222777,22.21940714466634,60.41787579802655,38.06,36.4,61.357118574100625,70.15169476618814,,,,
2023-09-13,00001,36.1326,36.4396,35.8695,36.1326,5906678.0,37.26381725160052,50.326352679099465,11.138746396602627,36.27937500000004,-0.043534375000000125,-0.5491856790367464,-0.7395519702877731,0.19036629125102666,46.149798281002624,67.66644999535691,38.0,36.38,59.18212131751156,61.357118574100625,,,,
2023-09-14,00001,36.2203,36.8781,36.2203,36.3957,4282586.0,36.27074394829134,45.6411497688301,17.529932307213826,36.28499687500004,0.005621875000002774,-0.5033613343021983,-0.6923138430906581,0.18895250878845982,100.0,79.88206890147637,37.96,36.37,63.80413354254536,59.18212131751156,,,,
2023-09-15,00001,36.4834,37.1412,36.3957,36.7904,7963685.0,44.18093033265461,45.15440995677161,42.23397108442062,36.36473125000004,0.07973437500000102,-0.43023671852098033,-0.6398984181767225,0.20966169965574222,100.0,98.20781873897288,37.94,36.38,73.226922659482,63.80413354254536,,,,
2023-09-18,00001,36.5711,36.7904,36.2203,36.2642,2452774.0,39.79968499071424,43.36950163475249,32.660051702637745,36.36433125000004,-0.00039999999999906777,-0.41001843870924404,-0.5939224222832269,0.18390398357398285,7.700403437993508,73.77658092673428,37.9,36.38,69.6257252286417,73.226922659482,,,,
2023-09-19,00001,36.3519,36.615,36.1326,36.3519,2980610.0,39.17761495252617,41.97220607401038,33.58843270955775,36.349747916666715,-0.014583333333327175,-0.38250931989708903,-0.5516398018059994,0.16913048190891034,33.338400729705604,77.84845389544066,37.87,36.38,64.04356358932084,69.6257252286417,,,,
2023-09-20,00001,36.5711,37.0096,36.308,36.4396,4168279.0,41.0616617835063,41.66869131050902,39.84760272950086,36.32338125000004,-0.026366666666675087,-0.3496014995183714,-0.5112321413484737,0.16163064183010234,100.0,81.92032686414703,37.84,36.38,61.76128981623896,64.04356358932084,,,,
2023-09-21,00001,36.4396,36.615,36.0011,36.0888,3442255.0,33.122652245070825,38.82001162202962,21.727933491153237,36.29134375000004,-0.03203750000000127,-0.34781900207614314,-0.4785495134940076,0.13073051141786446,19.999999999999677,61.81386710689223,37.79,36.37,53.76715598171032,61.76128981623896,,,,
2023-09-22,00001,35.8695,36.7904,35.8695,36.7465,4968535.0,45.06937006110272,40.90313110172065,53.401847979866844,36.35288854166671,0.061544791666669596,-0.28999261231854945,-0.44083813325891597,0.15084552094036652,100.0,95.6471271038884,37.75,36.38,65.95209730626952,53.76715598171032,,,,
2023-09-25,00001,36.7027,37.0973,36.1326,36.2203,2919253.0,39.24128746649072,40.349183223310675,37.025495952850804,36.30974166666671,-0.04314687499999792,-0.2833583455589661,-0.409342175718926,0.1259838301599599,40.00000000000016,58.43916427693568,37.7,36.38,62.69950210364297,65.95209730626952,,,,
2023-09-26,00001,36.2203,36.308,35.6503,35.8257,4188987.0,30.082426938444716,36.926931128355356,16.393418558623438,36.26970208333337,-0.040039583333339124,-0.30640946595463703,-0.3887556337660682,0.08234616781143117,16.000729793832956,31.496654376621272,37.65,36.36,55.41193296140128,62.69950210364297,,,,
2023-09-27,00001,35.9572,36.5273,35.8257,36.3957,4296417.0,36.720500065967826,36.85812077422618,36.44525864945112,36.25257083333337,-0.017131249999998488,-0.2755075293306817,-0.3661060128789909,0.09059848354830924,100.0,67.55279317058539,37.61,36.35,60.21570409436072,55.41193296140128,,,,
2023-09-28,00001,35.8257,36.2642,35.6941,35.738,4431557.0,26.500605204079875,33.40561558417741,12.690584443884802,36.178816666666705,-0.07375416666666723,-0.3006230202454603,-0.3530094143522848,0.052386394106824496,11.765495036221964,9.543155625569876,37.57,36.32,51.5854920049931,60.21570409436072,,,,
2023-09-29,00001,35.738,36.9219,35.6941,36.7465,5146569.0,42.919316162314466,36.576849110223094,55.60425026649722,36.30610208333337,0.12728541666666615,-0.23642435335253253,-0.3296924021523343,0.09326804879980177,100.0,93.00076355306666,37.56,36.32,66.57992180610464,51.5854920049931,,,,
2023-10-03,00001,36.0449,36.6588,35.1679,35.3872,5570277.0,32.40162005582717,35.185106092091125,26.834647983299263,36.14465000000004,-0.16145208333333017,-0.2918661459195846,-0.32212715090578437,0.03026100498619977,13.892056252375378,13.202094997290788,37.52,36.28,58.67143702591808,66.57992180610464,,,,
2023-10-04,00001,35.2995,35.3433,34.9048,35.3433,4066476.0,28.267746703884757,32.87931962935567,19.044600852942935,36.04215625000004,-0.10249375000000072,-0.33547933216534886,-0.32479758715769724,-0.010681745007651622,23.809523809523736,23.255197284683838,37.47,36.23,54.633599739945325,58.67143702591808,,,,
2023-10-05,00001,35.3433,35.6064,35.1241,35.5187,2585030.0,28.178497802589874,31.312379020433738,21.910735366902145,35.902355208333375,-0.13980104166666507,-0.35183405834460757,-0.3302048813950793,-0.02162917694952826,100.0,32.5572761985576,37.42,36.17,53.64154048844955,54.633599739945325,,,,
2023-10-06,00001,35.6064,36.3519,35.6064,35.9134,2529757.0,34.11975870229676,32.24817224772141,37.862931611447436,35.91057812500004,0.008222916666667857,-0.3291520454270014,-0.32999431420146375,0.0008422687744623625,100.0,53.489605430632324,37.37,36.12,60.294492509353276,53.64154048844955,,,,
2023-10-09,00001,35.738,35.9134,35.3872,35.7818,1466782.0,37.239259424719506,33.911867973387444,43.89404232738363,35.9243322916667,0.013754166666657852,-0.3181282228228639,-0.3276210959257438,0.009492873102879884,83.32699860635941,46.510394569367676,37.33,36.08,66.72722690864256,60.294492509353276,,,,
2023-10-10,00001,36.2642,36.5273,35.8257,36.0011,2001603.0,42.94294124753415,36.92222573143635,54.984372279729754,35.923425000000044,-0.0009072916666568176,-0.288371914824495,-0.319771259705494,0.03139934488099905,100.0,58.14064488756902,37.29,36.05,72.68926368758102,66.72722690864256,,,,
2023-10-11,00001,36.3957,36.4396,35.9134,36.1765,3890537.0,49.64394652071487,41.16279932786252,66.60624090641956,35.96316562500004,0.0397406249999932,-0.2477802556824713,-0.3053730589008895,0.0575928032184182,100.0,67.4427238014424,37.25,36.03,79.63303541760729,72.68926368758102,,,,
2023-10-12,00001,36.7027,36.7465,36.308,36.5711,3019569.0,60.63219623120123,47.65259829564209,86.5913921023195,36.086493750000045,0.12332812500000756,-0.18167590443806603,-0.2806336280083248,0.09895772357025878,100.0,88.36974968179904,37.23,36.04,90.5184585559203,79.63303541760729,,,,
2023-10-13,00001,36.1326,36.4834,35.7818,35.7818,3940089.0,56.29448002714997,50.53322553947805,67.81698900249381,36.07324166666671,-0.013252083333334497,-0.1907784679424438,-0.26266259599514863,0.07188412805270483,0.0,46.510394569367676,37.16,36.03,75.58729718897897,90.5184585559203,,,,
2023-10-16,00001,35.4749,35.8695,35.431,35.5626,2133164.0,49.43532021719145,50.16725709871585,47.971446454142665,35.98097500000004,-0.09226666666666716,-0.2132220323069305,-0.252774483257505,0.039552450950574525,11.542847118674281,34.88544760288518,37.1,36.01,65.93922364599825,75.58729718897897,,,,
2023-10-17,00001,35.9134,35.9134,35.3872,35.738,3305807.0,45.56988145971872,48.63479855238347,39.44004727438923,35.905614583333374,-0.07536041666666904,-0.21438411797930712,-0.24509641020186543,0.030712292222558307,88.90015205271219,45.24081012108377,37.05,35.99,62.217691594662824,65.93922364599825,,,,
2023-10-18,00001,35.6064,36.0011,35.5626,35.8695,2217426.0,42.207086916400996,46.492228007055985,33.63680473509102,35.88642812500004,-0.019186458333336986,-0.20236143162030373,-0.23654941448555308,0.03418798286524935,100.0,52.38095238095253,37.0,35.97,64.0829717938515,62.217691594662824,,,,
2023-10-19,00001,35.1679,35.5187,34.9925,34.9925,3001708.0,28.13805794426733,40.37417131945977,3.665831193882454,35.766746875000045,-0.11968124999999219,-0.2605959487849532,-0.2413587213454331,-0.019237227439520083,0.0,4.76190476190467,36.92,35.93,53.36602953088317,64.0829717938515,,,,
2023-10-20,00001,34.7294,35.0364,34.4225,34.8171,5228563.0,24.418487281261473,35.05560997339367,3.144241896997073,35.58540416666671,-0.18134270833333233,-0.31724355113576763,-0.2565356873035,-0.06070786383226762,27.2702142363513,16.97934595524976,36.82,35.86,51.25196175394974,53.36602953088317,,,,
2023-10-24,00001,34.8171,34.9487,34.3786,34.4663,4664668.0,17.513559422075524,29.208259789620957,-5.875841313015343,35.373005208333375,-0.21239895833333833,-0.3859943102295915,-0.28242741188871834,-0.10356689834087318,14.285714285713954,3.703703703703626,36.74,35.77,43.93629446753084,51.25196175394974,,,,
2023-10-25,00001,34.9487,35.0364,34.2909,34.4225,4467105.0,13.46209928784509,23.959539622362332,-7.532781381189395,35.22684270833338,-0.14616249999999553,-0.43895408661102664,-0.31373274683318,-0.12522133977784666,25.00950209045954,5.359179019384223,36.65,35.67,39.17262840034485,43.93629446753084,,,,
2023-10-26,00001,34.3786,34.3786,33.6332,34.1155,6598152.0,14.615272703720398,20.84478398281502,2.1562501455311534,35.041847916666704,-0.18499479166667498,-0.4999344916208557,-0.3509730957907151,-0.14896139583014056,57.89220981874903,15.491600552468308,36.56,35.54,41.62875865890604,39.17262840034485,,,,
2023-10-27,00001,34.2471,34.9048,34.1155,34.7733,3626479.0,25.792897851862946,22.494155272497665,32.39038301059351,34.98247395833337,-0.0593739583333317,-0.4895398289747561,-0.3786864424275233,-0.11085338654723281,100.0,36.62030642726363,36.48,35.44,56.61286516752709,41.62875865890604,,,,
2023-10-30,00001,34.7294,34.9925,34.554,34.9487,2628821.0,35.71378375309383,26.90069809936305,53.33995506055539,34.98019270833338,-0.0022812499999957936,-0.46182503825231436,-0.3953141615924815,-0.06651087665983285,100.0,42.25419972376584,36.42,35.35,72.63685903981624,56.61286516752709,,,,
2023-10-31,00001,34.9487,35.2118,34.554,34.6856,4675179.0,38.62400398354402,30.808466727423376,54.25507849578532,34.96695416666671,-0.013238541666666492,-0.45583624166633285,-0.40741857760725175,-0.0484176640590811,68.42294767162748,33.80335977901263,36.35,35.27,78.65172406272978,72.63685903981624,,,,
2023-11-01,00001,34.7733,34.9487,34.2471,34.6856,2940748.0,44.35448051302826,35.323804655958334,62.41583222716811,34.93406979166671,-0.03288437500000185,-0.44594944956430993,-0.4151247519986634,-0.03082469756564654,62.499999999999744,35.82150515674458,36.28,35.2,79.77973539942832,78.65172406272978,,,,
2023-11-02,00001,35.0802,35.4749,34.9925,35.3433,3477770.0,60.521129666736954,43.72291299288454,94.11756301444179,34.98978854166671,0.055718750000004036,-0.3806552455007406,-0.40823085069907883,0.027575605198338238,100.0,58.20824398379787,36.22,35.15,91.225166917263,79.77973539942832,,,,
2023-11-03,00001,35.738,36.2203,35.431,35.8257,3547342.0,68.59655329927074,52.01412642834661,101.761407041119,35.15879583333337,0.1690072916666594,-0.2866788150178792,-0.3839204435628389,0.09724162854495971,100.0,74.62813574321781,36.2,35.14,98.39099897652416,91.225166917263,,,,
2023-11-06,00001,36.0011,36.1326,35.6941,36.0011,3079764.0,76.24009973600899,60.08945086423407,108.54139747955884,35.31455625000004,0.1557604166666664,-0.19579153968209795,-0.3462946627866907,0.15050312310459274,100.0,80.59838660267536,36.18,35.17,107.042083690181,98.39099897652416,,,,
2023-11-07,00001,35.2995,35.8695,34.554,34.6417,4878863.0,63.8206903552314,61.333197361233175,68.79567634322785,35.22822395833338,-0.08633229166665757,-0.23079448305512074,-0.3231946268403767,0.09240014378525596,6.060396655379599,34.32724054596815,36.13,35.17,91.24644460389257,107.042083690181,,,,
2023-11-08,00001,34.8171,34.9487,34.2471,34.4225,6531590.0,47.409029855470386,56.691808192645574,28.843473181120018,35.08251562500004,-0.14570833333333866,-0.2730743448652717,-0.3131705704453557,0.040096225580083966,9.999999999999797,26.866128867558373,36.06,35.14,79.12200251584312,91.24644460389257,,,,
2023-11-09,00001,34.6417,34.7294,34.1155,34.3786,3980491.0,35.7726865703136,49.718767651868255,7.880524407204305,34.920812500000046,-0.1617031249999954,-0.3065896286781751,-0.31185438209191957,0.005264753413744494,50.0,25.371864256781944,36.01,35.1,70.08967049196039,79.12200251584312,,,,
2023-11-10,00001,34.1594,34.3786,33.8963,34.0278,2729010.0,25.734573605682424,41.72403630313965,-6.244351789232027,34.786977083333376,-0.13383541666667043,-0.3573381886036344,-0.32095114339426256,-0.03638704520937186,24.99049790954046,13.431362537867084,35.95,35.03,60.64992194817175,70.08967049196039,,,,
2023-11-13,00001,34.2471,34.5102,34.0278,34.3348,3284989.0,23.445825892027006,35.631299499435436,-0.9251213227898489,34.70704375000005,-0.07993333333332941,-0.3685361977919115,-0.33046815427379234,-0.038068043518119155,90.91851544681792,29.62962962962961,35.92,34.97,62.32026325448146,60.64992194817175,,,,
2023-11-14,00001,34.4225,34.9487,34.3348,34.7294,4001533.0,27.579776068006527,32.9474583556258,16.84441149276799,34.66912812500004,-0.03791562500000367,-0.34163166142612766,-0.3327008557042594,-0.008930805721868273,100.0,46.2941847206384,35.9,34.92,74.00196472136112,62.32026325448146,,,,
2023-11-15,00001,35.5626,36.0449,35.3872,35.8257,7435220.0,46.060068726921116,37.31832847939091,63.543549221981536,34.88290312500004,0.21377499999999827,-0.22920523935691506,-0.3120017324347905,0.08279649307787545,100.0,92.59259259259245,35.93,34.91,86.69541986539186,74.00196472136112,,,,
2023-11-16,00001,35.738,35.8257,35.1679,35.3433,4413516.0,52.27507689606756,42.30391128494979,72.2174081183031,35.00622395833338,0.12332083333333799,-0.1769918860051689,-0.2849997631488662,0.1080078771436973,67.64370514454359,72.22011064656438,35.92,34.92,90.55517203918603,86.69541986539186,,,,
2023-11-17,00001,34.7733,35.3433,34.5979,35.2556,4958511.0,55.9382016875767,46.848674752492094,74.1172555577459,35.093009375000044,0.08678541666666462,-0.141062997926106,-0.25621241010431417,0.11514941217820818,53.56735624694585,68.51640694286075,35.91,34.94,90.72691934223371,90.55517203918603,,,,
2023-11-20,00001,35.431,35.5626,35.1679,35.5626,3086044.0,63.143076156854875,52.28014188727968,84.86894469600526,35.13960312500004,0.046593749999999545,-0.08681600016699775,-0.22233312811685088,0.13551712794985313,100.0,81.48148148148157,35.9,34.97,94.51838310372011,90.72691934223371,,,,
2023-11-21,00001,35.5626,36.1326,35.4749,35.6503,3618703.0,68.2397594865253,57.60001442036156,89.51924961885277,35.215431250000044,0.07582812500000102,-0.036329423573199904,-0.1851323872081207,0.1488029636349208,100.0,85.18518518518519,35.9,35.02,98.3015228714948,94.51838310372011,,,,
2023-11-22,00001,35.5187,35.738,35.3433,35.738,2708934.0,72.94476714206999,62.71493199426437,93.40443743768124,35.29080520833338,0.07537395833333704,0.010635608499697469,-0.14597878806655706,0.15661439656625453,100.0,88.88888888888883,35.89,35.07,103.14173981543983,98.3015228714948,,,,
2023-11-23,00001,35.3872,36.0449,35.2556,36.0011,2901344.0,79.88063660225173,68.43683353026016,102.76824274623485,35.37348229166671,0.0826770833333299,0.06829840447134927,-0.10312334955897579,0.17142175403032506,100.0,100.0,35.88,35.14,110.64388645657675,103.14173981543983,,,,
2023-11-24,00001,35.4749,35.738,35.3433,35.3433,2258744.0,71.95253772519308,69.60873492857114,76.64014331843697,35.372563541666715,-0.0009187499999967486,0.06022340525288428,-0.07045399859660377,0.13067740384948806,11.763916834339119,68.747624477385,35.84,35.19,95.82616179762447,110.64388645657675,,,,
2023-11-27,00001,35.431,35.5626,35.1679,35.2118,3991360.0,61.30212621222547,66.83986535645592,50.226647923764574,35.35201250000004,-0.02055104166667121,0.04272050381102588,-0.04781909811507784,0.09053960192610372,5.268843014881627,62.49999999999987,35.82,35.22,82.07149386883722,95.82616179762447,,,,
2023-11-28,00001,35.2556,35.2556,34.9048,34.9487,5374100.0,48.48737998649138,60.722370233134406,24.017399493205332,35.26340000000004,-0.08861250000000354,0.0075325268544617074,-0.036748773121169934,0.04428129997563164,10.011402508552099,50.00000000000017,35.8,35.24,70.1563086479102,82.07149386883722,,,,
2023-11-29,00001,35.0802,35.1241,34.1594,34.3348,6262946.0,35.28795803410534,52.24423283345805,1.3754084353999048,35.126830208333374,-0.13656979166666616,-0.06909432149446104,-0.04321788279582815,-0.02587643869863289,16.666666666667005,20.833333333333517,35.77,35.22,62.044043423336234,70.1563086479102,,,,
2023-11-30,00001,34.1155,34.6417,34.0717,34.3348,9697223.0,27.78072774434722,44.089731137087774,-4.837279041133883,34.98249166666671,-0.14433854166666293,-0.1283422018647684,-0.060242746609616205,-0.06809945525515221,30.00000000000008,20.833333333333517,35.74,35.18,56.882420615758846,62.044043423336234,,,,
2023-12-01,00001,34.3348,35.1679,33.9401,34.7294,6795002.0,30.52048516289813,39.56664914569122,12.428157197311947,34.886105208333376,-0.0963864583333347,-0.14182082948406816,-0.0765583631845066,-0.06526246629956156,100.0,39.58095781071836,35.73,35.13,64.14226691832368,56.882420615758846,,,,
2023-12-04,00001,35.0802,35.3872,34.6856,34.7733,4689060.0,33.54222639391484,37.55850822843243,25.50966272487966,34.88793541666671,0.0018302083333310293,-0.14726282172728844,-0.09069925489306296,-0.056563566834225476,100.0,41.66666666666669,35.71,35.09,69.4305540208077,64.14226691832368,,,,
2023-12-05,00001,34.6856,35.2556,34.5102,34.7733,4929840.0,35.55672054792598,36.891245668263615,32.8876703072507,34.897071875000044,0.009136458333337316,-0.14984828206910805,-0.10252906032827198,-0.04731922174083607,100.0,41.66666666666669,35.67,35.05,73.81877409589234,69.4305540208077,,,,
2023-12-06,00001,34.9048,35.431,34.8171,35.2556,3913328.0,48.09404596960015,40.62551243537579,63.03111303804887,34.94640000000004,0.04932812499999528,-0.11169218083185228,-0.10436168442898805,-0.007330496402864234,100.0,64.58095781071844,35.66,35.04,86.01753856566353,73.81877409589234,,,,
2023-12-07,00001,34.7294,35.1679,34.2471,34.9925,4782435.0,53.683652628937274,44.97822583322962,71.09450622035259,34.96968750000004,0.023287500000002126,-0.10151298834304612,-0.10379194521179966,0.00227895686875354,73.91175012394626,52.080957810718395,35.63,35.02,89.28611966756885,86.01753856566353,,,,
2023-12-08,00001,34.9048,35.431,34.7733,35.2556,5275343.0,65.20086645850728,51.719106041655515,92.1643872922108,35.03043020833338,0.06074270833333628,-0.07139296017268748,-0.09731214820397723,0.025919188031289744,100.0,64.58095781071844,35.61,35.02,98.30391329182127,89.28611966756885,,,,
2023-12-11,00001,34.6417,35.0802,34.2909,34.5979,3973078.0,58.17424455160805,53.87081887830636,66.78109589821143,34.94045312500005,-0.08997708333333065,-0.09944714938197308,-0.0977391484395764,-0.0017080009423966758,34.78433316807142,31.91654536632711,35.57,35.0,90.55282410256049,98.30391329182127,,,,
2023-12-12,00001,34.3786,34.7733,34.2032,34.7294,5383785.0,56.42988852460143,54.72384209373805,59.841981386328186,34.90710625000004,-0.03334687500000655,-0.1098035979148122,-0.10015203833462356,-0.009651559580188637,49.99999999999966,38.29694323144091,35.52,34.99,87.82569611700312,90.55282410256049,,,,
2023-12-13,00001,34.5102,34.861,34.3786,34.5979,3389452.0,52.326925929004155,53.924870038826754,49.131037709358964,34.83448437500004,-0.07262187500000294,-0.12715632997997517,-0.10555289666369388,-0.021603433316281284,75.00950209046056,31.91654536632711,35.47,34.96,82.59718194614308,87.82569611700312,,,,
2023-12-14,00001,34.6417,35.1679,34.5102,35.1241,9576558.0,59.885974727497036,55.91190493505018,67.83411431239075,34.88792916666671,0.05344479166667071,-0.09732663196857771,-0.10390764372467065,0.006581011756092936,100.0,57.44784085395427,35.43,34.95,95.7961622478764,82.59718194614308,,,,
2023-12-15,00001,35.9134,36.5711,35.6064,36.2203,10736226.0,68.31904488005976,60.047618250053375,84.86189814007253,35.12225104166671,0.23432187499999912,0.01459950330495019,-0.08020621431874649,0.09480571762369668,100.0,100.0,35.46,34.98,104.02707277909359,95.7961622478764,,,,
2023-12-18,00001,36.0449,36.2642,35.6941,36.1765,4587530.0,73.32451155637015,64.47324935215897,91.0270359647925,35.34561458333337,0.2233635416666644,0.0986305266297336,-0.04443886612905047,0.14306939275878405,97.43874627214757,98.07911586702902,35.48,35.04,110.13334935698674,104.02707277909359,,,,
2023-12-19,00001,35.7818,36.1765,35.6503,35.9134,2516416.0,72.95778563687345,67.30142811373047,84.27050068315944,35.49178229166671,0.14616770833333703,0.14235476967189697,-0.007080138968860984,0.14943490864075795,50.0081446489659,86.54065432856773,35.51,35.12,111.50342814718792,110.13334935698674,,,,
2023-12-20,00001,36.2203,36.2203,35.5187,35.6941,5578259.0,69.62617807890325,68.07634476878806,72.72584469913363,35.51096562500004,0.019183333333330665,0.1574953615747674,0.025834961139864693,0.1316604004349027,26.664639708117612,76.9230769230768,35.54,35.18,98.4801635105788,111.50342814718792,,,,
2023-12-21,00001,35.3872,35.6941,35.2995,35.6503,3614332.0,66.78852628152511,67.64707193970041,65.07143496517452,35.533347916666706,0.022382291666666276,0.16406881264881434,0.05348173144165462,0.11058708120715972,57.142857142856975,75.00219279010612,35.56,35.24,93.07536550068804,98.4801635105788,,,,
2023-12-22,00001,35.6503,36.3519,35.5626,35.8695,8672294.0,67.98247431114021,67.75887273018034,68.42967747305994,35.57673437500004,0.04338645833333743,0.18483526220655477,0.07975243759463466,0.10508282461192012,100.0,84.61538461538464,35.58,35.3,93.44981057591323,93.07536550068804,,,,
2023-12-27,00001,36.0449,36.3957,35.7818,36.308,3490696.0,74.65498287409345,70.0575761114847,83.84979639931095,35.6658041666667,0.08906979166665963,0.23397894476937608,0.11059773902958295,0.12338120573979314,100.0,100.0,35.61,35.38,104.22444189293259,93.44981057591323,,,,
2023-12-28,00001,36.3957,36.8342,36.0449,36.7904,4218901.0,82.47509472156999,74.19674898151312,99.03178620168373,35.8293291666667,0.16352499999999992,0.3082974545292032,0.150137682129507,0.1581597723996962,100.0,100.00000000000001,35.65,35.47,114.68557631966681,104.22444189293259,,,,
2023-12-29,00001,36.7465,36.8781,36.3957,36.7027,2945007.0,84.61302611067622,77.66884135790082,98.501395616227,35.982808333333374,0.1534791666666706,0.3560148344888532,0.19131311260137623,0.16470172188747695,91.30477890144775,96.92313089850197,35.68,35.58,120.61757485526205,114.68557631966681,,,,
2024-01-02,00001,36.8342,36.8781,35.9572,36.1765,2782895.0,74.92720259230255,76.75496176936805,71.27168423817156,36.030777083333376,0.04796875000000256,0.34736702865109237,0.22252389581131946,0.12484313283977291,26.320211233797107,78.46191628951333,35.7,35.67,111.62885506286771,120.61757485526205,,,,
2024-01-03,00001,35.7818,36.4396,35.7818,36.2642,3498817.0,70.32183876523872,74.61058743465827,61.744341426399615,36.058183333333375,0.027406249999998522,0.34362909497591687,0.24674493564423894,0.09688415933167793,52.383537843414466,81.5387853910116,35.72,35.75,106.38835946939352,111.62885506286771,,,,
2024-01-04,00001,36.0449,36.3519,35.8257,35.9572,2800255.0,60.76905894455245,69.996744604623,42.31368762441133,36.02757395833337,-0.03060937500000449,0.3122944848888025,0.25985484549315163,0.05243963939565088,36.35986733001686,67.7952999381571,35.74,35.81,94.2171574351714,106.38835946939352,,,,
2024-01-05,00001,35.738,36.0888,35.6064,35.7818,2731319.0,50.69683536039116,63.56344152321239,24.963623034748707,35.978694791666705,-0.0488791666666657,0.27019364240016586,0.2619226048745545,0.008271037525611369,26.664639708117324,61.01576994434126,35.74,35.85,83.33893427238301,94.2171574351714,,,,
2024-01-08,00001,35.8695,36.308,35.5187,35.6503,3271763.0,37.02480407479559,54.717229040406785,1.6399541435732061,35.88277291666671,-0.09592187499999483,0.22363949352843804,0.2542659826053312,-0.030626489076893137,30.011402508551775,55.93305504019795,35.74,35.87,74.22873010386205,83.33893427238301,,,,
2024-01-09,00001,35.8695,36.2642,35.8257,36.0011,3236814.0,36.511950693579045,48.648802924797536,12.238246231142057,35.872271875000045,-0.010501041666664435,0.21260089263431325,0.2459329646111276,-0.03333207197681434,100.0,69.49211502782937,35.74,35.89,78.53746296544497,74.22873010386205,,,,
2024-01-10,00001,35.7818,36.1326,35.6941,35.7818,2636087.0,30.792676069271277,42.69676063962211,6.984506928569601,35.86815833333337,-0.004113541666676213,0.18403559686102966,0.233553491061108,-0.04951789420007835,54.53980099502388,61.01576994434126,35.72,35.89,75.18387281383635,78.53746296544497,,,,
2024-01-11,00001,36.0888,36.3519,35.7818,35.9134,3323674.0,30.206740154267752,38.533420477837325,13.55337950712861,35.89282395833338,0.02466562500001146,0.17005611331374126,0.22085401551163467,-0.0507979021978934,71.43322475570115,66.10235003092158,35.73,35.9,76.17324745724241,75.18387281383635,,,,
2024-01-12,00001,35.8695,36.0449,35.5626,35.6503,2901998.0,23.36474060404665,33.47719385324043,3.139834105659091,35.850347916666706,-0.04247604166667429,0.13617753089562967,0.20391871858843366,-0.06774118769280399,24.999999999999492,55.93305504019795,35.73,35.9,66.85058140216256,76.17324745724241,,,,
2024-01-15,00001,35.9134,36.0449,35.6064,36.0011,2280159.0,33.03767301716913,33.330686907883326,32.45164523574074,35.88187291666671,0.031525000000002024,0.13606664688262526,0.19034830424727198,-0.05428165736464671,100.0,67.27340575503784,35.74,35.9,71.29718895487828,66.85058140216256,,,,
2024-01-16,00001,35.7818,36.0888,35.2556,35.2556,3516234.0,22.025115344779422,29.56216305351536,6.951019927307549,35.77863541666672,-0.10323749999999166,0.07495906941508679,0.16727045728083495,-0.09231138786574816,0.0,32.690114902201714,35.72,35.88,59.514099310854746,71.29718895487828,,,,
2024-01-17,00001,35.0802,35.2556,33.7647,33.8524,9864844.0,15.813331895488965,24.979219334173226,-2.5184429818795593,35.472134375000046,-0.3065010416666709,-0.08570765446307149,0.11667483493205366,-0.20238248939512515,3.921480951529471,2.8985028257925505,35.65,35.8,50.606363164843444,59.514099310854746,,,,
2024-01-18,00001,33.8963,34.5979,33.7209,34.2909,5674020.0,17.76381001318421,22.574082893843553,8.143264251865517,35.22364583333338,-0.24848854166666712,-0.1756293594449545,0.05821399605665203,-0.23384335550160654,37.14080927868638,18.569799641635466,35.58,35.69,48.649329940283565,50.606363164843444,,,,
2024-01-19,00001,34.4663,34.8171,33.7647,34.0717,4252461.0,16.28698445323391,20.47838341364034,7.904186532421043,34.99709166666671,-0.2265541666666664,-0.26156540341144563,-0.005741883836967505,-0.25582351957447813,61.5438596491227,11.428571428571422,35.51,35.57,44.30652173344282,48.649329940283565,,,,
2024-01-22,00001,34.2032,34.3786,33.107,33.4578,5045299.0,14.46159323909287,18.472786688791185,6.439206339696241,34.80342604166671,-0.19366562500000128,-0.37488549024090645,-0.0795706051177553,-0.2953148851231512,29.630880986569743,9.523809523809515,35.43,35.42,40.97136505767446,44.30652173344282,,,,
2024-01-23,00001,33.6332,34.2471,33.5016,33.9401,5355499.0,18.199107091442475,18.381560156341617,17.834200961644193,34.62619687500005,-0.17722916666666322,-0.4209227606600976,-0.14784103622622374,-0.27308172443387385,86.35845340520382,22.617690177553403,35.37,35.27,47.06487277356224,40.97136505767446,,,,
2024-01-24,00001,33.8524,34.861,33.5893,34.7294,6711430.0,30.269434016424782,22.344184776369342,46.11993249653566,34.62482083333338,-0.0013760416666670494,-0.38923090402943217,-0.19611900978686542,-0.19311189424256675,100.0,44.04626160612476,35.34,35.15,64.26739631816183,47.06487277356224,,,,
2024-01-25,00001,34.9925,35.431,34.4663,35.2556,6130296.0,44.19867157425616,29.629013708998283,73.3379873047719,34.81072083333338,0.18589999999999662,-0.31798935363185876,-0.22049307855586409,-0.09749627507599468,100.0,58.33197589183913,35.34,35.07,78.71138511655505,64.26739631816183,,,,
2024-01-26,00001,35.431,35.738,35.0802,35.2556,3719340.0,53.48482994614375,37.58095245471344,85.29258492900436,34.94501145833338,0.13429062500000555,-0.25854951382029157,-0.22810436560874958,-0.030445148211541984,100.0,58.33197589183913,35.32,35.03,87.06702731075549,78.71138511655505,,,,
2024-01-29,00001,35.4749,36.3519,35.4749,36.2642,6489141.0,68.08898572986162,47.750296879762836,108.76636343005917,35.17796875000005,0.2329572916666649,-0.12857528589020006,-0.20819854966503967,0.07962326377483961,100.0,87.80487804878055,35.33,35.04,99.37125877141358,87.06702731075549,,,,
2024-01-30,00001,36.1765,36.1765,35.5187,35.6064,5352638.0,71.06781920240542,55.522804320643694,102.15784896592886,35.293071875000045,0.11510312499999742,-0.07775245448183199,-0.18210933062839813,0.10435687614656614,44.442567567567636,79.16508298492332,35.32,35.06,99.79903932482841,99.37125877141358,,,,
2024-01-31,00001,35.5187,35.6064,34.861,35.431,5551652.0,71.25190638229945,60.76583834119561,92.22404246450712,35.34879687500005,0.05572500000000247,-0.051039951760387225,-0.15589545485479595,0.10485550309440872,40.621436716077405,73.60952742936766,35.31,35.09,94.18647872723135,99.79903932482841,,,,
2024-02-01,00001,35.431,35.7818,34.9925,35.4749,2980145.0,71.82559524585727,64.45242397608284,86.57193778540613,35.30495000000005,-0.04384687499999984,-0.026027706588195088,-0.12992190520147578,0.1038941986132807,82.35846525355487,74.99999999999989,35.31,35.13,90.43084995401935,94.18647872723135,,,,
2024-02-02,00001,35.8695,36.308,35.3433,35.6503,3553665.0,73.01207922657662,67.3056423929141,84.42495289390166,35.35154791666671,0.0465979166666628,0.007857416627494729,-0.10236604083568168,0.11022345746317641,100.0,80.55555555555554,35.31,35.17,91.05711198995327,90.43084995401935,,,,
2024-02-05,00001,35.4749,35.9572,35.1679,35.5626,4096607.0,72.48441566431156,69.03190015004658,79.38944669284152,35.39540520833338,0.04385729166666863,0.02732003548163675,-0.076428825572218,0.10374886105385475,86.66768014594133,77.77777777777783,35.32,35.2,89.92786965966283,91.05711198995327,,,,
2024-02-06,00001,35.8257,36.3957,35.6503,36.308,6370459.0,80.14112559438955,72.7349752981609,94.95342618684683,35.51370104166671,0.1182958333333275,0.1017192948632939,-0.04079920148511562,0.14251849634840952,100.0,99.99999999999999,35.37,35.27,101.5712049439052,89.92786965966283,,,,
2024-02-07,00001,36.7027,36.7465,36.2642,36.5273,5102272.0,82.885562559258,76.11850438519328,96.41967890738746,35.69504166666671,0.18134062500000425,0.17634413574791807,0.0026294659614911203,0.17371466978642697,100.0,100.0,35.41,35.35,109.2551628476711,101.5712049439052,,,,
2024-02-08,00001,36.7027,36.9658,35.8257,36.0011,4613776.0,73.31259726172759,75.1832020107047,69.57138776377334,35.80055937500005,0.10551770833333762,0.19082520327008723,0.04026861342321035,0.15055658984687686,40.00000000000016,84.61538461538474,35.45,35.43,104.74804301452308,109.2551628476711,,,,
2024-02-09,00001,35.6064,36.0011,35.2556,35.8257,2537167.0,64.15284261892948,71.50641554677964,49.44569676322919,35.799651041666706,-0.0009083333333421706,0.18600410000944123,0.06941571074045652,0.11658838926898471,44.829755445466574,79.4871794871795,35.49,35.49,97.4401096808785,104.74804301452308,,,,
2024-02-14,00001,35.8257,36.1326,35.0364,36.0888,3967567.0,62.21300619039743,68.40861242798557,49.82179371522113,35.79965208333338,1.0416666711421385e-06,0.201095211699716,0.09575161093230841,0.10534360076740759,100.0,87.17948717948723,35.53,35.56,97.22300430124696,97.4401096808785,,,,
2024-02-15,00001,36.0888,36.2642,35.6941,36.0888,3009336.0,59.994231360499725,65.60381873882362,48.77505660385194,35.849441666666706,0.049789583333328835,0.2106270489305615,0.11872669853195902,0.09190035039860248,100.0,87.17948717948723,35.56,35.62,97.02301818270449,97.22300430124696,,,,
2024-02-16,00001,36.3957,37.185,36.1326,37.185,8399523.0,73.32948757366648,68.17904168377125,83.63037935345696,36.03168750000004,0.182245833333333,0.30314085816919345,0.1556095304594059,0.14753132770978755,100.0,100.0,35.61,35.71,109.46423664285159,97.02301818270449,,,,
2024-02-19,00001,37.2289,37.2289,36.4396,36.5711,3475773.0,72.21889821520752,69.52566052758334,77.60537359045588,36.10339375000004,0.0717062499999983,0.3231965108983843,0.1891269265472016,0.1340695843511827,58.82352941176473,84.94605198626776,35.65,35.8,111.58597032442059,109.46423664285159,,,,
2024-02-20,00001,36.6588,36.9658,36.308,36.9658,3211948.0,77.479265476805,72.17686217732388,88.08407207576724,36.25869687500004,0.1553031250000032,0.36671251789819337,0.22464404481739994,0.14206847308079343,79.17141771189667,94.62481608631681,35.68,35.9,117.00770487067395,111.58597032442059,,,,
2024-02-21,00001,36.5711,37.7989,36.4834,37.3604,10071845.0,79.69507592872968,74.68293342779248,89.71936093060407,36.39846562500004,0.13976875000000177,0.4281052582211444,0.26533628749814886,0.16276897072299557,100.0,100.0,35.73,36.01,119.08127484127228,117.00770487067395,,,,
2024-02-22,00001,37.4043,37.5358,36.9219,37.3604,4253901.0,81.17228289667946,76.84604991742147,89.82474885519545,36.58939270833338,0.1909270833333352,0.4713262911440168,0.3065342882273224,0.16479200291669438,100.0,100.00000000000001,35.79,36.13,120.04125511903811,119.08127484127228,,,,
2024-02-23,00001,37.3604,37.5797,36.9658,37.0096,5481467.0,77.92420669733377,77.20543551072556,79.36174907055019,36.68987500000004,0.10048229166666545,0.47183363840673564,0.33959415826320505,0.1322394801435306,59.99999999999984,90.69767441860465,35.84,36.24,114.37900744426756,120.04125511903811,,,,
2024-02-26,00001,36.8781,37.0973,36.5711,36.5711,4058902.0,70.46772150862974,74.9595308433603,61.48410283916863,36.63003750000004,-0.05983750000000043,0.43187405420052727,0.3580501374506695,0.07382391674985778,0.0,72.72727272727283,35.88,36.33,98.44517664608699,114.37900744426756,,,,
2024-02-27,00001,36.3957,36.5711,35.5626,36.0011,7618336.0,53.51457485124195,67.81121217932085,24.92130019508417,36.50854270833338,-0.1214947916666631,0.3501749605438036,0.35647510206929633,-0.006300141525492742,30.304077401520317,45.61494758742111,35.89,36.37,89.2217314444293,98.44517664608699,,,,
2024-02-28,00001,35.9572,36.3519,35.5187,35.5187,7230120.0,35.6763832341613,57.099602530934334,-7.170055359384776,36.330398958333376,-0.17814375000000382,0.24369305000883656,0.3339186916572044,-0.09022564164836783,0.0,26.314315435704774,35.9,36.38,75.31972284272543,89.2217314444293,,,,
2024-02-29,00001,35.2995,35.6064,34.861,34.861,11005855.0,23.784255489440866,45.99448685043651,-20.63620723255042,36.06502187500004,-0.265377083333334,0.10502382608532201,0.28813971854282794,-0.18311589245750592,0.0,0.0,35.87,36.33,63.48642537607179,75.31972284272543,,,,
2024-03-01,00001,34.9048,34.9048,34.4225,34.6417,6457452.0,18.020210921799976,36.66972820755766,-19.27882364971539,35.80191666666671,-0.26310520833332873,-0.022311022585064677,0.22604957031724943,-0.2483605929023141,19.996351030833797,7.461111678409775,35.84,36.24,56.1768275905108,63.48642537607179,,,,
2024-03-04,00001,34.8171,35.0802,34.5102,34.7294,6173712.0,15.043328230534565,29.46092821521663,-13.791871738829563,35.60733125000004,-0.19458541666667628,-0.11482452484722216,0.1578747512843551,-0.2726992761315773,69.98859749144823,10.44623710813843,35.83,36.13,51.40174021475998,56.1768275905108,,,,
2024-03-05,00001,34.2909,34.8171,34.2471,34.4225,6607871.0,11.783271451935287,23.568375960789513,-11.786937565773165,35.40452812500004,-0.20280312499999553,-0.2104801232025011,0.08420377638698386,-0.29468389958948493,36.367406178726526,5.633893296501991,35.8,36.0,46.35322309547425,51.40174021475998,,,,
2024-03-06,00001,34.3348,35.2556,34.3348,34.9048,5103620.0,14.433961559687026,20.52357116042202,2.2547423582170367,35.33875104166671,-0.06577708333333021,-0.2445512601110309,0.018452769087380902,-0.2630040291984118,100.0,21.125493848970525,35.78,35.88,56.465642208747354,46.35322309547425,,,,
2024-03-07,00001,35.2556,35.4749,34.9048,35.2118,4694131.0,20.904890238677925,20.650677519840656,21.413315676352468,35.327338541666705,-0.01141250000000582,-0.24396823335718665,-0.034031431401532614,-0.20993680195565403,100.0,30.98641313076141,35.74,35.77,68.53565403691036,56.465642208747354,,,,
2024-03-08,00001,35.2118,35.8257,35.1679,35.5187,6001907.0,32.17526245401248,24.492205831231264,47.54137569957492,35.40818020833338,0.08084166666667159,-0.21624912996477264,-0.07047497111418062,-0.14577415885059203,100.0,40.84412038672795,35.73,35.7,79.20143553497991,68.53565403691036,,,,
2024-03-11,00001,35.6064,36.2203,35.6064,35.8257,5526549.0,46.450174969341596,31.811528877268042,75.7274671534887,35.50410937500004,0.0959291666666644,-0.16757747767767484,-0.08989547242687947,-0.07768200525079537,100.0,50.705039668518836,35.7,35.65,87.81527381082861,79.20143553497991,,,,
2024-03-12,00001,35.6941,36.4834,35.6941,36.4396,6077956.0,63.64725254033848,42.42343676495819,106.09488409109905,35.67494479166671,0.17083541666666946,-0.07856262215157273,-0.08762890237181811,0.009066280220245387,100.0,70.42366620627625,35.7,35.64,100.21378632688635,87.81527381082861,,,,
2024-03-13,00001,36.1765,36.4834,36.0449,36.4396,4384422.0,75.11197092100305,53.31961481697314,118.69668312906288,35.834363541666704,0.15941874999999328,-0.007926337939927919,-0.07168838948544007,0.06376205154551215,100.0,70.42366620627625,35.69,35.66,110.62947501206376,100.21378632688635,,,,
2024-03-14,00001,36.5273,36.7904,36.1326,36.4834,5324345.0,79.38433679167152,62.00785547520593,114.1372994246027,35.964537500000034,0.13017395833333012,0.05099982590611063,-0.04715074640712993,0.09815057231324056,100.0,71.83053351748958,35.69,35.71,113.29566523113303,110.62947501206376,,,,
2024-03-15,00001,36.1326,36.4396,35.738,36.0011,9105178.0,75.91139694157413,66.64236929732867,94.44945223006502,35.97093333333338,0.006395833333343148,0.058111779621320636,-0.02609824120143981,0.08421002082276044,35.29648510866651,56.33893296502105,35.69,35.74,102.93816607956362,113.29566523113303,,,,
2024-03-18,00001,36.308,36.308,35.6064,35.6503,5091352.0,68.4647408181923,67.24982647094988,70.89456951267712,35.925258333333375,-0.0456750000000028,0.035037535043535684,-0.013871085952444712,0.048908620995980395,5.005701254276008,45.07114637201684,35.68,35.77,87.63044262955323,102.93816607956362,,,,
2024-03-19,00001,35.6503,35.6503,35.1241,35.431,4129836.0,54.94523945933505,63.14829746707827,38.539123443848595,35.83070416666671,-0.09455416666666139,-0.0009338820478248522,-0.01128364517152074,0.010349763123695888,34.99429874572383,38.027173738476726,35.67,35.77,78.88261855061985,87.63044262955323,,,,
2024-03-20,00001,35.3872,35.4749,34.9487,34.9925,5054603.0,37.42290547221126,54.57316680212261,3.1223828123885795,35.68041979166671,-0.15028437500000535,-0.06408603068580732,-0.021844122274378056,-0.04224190841142926,6.242873432154711,23.942440497221522,35.65,35.75,67.15874770505972,78.88261855061985,,,,
2024-03-21,00001,35.2995,35.8695,35.2556,35.431,7229497.0,33.67785741730332,47.60806367384951,5.817444904210944,35.62285937500005,-0.057560416666660785,-0.07785382770205729,-0.033046063359913905,-0.04480776434214338,100.0,38.027173738476726,35.65,35.72,66.22932347923073,67.15874770505972,,,,
2024-03-22,00001,35.2556,35.2556,34.1155,34.5102,14364623.0,27.370468878723106,40.862198742140706,0.3870091518879093,35.43422083333338,-0.18863854166666982,-0.1612074712025091,-0.05867834492843295,-0.10252912627407616,30.003800836183977,13.638091289174529,35.62,35.66,61.69289469619743,66.22932347923073,,,,
2024-03-25,00001,34.4225,34.6417,33.8963,33.8963,9016150.0,18.24697925248207,33.32379224558783,-11.906646733729453,35.19579062500004,-0.23843020833333384,-0.27364798994272377,-0.10167227393129112,-0.17197571601143263,0.0,0.0,35.58,35.57,51.50819940420847,61.69289469619743,,,,
2024-03-26,00001,34.3348,34.3348,33.4139,33.4139,10197346.0,12.164652834988047,26.270745775387905,-16.04753304581167,34.84955625000004,-0.34623437500000165,-0.39710596912730267,-0.16075901297049344,-0.23634695615680923,0.0,0.0,35.51,35.43,42.82370419687514,51.50819940420847,,,,
2024-03-27,00001,33.4139,33.4139,32.8,33.0631,10133642.0,10.519374007807189,21.020288519527664,-10.48245501563376,34.52798437500004,-0.3215718750000036,-0.5172909275297286,-0.23206539588234049,-0.2852255316473881,23.998905409103493,7.142857142857171,35.42,35.26,38.34647054250287,42.82370419687514,,,,
2024-03-28,00001,33.0631,33.5893,32.9754,33.1508,7827990.0,10.34624933853812,17.462275459197816,-3.885802902781272,34.28040937500004,-0.24757499999999766,-0.5985618672748814,-0.30536469016084866,-0.2931971771140327,57.142857142856975,9.523809523809497,35.33,35.08,36.73579368671079,38.34647054250287,,,,
2024-04-02,00001,33.5455,34.3348,33.5455,34.3348,8976759.0,23.564709202289805,19.49642004022848,31.701287526412457,34.24433125000004,-0.03607812500000307,-0.560964320154703,-0.3564846161596195,-0.20447970399508347,100.0,41.668024108160985,35.27,34.93,57.72694033817592,36.73579368671079,,,,
2024-04-03,00001,34.0717,34.2471,33.8086,34.1155,6619947.0,29.995520420574135,22.996120167010364,43.99432092770167,34.24661250000004,0.002281250000002899,-0.5426088137767309,-0.3937094556830418,-0.1488993580936891,83.86788288950979,35.71428571428566,35.19,34.81,71.31658685035902,57.72694033817592,,,,
2024-04-05,00001,33.8086,34.0278,33.0631,33.5455,7577520.0,28.09279468555188,24.695011673190873,34.88836071027389,34.19317500000004,-0.05343750000000114,-0.5675142282808636,-0.4284704102026061,-0.1390438180782575,37.93347487614983,20.239452679589473,35.09,34.68,70.64926497185228,71.31658685035902,,,,
2024-04-08,00001,33.3262,33.984,33.2385,33.6332,6429740.0,30.038732320638914,26.476251889006885,37.16369318390297,34.089033333333376,-0.10414166666666347,-0.5735636074133765,-0.4574890496447602,-0.1160745577686163,54.17141771189703,22.62040506054199,34.99,34.56,71.01894401558707,70.64926497185228,,,,
2024-04-09,00001,33.8524,34.1155,33.5455,33.6332,4857551.0,35.10609158745394,29.35286512182257,46.61254451871668,34.024636458333376,-0.06439687499999991,-0.5717668120623429,-0.4803446021282768,-0.09142220993406613,100.0,22.62040506054199,34.91,34.45,72.34528991654494,71.01894401558707,,,,
2024-04-10,00001,33.7209,33.8086,33.5016,33.677,6973424.0,42.451059581454395,33.71892994169985,59.915318860963495,34.01915104166671,-0.005485416666665799,-0.5603491882168115,-0.4963455193459837,-0.06400366887082776,100.0,23.80952380952384,34.84,34.35,76.36220399422504,72.34528991654494,,,,
2024-04-11,00001,33.1947,33.3262,33.0193,33.1947,6793305.0,36.87294164087228,34.77026717475732,41.07829057310218,33.87572604166671,-0.14342500000000058,-0.5834920847684089,-0.5137748324304687,-0.06971725233794013,26.66869393340378,10.715643155779976,34.77,34.25,68.04565452934733,76.36220399422504,,,,
2024-04-12,00001,32.9754,33.1508,32.493,32.6685,10005131.0,27.75820172807708,32.43291202586391,18.40878113250342,33.673379166666706,-0.20234687500000348,-0.6369505697046307,-0.5384099798853011,-0.09854058981932956,14.822635135135128,4.398055332798704,34.7,34.12,59.67583609262422,68.04565452934733,,,,
2024-04-15,00001,32.3615,32.6246,32.0545,32.1861,5727296.0,20.429191305393868,28.431671785707227,4.424230344767146,33.42534895833338,-0.24803020833332567,-0.7100573534044656,-0.572739454589134,-0.13731789881533163,11.541834765831075,2.971392445076786,34.6,33.98,51.709998403469626,59.67583609262422,,,,
2024-04-16,00001,31.8353,31.9668,31.3091,31.3968,8563683.0,14.614468812173152,23.825937461195867,-3.8084684858722753,33.09738125000005,-0.32796770833333255,-0.8222070289139793,-0.6226329694541031,-0.19957405945987627,6.4513756068852475,1.694915254237251,34.5,33.8,44.076012874475936,51.709998403469626,,,,
2024-04-17,00001,31.1775,31.4406,31.0021,31.2214,5975767.0,12.09089467031111,19.914256530900946,-3.55582905086856,32.78996770833338,-0.30741354166666923,-0.9146957259209927,-0.681045520747481,-0.23365020517351165,18.521959459459428,4.386877375475103,34.41,33.59,39.18913201471318,44.076012874475936,,,,
2024-04-18,00001,31.0898,31.7914,31.0898,31.3529,6452114.0,11.816404673678674,17.214972578493523,1.0192688640489749,32.53325416666671,-0.25671354166667015,-0.9662444688647014,-0.7380853103709251,-0.22815915849377633,88.87762857866807,7.547007443741726,34.32,33.38,38.134231232083565,39.18913201471318,,,,
2024-04-19,00001,31.4406,31.5283,31.0898,31.4406,5806276.0,12.572363399291504,15.667436185426183,6.382217827022146,32.351447916666714,-0.18180624999999395,-0.9886243162551906,-0.7881931115477782,-0.2004312047074125,100.0,9.900878321930984,34.23,33.17,43.75466932531069,38.134231232083565,,,,
2024-04-22,00001,31.5283,32.3615,31.4845,32.0984,5151447.0,21.402538839625056,17.57913707015914,29.049342378556894,32.313077083333376,-0.038370833333338794,-0.9424179366750352,-0.8190380765732296,-0.12337986010180557,100.0,24.753324753324748,34.16,33.0,58.17324672057191,43.75466932531069,,,,
2024-04-23,00001,32.1422,32.5369,32.0984,32.4492,4499892.0,35.02334682018057,23.393873653499615,58.28229315354249,32.35555937500004,0.04248229166666562,-0.8674925061016907,-0.8287289624789218,-0.0387635436227689,99.99999999999999,32.6740274108695,34.08,32.86,73.97435798561168,58.17324672057191,,,,
2024-04-24,00001,32.5369,33.1947,32.3176,33.1508,6223244.0,56.014834819522605,34.26752737550728,99.50944970755326,32.53507291666671,0.17951354166666533,-0.7429362000274011,-0.8115704099886176,0.0686342099612165,99.99999999999999,61.249679313588516,34.01,32.78,88.44927169927898,73.97435798561168,,,,
2024-04-25,00001,32.8,33.5893,32.8,33.5016,6181488.0,69.54663488071247,46.02722987724235,116.58544488765273,32.724175000000045,0.18910208333333856,-0.6088987955529248,-0.7710360871014791,0.16213729154855427,100.0,74.999249857473,33.98,32.75,100.20650452592842,88.44927169927898,,,,
2024-04-26,00001,33.5016,33.9401,33.4139,33.5455,8216508.0,75.22078812787227,55.75841596078565,114.14553246204552,32.889079166666704,0.16490416666665908,-0.4934427231520928,-0.7155174143116019,0.22207469115950906,100.0,76.31650013502555,33.94,32.76,105.51020723701669,100.20650452592842,,,,
2024-04-29,00001,33.6332,34.5979,33.6332,33.8963,8273310.0,76.9766412574305,62.831157726333934,105.26760831962362,33.052155208333375,0.16307604166667033,-0.3693783618904476,-0.646289603827371,0.2769112419369234,100.0,86.84250007501412,33.92,32.8,107.59981435839144,105.51020723701669,,,,
2024-04-30,00001,33.8963,34.2032,33.5455,33.5455,6920310.0,74.65137922620823,66.77123155962538,90.41167455937395,33.12433125000004,0.07217604166666547,-0.29595154481206265,-0.5762219920243093,0.2802704472122467,27.280265339966682,76.31650013502555,33.88,32.85,101.83817380243258,107.59981435839144,,,,
2024-05-02,00001,33.2824,34.5979,33.2824,34.554,6559385.0,82.68378960376673,72.07541757433916,103.90053366262185,33.352255208333375,0.227923958333335,-0.15460060214595472,-0.4918977140486384,0.3372971119026837,100.0,100.0,33.9,32.94,112.47237446380076,101.83817380243258,,,,
2024-05-03,00001,34.554,34.8171,34.2471,34.4663,5469446.0,84.94708780601985,76.36597431823272,102.10931478159412,33.52947812500004,0.1772229166666648,-0.0490897427677055,-0.4033361197924518,0.3542463770247463,93.10317709971648,97.53089895548848,33.91,33.05,116.07106764319842,112.47237446380076,,,,
2024-05-06,00001,34.4663,34.554,34.0278,34.3786,6108176.0,84.58838111799169,79.10677658481904,95.55159018433699,33.71492291666671,0.1854447916666686,0.027138876320869088,-0.31724112056978765,0.34437999689065674,86.20635419943352,95.06179791097712,33.93,33.17,117.62537436714354,116.07106764319842,,,,
2024-05-07,00001,34.2032,34.8171,33.984,34.7294,5061995.0,88.5560201652117,82.25652444494993,101.15501160573527,33.86565625000004,0.15073333333333494,0.1145369240247831,-0.2308855116508735,0.3454224356756566,100.0,100.0,33.99,33.3,125.38327780633821,117.62537436714354,,,,
2024-05-08,00001,35.0364,35.0364,34.2032,34.2471,6024128.0,80.60623725555347,81.7064287151511,78.40585433635817,33.919561458333376,0.05390520833333312,0.14323183975833587,-0.15606204136903162,0.2992938811273675,35.29648510866685,87.06033858288855,34.03,33.42,112.74519909897606,125.38327780633821,,,,
2024-05-09,00001,34.3348,34.9048,34.3348,34.7294,5436024.0,81.23654129465628,81.54979957498615,80.61002473399654,34.059331250000035,0.1397697916666587,0.20255541374037023,-0.08433855034715125,0.2868939640875215,100.0,100.0,34.1,33.55,114.93886161552047,112.74519909897606,,,,
2024-05-10,00001,34.9048,36.2642,34.7733,36.0888,13358106.0,85.53024321604532,82.87661412200588,90.8375014041242,34.33888229166671,0.27955104166667155,0.3551678387833874,0.0035627274789564872,0.35160511130443095,100.0,100.0,34.21,33.71,122.74250651472491,114.93886161552047,,,,
2024-05-13,00001,36.0888,36.8342,35.8695,36.7904,7186398.0,89.94243629610331,85.23188818003835,99.36353252823321,34.75637395833338,0.41749166666667037,0.5266565724919232,0.10818149648154984,0.41847507601037337,100.0,100.0,34.33,33.92,130.98708499358833,122.74250651472491,,,,
2024-05-14,00001,36.8342,37.0973,36.1765,36.3519,9126910.0,86.78189908446785,85.74855848151485,88.84858029037386,35.06150416666671,0.30513020833333115,0.6200320012095233,0.21055159742714452,0.40948040378237877,78.2608695652175,92.42437330477001,34.41,34.15,130.93943568727605,130.98708499358833,,,,
2024-05-16,00001,36.8342,36.8342,36.308,36.6588,8831021.0,86.49302164256017,85.99671286852997,87.48563919062056,35.2853166666667,0.22381249999999397,0.7106055479118041,0.31056238752407644,0.40004316038772764,85.70963188185478,97.72644817994923,34.5,34.38,133.23466789479258,130.93943568727605,,,,
2024-05-17,00001,36.7904,37.0535,36.4834,37.0535,6250786.0,90.52639199130242,87.50660590945411,96.56596415499902,35.53014583333337,0.2448291666666691,0.8049556993405318,0.4094410498873675,0.3955146494531643,100.0,100.0,34.6,34.62,139.4728766883495,133.23466789479258,,,,
2024-05-20,00001,37.0535,37.492,36.8342,37.2289,5421359.0,91.184261327535,88.7324910488144,96.08780188497619,35.831616666666704,0.30147083333333313,0.8836954966212645,0.504291939234147,0.3794035573871175,100.0,100.0,34.7,34.87,140.2107426075632,139.4728766883495,,,,
2024-05-21,00001,37.0973,37.0973,36.5273,36.8342,6763048.0,87.45576880199411,88.30691696654098,85.75347247290037,35.97321354166671,0.14159687500000473,0.9038295771503684,0.5841994668173912,0.31963011033297717,47.05566733735743,93.57071883500839,34.79,35.1,131.028137800921,140.2107426075632,,,,
2024-05-22,00001,37.0973,37.1412,36.7904,36.8781,4183203.0,85.15569771984798,87.25651055097664,80.95407205759065,36.06959375000004,0.09638020833332916,0.9128060838082135,0.6499207902155557,0.2628852935926578,50.000000000000504,93.89318292598008,34.88,35.32,121.87990355470538,131.028137800921,,,,
2024-05-23,00001,36.615,36.9219,36.4396,36.4834,3969145.0,77.73759404395507,84.08353838196945,65.0457053679263,36.11161041666671,0.04201666666666881,0.8779505709753792,0.6955267463675204,0.18242382460785878,9.988597491449037,85.46925250950201,34.95,35.5,104.44629768649403,121.87990355470538,,,,
2024-05-24,00001,36.4396,36.7465,36.0011,36.1765,5482993.0,58.13220188446508,75.43309288280132,23.53041988779262,36.11710000000004,0.0054895833333361566,0.8161549347561987,0.7196523840452561,0.0965025507109426,19.999999999999513,78.57186488302477,35.02,35.64,92.81645259471443,104.44629768649403,,,,
2024-05-27,00001,36.1765,36.4396,35.8695,36.3519,4102000.0,48.66543299745027,66.5105395876843,12.97521981698219,36.13902604166671,0.021926041666667118,0.7724306621086185,0.7302080396579286,0.04222262245068997,78.57957322039381,80.19824335613806,35.1,35.76,89.12715995622484,92.81645259471443,,,,
2024-05-28,00001,36.6497,37.0161,36.558,36.6497,5941043.0,48.47238419655397,60.4978211239742,24.4215103417135,36.21616666666671,0.07714062499999841,0.7531272500672515,0.7347918817397932,0.0183353683274583,100.0,85.32370454833396,35.19,35.87,94.19242973964418,89.12715995622484,,,,
2024-05-29,00001,36.5122,36.6497,35.7334,35.9167,5875339.0,35.78927739795277,52.26163988196706,2.8445524299242066,36.188821875000045,-0.027344791666664037,0.6709479129970433,0.7220230879912432,-0.05107517499419989,20.004365382516166,66.75028506271369,35.27,35.95,83.35920248835598,94.19242973964418,,,,
2024-05-30,00001,35.825,35.825,34.6797,34.863,8463563.0,26.03211720567097,43.51846565653503,-8.940579696057142,35.95846562500004,-0.23035625000000692,0.5148604219819575,0.680590554789386,-0.16573013280742854,9.30456852791889,40.05067781578606,35.31,35.96,72.3632704786547,83.35920248835598,,,,
2024-05-31,00001,35.0004,35.4127,34.8172,34.9088,9364509.0,20.457189112806343,35.83137347529213,-10.291179612165237,35.7323760416667,-0.22608958333334073,0.39035585868543876,0.6225436155685966,-0.23218775688315785,18.52061438965256,41.21119979728865,35.32,35.94,63.52426977345918,72.3632704786547,,,,
2024-06-03,00001,35.2753,35.7334,35.1837,35.3211,4002702.0,22.323886790215457,31.328877913599907,4.3139045434465615,35.63772812500004,-0.09464791666665917,0.3212510770863446,0.5622851078721463,-0.24103403078580166,100.0,41.206200499244936,35.32,35.9,62.24571075964789,63.52426977345918,,,,
2024-06-04,00001,35.1379,35.596,35.0462,35.4585,5064282.0,25.993702304588115,29.55048604392931,18.880134825905728,35.63317187500004,-0.0045562500000002615,0.2744088570062928,0.5047098576989756,-0.23030100069268278,100.0,45.44053745878143,35.34,35.86,70.84658026062635,62.24571075964789,,,,
2024-06-05,00001,35.6876,36.3748,35.596,35.9167,6420862.0,34.977368619654065,31.35944690250423,42.213212053953725,35.68398437500004,0.05081249999999926,0.27113351241928996,0.45799458864303844,-0.18686107622374848,100.0,59.561157508705854,35.35,35.84,78.67838385549997,70.84658026062635,,,,
2024-06-06,00001,36.3748,36.4664,35.2753,35.596,3486843.0,36.39106432772917,33.03665271091254,43.09988756136242,35.678588541666706,-0.005395833333331268,0.23989461267255763,0.4143745934489423,-0.17447998077638466,63.159103963239254,46.032323098786854,35.34,35.81,76.38082484603265,78.67838385549997,,,,
2024-06-07,00001,35.7334,35.9167,35.3211,35.4127,4690340.0,34.718393738317225,33.59723305338077,36.96071510819014,35.67700520833337,-0.0015833333333361566,0.19806362725648796,0.37111240021045144,-0.17304877295396348,21.421889616464,37.244739297190804,35.32,35.78,70.88990457805994,76.38082484603265,,,,
2024-06-11,00001,35.0004,35.092,34.4049,34.7714,7543740.0,28.587803000645806,31.92742303580245,21.908562930332522,35.5442635416667,-0.13274166666666787,0.11187509307288224,0.3192649387829376,-0.20738984571005536,30.769876584669838,12.978045325779085,35.28,35.73,64.04928185745078,70.88990457805994,,,,
2024-06-12,00001,34.6797,34.7255,34.1758,34.359,5598031.0,21.72450349348912,28.52644985503134,8.120610770404674,35.3593697916667,-0.18489375000000052,0.010175528193151706,0.2574470566649804,-0.2472715284718287,14.811221602393045,6.0004585503258765,35.23,35.65,55.55261460544321,64.04928185745078,,,,
2024-06-13,00001,34.4049,34.7255,33.9926,34.2216,4878562.0,17.568673496157967,24.873857735406883,2.9583050176601304,35.16392708333337,-0.19544270833333144,-0.08058026227606518,0.18984159287677127,-0.27042185515283645,29.404211607601457,7.075981831103396,35.18,35.55,49.42993385599851,55.55261460544321,,,,
2024-06-14,00001,34.2216,34.4507,33.7635,33.7635,7887589.0,11.712448997438644,20.48672148941747,-5.836095986519005,34.92002812500004,-0.24389895833333242,-0.18731052247530044,0.11441116980635692,-0.30172169228165735,0.0,0.0,35.11,35.42,40.8800245831024,49.42993385599851,,,,
2024-06-17,00001,33.7177,33.9926,33.4428,33.5344,5120901.0,8.818133083885757,16.5971920209069,-6.739984790156527,34.689171875000035,-0.2308562500000022,-0.28707228733253487,0.03411447837857856,-0.32118676571111343,11.761684643040475,2.4193761390348794,35.04,35.27,35.56598847808171,40.8800245831024,,,,
2024-06-18,00001,33.8551,34.0842,33.5802,33.9009,6843951.0,10.929026589151354,14.707803543655052,3.371472680143956,34.549312500000035,-0.13985937500000034,-0.3327252679205941,-0.03925347088125597,-0.2934717970393381,100.0,12.099521935500942,34.97,35.13,38.90594824428348,35.56598847808171,,,,
2024-06-19,00001,34.13,34.6797,34.13,34.5423,3505285.0,19.407330069003383,16.274312385437828,25.673365436134496,34.578181250000036,0.028868750000000887,-0.3135357197440527,-0.09410992065381532,-0.21942579909023738,100.0,32.00593834599591,34.95,35.01,56.36821636838229,38.90594824428348,,,,
2024-06-20,00001,34.5423,34.7714,33.9926,34.13,4108310.0,22.197554160827753,18.248726310567804,30.095209861347655,34.5671166666667,-0.011064583333336486,-0.327818145306658,-0.14085156558438386,-0.18696657972227412,57.145826837127636,20.004075335487535,34.93,34.91,60.67736888592465,56.36821636838229,,,,
2024-06-21,00001,34.0384,34.13,33.4428,33.4886,8104883.0,15.724070790701399,17.407174470612336,12.357863430879526,34.42404270833337,-0.14307395833333203,-0.38643807251033735,-0.18996886696957455,-0.1964692055407628,4.1655297862664735,1.4281705073435336,34.87,34.79,50.95945154742027,60.67736888592465,,,,
2024-06-24,00001,33.3512,33.6719,33.2137,33.6719,5067313.0,20.287768321103982,18.367372420776217,24.128560121759513,34.26387395833337,-0.16016874999999686,-0.41333929100313327,-0.2346429517762863,-0.17869633922684697,50.005456728145596,13.335273573923107,34.81,34.67,50.07196604035305,50.95945154742027,,,,
2024-06-25,00001,34.1758,34.2216,33.2596,33.4886,8436800.0,19.407783575692136,18.714176139081523,20.79499844891336,34.12976145833337,-0.13411250000000052,-0.44432754718975787,-0.2765798708589806,-0.16774767633077725,59.99563509384472,8.000582072176812,34.75,34.56,46.05651824923142,50.07196604035305,,,,
2024-06-26,00001,33.5802,34.359,33.1221,34.2674,8750948.0,36.08571614276323,24.50468947364209,59.24776948100551,34.158877083333365,0.02911562499999576,-0.40141603796628544,-0.30154710428044157,-0.09986893368584387,100.0,32.46683297426009,34.69,34.47,63.49179924057884,46.05651824923142,,,,
2024-06-27,00001,34.2216,34.2674,33.5344,33.7635,4715506.0,37.020219339218386,28.676532762167522,53.707592493320114,34.08473020833337,-0.07414687499999673,-0.4034185189112449,-0.32192138720660224,-0.08149713170464268,56.00279402776547,22.95140628354678,34.62,34.39,66.82420218146629,63.49179924057884,,,,
2024-06-28,00001,33.4428,34.4507,33.4428,34.2674,6285394.0,47.827339985114065,35.06013516981637,73.36174961570946,34.133560416666704,0.04883020833333518,-0.36019290120246694,-0.3295756900057752,-0.03061721119669175,100.0,40.98260931797039,34.58,34.33,79.26017383053555,66.82420218146629,,,,
2024-07-02,00001,33.8551,34.9546,33.8551,34.863,9007135.0,63.55201474223612,44.55742836062296,101.54118750546245,34.2383135416667,0.1047531249999949,-0.27470966338274394,-0.3186024846811689,0.04389282129842498,100.0,62.29514062835465,34.57,34.31,92.25880280775715,79.26017383053555,,,,
2024-07-03,00001,34.9088,35.2753,34.6339,34.7714,7033559.0,67.90055054275271,52.338469087999535,99.02471345225906,34.36955000000004,0.13123645833334052,-0.21191214471050301,-0.29726441668703574,0.08535227197653272,93.55020419659206,59.01739068202961,34.56,34.31,97.09106831953042,92.25880280775715,,,,
2024-07-04,00001,34.9088,35.0004,34.4507,34.7255,5886995.0,70.0890040958124,58.255314090603825,93.75638410622953,34.471668750000035,0.10211874999999537,-0.1639583948139034,-0.27060321231240925,0.10664481749850585,86.35777358864938,57.374937379231234,34.55,34.32,100.64608381924273,97.09106831953042,,,,
2024-07-05,00001,34.7255,34.8172,34.1758,34.3132,5160734.0,65.16522497340493,60.5586177182042,74.37843948380642,34.43062291666671,-0.04104583333332812,-0.15740934979731946,-0.24796443980939128,0.09055509001207182,23.069173942243133,42.62148429113292,34.55,34.33,93.31744525901131,100.64608381924273,,,,
2024-07-08,00001,34.4507,34.4507,33.8093,33.9926,4752010.0,56.91954994511596,59.34559512717478,52.06745958099832,34.3542729166667,-0.07635000000000502,-0.17605942165273092,-0.2335834361780592,0.05752401452532829,20.006548788474504,35.18735599660464,34.54,34.33,81.80094819423762,93.31744525901131,,,,
2024-07-09,00001,34.0384,34.2216,33.8093,34.0384,4648433.0,52.131455490068646,56.94088191480606,42.51260264059381,34.27220312500004,-0.08206979166666173,-0.18501136488244185,-0.22386902191893573,0.03885765703649388,45.46537011311804,40.00261940103032,34.53,34.31,74.03027826886989,81.80094819423762,,,,
2024-07-10,00001,33.9009,34.2216,33.8093,33.8551,5011938.0,42.25407628396575,52.04528003785929,22.671668776178663,34.18296562500004,-0.08923750000000297,-0.20453882621759334,-0.22000298277866726,0.015464156561073916,19.991270187690674,42.10465850996602,34.51,34.29,63.37268632599476,74.03027826886989,,,,
2024-07-11,00001,34.3132,35.5502,33.9467,35.4585,7358913.0,60.052273057109744,54.71427771094278,70.72826374944367,34.366201041666706,0.18323541666666898,-0.08960063978539523,-0.19392251418001286,0.10432187439461763,100.0,100.0,34.56,34.31,79.37619481443085,63.37268632599476,,,,
2024-07-12,00001,35.5044,37.5201,35.5044,37.3826,12222351.0,72.13304855382894,60.5205346585715,95.35807634434384,34.855332291666706,0.4891312499999998,0.15496119448239654,-0.12414577244753099,0.27910696692992754,99.99999999999999,100.0,34.69,34.43,93.15324036971379,79.37619481443085,,,,
2024-07-15,00001,37.062,37.1536,36.558,36.7871,6755790.0,74.83764804957576,65.29290578890625,93.92713257091478,35.26955520833337,0.41422291666666666,0.2972992561510992,-0.03985676672780494,0.3371560228789041,82.66829651619679,86.0227672808357,34.78,34.58,100.29565225332203,93.15324036971379,,,,
2024-07-16,00001,36.5122,36.9245,36.1457,36.6038,3978223.0,74.99416916071391,68.52666024617547,87.9291869897908,35.5520572916667,0.28250208333332694,0.39080743260206674,0.046276073138169393,0.34453135946389735,58.53476733042291,81.72045534561676,34.87,34.76,104.75915345550727,100.29565225332203,,,,
2024-07-17,00001,36.558,37.291,36.3748,37.1078,4151953.0,79.62584221220528,72.22638756818542,94.42475150024504,35.744857291666705,0.1928000000000054,0.49982030665793076,0.1369849198421217,0.36283538681580907,100.0,93.55005281070298,34.96,34.95,110.06493842001127,104.75915345550727,,,,
2024-07-18,00001,37.1994,37.795,37.1536,37.4285,5498408.0,83.35210365476354,75.9349595970448,98.18639177020103,36.034052083333364,0.2891947916666595,0.6051162016400653,0.2306111762017104,0.3745050254383549,100.0,100.0,35.06,35.16,114.14528266309425,110.06493842001127,,,,
2024-07-19,00001,37.0161,37.5659,36.4664,37.4743,6472800.0,86.21931397024211,79.3630777214439,99.93178646783852,36.28555000000003,0.2514979166666649,0.684370635581736,0.32136306807771553,0.3630075675040205,100.0,100.0,35.16,35.38,118.45919683224929,114.14528266309425,,,,
2024-07-22,00001,37.4743,37.6117,36.7413,37.5201,2799284.0,88.51382353433422,82.41332632574067,100.71481795152133,36.4253760416667,0.139826041666673,0.7423190309994965,0.40555426066207173,0.33676477033742475,100.0,100.0,35.25,35.59,122.21671169267351,118.45919683224929,,,,
2024-07-23,00001,37.5201,38.0698,37.291,37.6117,5095790.0,88.63902497544943,84.48855920897692,96.93995650839443,36.58237395833336,0.1569979166666613,0.7865678418709621,0.4817569769038498,0.3048108649671123,100.0,100.0,35.35,35.81,122.91843705649183,122.21671169267351,,,,
2024-07-24,00001,37.7491,37.7491,37.291,37.5201,2769758.0,85.28353074816609,84.75354972203998,86.34349280041832,36.72887812500003,0.14650416666666644,0.8049648550395432,0.5463985525309885,0.2585663025085547,89.47610294117646,97.95972915181754,35.45,36.0,122.01440156540193,122.91843705649183,,,,
2024-07-25,00001,37.1994,37.5201,36.558,36.6955,7128953.0,66.38048663879097,78.62919536095698,41.883069194458955,36.72506250000003,-0.0038156250000014325,0.7444250237039327,0.5860038467655773,0.15842117693835545,13.049255006169018,79.5928367783322,35.53,36.16,105.5937368187606,122.01440156540193,,,,
2024-07-26,00001,37.0161,37.4743,36.7413,37.062,2822312.0,60.12774607754193,72.46204559981864,35.45914703298851,36.7680166666667,0.042954166666675064,0.7177465230996347,0.6123523820323887,0.10539414106724598,52.38540692235714,86.81426755259179,35.63,36.29,98.5479380107531,105.5937368187606,,,,
2024-07-29,00001,37.1536,38.1156,37.1078,37.9782,5169955.0,70.78752312032208,71.90387143998645,68.55482648099334,36.9245385416667,0.1565218749999957,0.7617522958672112,0.6422323647993532,0.11951993106785797,100.0,100.0,35.76,36.44,108.60948501475659,98.5479380107531,,,,
2024-07-30,00001,37.9782,38.1156,37.2452,37.3826,7477213.0,65.70975144718044,69.83916477571778,57.450924790105745,37.01663020833337,0.09209166666666846,0.7400365646068536,0.6617932047608532,0.0782433598460004,51.84736033632426,85.71325769387597,35.86,36.57,106.35422518429363,108.60948501475659,,,,
2024-07-31,00001,37.6117,37.795,37.1994,37.5659,5793526.0,66.02939691433824,68.56924215525792,60.94970643249886,37.107297916666695,0.09066770833332782,0.7292115721423897,0.6752768782371605,0.0539346939052292,52.63097426470586,90.11010098587153,35.95,36.69,106.40270834775711,106.35422518429363,,,,
2024-08-01,00001,37.5659,38.024,37.0161,37.7491,5173665.0,69.50966813635215,68.88271748228932,70.76356944447778,37.16312500000003,0.05582708333333386,0.7270345943181837,0.6856284214533652,0.04140617286481851,100.0,94.50454556357785,36.01,36.8,108.26914126507667,106.40270834775711,,,,
2024-08-02,00001,37.3826,37.4743,36.4664,36.7413,4908487.0,51.89600804045278,63.22048100167714,29.247062118004038,37.1297260416667,-0.033398958333329176,0.6366493883953055,0.6758326148417533,-0.03918322644644778,21.431355733998807,70.33030295761476,36.04,36.88,95.93231672084075,108.26914126507667,,,,
2024-08-05,00001,36.1915,37.1536,35.8708,36.4664,6638171.0,43.441482195654636,56.62748139966964,17.069483787624634,37.00994270833336,-0.1197833333333378,0.5366501599554994,0.6479961238645024,-0.11134596390900309,31.70952457008991,63.736237376766034,36.06,36.91,88.59913432287854,95.93231672084075,,,,
2024-08-06,00001,36.2373,36.8329,35.8708,36.0083,6712302.0,31.002743891899893,48.08590223041306,-3.1635727851264477,36.765139583333365,-0.24480312499999712,0.41564392502453273,0.6015256840965085,-0.1858817590719758,15.795519816197102,52.74772721821098,36.05,36.91,76.438429380373,88.59913432287854,,,,
2024-08-07,00001,36.0541,36.9245,36.0541,36.6955,4383216.0,32.914575756871265,43.02879340589913,12.68614045881553,36.736035416666695,-0.02910416666667004,0.37092116061964475,0.5554047794011358,-0.184483618781491,100.0,69.23169181318818,36.07,36.9,78.6125696454397,76.438429380373,,,,
2024-08-08,00001,36.4664,36.6955,36.0083,36.5122,3623466.0,31.467284289327782,39.17495703370868,16.051938800565992,36.6959479166667,-0.0400874999999985,0.3170327137426625,0.5077303662694411,-0.19069765252677862,77.77373590396475,63.63636363636362,36.07,36.88,79.89463063039932,78.6125696454397,,,,
2024-08-09,00001,36.6038,37.1536,36.6038,36.9703,3677533.0,37.30481105152145,38.55157503964627,34.81128307527179,36.76322812500003,0.06728020833333659,0.3077431019302921,0.4677329134016113,-0.15998981147131924,100.0,59.25701350149577,36.07,36.87,90.79800734964216,79.89463063039932,,,,
2024-08-12,00001,36.9245,37.3368,36.7871,37.0161,3291266.0,42.600074046732296,39.90107470867495,47.998072722847,36.8390916666667,0.07586354166666354,0.30061143339433727,0.4343086174001565,-0.13369718400581926,100.0,54.34658821296383,36.08,36.86,97.17890889278867,90.79800734964216,,,,
2024-08-13,00001,37.062,37.3368,36.8787,37.291,4183094.0,50.38593084321746,43.39602675352245,64.36573902260747,36.978911458333364,0.13981979166666747,0.313527517209252,0.4101523973619756,-0.09662488015272364,100.0,67.39109803549374,36.1,36.88,108.32367875975501,97.17890889278867,,,,
2024-08-14,00001,37.5201,37.9782,37.291,37.8408,4592719.0,64.7506597889964,50.514237765347104,93.22350383629498,37.149760416666695,0.17084895833333036,0.3639326823951876,0.400908454368618,-0.03697577197343038,100.0,93.48011768055426,36.17,36.92,115.94586679207073,108.32367875975501,,,,
2024-08-15,00001,37.8866,37.9782,37.291,37.4285,4368165.0,67.80568170552368,56.27805241207263,90.86094029242578,37.21610312500003,0.06634270833333744,0.3663864991944834,0.39400406333379107,-0.02761756413930766,57.1458268371269,73.91572553857826,36.21,36.96,112.43440480996418,115.94586679207073,,,,
2024-08-16,00001,36.6038,36.6038,35.5044,36.0541,18291765.0,52.61074605953715,55.055616961227464,47.72100425615652,37.05480937500003,-0.16129374999999868,0.2544949140748969,0.3661022334820122,-0.11160731940711532,23.527649375107014,22.22087476756409,36.2,36.96,100.82640767099386,112.43440480996418,,,,
2024-08-19,00001,36.1457,37.8408,36.0999,37.7033,9761895.0,64.70301118443498,58.27141503562998,77.566203482045,37.084391666666704,0.029582291666670812,0.29549045377807204,0.3519798775412242,-0.056489423763152136,100.0,88.88754143423066,36.25,36.99,109.65081702928883,100.82640767099386,,,,
2024-08-20,00001,38.024,38.5279,37.4743,37.795,5287585.0,68.38863443385463,61.64382150170487,81.87826029815416,37.1764979166667,0.0921062499999934,0.33155715350246595,0.3478953327334725,-0.016338179231006555,100.0,92.5943891988035,36.29,37.03,113.41439260556854,109.65081702928883,,,,
2024-08-21,00001,37.795,37.795,36.8329,37.1994,5407400.0,64.27937516360936,62.52233938900637,67.79344671281534,37.2810072916667,0.10450937499999924,0.3085238595144233,0.34002103808966266,-0.03149717857523937,64.86342988614221,68.51806936696569,36.29,37.06,111.15076899918277,113.41439260556854,,,,
2024-08-22,00001,37.4743,38.024,37.3368,37.9782,7029823.0,70.12594472348225,65.05687450049832,80.26408516945011,37.3559291666667,0.07492187500000114,0.34908838576864554,0.34183450762545925,0.0072538781431862875,100.0,100.0,36.35,37.12,115.21396317678315,111.15076899918277,,,,
2024-08-23,00001,37.7491,38.1156,37.6117,37.8866,3661607.0,73.01379061164182,67.7091798708795,83.6230120931665,37.4112822916667,0.055353125000003445,0.36958437202743255,0.3473844805058539,0.02219989152157864,92.00209552082426,96.29719459940175,36.4,37.18,114.4359338343335,115.21396317678315,,,,
2024-08-26,00001,37.8866,38.757,37.8866,38.757,7131348.0,82.00919374109455,72.47585116095118,101.07587890138129,37.71240000000003,0.3011177083333294,0.4508643114378543,0.368080446692254,0.08278386474560034,100.0,100.0,36.49,37.27,124.33121566957112,114.4359338343335,,,,
2024-08-27,00001,38.757,39.3526,38.6196,39.3526,5999117.0,88.0061291607297,77.65261049421069,108.71316649376772,37.96437395833337,0.2519739583333376,0.5569193715293537,0.40584823165967393,0.15107113986967974,100.0,100.0,36.57,37.4,132.6831847997669,124.33121566957112,,,,
2024-08-28,00001,39.3984,40.0397,39.1693,39.3984,7855194.0,87.2906897129418,80.86530356712106,100.14146200458327,38.23495208333337,0.2705781250000001,0.6373178445750654,0.4521421542427522,0.18517569033231313,100.0,100.0,36.67,37.56,132.4527468535063,132.6831847997669,,,,
2024-08-29,00001,39.3984,39.5358,38.9403,39.4442,5486288.0,86.48879965667429,82.73980226363881,93.98679444274524,38.455425000000034,0.22047291666666524,0.6966987810687115,0.5010534796079441,0.19564530146076742,100.0,100.0,36.75,37.72,132.01939363281164,132.4527468535063,,,,
2024-08-30,00001,39.4442,40.4521,39.4442,39.4442,15541043.0,81.70963448965436,82.39641300564399,80.33607745767509,38.572816666666704,0.11739166666666989,0.735282719562953,0.5478993275989459,0.1873833919640071,100.0,100.0,36.84,37.89,124.13394550631094,132.01939363281164,,,,
2024-09-02,00001,39.4442,39.4442,38.6654,39.1693,7022165.0,75.99165729902684,80.26149443677161,67.45198302353731,38.662048958333365,0.08923229166666147,0.7352036660235299,0.5853601952838627,0.1498434707396672,64.70210580380059,93.02248845119037,36.92,38.04,112.88120256416178,124.13394550631094,,,,
2024-09-03,00001,38.757,39.1235,38.1615,38.8028,3302123.0,66.34712761396084,75.62337216250135,47.794638516879814,38.68065625000003,0.01860729166666175,0.6975268728969368,0.6077935308064776,0.08973334209045924,49.99610197240184,83.71998578608043,36.98,38.17,103.33803473692342,112.88120256416178,,,,
2024-09-04,00001,38.8028,38.8028,38.1615,38.4821,4241733.0,54.44594218530125,68.56422883676798,26.209368882367784,38.58807083333337,-0.0925854166666582,0.6344760877077604,0.6131300421867342,0.021346045521026258,31.81186743401518,75.5799786791208,37.04,38.27,91.33372516077182,103.33803473692342,,,,
2024-09-05,00001,38.6654,39.7649,38.4821,39.1235,10407713.0,52.36823612717217,63.165564600236046,30.77357918104441,38.625291666666705,0.037220833333336145,0.6290126396227009,0.6163065616739275,0.012706077948773431,100.0,91.85999289304021,37.14,38.36,93.88634617208268,91.33372516077182,,,,
2024-09-09,00001,39.0777,39.2609,38.7112,38.9403,11345009.0,46.245432542536356,57.525520581002816,23.685256465603445,38.677792708333364,0.05250104166665892,0.602949680130159,0.6136351853651738,-0.01068550523501477,80.9563409563411,87.2100106604396,37.2,38.44,92.69649245418556,93.88634617208268,,,,
2024-09-10,00001,38.7112,38.8944,38.2989,38.4821,6432564.0,35.495732641210175,50.18225793440527,6.12268205481999,38.673971875000035,-0.0038208333333287214,0.539107194144492,0.5987295871210374,-0.05962239297654537,22.21683240358963,75.5799786791208,37.25,38.5,83.652412758834,92.69649245418556,,,,
2024-09-11,00001,38.4821,38.5738,37.8408,38.1156,7061890.0,27.171653109177313,42.51205632599595,-3.509153324459959,38.565639583333365,-0.10833229166667024,0.4537080134532232,0.5697252723874746,-0.11601725893425141,24.993178717598845,66.27747601401086,37.29,38.52,74.37074132482635,83.652412758834,,,,
2024-09-12,00001,38.2989,38.5738,37.7033,38.3447,5259738.0,25.89237487061185,36.972162507534584,3.732799596766384,38.507417708333364,-0.05822187500000098,0.39990514523694287,0.5357612469573683,-0.1358561017204254,82.35747303543928,72.09249200467036,37.35,38.53,73.91554127762991,74.37074132482635,,,,
2024-09-13,00001,38.6596,39.4048,38.6596,38.7061,4198176.0,33.47552710944685,35.80661737483867,28.8133465786632,38.54003020833336,0.032612499999999045,0.3820242069451396,0.5050138389549226,-0.12298963200978297,100.0,81.26554647444028,37.42,38.55,78.32618547754596,73.91554127762991,,,,
2024-09-16,00001,38.7061,39.0322,38.4267,39.0322,1890952.0,43.803565738208476,38.47226682929527,54.466163556034886,38.62598125000003,0.085951041666668,0.38967504780546136,0.4819460807250303,-0.09227103291956895,100.0,89.54261637646586,37.49,38.57,87.2605509590555,78.32618547754596,,,,
2024-09-17,00001,39.0322,40.3364,38.8459,39.9172,8441919.0,57.22891115548894,44.72448160469316,82.2377702570805,38.83493750000003,0.20895624999999995,0.4618268456555086,0.47792223371112597,-0.016095388055617388,100.0,100.0,37.56,38.63,96.39715117584055,87.2605509590555,,,,
2024-09-19,00001,39.7774,40.2898,39.6377,39.9637,8541801.0,66.76780118833774,52.07225479924136,96.15889396653053,39.034407291666696,0.19946979166666523,0.5168024497185897,0.4856982769126187,0.031104172805970998,100.0,99.99999999999999,37.64,38.72,103.11527101475188,96.39715117584055,,,,
2024-09-20,00001,40.5227,40.9885,40.1035,40.9885,13262051.0,77.84520079222516,60.66323679690262,112.20912878287021,39.392119791666694,0.3577124999999981,0.6357354449279171,0.5157057105156784,0.12002973441223874,100.0,100.0,37.75,38.85,114.27056306163797,103.11527101475188,,,,
2024-09-23,00001,40.9885,41.1748,40.6624,40.7556,5991407.0,81.20497662877908,67.51048340752811,108.593963071281,39.6520979166667,0.2599781250000035,0.7030928007765027,0.5531831285678432,0.14990967220865947,82.75836541308848,93.62214858832871,37.85,39.0,118.76226371778294,114.27056306163797,,,,
2024-09-24,00001,41.3145,41.8269,40.7556,41.035,10731089.0,81.06861991567776,72.029862243578,99.1461352598773,39.926301041666704,0.27420312500000676,0.7701415234410405,0.5965748075424827,0.17356671589855777,100.0,100.0,37.96,39.17,117.64047765684074,118.76226371778294,,,,
2024-09-25,00001,42.0132,42.0597,41.3145,41.5474,9300292.0,83.45917665972803,75.83963371562801,98.69826254792807,40.16726145833337,0.2409604166666668,0.8547712460592294,0.6482140952458321,0.20655715081339732,100.0,99.99999999999999,38.09,39.36,119.60490678707848,117.64047765684074,,,,
2024-09-26,00001,41.8269,41.8269,40.2432,41.0816,15033981.0,79.99856662167026,77.22594468430877,85.54381049639326,40.3279947916667,0.16073333333332585,0.8741777666739452,0.6934068295314547,0.18077093714249048,64.28461892347792,87.88272937748755,38.22,39.55,113.66724203136725,119.60490678707848,,,,
2024-09-27,00001,41.594,41.7803,40.7556,41.7803,18461846.0,84.10217314185302,79.51802083682351,93.27047775191201,40.574112500000034,0.2461177083333368,0.9351569179626935,0.7417568472177025,0.193400070744991,100.0,100.0,38.37,39.74,119.4316261189394,113.66724203136725,,,,
2024-09-30,00001,41.9666,42.5721,41.4542,41.6405,19063721.0,81.06766814470022,80.03456993944907,83.1338645552025,40.7215760416667,0.1474635416666672,0.9611234106480353,0.785630159903769,0.17549325074426625,90.90495088153052,96.57100809418705,38.51,39.94,117.46223677774219,119.4316261189394,,,,
2024-10-02,00001,40.5693,42.2926,40.5693,42.1063,14399572.0,82.08718770533629,80.71877586141147,84.82401139318591,40.976502083333365,0.2549260416666641,1.0076723902659168,0.8300386059761986,0.1776337842897182,100.0,100.0,38.67,40.14,121.40687084322349,117.46223677774219,,,,
2024-10-03,00001,42.5255,42.5721,41.3611,41.7803,11101599.0,77.36650505533315,79.60135225938537,72.8968106472287,41.096890625000036,0.12038854166667079,1.006653244493421,0.8653615336796431,0.141291710813778,78.7898503578399,92.59595730183965,38.83,40.33,119.32056818851821,121.40687084322349,,,,
2024-10-04,00001,41.4542,42.3392,41.035,42.2461,8507532.0,80.2449950973608,79.81589987204384,81.10318554799471,41.273089583333366,0.17619895833333032,1.0315407713725975,0.898597381218234,0.13294339015436352,100.0,100.0,38.98,40.52,124.06163020885106,119.32056818851821,,,,
2024-10-07,00001,42.3858,43.1776,41.8734,42.6187,7360610.0,80.48116903255531,80.037656258881,81.36819457990393,41.46918437500003,0.19609479166666688,1.0690071725300996,0.9326793394806071,0.13632783304949248,100.0,100.0,39.14,40.72,126.63327500578555,124.06163020885106,,,,
2024-10-08,00001,43.0845,43.0845,40.2898,40.6158,15539824.0,57.88666448771588,72.65399233515929,28.352008792829082,41.349411458333364,-0.119772916666669,0.9264032740349251,0.9314241263914707,-0.005020852356545591,13.99802481858392,59.25255320014652,39.22,40.85,110.14401818789028,126.63327500578555,,,,
2024-10-09,00001,41.3145,41.3145,38.9856,40.1035,12489114.0,47.48026360249761,64.26274942427206,13.9152919589487,41.0981135416667,-0.25129791666666534,0.7632520341992759,0.8977897079530317,-0.1345376737537558,30.769865954694314,48.8302071042031,39.26,40.91,100.57798252321288,110.14401818789028,,,,
2024-10-10,00001,40.6624,41.5008,40.4761,40.7556,9290922.0,45.727936549247794,58.08447846593064,21.0148527158821,40.90691770833337,-0.19119583333333168,0.6787483330835968,0.8539814329791448,-0.17523309989554792,100.0,62.09667575375358,39.32,40.94,96.77369037293431,100.57798252321288,,,,
2024-10-14,00001,40.7556,40.8021,39.3117,40.0103,8126971.0,38.633350829269546,51.60076925371027,12.6985139803881,40.777280208333366,-0.12963750000000118,0.5453525748524157,0.792255661353799,-0.24690308650138326,57.8926553672317,46.93412540179849,39.33,40.94,88.6722629339744,96.77369037293431,,,,
2024-10-15,00001,40.0103,40.2432,38.7993,39.1253,11843078.0,28.23750465337245,43.813014386930995,-2.9135148137446407,40.5152885416667,-0.26199166666666684,0.36402709390374355,0.706609947863788,-0.3425828539600444,16.664110821448688,28.929486918663887,39.32,40.87,78.15262618777821,88.6722629339744,,,,
2024-10-16,00001,39.0322,39.498,38.7993,38.8459,7448185.0,19.179783115799967,35.601937296553984,-13.664525245708063,40.15138645833336,-0.3639020833333362,0.1955261946544553,0.6043931972219214,-0.4088670025674661,3.848059454995709,10.000000000000085,39.29,40.76,66.29615428831102,78.15262618777821,,,,
2024-10-17,00001,39.1719,39.498,38.3335,38.5198,8175256.0,14.068493960521929,28.42412285120997,-14.64276382085415,39.8723104166667,-0.2790760416666629,0.03526792664256817,0.4905681431060508,-0.4553002164634826,23.528668855771055,4.347521702604216,39.25,40.61,57.775200527384015,66.29615428831102,,,,
2024-10-18,00001,38.4267,39.4048,38.4267,39.1253,6515466.0,14.827548508379872,23.891931403599937,-3.301217282060257,39.7896697916667,-0.08264062500000335,-0.04239046483845499,0.3839764215171496,-0.4263668863556046,100.0,18.477550639410126,39.24,40.47,59.83646183754573,57.775200527384015,,,,
2024-10-21,00001,38.939,39.2651,38.7527,38.9856,5642495.0,14.460209494606419,20.7480241006021,1.8845802826150617,39.6692229166667,-0.12044687499999895,-0.1138950112712962,0.28440213495946043,-0.3982971462307566,82.35665572114114,15.217492765798513,39.21,40.32,65.4217952925558,59.83646183754573,,,,
2024-10-22,00001,38.7527,39.5911,38.7527,39.1253,5526527.0,17.973209891130626,19.823086030778274,14.273457611835333,39.6318604166667,-0.03736250000000041,-0.15747498341929145,0.19602671128371005,-0.3535016947030015,100.0,18.477550639410126,39.18,40.18,71.93626228082583,65.4217952925558,,,,
2024-10-23,00001,39.1719,39.6377,38.8925,39.0322,4215082.0,19.33540611628794,19.660526059281494,18.685166230300823,39.5532666666667,-0.07859374999999602,-0.19725103016293843,0.11737116299438034,-0.31462219315731876,75.01341921631821,16.304956594791445,39.15,40.05,73.76981214745452,71.93626228082583,,,,
2024-10-24,00001,38.6596,39.0788,38.613,38.9856,4715553.0,21.695531485772836,20.338861201445273,24.408872054427967,39.47369375000003,-0.07957291666667032,-0.22988410347875998,0.04792010969975227,-0.2778042131785122,72.7308217841101,15.217492765798513,39.12,39.93,71.53389037624403,73.76981214745452,,,,
2024-10-25,00001,38.7061,39.1253,38.6596,38.8925,2842850.0,24.220892104651778,21.632871502514107,29.396933308927117,39.42276250000003,-0.050931249999997874,-0.26025834492586597,-0.013715581225371372,-0.2465427637004946,66.67461832060982,13.044898721179829,39.08,39.81,67.15083231602398,71.53389037624403,,,,
2024-10-28,00001,38.8925,39.0788,38.5198,38.9856,3559440.0,32.81392806976776,25.35989035826533,47.72200349277262,39.368905208333366,-0.05385729166666664,-0.27366313984965984,-0.06570509295022907,-0.20795804689943076,100.0,15.217492765798513,39.04,39.7,67.46579096829333,67.15083231602398,,,,
2024-10-29,00001,39.1719,39.5445,38.5198,38.7061,5167137.0,31.39903132883045,27.372937348453704,39.451219289583946,39.269920833333366,-0.09898437500000057,-0.3033431000908138,-0.11323269437834602,-0.19011040571246776,39.99570631172224,8.695043405208597,39.01,39.6,61.18750807909832,67.46579096829333,,,,
2024-10-30,00001,38.3335,38.6596,38.1006,38.3801,7211338.0,26.993885045668335,27.24658658085858,26.488481975287847,39.134553125000025,-0.13536770833334089,-0.3491454267744416,-0.16041524085756514,-0.18873018591687646,31.58192090395473,6.1862287244638,38.99,39.49,56.22029348685659,61.18750807909832,,,,
2024-10-31,00001,38.4267,38.6596,38.0075,38.1006,4675700.0,19.899575267430787,24.79758280971598,10.103560182860399,38.96473437500003,-0.16981874999999746,-0.4033478715918193,-0.20900176700441597,-0.1943461045874033,13.326653306613208,2.0189972241498917,38.93,39.37,48.301374884295,56.22029348685659,,,,
2024-11-01,00001,37.9143,38.4733,37.9143,38.2404,2434332.0,19.573683035816938,23.056282885082965,12.60848333728488,38.85266562500003,-0.11206874999999883,-0.4300654808180653,-0.2532145097671458,-0.17685097105091946,70.00858737655705,6.931808519683782,38.88,39.26,45.44952770252033,48.301374884295,,,,
2024-11-04,00001,38.2869,38.3801,37.9143,38.3335,3441957.0,21.157125582734526,22.423230450966816,18.62491584626995,38.78570520833336,-0.0669604166666673,-0.4386702688919826,-0.2903056615921132,-0.1483646072998694,100.0,8.910806904174892,38.86,39.15,53.025030924258274,45.44952770252033,,,,
2024-11-05,00001,38.2869,38.613,38.1472,38.5198,5007375.0,26.485644348330982,23.77736841675487,31.902196211483208,38.756108333333366,-0.029596874999995748,-0.4255512821249141,-0.31735478569867337,-0.10819649642624074,100.0,12.870929342742949,38.84,39.05,66.26215554184886,53.025030924258274,,,,
2024-11-06,00001,38.3335,38.6596,37.7746,38.2404,7414926.0,26.429719920941327,24.661485584817026,29.966188593189933,38.680909375000034,-0.07519895833333123,-0.43271160551680765,-0.3404261496623002,-0.09228545585450743,62.50670960815935,15.625628983562606,38.81,38.96,69.44525998635453,66.26215554184886,,,,
2024-11-07,00001,37.728,38.6596,37.728,38.5198,4905298.0,32.149586654331486,27.157519274655176,42.13372141368411,38.65567708333336,-0.02523229166667562,-0.4111020400202392,-0.35456132773388804,-0.05654071228635116,100.0,26.152728233584195,38.79,38.89,81.19002453032579,69.44525998635453,,,,
2024-11-08,00001,38.8459,39.0322,38.2869,38.4267,4823856.0,34.2544175273302,29.52315202554685,43.7169485308969,38.60910625000003,-0.04657083333332679,-0.39691332585603334,-0.3630317273583171,-0.033881598497716214,88.24198029805503,23.07768529528324,38.75,38.82,82.42545300823565,81.19002453032579,,,,
2024-11-11,00001,37.7746,38.0541,37.728,38.0541,4952556.0,31.17088960749571,30.07239788619647,33.36787305009419,38.51886458333337,-0.09024166666666389,-0.41099666004811297,-0.37262471389627627,-0.0383719461518367,41.18464258651159,14.288218025675715,38.72,38.75,75.66065349321323,82.42545300823565,,,,
2024-11-12,00001,37.8677,38.1472,37.1691,37.5417,8575488.0,27.446901911768972,29.197232561387306,23.9462406125323,38.34420104166669,-0.17466354166667486,-0.45822210239178673,-0.3897441915953784,-0.06847791079640836,29.62786259541981,19.047132195071978,38.65,38.67,68.68107456191497,75.66065349321323,,,,
2024-11-13,00001,37.2157,37.402,36.8896,37.2622,7067603.0,24.09463021131837,27.496365111364327,17.291160411226457,38.12925833333336,-0.21494270833333218,-0.512296484827516,-0.4142546502418059,-0.09804183458571009,31.996565049377374,16.665921187994734,38.58,38.56,62.11602007567262,68.68107456191497,,,,
2024-11-14,00001,37.1225,37.2157,36.7033,36.8896,6001074.0,18.729581719306534,24.574103980678398,7.040537196562802,37.89781875000003,-0.2314395833333336,-0.5785473943161676,-0.44711319905667823,-0.1314341952594894,22.22089694656522,7.691990090834124,38.5,38.44,55.32446554226482,62.11602007567262,,,,
2024-11-15,00001,37.1691,38.0541,36.9362,37.4951,6391399.0,23.81934901057524,24.322518990644014,22.8130090504377,37.80660208333336,-0.09121666666666783,-0.575558250533021,-0.4728022093519468,-0.10275604118107423,100.0,32.691990090834054,38.43,38.32,61.20072120633486,55.32446554226482,,,,
2024-11-18,00001,37.728,38.0541,37.1225,37.2622,3960781.0,23.879050742332918,24.174696241206984,23.287759744584783,37.72120729166669,-0.08539479166667263,-0.5852361777623685,-0.4952890030340311,-0.08994717472833735,70.58600656731495,23.07597027250208,38.38,38.21,62.32303427227541,61.20072120633486,,,,
2024-11-19,00001,37.5883,37.7746,37.3554,37.5417,3234422.0,27.919309909920006,25.422900797444658,32.912128134870706,37.72605729166669,0.004850000000004684,-0.5638529449333731,-0.5090017914138996,-0.05485115351947356,100.0,34.6160198183319,38.34,38.11,68.9896551197522,62.32303427227541,,,,
2024-11-20,00001,37.5417,37.6814,37.2622,37.4951,3050161.0,29.94583447098422,26.930545355291176,35.976412702370304,37.695975000000026,-0.030082291666666094,-0.5443914041706748,-0.5160797139652546,-0.028311690205420126,88.88358778625994,33.99888359311265,38.29,38.03,71.23608632461377,68.9896551197522,,,,
2024-11-21,00001,37.3554,37.728,37.0759,37.4951,3019458.0,38.243087191012414,30.701392633864923,53.32647630530739,37.68675833333336,-0.009216666666667095,-0.5229398676281534,-0.5174517446978344,-0.005488122930318973,89.99570631172223,34.69307277746143,38.25,37.95,71.17643000296543,71.23608632461377,,,,
2024-11-22,00001,37.3554,37.8677,36.9362,37.1691,4941608.0,36.248675390771716,32.550486886167185,43.64505239998077,37.62611354166669,-0.06064479166666814,-0.5261793775435208,-0.5191972712669717,-0.00698210627654916,41.67113973877263,20.409236296718298,38.21,37.88,66.20623022571043,71.17643000296543,,,,
2024-11-25,00001,37.2157,37.5417,36.843,37.0759,6605052.0,33.36033497080958,32.820436247714646,34.44013241699945,37.52228437500002,-0.10382916666667086,-0.530155866764467,-0.5213889903664708,-0.008766876397996226,35.71538107652118,16.32563641940142,38.16,37.8,61.41947778262224,66.20623022571043,,,,
2024-11-26,00001,37.0759,37.5883,37.0759,37.402,5652149.0,39.481857900784576,35.04091013207129,48.36375343821115,37.48202187500003,-0.0402624999999901,-0.5012160122593414,-0.517354394745045,0.01613838248570354,100.0,34.886159376872484,38.14,37.74,66.22036951396787,61.41947778262224,,,,
2024-11-27,00001,37.4951,37.728,37.1691,37.728,3523154.0,50.6792602337491,40.25369349929722,71.53039370265286,37.51646562500003,0.034443750000001216,-0.4468247756839929,-0.5032484709328345,0.05642369524884161,100.0,56.410679878888196,38.11,37.69,79.06094480225678,66.22036951396787,,,,
2024-11-28,00001,37.728,37.9609,37.3088,37.4485,2680842.0,50.451463996418475,43.65295033167097,64.04849132591347,37.52859062500003,0.012124999999997499,-0.42141483505449173,-0.486881743757166,0.06546690870267424,57.138475693912454,41.02394715111505,38.08,37.65,80.9252607699836,79.06094480225678,,,,
2024-11-29,00001,37.4485,38.1006,37.4485,37.728,4950893.0,57.09168846580571,48.13252970971589,75.01000597798536,37.562065625000024,0.0334749999999957,-0.37440801735269247,-0.4643869984762713,0.08997898112357883,100.0,56.410679878888196,38.07,37.63,85.2070301691817,80.9252607699836,,,,
2024-12-02,00001,37.9609,38.3335,37.728,37.9143,3917254.0,62.01952886426621,52.761529427899326,80.53552773699998,37.62174062500002,0.05967499999999859,-0.3184510175310251,-0.43519980228722205,0.11674878475619693,100.0,66.66666666666667,38.07,37.63,88.98186198783506,85.2070301691817,,,,
2024-12-03,00001,38.1006,38.7993,37.7746,38.7527,8921160.0,73.8856699951145,59.80290961697105,102.0511907514014,37.830371875000026,0.20863125000000338,-0.2041000801490256,-0.3889798578595828,0.1848797777105572,100.0,100.0,38.11,37.66,101.36871802077644,88.98186198783506,,,,
2024-12-04,00001,38.7527,39.0788,38.3801,39.0322,3747105.0,81.89569161674483,67.16717028356231,111.35273428310984,38.05355937500003,0.22318750000000165,-0.0898866667568683,-0.3291612196390399,0.2392745528821716,100.0,100.0,38.16,37.73,111.94804236419193,101.36871802077644,,,,
2024-12-05,00001,39.0788,39.2185,38.7061,39.1719,3701811.0,87.27656365272644,73.87030140661703,114.08908814494524,38.262187500000024,0.20862812499999706,0.011765285806859538,-0.26097591854986,0.27274120435671956,100.0,100.0,38.21,37.82,120.91093219831725,111.94804236419193,,,,
2024-12-06,00001,39.3117,39.7309,39.2185,39.4514,4874738.0,88.00860677915598,78.58306986413002,106.85968060920791,38.45626770833336,0.1940802083333324,0.11356934794874007,-0.18606686525014,0.29963621319888006,100.0,99.99999999999999,38.27,37.94,125.51546960975139,120.91093219831725,,,,
2024-12-09,00001,39.498,40.1966,39.2185,40.1966,7752414.0,92.00573785277066,83.05729252701023,109.90262850429153,38.7299072916667,0.2736395833333418,0.2514822815590563,-0.09855703588830073,0.350039317447357,100.0,100.00000000000001,38.35,38.09,133.53024934513246,125.51546960975139,,,,
2024-12-10,00001,40.9885,41.0816,39.7774,39.824,8425143.0,83.55938079073597,83.22465528158547,84.22883180903696,38.935626041666694,0.2057187499999955,0.32694475340122864,-0.013456678030394853,0.3404014314316235,61.90573560985591,89.33386768957723,38.42,38.25,125.72026724524295,133.53024934513246,,,,
2024-12-11,00001,40.1501,40.3829,39.498,39.6843,5418079.0,76.21949783028685,80.88960279781926,66.87928789522203,39.06032291666669,0.12469687499999793,0.3711977469710064,0.0634742069698854,0.307723540001121,47.62294243942364,85.33478372885247,38.48,38.4,113.17461385956597,125.72026724524295,,,,
2024-12-12,00001,39.7774,40.2432,39.7309,39.9637,4556045.0,73.03488945683246,78.27136501749033,62.56193833551674,39.14910625000003,0.08878333333333899,0.42392704111290413,0.13556477379848914,0.288362267314415,100.0,93.33295165030218,38.56,38.56,106.84151555988029,113.17461385956597,,,,
2024-12-13,00001,39.6377,39.824,39.2185,39.5445,3922337.0,66.52986179492892,74.35753060996986,50.87452416484703,39.19470833333337,0.045602083333335486,0.42696763292079254,0.1938453456229498,0.23312228729784273,43.74664519592039,80.55522423664127,38.62,38.69,95.2225912254187,106.84151555988029,,,,
2024-12-16,00001,39.1253,39.4514,38.4733,38.7061,6107028.0,48.37569785649959,65.69691969214644,13.733254185205908,39.1204666666667,-0.07424166666666565,0.3576032232783035,0.22659692115402055,0.13100630212428296,15.619967793880656,55.55522423664121,38.64,38.79,83.89697818140549,95.2225912254187,,,,
2024-12-17,00001,38.4733,38.8459,38.1938,38.4733,6694676.0,35.476681272941214,55.623506885744696,-4.816969952665758,38.95260520833336,-0.16786145833334132,0.28061169750964865,0.23739987642514618,0.04321182108450247,20.69297401347446,48.6134303435115,38.65,38.84,74.63798494057725,83.89697818140549,,,,
2024-12-18,00001,38.4733,38.6596,37.8677,38.3335,6763986.0,28.482219098936042,46.57641095680848,-7.7061646168088345,38.81335833333336,-0.13924687499999777,0.20594071068224196,0.23110804327656534,-0.025167332594323383,55.55820610687041,44.44477576335879,38.66,38.85,69.50376769649364,74.63798494057725,,,,
2024-12-19,00001,37.9609,38.3335,37.6349,38.0541,5803098.0,23.042265465189445,38.73169579293547,-8.336595190302603,38.68236875000002,-0.13098958333333854,0.12280257900057734,0.20944695042136774,-0.0866443714207904,49.999999999999574,36.11343034351137,38.66,38.84,64.7982642015416,69.50376769649364,,,,
2024-12-20,00001,37.9609,38.0075,37.6349,37.8212,5380303.0,17.163233697714382,31.542208427861777,-11.594715762580407,38.51935000000003,-0.163018749999992,0.03768748917590159,0.1750950581722745,-0.1374075689963729,26.66762095619753,29.168654580152552,38.65,38.8,58.537031832178485,64.7982642015416,,,,
2024-12-23,00001,38.0075,38.6596,37.9609,38.613,4020775.0,23.306542018757654,28.796986291493738,12.325653473285485,38.5033447916667,-0.016005208333332632,0.033735923197298234,0.14682323117727925,-0.11308730797998101,100.0,52.77910305343511,38.66,38.76,75.36105340983977,58.537031832178485,,,,
2024-12-24,00001,38.7527,39.0788,38.613,38.7993,1999516.0,30.41839602998776,29.33745620432508,32.580275681313125,38.569328125000034,0.06598333333333528,0.04511705044258463,0.12648199503034033,-0.0813649445877557,100.0,55.22478931009086,38.66,38.74,85.2636007753103,75.36105340983977,,,,
2024-12-27,00001,38.5198,39.3117,38.5198,38.939,3075686.0,40.13640636159342,32.93710625674786,54.53500657128454,38.6707229166667,0.10139479166666376,0.0646638931510779,0.11411837465448785,-0.04945448150340995,100.0,58.46077621800172,38.66,38.73,92.803186972788,85.2636007753103,,,,
2024-12-30,00001,38.939,39.1719,38.4267,38.5664,3267427.0,43.85091555402679,36.575042689174175,58.40266128373203,38.66489895833337,-0.005823958333330381,0.049518383670260846,0.10119837645764244,-0.0516799927873816,27.26917821588989,43.54872221067956,38.64,38.72,90.06355015197515,92.803186972788,,,,
2024-12-31,00001,38.5664,38.9856,38.5664,38.6596,2190255.0,49.60409319377859,40.91805952404231,66.97616053325113,38.6736354166667,0.008736458333331143,0.04452268953377825,0.08986323907286961,-0.04534054953909136,45.461643568221604,44.07044867362896,38.62,38.71,82.71516541312394,90.06355015197515,,,,
2025-01-02,00001,38.4733,38.6596,37.9143,38.2404,4164402.0,45.10621162027986,42.314110222788166,50.69041441526325,38.605716666666694,-0.06791875000000402,0.0066608472384288575,0.07322276070598147,-0.06656191346755261,43.754192942439786,23.636647538743823,38.59,38.69,75.76021104455353,82.71516541312394,,,,
2025-01-03,00001,38.5664,38.7061,38.1006,38.3335,2627730.0,43.958371360084776,42.8621972685537,46.15071954314692,38.55574062500003,-0.04997604166666747,-0.015652115782010867,0.055447785408382994,-0.07109990119039386,56.24580705756117,27.270952882851248,38.57,38.66,72.68149994564914,75.76021104455353,,,,
2025-01-06,00001,38.613,38.939,38.1472,38.4733,3892729.0,45.97224757338986,43.89888070349909,50.11898131317139,38.5324572916667,-0.023283333333324663,-0.021803273524156452,0.0399975736218751,-0.061800847146031554,100.0,32.728266385603376,38.55,38.64,75.28145128325443,72.68149994564914,,,,
2025-01-07,00001,38.5664,38.8459,37.8677,38.2404,4598793.0,39.25158148475301,42.34978096391706,33.0551825264249,38.50383437500003,-0.02862291666667005,-0.04495300368083832,0.023007458161332418,-0.06796046184217074,61.542272126816414,23.636647538743823,38.53,38.61,72.58847269930814,75.28145128325443,,,,
2025-01-08,00001,38.1938,38.2869,37.6349,37.7746,5808409.0,28.944836129784406,37.88146601920618,11.071576350940859,38.41116875000003,-0.0926656250000022,-0.09973580646819613,-0.0015411947645732928,-0.09819461170362284,16.662690839694385,5.45340984502471,38.52,38.56,63.613473935721856,72.58847269930814,,,,
2025-01-09,00001,37.7746,37.9609,37.5883,37.728,3060041.0,21.99858055242376,32.58717086361204,0.8213999300472068,38.2927760416667,-0.1183927083333316,-0.1452375943332953,-0.0302804746783177,-0.11495711965497761,21.423094617390568,5.355978990147024,38.5,38.5,55.926356276198234,63.613473935721856,,,,
2025-01-10,00001,37.728,38.1006,37.3554,37.5883,4607674.0,18.93950695420771,28.037949560477262,0.7426217416686072,38.19137083333337,-0.10140520833332545,-0.19037617349446379,-0.06229961444154691,-0.12807655905291687,55.558206106869186,8.92918759345143,38.48,38.43,50.84703918037465,55.926356276198234,,,,
2025-01-13,00001,37.3088,37.3088,36.6101,37.0759,4876407.0,19.162505793789432,25.079468304914652,7.328580771538988,38.02688958333337,-0.16448125000000147,-0.2644468418002859,-0.1027290599132947,-0.16171778188699118,41.667412111995255,13.88955152671739,38.45,38.34,49.84527464825639,50.84703918037465,,,,
2025-01-14,00001,36.9362,37.1691,36.6567,37.0759,7959404.0,19.441956787369133,23.200297799066146,11.925274763975104,37.85367395833337,-0.17321562500000454,-0.3194657774609695,-0.14607640342282965,-0.17338937403813984,47.618074013493896,13.88955152671739,38.42,38.24,49.86158943549202,49.84527464825639,,,,
2025-01-15,00001,36.843,37.2622,36.843,37.2157,3820469.0,21.62920210173724,22.676599233289846,19.534407838632028,37.712975000000036,-0.14069895833333135,-0.347779008791008,-0.18641692449646532,-0.16136208429454266,100.0,20.63794983642299,38.37,38.14,52.399714715673966,49.86158943549202,,,,
2025-01-16,00001,37.0759,37.402,36.843,36.9362,5249583.0,19.086907631567325,21.480035366049005,14.30065216260396,37.602356250000035,-0.11061875000000043,-0.38829474263886254,-0.22679248812494476,-0.16150225451391778,50.0,14.002318691227494,38.31,38.03,54.631796994325555,52.399714715673966,,,,
2025-01-17,00001,36.843,37.5417,36.7965,37.4485,5205136.0,25.224232365047044,22.728101032381687,30.216495030377757,37.57323958333337,-0.0291166666666669,-0.3747455911790496,-0.25638310873576575,-0.11836248244328385,100.0,35.99982824509429,38.26,37.94,69.90127214081764,54.631796994325555,,,,
2025-01-20,00001,37.5883,37.728,37.3554,37.3554,3781726.0,31.632074121227294,25.69609206199689,43.50403823968811,37.5295697916667,-0.04366979166666596,-0.36728633472273486,-0.2785637539331596,-0.08872258078957529,85.72085889570559,32.002232813774796,38.22,37.85,74.56709599726041,69.90127214081764,,,,
2025-01-21,00001,37.6349,37.6349,37.1225,37.2622,4911349.0,35.67152252160984,29.021235548534538,48.972096467760444,37.518406250000034,-0.011163541666668664,-0.3646913465051398,-0.2957892724475556,-0.0689020740575842,71.42638036809778,28.00034350981141,38.16,37.78,75.8117113789779,74.56709599726041,,,,
2025-01-22,00001,37.1225,37.402,36.9828,37.2622,4723515.0,38.36448812186487,32.13565307297798,50.822158219638666,37.47037187500003,-0.048034375000000296,-0.3585022093374448,-0.30833185982553346,-0.05017034951191135,74.98658078368179,28.00034350981141,38.12,37.71,76.96116352779757,75.8117113789779,,,,
2025-01-23,00001,37.2622,37.4485,36.4238,36.517,6318628.0,27.958373157765333,30.743226434573767,22.38866660414846,37.3151104166667,-0.15526145833333516,-0.4090138288289964,-0.32846825362622606,-0.08054557520277034,11.116412213740823,3.7054707379136076,38.05,37.63,66.10963626822887,76.96116352779757,,,,
2025-01-24,00001,36.517,36.8896,36.3307,36.5636,5462191.0,24.194868586247537,28.560440485131693,15.463724788479226,37.19770312500003,-0.11740729166666597,-0.44020995431293386,-0.3508165937635676,-0.08939336054936625,25.002683843263643,8.929187593451704,37.98,37.54,60.01994717283512,66.10963626822887,,,,
2025-01-27,00001,36.7965,37.0759,36.5636,36.6567,3916809.0,23.90681546580963,27.00923214535767,17.701982106713544,37.07737812500004,-0.12032499999999402,-0.4522079448851031,-0.3710948639878747,-0.08111308089722835,100.0,12.498562281946116,37.92,37.45,58.017548664448725,60.01994717283512,,,,
2025-01-28,00001,37.0293,37.4485,36.517,36.517,3526282.0,20.382162384778226,24.80020889183119,11.5460693706723,37.006540625000035,-0.07083750000000322,-0.4675988725996447,-0.3903956657102287,-0.07720320688941601,57.14723926380445,7.999484735282881,37.86,37.36,52.80898804754182,58.017548664448725,,,,
2025-02-03,00001,35.8649,36.3773,35.5854,36.2375,8633008.0,23.733103433717805,24.44450707246006,22.3102961562333,36.89445833333337,-0.11208229166666683,-0.4966248259646022,-0.4116414977611034,-0.0849833282034988,60.869971063193944,21.21202264003636,37.81,37.26,53.467036181370844,52.80898804754182,,,,
2025-02-04,00001,36.6567,36.9362,36.0978,36.3773,7802445.0,28.1419917909965,25.677001978638874,33.07197141571175,36.794520833333365,-0.0999375000000029,-0.5025542785899759,-0.42982405392687795,-0.07273022466309798,85.00429368827777,27.42130960213296,37.75,37.16,56.035563587072986,53.467036181370844,,,,
2025-02-05,00001,36.3773,36.4704,35.6786,35.8649,7737619.0,23.307152045424818,24.887052000900855,20.147352134472747,36.6528447916667,-0.14167604166666337,-0.5423479605205088,-0.45232883524560413,-0.09001912527490469,35.294860462179486,9.678312960975052,37.7,37.06,50.51108612411258,56.035563587072986,,,,
2025-02-06,00001,35.9115,36.3773,35.6786,36.2841,5783386.0,28.038772288419313,25.937625430073677,32.24106600511059,36.6077229166667,-0.045121874999999534,-0.533904287269273,-0.4686439256503379,-0.06526036161893506,86.66094174896284,24.19405104054856,37.66,36.96,56.044558210417975,50.51108612411258,,,,
2025-02-07,00001,36.3307,36.6101,36.1909,36.3773,6223466.0,32.86065756017887,28.24530280677541,42.09136706698579,36.549990625000035,-0.05773229166666738,-0.5137697365764851,-0.47766908783556733,-0.03610064874091773,100.0,29.826741996233444,37.62,36.88,61.72066446936887,56.044558210417975,,,,
2025-02-10,00001,36.2841,36.517,36.0512,36.3773,5516254.0,36.07524774135191,30.855284451634244,46.51517432078723,36.5470854166667,-0.002905208333338294,-0.49213987792457203,-0.4805632458533683,-0.01157663207120374,100.0,36.17303124429008,37.58,36.8,71.90225045978431,61.72066446936887,,,,
2025-02-11,00001,36.3773,36.3773,36.0046,36.1909,5379071.0,34.88336430927402,32.19797773751417,40.25413745279373,36.49273958333337,-0.0543458333333291,-0.4844544914830493,-0.4813414949793045,-0.0031129965037448026,49.98658438422279,28.260057873611444,37.53,36.74,74.95055227032924,71.90225045978431,,,,
2025-02-12,00001,36.3307,36.7499,36.1444,36.6101,7265102.0,41.58882008287567,35.328258519301336,54.10994321002434,36.488845833333365,-0.0038937500000031378,-0.43947187257321474,-0.4729675704980866,0.03349569792487184,100.0,51.16081681561758,37.49,36.68,84.89778038230847,74.95055227032924,,,,
2025-02-13,00001,36.7033,37.1225,36.4238,36.7499,8388177.0,52.97906245500746,41.21185983120338,76.51346770261561,36.54609687500003,0.05725104166666739,-0.38806871675983956,-0.4559877997504372,0.06791908299059762,100.0,62.50335462401347,37.46,36.65,89.30823641211978,84.89778038230847,,,,
2025-02-14,00001,37.0759,37.2157,36.5636,36.7499,6494095.0,58.551435343435394,46.991718335280716,81.67086935974474,36.605295833333365,0.059198958333332996,-0.34337315346719066,-0.4334648704937879,0.09009171702659724,100.0,62.50335462401347,37.43,36.64,91.71955914980398,89.30823641211978,,,,
2025-02-17,00001,36.6567,36.8896,36.2841,36.7499,6854019.0,62.26635060238735,52.08326242431625,82.63252695852954,36.62422395833337,0.018928125000002183,-0.3044421776285944,-0.4076603319207492,0.1032181542921548,100.0,62.50335462401347,37.41,36.63,92.47233796594008,91.71955914980398,,,,
2025-02-18,00001,36.6567,36.7965,36.3307,36.7965,7444959.0,65.75352178818541,56.64001554560597,83.98053427334428,36.64314895833337,0.018925000000002967,-0.26675389538890926,-0.3794790446143812,0.11272514922547194,100.0,65.00456228865869,37.39,36.63,92.78340819462184,92.47233796594008,,,,
2025-02-19,00001,36.517,36.7033,36.3307,36.6101,4250874.0,60.50097169937602,57.92700093019599,65.64891323773608,36.6518760416667,0.008727083333333496,-0.24905562417105642,-0.35339436052571627,0.10433873635465984,63.62217017954739,54.99973163007897,37.37,36.63,87.56214151877492,92.78340819462184,,,,
2025-02-20,00001,36.6101,37.0759,36.4704,36.9362,6837096.0,65.97458334027705,60.609528400223006,76.70469322038515,36.69117708333337,0.03930104166666837,-0.20633754131750948,-0.32398299668407493,0.11764545536656545,100.0,76.3163841807908,37.36,36.64,96.37793024289239,87.56214151877492,,,,
2025-02-21,00001,36.9362,37.1225,36.3773,36.7033,16634720.0,63.213507215704425,61.477521338716805,66.68547896967966,36.6935979166667,0.002420833333324879,-0.18909645029188482,-0.29700568740563693,0.10790923711375211,61.535920726671996,66.66865458015259,37.35,36.65,93.99679790684417,96.37793024289239,,,,
2025-02-24,00001,36.4704,37.4951,36.4238,37.0293,9765737.0,63.980397421708226,62.31181336638061,67.31756553236345,36.75666770833337,0.06306979166667048,-0.1474278296844318,-0.2670901158613959,0.11966228617696412,100.0,86.1104484732824,37.35,36.66,95.64161475594827,93.99679790684417,,,,
2025-02-25,00001,36.7499,37.0293,36.6567,36.7033,8472915.0,54.19227155391605,59.60529942889243,43.3662158039633,36.734346875000035,-0.02232083333333179,-0.13910708328618426,-0.24149350934635358,0.10238642606016932,50.0,77.42225915922151,37.36,36.68,88.48437748512333,95.64161475594827,,,,
2025-02-26,00001,36.843,37.2157,36.7499,37.1225,8403775.0,59.2055275814987,59.47204214642786,58.67249845164038,36.79596250000004,0.06161562500000173,-0.09756225823586107,-0.2127072591242551,0.11514500088839402,100.0,100.0,37.36,36.7,92.9020330796404,88.48437748512333,,,,
2025-02-27,00001,36.7499,37.0293,36.7033,36.843,9317106.0,54.854331902667234,57.93280539850765,48.6973849109864,36.7993604166667,0.0033979166666640026,-0.08619736956980972,-0.18740528121336603,0.1012079116435563,39.99570631172224,81.81640752065589,37.36,36.72,88.94246412023628,92.9020330796404,,,,
2025-02-28,00001,36.843,36.843,36.1909,36.1909,16506111.0,36.56955460177816,50.81172179959782,8.085220206138843,36.705713541666704,-0.09364687499999746,-0.12833032153151436,-0.1755902892769957,0.04725996774548133,0.0,39.392362240582806,37.33,36.72,74.74452365677115,88.94246412023628,,,,
2025-03-03,00001,36.3773,36.843,36.2375,36.4704,8207200.0,31.52329045220007,44.38224468379857,5.805381989003067,36.63535937500003,-0.07035416666667516,-0.13758171897693217,-0.167988575216983,0.030406856240050822,42.861524306087546,57.57595471992692,37.32,36.71,70.34758373496194,74.74452365677115,,,,
2025-03-04,00001,36.2375,36.3307,35.8649,36.0046,13533894.0,23.872027193054752,37.5455055202173,-3.474929461270335,36.501446875000035,-0.13391249999999388,-0.1804199167592202,-0.17047484352543044,-0.009945073233789764,23.07184145334517,22.577740840778493,37.27,36.68,62.29752384092484,70.34758373496194,,,,
2025-03-05,00001,41.3611,44.901,41.3611,43.8763,114869859.0,45.46799503614479,40.18633535885979,56.03131439071478,37.66444270833337,1.1629958333333335,0.41601534043994803,-0.05317680673235474,0.4691921471723028,100.0,100.0,37.49,36.9,76.71141116270562,62.29752384092484,,,,
2025-03-06,00001,45.1339,49.3259,44.5749,48.0217,88510645.0,60.415753221976836,46.929474646565474,87.38831037279955,39.43488333333337,1.770440624999999,1.2092541847932594,0.1993093915727681,1.0099447932204912,99.99999999999999,100.0,37.84,37.41,89.17464042170536,76.71141116270562,,,,
2025-03-07,00001,47.323,47.6491,46.0189,46.112,45375844.0,65.65195523467946,53.17030150927013,90.61526268549812,40.964190625000036,1.5293072916666688,1.6646161946450704,0.4923707521872286,1.1722454424578417,71.32840885205536,84.2910963411424,38.14,38.04,95.7205325231069,89.17464042170536,,,,
2025-03-10,00001,45.6928,46.9038,45.5531,46.2052,21844267.0,69.37354676046952,58.571383259669936,90.97787376206868,41.87100625000003,0.906815624999993,2.0098460747894222,0.7958658167076673,1.213980258081755,47.29894394800966,85.05774545933137,38.43,38.73,97.05488237320853,95.7205325231069,,,,
2025-03-11,00001,45.6462,46.8107,45.5997,46.5312,17670627.0,72.66187816371642,63.2682148943521,91.44920470244506,42.481853125000036,0.6108468750000071,2.2834267948479408,1.093378012335722,1.1900487825122188,100.0,87.73937220321133,38.74,39.45,92.8196736982308,97.05488237320853,,,,
2025-03-12,00001,46.1586,46.4381,45.8325,45.9723,12772119.0,73.47010088214283,66.66884355694901,87.07261553253045,43.172763541666704,0.690910416666668,2.4271640906789997,1.3601352280043775,1.0670288626746223,42.8586034147835,83.14194524874962,39.02,40.15,83.45323054353833,92.8196736982308,,,,
2025-03-13,00001,46.1586,46.4381,45.6928,46.0189,9349981.0,74.1243111197546,69.15399941121754,84.0649345368287,43.541021875000034,0.3682583333333298,2.51583617042494,1.59127541648849,0.9245607539364502,45.002683843263945,83.52526980784417,39.32,40.81,79.62624665498747,83.45323054353833,,,,
2025-03-14,00001,43.131,44.3886,42.8981,43.0845,60852631.0,67.29402728786948,68.53400870343485,64.81406445673875,43.24215520833337,-0.29886666666666173,2.3225549090244684,1.7375313149956857,0.5850235940287827,5.972827480133263,59.38733877336139,39.51,41.33,68.11431829230139,79.62624665498747,,,,
2025-03-17,00001,42.7584,43.69,42.0597,43.3639,37913568.0,53.24456513178175,63.43752751288381,32.85864036957763,43.12085520833337,-0.12130000000000507,2.166944178194761,1.8234138876355008,0.3435302905592603,32.940998181450816,61.68564095814688,39.73,41.75,65.32582642882574,68.11431829230139,,,,
2025-03-18,00001,43.3639,44.0626,41.2213,42.1529,61880210.0,39.32794565777777,55.40100022784846,7.18183651763637,42.81178854166671,-0.3090666666666593,1.9237284297875021,1.843476796065901,0.08025163372160105,43.47988425277711,51.7241379310345,39.89,42.04,59.55671778764764,65.32582642882574,,,,
2025-03-19,00001,42.1063,42.7118,41.2213,42.6653,36711320.0,33.70693644264643,48.16964563278112,4.78151806237706,42.806455208333375,-0.005333333333332746,1.7521271633169988,1.8252068695161205,-0.07307970619912174,67.3947540371512,55.93906291129245,40.07,42.25,62.308051752283845,59.55671778764764,,,,
2025-03-20,00001,42.3858,42.6653,41.5474,41.7803,21874483.0,25.750364139649594,40.69655180173728,-4.142011184525771,42.67254895833337,-0.13390625000000256,1.5271161749048687,1.7655887305938702,-0.2384725556890015,38.711911357340476,48.659186628059985,40.23,42.38,57.31901690122113,62.308051752283845,,,,
2025-03-21,00001,40.6624,41.6405,39.9637,40.2898,35559945.0,18.754466020561864,33.38252320801214,-10.501648354338684,42.24073333333337,-0.4318156250000058,1.2145221962354782,1.6553754237221918,-0.44085322748671363,12.070624814924372,36.39855883127139,40.34,42.4,49.80592459813576,57.31901690122113,,,,
2025-03-24,00001,40.9419,42.3858,40.5693,41.9666,22572013.0,22.81487240037951,29.859972938801263,8.724671323536,42.06363645833338,-0.1770968749999895,1.089533498460483,1.54220703866985,-0.4526735402093671,100.0,50.19166227954724,40.51,42.39,61.44584433701287,49.80592459813576,,,,
2025-03-25,00001,42.1063,42.5721,41.7803,41.9666,15322855.0,25.52180998692461,28.413918621509044,19.73759271775574,41.99037500000004,-0.07326145833333442,0.9791915443808037,1.4296039398120408,-0.4504123954312371,100.0,50.19166227954724,40.53,42.38,71.49433152509567,61.44584433701287,,,,
2025-03-26,00001,41.9666,43.5968,41.594,42.1995,32846174.0,33.8571051716638,30.228314138227294,41.11468723853681,42.122832291666704,0.1324572916666611,0.9001613348382591,1.3237154188172844,-0.4235540839790253,100.0,52.107462490128974,40.5,42.36,76.45580637152594,71.49433152509567,,,,
2025-03-27,00001,42.4789,43.7365,42.1529,42.5721,27415537.0,43.78359858956184,34.746742288672145,61.857311191341225,42.14805937500003,0.025227083333327016,0.8577079075916743,1.2305139165721624,-0.3728060089804881,100.0,55.17241379310343,40.51,42.36,81.17019674391736,76.45580637152594,,,,
2025-03-28,00001,42.7584,42.7584,41.7337,42.0597,13117045.0,46.23428924162659,38.57592460632363,61.55101851223252,42.13834687500004,-0.00971249999999202,0.7737970126538443,1.1391705357884987,-0.36537352313465443,47.61271853593695,50.95748881284547,40.5,42.34,73.69288534161262,81.17019674391736,,,,
2025-03-31,00001,40.1501,41.0816,40.1035,40.7556,21554922.0,37.81943144805074,38.323760220232664,36.81077390368689,41.969989583333366,-0.16835729166667335,0.5952058896951016,1.0303776065698194,-0.4351717168747178,26.415782224742923,40.23015925243486,40.45,42.28,66.43843071374822,73.69288534161262,,,,
2025-04-01,00001,40.9885,41.6871,40.6624,41.4542,9285665.0,38.38177674710308,38.3430990625228,38.45913211626363,41.8666385416667,-0.10335104166666298,0.5042298715400122,0.9251480595638579,-0.42091818802384573,69.04713219507215,45.97673729928928,40.43,42.22,65.69496072360963,66.43843071374822,,,,
2025-04-02,00001,41.2679,41.5474,40.8021,41.2679,8963233.0,37.11068124672574,37.932293123923785,35.46745749232966,41.77396875000004,-0.09266979166666545,0.4123446166146323,0.8225873709740128,-0.4102427543593805,86.20715184719018,16.185157607346667,40.4,42.14,66.89494899939633,65.69496072360963,,,,
2025-04-03,00001,40.5227,40.9419,40.1501,40.8487,13378055.0,31.577778689669657,35.81412164583907,23.105092777330825,41.7467916666667,-0.027177083333334906,0.3022152047316169,0.7185129377255336,-0.4162977329939167,53.56951154052603,10.982874162323133,40.42,42.04,68.76672184237633,66.89494899939633,,,,
2025-04-07,00001,38.4267,38.8459,37.2157,37.4485,33409538.0,22.24189049192309,31.290044594533743,4.145582286701789,41.10100520833337,-0.6457864583333333,-0.05875359608535291,0.5630596309633563,-0.6218132270487092,5.745027392527629,2.4990607052762015,40.31,41.83,58.704606424653974,68.76672184237633,,,,
2025-04-08,00001,37.4485,38.2404,36.0978,36.4704,29235005.0,16.453858108548385,26.344649099205288,-3.327723872765425,40.36255520833337,-0.7384500000000003,-0.4189194246902659,0.36666381983263185,-0.7855832445228977,7.842724536403595,3.571223187072273,40.2,41.51,50.691380890901854,58.704606424653974,,,,
2025-04-09,00001,35.4923,36.1444,34.8868,35.9581,25419079.0,15.004403772875216,22.56456732376193,-0.11592332889821222,39.58238437500004,-0.7801708333333295,-0.7371938553671598,0.1458922847926735,-0.8830861401598332,41.819885232462816,9.200130534849379,40.06,41.11,46.90231160357129,50.691380890901854,,,,
2025-04-10,00001,37.0293,37.3554,36.1444,36.7965,14625956.0,18.089813569334876,21.072982738952913,12.123475230098798,39.10934062500004,-0.4730437500000022,-0.9112721830443036,-0.06554060877472195,-0.8457315742695817,100.0,17.15489440446996,39.97,40.7,52.10411570805029,46.90231160357129,,,,
2025-04-11,00001,36.7965,37.3554,36.3307,37.0759,13729804.0,22.790284665436108,21.64541671444731,25.080020567413705,38.7891166666667,-0.3202239583333366,-1.0149851499361517,-0.25542951700700794,-0.7595556329291437,100.0,19.664753281052057,39.91,40.31,61.12463044731976,52.10411570805029,,,,
2025-04-14,00001,37.6349,38.4733,37.3554,38.2869,12516935.0,31.85994468973087,25.050259372875164,45.479315323442286,38.71244687500003,-0.07666979166666721,-0.9880709769888938,-0.40195780900338507,-0.5861131679855087,100.0,40.10923546967715,39.87,39.98,76.88540823126289,61.12463044731976,,,,
2025-04-15,00001,39.3117,39.5911,38.7527,38.9856,13397056.0,41.752629653026375,30.61771613292557,64.02245669322798,38.80559895833337,0.09315208333333658,-0.8999875540018536,-0.5015637580030787,-0.39842379599877487,100.0,48.35144094088777,39.78,39.72,86.74766643715031,76.88540823126289,,,,
2025-04-16,00001,39.0788,39.5911,38.613,39.0322,9555216.0,50.65551879815255,37.29698368800123,77.3725890184552,38.94000000000004,0.13440104166667055,-0.8170026778267996,-0.5646515419678229,-0.2523511358589767,100.0,53.29305135951663,39.65,39.53,95.29000527113138,86.74766643715031,,,,
2025-04-17,00001,39.0788,39.6843,38.939,39.2651,7401147.0,64.1910510938526,46.26167282328502,100.04980763498774,39.057904166666695,0.11790416666665493,-0.7240965477429029,-0.5965405431228389,-0.127556004620064,100.0,56.2872019026804,39.54,39.39,102.39407214047208,95.29000527113138,,,,
2025-04-22,00001,39.3582,40.5227,39.3117,40.3364,10434592.0,75.02550256508499,55.84961607055167,113.37727555415164,39.266053125000035,0.20814895833333935,-0.5575952031160014,-0.5887514751214714,0.031156272005469998,100.0,70.90939846199886,39.48,39.33,110.82802174391156,102.39407214047208,,,,
2025-04-23,00001,40.9419,41.2679,40.4295,40.5227,9974373.0,79.45758927855321,63.71894047321885,110.93488688922196,39.488757291666694,0.22270416666665938,-0.40592953193406345,-0.5521870864839898,0.1462575545499264,100.0,73.33350682471733,39.44,39.33,113.00280328052838,110.82802174391156,,,,
2025-04-24,00001,40.1501,40.6624,39.8706,40.0103,7491657.0,78.12315261945514,68.52034452196428,97.32876881443687,39.582880208333364,0.09412291666667016,-0.32335238748172657,-0.5064201466835372,0.18306775920181062,57.68786127167629,66.66623293820673,39.38,39.35,107.79962837044187,113.00280328052838,,,,
2025-04-25,00001,40.3829,41.0816,40.2432,40.2898,6170961.0,78.81182709670448,71.95083871354434,92.53380386302476,39.66778750000003,0.0849072916666671,-0.2326739707457719,-0.45167091149598415,0.21899694075021225,64.28461892347772,70.3030460749743,39.33,39.4,104.66562367280457,107.79962837044187,,,,
2025-04-28,00001,40.1035,40.3829,39.9172,40.0569,6069209.0,75.55719250536423,73.15295664415096,80.36566422779075,39.72843333333337,0.06064583333333928,-0.17755698930596964,-0.3968481270579812,0.2192911377520116,44.441793893129116,67.27258532523128,39.31,39.45,91.90466687617682,104.66562367280457,,,,
2025-04-29,00001,40.4295,41.1748,40.3364,40.4295,7405163.0,73.17834705198977,73.16142011343057,73.2122009291082,39.90649270833337,0.17805937499999658,-0.10262765069295199,-0.3380040317849754,0.2353763810920234,100.0,72.12080205066813,39.36,39.52,89.38615209092849,91.90466687617682,,,,
2025-04-30,00001,40.4761,40.9885,40.1966,40.8021,7037177.0,76.27059238598514,74.19781087094876,80.4161554160579,40.039908333333365,0.13341562499999782,-0.013029705617874754,-0.27300916655155527,0.2599794609336805,100.0,82.46734235804212,39.46,39.6,94.8409155335413,89.38615209092849,,,,
2025-05-02,00001,40.5693,41.1282,40.3829,40.8021,7583238.0,77.51344199914725,75.30302124701491,81.93428350341193,40.17914895833337,0.13924062500000645,0.05731660127135285,-0.20694401298697362,0.2642606142583265,100.0,90.07065200840519,39.55,39.7,99.3634457147352,94.8409155335413,,,,
2025-05-06,00001,40.8021,41.3145,40.4761,40.9419,8666821.0,78.80764317818115,76.47122855740366,83.48047241973615,40.302878125000035,0.12372916666666356,0.12293018528688293,-0.14096917333220232,0.26389935861908526,100.0,92.1993482961293,39.65,39.81,102.12452114965998,99.3634457147352,,,,
2025-05-07,00001,41.4542,41.7803,41.2679,41.5474,10621902.0,81.80655117815114,78.24966943098616,88.92031467248108,40.46008333333337,0.1572052083333375,0.2212379199396608,-0.06852775467782969,0.2897656746174905,100.0,99.99999999999999,39.77,39.94,109.63410620678158,102.12452114965998,,,,
2025-05-08,00001,41.4542,41.5008,40.9885,41.1282,6271348.0,76.48879257995681,77.66271048064304,74.14095677858435,40.56585937500004,0.10577604166666532,0.262297963671152,-0.0023626110080333523,0.26466057467918536,60.869971063193944,93.70627270816438,39.84,40.06,107.10191353251692,109.63410620678158,,,,
2025-05-09,00001,41.1282,41.594,40.8021,41.5474,6169170.0,80.15897141170372,78.49479745766327,83.48731931978463,40.71869270833337,0.1528333333333336,0.32491881886053875,0.06309367496568108,0.26182514389485767,100.0,99.99999999999999,39.92,40.2,113.03615115934792,107.10191353251692,,,,
2025-05-12,00001,41.9666,42.3858,41.6871,42.1063,10416982.0,82.99857863483527,79.99605785005393,89.00362020439795,40.86327500000004,0.1445822916666657,0.4148625792640743,0.13344745582535972,0.2814151234387146,100.0,99.99999999999999,40.0,40.35,118.11850427731392,113.03615115934792,,,,
2025-05-13,00001,41.9666,42.1063,41.5474,41.7337,6820460.0,78.73667347200842,79.57626305737209,77.05749430128108,40.98263125000003,0.11935624999999561,0.4508804818108345,0.1969340610224547,0.2539464207883798,71.430762153044,94.83897776854354,40.07,40.5,115.91769175568825,118.11850427731392,,,,
2025-05-14,00001,42.1995,42.4789,41.7337,42.2461,11112751.0,82.4243701135301,80.52563207609143,86.22184618840745,41.156333333333365,0.1737020833333318,0.5148366107940774,0.2605145709767792,0.2543220398172982,100.0,100.0,40.14,40.65,121.71805966593153,115.91769175568825,,,,
2025-05-15,00001,42.1529,42.4324,41.8269,42.3858,8291020.0,86.8023154446435,82.61785986560879,95.17122660271289,41.30965520833337,0.15332187500000316,0.5702217647177719,0.32245600972497773,0.24776575499279413,100.0,100.0,40.22,40.82,127.71740581798736,121.71805966593153,,,,
2025-05-16,00001,42.1063,42.1529,41.5008,42.1529,5839708.0,85.77580632865055,83.67050868662271,89.9864016127062,41.49014375000004,0.18048854166666928,0.5885375204731602,0.37567231187461425,0.21286520859854596,73.68361581920911,95.37014949109414,40.3,40.97,126.34585087741328,127.71740581798736,,,,
2025-05-19,00001,42.1529,42.2461,41.8734,42.1995,6204458.0,84.96297393920209,84.1013304374825,86.68626094264127,41.615320833333364,0.12517708333332678,0.5998978701906594,0.4205174235378233,0.17938044665283615,78.94915254237269,95.0620229007633,40.38,41.11,126.59467352641377,126.34585087741328,,,,
2025-05-20,00001,42.3392,42.4789,42.0132,42.4324,7828719.0,89.05093618847566,85.75119902114689,95.65041052313322,41.7254635416667,0.11014270833333484,0.6205409034999079,0.4605221195302402,0.16001878396966768,100.0,100.0,40.47,41.25,133.466199849695,126.59467352641377,,,,
2025-05-21,00001,42.3392,42.5255,42.1063,42.2926,6786293.0,88.19596279726854,86.5661202798541,91.45564783209741,41.8457854166667,0.12032187500000191,0.6184903922350813,0.49211577407120843,0.12637461816387285,74.99105545617175,95.9981679738936,40.58,41.38,134.29092521157506,133.466199849695,,,,
2025-05-22,00001,42.2926,42.2926,41.6871,42.0132,6684328.0,75.46560169048566,82.86594741673129,60.664910237994405,41.88169062500003,0.03590520833333244,0.5875472236687926,0.5112020639907253,0.07634515967806732,43.75419294243883,86.56711635210037,40.69,41.48,124.39011307608456,134.29092521157506,,,,
2025-05-23,00001,42.0132,42.1529,41.8269,42.0132,5272067.0,66.97869428596373,77.5701963731421,45.79569011160697,41.872473958333366,-0.009216666666667095,0.556608305576475,0.5202833123078753,0.036324993268599726,53.856317093310835,83.63650558201249,40.79,41.57,116.10731487136023,124.39011307608456,,,,
2025-05-26,00001,42.0597,42.0597,41.6405,41.8269,8538812.0,55.260445681550486,70.13361280927823,25.514111426094985,41.86375000000003,-0.00872395833333428,0.511163759429202,0.5184594017321407,-0.007295642302938665,50.01341561577721,76.36427511905693,40.89,41.64,104.15548333577334,116.10731487136023,,,,
2025-05-27,00001,41.9368,42.1296,41.4065,41.5993,8958910.0,42.58352023691088,60.95024861848912,5.850063473754389,41.82964583333336,-0.0341041666666726,0.45157770464795277,0.5050830623153031,-0.05350535766735032,31.77847371023561,66.87738549618314,40.96,41.69,94.21612366298706,104.15548333577334,,,,
2025-05-28,00001,41.8404,42.0332,41.5511,41.985,4916048.0,45.621661689069526,55.84071964201593,25.183545783176726,41.82330000000003,-0.006345833333327278,0.43051538019372515,0.4901695258909875,-0.05965414569726235,100.0,82.2121501272264,41.04,41.72,101.20639970332932,94.21612366298706,,,,
2025-05-29,00001,41.8886,42.2742,41.5029,41.985,4532707.0,47.64708932384195,53.10950953595793,36.722248899609994,41.8441260416667,0.02082604166666613,0.4091074008612807,0.47395710088504617,-0.06484970002376544,100.0,79.9892655872618,41.1,41.76,103.92300759976993,101.20639970332932,,,,
2025-05-30,00001,41.6957,42.5634,41.5029,42.5634,14952637.0,65.09805954922797,57.10569287371461,81.08279290025469,41.9805979166667,0.13647187500000513,0.43381274581891915,0.46592822987182075,-0.0321154840529016,100.0,100.0,41.14,41.81,115.39594416528386,103.92300759976993,,,,
2025-06-02,00001,42.3706,42.5634,41.6957,42.3224,5170410.0,69.78819551819625,61.33319375520849,86.69819904417177,42.04145000000003,0.06085208333333014,0.4289999790954866,0.45854257971655393,-0.02954260062106734,77.2748703441774,88.94748910800278,41.16,41.86,118.70544402155812,115.39594416528386,,,,
2025-06-03,00001,42.3706,44.6843,42.3706,44.1541,18222350.0,74.46696916011626,65.71111889017776,91.97866969999328,42.40354583333337,0.36209583333333484,0.5664589227840153,0.48012584833004623,0.0863330744539691,100.0,100.0,41.23,41.97,123.2216259383733,118.70544402155812,,,,
2025-06-04,00001,44.1059,44.2505,43.19,43.3346,7961576.0,69.25230978360061,66.89151585465204,73.97389764149776,42.59402604166671,0.19048020833334078,0.602326084673507,0.5045658955987384,0.09776018907476858,66.66531077123338,75.55190930787593,41.27,42.09,119.92440497048936,123.2216259383733,,,,
2025-06-05,00001,43.6721,44.1541,43.6239,44.0095,5753585.0,72.63921349862431,68.80741506930947,80.302810357254,42.8852385416667,0.2912124999999932,0.6774011991490454,0.5391329563087999,0.13826824284024553,91.89234650967215,95.68615751789986,41.33,42.23,122.73262090845557,119.92440497048936,,,,
2025-06-06,00001,44.3951,44.5879,43.9613,44.2505,7030219.0,77.34798015046492,71.65427009636129,88.73540025867217,43.06437812500003,0.17913958333333113,0.7477261327221996,0.5808515915914798,0.16687454113071976,100.0,99.99999999999999,41.41,42.39,126.19194807744378,122.73262090845557,,,,
2025-06-09,00001,44.3469,44.6361,44.2023,44.4433,6959874.0,82.37355965941391,75.22736661737883,96.66594574348409,43.32219895833337,0.2578208333333336,0.8096829766017706,0.626617868593538,0.1830651080082326,100.0,100.0,41.49,42.57,130.64874021657505,126.19194807744378,,,,
2025-06-10,00001,44.2987,44.6361,44.1541,44.3951,5761919.0,85.21892724386736,78.55788682620835,98.54100807918536,43.519981250000036,0.1977822916666696,0.8451524927284737,0.6703247934205251,0.17482769930794861,89.9999999999997,98.41280295047413,41.58,42.75,131.54023556892338,130.64874021657505,,,,
2025-06-11,00001,44.5879,45.0218,44.2987,44.7325,7677419.0,87.40551177516552,81.5070951425274,99.20234504044177,43.6823260416667,0.16234479166666205,0.8902257319419533,0.7143049811248108,0.17592075081714253,100.0,99.99999999999999,41.68,42.93,131.39067455741835,131.54023556892338,,,,
2025-06-12,00001,44.6361,45.552,44.5879,45.3592,8200361.0,89.93713750807267,84.31710926437582,101.17719399546635,43.96104687500004,0.2787208333333382,0.9653876631554539,0.7645215175309394,0.20086614562451444,100.0,99.99999999999999,41.82,43.14,135.06274582786295,131.39067455741835,,,,
2025-06-13,00001,45.8412,46.275,44.8772,45.6966,13522804.0,88.35340635975119,85.66254162950094,93.73513582025168,44.25452500000004,0.29347812500000003,1.0401887470047129,0.8196549634256941,0.22053378357901876,100.0,100.0,41.96,43.36,134.4445861973444,135.06274582786295,,,,
2025-06-16,00001,45.9376,46.6607,45.8894,46.4679,9179673.0,90.38391245815706,87.23633190571964,96.67907356303189,44.6342416666667,0.3797166666666669,1.1484677870916897,0.8854175281588932,0.26305025893279654,100.0,100.0,42.13,43.61,139.27946306033473,134.4445861973444,,,,
2025-06-17,00001,46.5161,46.9981,46.1786,46.6607,6835961.0,90.25613921646878,88.24293434263602,94.28254896413429,44.96643750000004,0.332195833333337,1.23559389784824,0.9554528020967625,0.2801410957514774,100.0,100.0,42.3,43.88,141.7567885376822,139.27946306033473,,,,
2025-06-18,00001,46.7571,47.4801,46.5643,47.4801,11783818.0,93.5040928109792,89.99665383208374,100.51897076877012,45.40412187500003,0.43768437499998925,1.355139495758948,1.0353901408291997,0.3197493549297483,100.0,100.0,42.5,44.18,147.7799942904839,141.7567885376822,,,,
2025-06-19,00001,47.2391,47.3355,45.6966,45.9858,9425897.0,80.69344812373556,86.89558526263436,68.289173845938,45.4942541666667,0.09013229166667003,1.314153972802849,1.0911429072239296,0.22301106557891948,16.215306980656038,75.3967992623814,42.63,44.44,129.62596023973367,147.7799942904839,,,,
2025-06-20,00001,46.2268,46.2268,45.5038,45.6966,8420530.0,69.25464190409788,81.01527080978887,45.73338409271591,45.513607291666695,0.019353124999994975,1.2439966089733971,1.1217136475738232,0.12228296139957395,9.755603906289435,70.63520811380394,42.75,44.65,112.62399110339057,129.62596023973367,,,,
2025-06-23,00001,45.1182,46.7571,44.9736,46.6607,6798115.0,70.91777577035204,77.6494391299766,57.45444905110293,45.584772916666694,0.07116562499999901,1.251761675956324,1.1477232532503234,0.1040384227060005,100.0,86.50882507903053,42.87,44.86,114.23971598203907,112.62399110339057,,,,
2025-06-24,00001,46.9499,47.4319,46.7571,47.0945,7344963.0,76.16771340917226,77.15553055637515,74.19207911476647,45.812542708333375,0.227769791666681,1.2781854557753505,1.1738156937553288,0.10436976202002168,100.0,93.65121180189666,43.03,45.08,120.71581046904657,114.23971598203907,,,,
2025-06-25,00001,46.9499,47.3355,46.8535,47.2873,8633111.0,81.64276799793424,78.65127637022819,87.62575125334635,46.0853979166667,0.27285520833332555,1.2997016883312824,1.1989928926705196,0.10070879566076285,100.0,96.77440942247209,43.18,45.3,128.2423053986131,120.71581046904657,,,,
2025-06-26,00001,47.2391,47.4801,47.0463,47.2391,6319591.0,84.55684499948725,80.61979924664787,92.43093650516602,46.23724270833337,0.15184479166666875,1.2979027059938346,1.2187748553351825,0.07912785065865213,90.90909090909066,95.96801177809007,43.32,45.5,133.5050268740829,128.2423053986131,,,,
2025-06-27,00001,47.0463,47.7211,46.5643,46.9499,7241287.0,80.34817874093812,80.52925907807796,79.98601806665846,46.36492395833337,0.12768125000000197,1.258632247399035,1.226746333747953,0.031885913651082065,53.33333333333294,91.12962591179816,43.45,45.69,122.10843875363305,133.5050268740829,,,,
2025-06-30,00001,46.8053,47.0463,46.4197,46.5643,7020252.0,72.86420893921206,77.97424236512266,62.64414208739086,46.41765312500004,0.052729166666665606,1.1827612926891646,1.2179493255361953,-0.03518803284703065,17.64705882352987,84.16776156559025,43.57,45.85,106.39285754115542,122.10843875363305,,,,
2025-07-02,00001,47.0463,47.5765,46.8535,47.4801,9890994.0,78.9856024411247,78.31136239045668,80.33408254246075,46.56627500000003,0.14862187499999635,1.182894746489815,1.2109384097269191,-0.028043663237104166,100.0,100.0,43.74,46.0,112.67931376009456,106.39285754115542,,,,
2025-07-03,00001,47.6729,48.155,47.3837,47.6247,5601332.0,80.434147567359,79.01895744942412,83.26452780322879,46.72744687500004,0.16117187500000796,1.1810540650346013,1.2049615407884555,-0.023907475753854213,100.0,100.0,43.9,46.16,114.50413979824407,112.67931376009456,,,,
2025-07-04,00001,47.4319,47.4319,46.4197,46.8535,4618833.0,73.31954424064789,77.11915304649871,65.72032662894625,46.78217708333337,0.05473020833333209,1.1046324021846772,1.1848957130676998,-0.08026331088302263,35.99999999999988,80.72385522895419,44.03,46.29,103.64533778091872,114.50413979824407,,,,
2025-07-07,00001,46.7571,46.8053,46.1304,46.275,4135389.0,51.26041333913384,68.49957314404375,16.782093729314028,46.657647916666704,-0.1245291666666688,0.9860213284169674,1.1451208361375533,-0.1590995077205859,9.676771732583644,63.15717639351422,44.13,46.38,89.5219085033067,103.64533778091872,,,,
2025-07-08,00001,46.275,46.7089,45.8894,46.1304,5802719.0,37.719395145109935,58.23951381106581,-3.320842186801812,46.52257604166671,-0.13507187499999418,0.8703206714375114,1.090160803197545,-0.21984013176003359,24.997406907997195,56.94404425747719,44.22,46.43,78.52251980585109,89.5219085033067,,,,
2025-07-09,00001,46.1304,46.1304,45.5038,46.034,7381305.0,31.812427179821835,49.43048493398448,-3.4236883285034594,46.467336458333364,-0.05523958333334633,0.7620637957819554,1.024541401714427,-0.2624776059324716,68.75000000000006,54.16642655448627,44.28,46.45,73.80170820002849,78.52251980585109,,,,
2025-07-10,00001,46.034,46.275,45.6002,46.2268,4935023.0,30.298508081659516,43.053159316542825,4.789205611892896,46.425156250000036,-0.042180208333327585,0.6839427245899188,0.9564216662895253,-0.2724789416996065,100.0,57.97053517739027,44.37,46.45,77.44727325699125,73.80170820002849,,,,
2025-07-11,00001,46.2268,46.7571,46.2268,46.275,5648600.0,29.89524356922543,38.66718740077036,12.351355906135566,46.38498437500003,-0.04017187500000574,0.618787552293135,0.8888948434902473,-0.2701072911971123,100.0,55.5551896733404,44.47,46.45,82.02386877392723,77.44727325699125,,,,
2025-07-14,00001,46.275,46.5161,45.8894,46.275,3787712.0,29.626400560936037,35.65359178749225,17.57201810782361,46.3789541666667,-0.006030208333328346,0.5606883426327727,0.8232535433187523,-0.26256520068597966,100.0,50.87534121929023,44.53,46.45,85.78964186130469,82.02386877392723,,,,
2025-07-15,00001,46.5161,46.6607,46.0822,46.4197,5805070.0,31.26647384006075,34.19121913834842,25.416983243485404,46.405077083333374,0.026122916666672324,0.5203224280255654,0.762667320260115,-0.24234489223454958,100.0,54.54716909961908,44.6,46.44,91.51261686618797,85.78964186130469,,,,
2025-07-16,00001,46.7571,46.9499,46.4197,46.5643,5204115.0,39.178427194654965,35.85362182378393,45.828037936397024,46.45831250000004,0.053235416666666424,0.49430215386863097,0.7089942869818182,-0.21469213311318724,100.0,60.001508807664955,44.65,46.44,94.33578308552146,91.51261686618797,,,,
2025-07-17,00001,46.8053,47.1427,46.7089,46.8053,3950003.0,52.58995843932729,41.43240069563172,74.90507392671843,46.5547260416667,0.0964135416666565,0.48750789743377965,0.6646970090722105,-0.17718911163843087,100.0,69.09207498774114,44.72,46.45,99.37705007759767,94.33578308552146,,,,
2025-07-18,00001,47.1427,47.2391,46.5643,47.1909,6531211.0,67.46743305855456,50.110744816606,102.1808095424517,46.6687041666667,0.1139781250000027,0.5073892304556651,0.6332354533489014,-0.12584622289323633,100.0,83.63698087586292,44.8,46.48,109.99306592061684,99.37705007759767,,,,
2025-07-21,00001,47.7211,47.7211,47.2391,47.4801,4685926.0,74.68859703866055,58.303362223957514,107.45906666806663,46.80276458333337,0.1340604166666708,0.5402536454391296,0.6146390917669471,-0.07438544632781752,100.0,94.54566029195439,44.9,46.54,115.0132638935472,109.99306592061684,,,,
2025-07-22,00001,47.4801,49.1672,47.4801,48.878,12207936.0,80.42318019566436,65.67663488119312,109.91627082460681,47.14922187500004,0.34645729166666683,0.6713587723299952,0.6259830278795567,0.04537574445043846,100.0,100.00000000000001,45.03,46.65,121.41609560747469,115.0132638935472,,,,
2025-07-23,00001,49.1672,49.36,48.5888,49.0226,7781937.0,83.7082328102869,71.68716752422438,107.75036338241193,47.48362708333337,0.33440520833332954,0.7779606948532702,0.6563785612742994,0.12158213357897085,100.0,100.0,45.15,46.81,126.65858414179647,121.41609560747469,,,,
2025-07-24,00001,49.0226,50.9025,48.7816,50.4205,15539181.0,85.93388547355914,76.43607350733596,104.92950940600551,48.0249072916667,0.5412802083333332,0.9641284609914109,0.7179285412177216,0.24619991977368927,100.0,100.0,45.33,47.03,130.89540814065603,126.65858414179647,,,,
2025-07-25,00001,50.0831,51.8666,49.8903,51.5292,14723318.0,88.67828033253299,80.51680911573497,105.00122276612902,48.61790937500004,0.5930020833333387,1.1874424833390549,0.8118313296419883,0.37561115369706655,100.00000000000001,99.99999999999999,45.55,47.33,136.10363296525452,130.89540814065603,,,,
2025-07-28,00001,52.0112,52.6379,50.7097,51.0954,14418595.0,84.18344888271595,81.73902237139531,89.07230190535725,49.1009541666667,0.48304479166666425,1.3142663756816404,0.9123183388499188,0.40194803683172164,84.21167564419842,92.80047797656579,45.75,47.65,132.15695293723883,136.10363296525452,,,,
2025-07-29,00001,50.999,51.481,50.1795,51.3846,10042264.0,82.57722988387594,82.01842487555552,83.6948399005168,49.49512187500004,0.3941677083333346,1.4217225149736166,1.0141991740746583,0.40752334089895825,91.17700896943046,97.60015932552189,45.96,47.99,130.50304612534788,132.15695293723883,,,,
2025-07-30,00001,51.24,51.24,50.4687,50.6615,5792598.0,77.53787577084525,80.52490850731876,71.56381029789824,49.62365937500004,0.1285375000000002,1.4320266410288838,1.0977646674655035,0.3342619735633803,39.996680773379694,85.59929631227793,46.15,48.31,118.21349264763198,130.50304612534788,,,,
2025-07-31,00001,50.5651,50.5651,49.4565,49.5529,9931266.0,65.97780787232216,75.6758749623199,46.58167369232669,49.60659062500004,-0.017068749999999966,1.3353449547071818,1.1452807249138393,0.1900642297933426,4.999740677350899,67.20051780794635,46.31,48.56,100.94183714694569,118.21349264763198,,,,
2025-08-01,00001,49.36,49.4082,48.5888,48.6852,10883869.0,51.773409521354495,67.70838648199809,19.903455600067304,49.3715979166667,-0.23499270833333696,1.1751613548288447,1.1512568508968404,0.023904503932004273,4.650938389540349,52.7998141202244,46.43,48.73,86.42944565071974,100.94183714694569,,,,
2025-08-04,00001,48.2996,48.878,47.7211,48.5888,8771341.0,40.39815868513338,58.60497721637652,3.984521622647108,49.1346010416667,-0.23699687500000266,1.0285792027323808,1.1267213212639484,-0.09814211853156762,47.36870837427659,51.199920337239,46.53,48.85,79.98502030985162,86.42944565071974,,,,
2025-08-05,00001,48.396,49.2636,48.2996,49.0708,4785116.0,36.08236612201211,51.097440184921716,6.052217996192908,49.065802083333374,-0.06879895833332483,0.9404640784091427,1.0894698726929872,-0.14900579428384453,100.0,59.199389252165794,46.65,48.93,80.68992099597435,79.98502030985162,,,,
2025-08-06,00001,48.8298,49.0226,48.1646,48.2996,6470487.0,27.976838288956102,43.39057288626651,-2.8506309056647154,48.92923020833337,-0.13657187500000134,0.7991902450686084,1.0314139471681114,-0.23222370209950305,42.86137660220781,46.400238988282894,46.74,48.96,77.43537982193487,80.68992099597435,,,,
2025-08-07,00001,48.5406,49.5529,48.3478,49.3118,5130774.0,29.435339855073654,38.73882854253556,10.828362480149849,48.96788750000004,0.03865729166666654,0.7601433358124225,0.9771598248969736,-0.21701648908455107,100.0,62.60077584752903,46.85,49.0,89.15926311794152,77.43537982193487,,,,
2025-08-08,00001,49.5047,49.9385,49.0226,49.6011,9077453.0,36.29066984424967,37.922775643106924,33.02645824653517,49.060786458333375,0.09289895833333617,0.7439664885511661,0.9305211576278121,-0.18655466907664597,100.0,65.81261746870456,46.98,49.04,97.28397774081984,89.15926311794152,,,,
2025-08-11,00001,50.0349,50.0349,49.4082,49.5047,4455029.0,41.089211233610904,38.97825417327491,45.31112535428288,49.21142708333337,0.1506406249999941,0.7151240413971749,0.8874417343816846,-0.17231769298450972,92.3083060719698,64.10333699776582,47.07,49.08,101.52205132993438,97.28397774081984,,,,
2025-08-12,00001,49.1672,49.6975,49.0226,49.4565,5117801.0,47.73270434795811,41.89640423150265,59.40530458086904,49.252109375000046,0.04068229166667692,0.6805321065455061,0.8460598088144489,-0.16552770226894276,75.00432152117499,61.94786120800435,47.15,49.13,103.48750262387273,101.52205132993438,,,,
2025-08-13,00001,49.6493,50.4687,49.5529,50.3241,8570480.0,63.40087797021639,49.06456214440723,92.07350962183472,49.39119166666672,0.13908229166667496,0.7148850680543646,0.819824860662432,-0.1049397926080674,100.0,76.41452196888149,47.25,49.19,111.95114353400598,103.48750262387273,,,,
2025-08-14,00001,50.7097,51.0472,49.8903,50.1313,5405091.0,66.4216670608695,54.85026378322798,89.56447361615254,49.533788541666716,0.1425968749999953,0.7182728861247938,0.7995144657549044,-0.08124157963011058,85.18632347291604,71.84434731817359,47.32,49.27,109.34703348812373,111.95114353400598,,,,
2025-08-15,00001,49.6493,51.3846,49.0226,49.6011,13252374.0,59.1517117879917,56.28407978481588,64.88697579434334,49.57044791666671,0.03665937499999217,0.6704465568509121,0.773700883974106,-0.10325432712319382,44.44871302343476,61.16538097444056,47.39,49.33,98.84538418942927,109.34703348812373,,,,
2025-08-18,00001,49.5529,50.6133,49.3118,49.3118,7027308.0,51.310250922843316,54.626136830825025,44.67847910687989,49.49913854166671,-0.07130937499999845,0.6022573067719321,0.7394121685336712,-0.13715486176173908,26.084603589789793,48.313559124495846,47.44,49.37,86.66081364262473,98.84538418942927,,,,
2025-08-19,00001,49.6975,49.8421,49.3118,49.6493,4776851.0,48.49270504094013,52.58165956753006,40.31479598776026,49.51721770833337,0.01807916666665932,0.5688924264334503,0.705308220113627,-0.13641579368017676,100.0,53.57239880467252,47.52,49.41,80.35085217803379,86.66081364262473,,,,
2025-08-20,00001,49.6493,49.9385,49.3118,49.4082,5834460.0,37.770186087129765,47.644501740729964,18.021554779929374,49.54331458333338,0.026096875000007458,0.5170356976618962,0.6676537156232809,-0.15061801796138474,28.562962962963883,44.30293322129145,47.59,49.43,72.11125860959001,80.35085217803379,,,,
2025-08-21,00001,49.4565,50.2277,49.36,49.9385,7001601.0,38.10561093361572,44.46487147169188,25.38708985746341,49.62617083333337,0.08285624999999186,0.5128181956595412,0.636686611630533,-0.12386841597099174,100.0,58.228512906698775,47.68,49.47,73.9094190811303,72.11125860959001,,,,
2025-08-22,00001,50.2759,50.4687,49.5529,49.9385,3978770.0,38.32922749793969,42.41965681377448,30.14836886627012,49.70198958333338,0.07581875000001048,0.5036698029721194,0.6100832498988502,-0.10641344692673083,100.0,58.228512906698775,47.77,49.5,76.96533928993152,73.9094190811303,,,,
2025-08-25,00001,50.1313,50.7097,50.0349,50.3723,4997070.0,44.6002357748049,43.146516467451285,47.50767438951213,49.85212395833338,0.15013437500000038,0.5253675602344288,0.5931401119659659,-0.06777255173153718,100.0,72.36795414221383,47.87,49.56,85.48090741736601,76.96533928993152,,,,
2025-08-26,00001,50.3723,50.4205,49.5047,49.5047,7262757.0,36.537046824750014,40.943359919884195,27.72442063448166,49.82702500000004,-0.025098958333337862,0.46716987649140407,0.5679460648710536,-0.10077618837964952,0.0,48.68568308994132,47.94,49.59,74.51354048735797,85.48090741736601,,,,
2025-08-27,00001,49.8903,49.8903,49.119,49.3118,6706410.0,28.43931826137724,36.77534603371521,11.76726271670131,49.745169791666704,-0.08185520833333726,0.40086149319995457,0.5345291505368338,-0.13366765733687924,15.38338785605983,54.09808189361991,47.99,49.61,65.69760136940047,74.51354048735797,,,,
2025-08-28,00001,49.5529,49.8903,49.1672,49.6493,5688557.0,30.072053627699614,34.54091523171001,21.134330419678818,49.679400000000044,-0.06576979166666064,0.37126533542802065,0.5018763875150711,-0.13061105208705048,100.0,72.72933011466486,48.04,49.62,64.12484122919545,65.69760136940047,,,,
2025-08-29,00001,49.6493,49.9867,49.5047,49.5047,4596373.0,28.130431342839334,32.404087268753116,19.58311949101177,49.627684375000044,-0.05171562499999993,0.3323114758012551,0.46796340517230794,-0.13565192937105286,72.73241561380392,67.27519613759799,48.08,49.62,61.685976242635974,64.12484122919545,,,,
2025-09-01,00001,50.1313,50.3723,49.6011,49.8421,3406242.0,33.90627905410812,32.90481786387145,35.90920143458145,49.6457666666667,0.018082291666658534,0.32492014446062,0.43935475302997035,-0.11443460856935034,100.0,80.00150875075437,48.13,49.63,67.35654469819139,61.685976242635974,,,,
2025-09-02,00001,49.9385,50.6133,49.7939,49.8903,4705757.0,38.766881704645755,34.858839144129554,46.582966825678156,49.64375833333338,-0.0020083333333218434,0.31927143592353247,0.4153380896086828,-0.09606665368515033,100.0,78.16732345880334,48.16,49.64,69.92745458830049,67.35654469819139,,,,
2025-09-03,00001,49.8903,50.0349,48.9744,49.1672,5221041.0,29.548078073751597,33.08858545400357,22.46706331324765,49.59454062500005,-0.04921770833333028,0.2535241977714122,0.3829753112412287,-0.12945111346981647,21.05033300578646,45.41377904606603,48.15,49.64,61.45905332430125,69.92745458830049,,,,
2025-09-04,00001,49.1672,49.36,48.5406,48.8298,5020576.0,24.142958262190046,30.106709723399064,12.215455339772006,49.474532291666705,-0.12000833333334526,0.17220856448674482,0.3408219618903319,-0.1686133974035871,21.426983774172022,23.80834774018269,48.14,49.61,54.950499472658095,61.45905332430125,,,,
2025-09-05,00001,49.0708,49.5047,49.0708,49.4565,5052390.0,30.824885283299153,30.346101576699095,31.78245269649927,49.44039375000005,-0.03413854166665686,0.15653040661999285,0.3039636508362641,-0.14743324421627124,100.0,50.00272970464585,48.16,49.58,57.82930484874842,54.950499472658095,,,,
2025-09-08,00001,49.6493,49.8903,49.0226,49.7939,5059678.0,40.70559808516884,33.799267079522345,54.518260096461816,49.50918854166671,0.06879479166666158,0.16937822701931537,0.27704656607287437,-0.10766833905355899,100.0,68.42277665556584,48.18,49.57,71.2062425037855,57.82930484874842,,,,
2025-09-09,00001,49.7939,50.0831,49.5529,49.7939,5031479.0,47.292739953081956,38.29709137070888,65.2840371178281,49.60007500000005,0.09088645833333686,0.17751394696728084,0.2571400422517557,-0.07962609528447484,100.0,68.42277665556584,48.22,49.57,81.70612938571304,71.2062425037855,,,,
2025-09-10,00001,49.7939,50.3241,49.6975,50.2277,5479103.0,58.66057544933431,45.08491939691735,85.81188755416822,49.68492812500005,0.0848531250000022,0.21647026377019074,0.2490060865554427,-0.03253582278525197,100.0,92.10569416389127,48.28,49.6,93.75613927683847,81.70612938571304,,,,
2025-09-11,00001,50.0349,50.4687,49.6493,50.3241,4925365.0,67.78944524334932,52.65309467906135,98.06214637192527,49.801917708333384,0.11698958333333564,0.2522147254958895,0.24964781434353206,0.002566911152357465,100.0,97.36856472129709,48.34,49.63,103.29046727993426,93.75613927683847,,,,
2025-09-12,00001,50.8543,50.999,50.3723,50.5651,4840442.0,72.64306654361914,59.31641863391394,99.29636236302954,49.97564479166672,0.17372708333333264,0.2965704749904319,0.259032346472912,0.037538128517519864,100.0,100.0,48.39,49.69,105.91607759416436,103.29046727993426,,,,
2025-09-15,00001,50.7215,50.7704,50.4772,50.7215,3338226.0,77.99943453488261,65.54409060090349,102.91012240284087,50.105017708333385,0.12937291666666795,0.34041876334097054,0.27530962984652374,0.0651091334944468,100.0,100.0,48.47,49.76,110.92424914796783,105.91607759416436,,,,
2025-09-16,00001,50.7215,51.3567,50.5749,50.8681,5737280.0,79.54954430919427,70.21257517033375,98.22348258691531,50.22918020833338,0.12416249999999707,0.3825880061986098,0.29676530511694094,0.08582270108166884,100.0,100.0,48.55,49.85,113.04461422017732,110.92424914796783,,,,
2025-09-17,00001,50.8681,51.2101,50.6238,51.1613,7138436.0,83.57585118377972,74.66700050814907,101.39355253504101,50.37405104166672,0.14487083333333572,0.43465578329563925,0.3243434007526806,0.11031238254295866,100.0,100.0,48.63,49.95,117.39790933087363,113.04461422017732,,,,
2025-09-18,00001,50.6726,50.9658,50.0374,50.2817,5535091.0,73.69846885967766,74.34415662532527,72.40709332838244,50.354894791666716,-0.019156250000001762,0.40032876212328006,0.33954047302680046,0.0607882890964796,21.736809324673267,66.43644827717799,48.68,50.03,104.0493608640844,117.39790933087363,,,,
2025-09-19,00001,50.3306,50.526,49.2067,49.4021,10233256.0,52.16176993745952,66.95002772937002,22.585254353638504,50.20014583333338,-0.1547489583333359,0.2987046998130438,0.33137331838404915,-0.03266861857100534,9.996930318223649,32.8728965543557,48.71,50.06,90.29726827022519,104.0493608640844,,,,
2025-09-22,00001,49.6465,49.7931,48.7083,49.0112,7037962.0,38.58687798982225,57.4956444828541,0.769345003758545,49.95335729166671,-0.24678854166666753,0.184497759828524,0.30199820667294414,-0.11750044684442013,19.25130291089368,17.957034380127627,48.72,50.04,79.54951579181005,90.29726827022519,,,,
2025-09-23,00001,49.109,49.3533,48.6301,49.1578,4567528.0,32.175843303515855,49.05571075640802,-1.5838916022684657,49.78571354166671,-0.16764375000000342,0.10461143636681669,0.26252085261171865,-0.15790941624490196,68.35492227979326,23.550959667264628,48.75,50.01,73.3184783518969,79.54951579181005,,,,
2025-09-24,00001,49.3044,49.4999,49.0112,49.3044,5069617.0,29.694040037987843,42.60182051693463,3.878479080094266,49.69561458333338,-0.09009895833332848,0.05252487027726005,0.22052165614482694,-0.1679967858675669,100.0,29.144884954401633,48.79,49.96,71.53642908093991,73.3184783518969,,,,
2025-09-25,00001,49.4021,49.6953,48.7474,48.9624,5865709.0,23.85847320657665,36.354038080148634,-1.1326565405673108,49.57243645833338,-0.12317812500000258,-0.01616431820062303,0.17318446127573695,-0.18934877947635997,49.28073557763643,16.09493646735623,48.82,49.89,67.9498009363866,71.53642908093991,,,,
2025-09-26,00001,49.1578,49.451,48.5128,48.5714,8079132.0,16.592499021808845,29.76685839403537,-9.756219722644211,49.39904166666671,-0.1733947916666665,-0.10098730839611392,0.11835010734136678,-0.2193374157374807,7.402728650833533,2.2125731546157623,48.82,49.8,58.25360223041399,67.9498009363866,,,,
2025-09-29,00001,49.0601,49.7442,48.6105,49.7442,9182660.0,26.27935283716434,28.604356541745023,21.62934542800297,49.44035937500005,0.04131770833333803,-0.07273651942225001,0.08013278198864342,-0.15286930141089344,100.0,46.4942420237871,48.86,49.74,76.38649276582856,58.25360223041399,,,,
2025-09-30,00001,49.7931,50.0863,49.4021,50.0863,6370445.0,38.90154980556167,32.03675429635057,52.63114082398387,49.57690625000005,0.1365468750000005,-0.022483775702873743,0.059609470450339985,-0.08209324615321373,100.0,59.41098735133108,48.9,49.71,91.51122216421086,76.38649276582856,,,,
2025-10-02,00001,50.4283,50.7704,50.1351,50.4283,5019519.0,54.2166131706343,39.43004058777848,83.78975833634593,49.786591666666716,0.20968541666666596,0.04442630870065756,0.0565728381004035,-0.012146529399745941,100.0,72.32395695676809,48.95,49.72,100.04567431962232,91.51122216421086,,,,
2025-10-03,00001,50.4283,50.4772,49.6465,50.0374,3131346.0,58.65503953875025,45.83837357143574,84.28837147337927,49.829809375000046,0.04321770833333005,0.06515955079800051,0.0582901806399229,0.006869370158077606,61.90801013447662,57.56465924107987,48.98,49.73,102.1175315811464,100.04567431962232,,,,
2025-10-06,00001,49.8419,50.1351,49.1578,49.4021,2794449.0,52.233822721085055,47.97018995465218,60.7610882539508,49.74988020833338,-0.07992916666666616,0.02998178263155893,0.052628501038250106,-0.022646718406691177,19.22865013774072,33.577496696243124,48.98,49.73,89.85149939793276,102.1175315811464,,,,
2025-10-08,00001,49.4999,50.184,49.0601,50.1351,6369225.0,58.77571408431421,51.57203133120618,73.18307959053026,49.790096875000046,0.0402166666666659,0.06055211489281476,0.05421322380916303,0.006338891083651724,100.0,61.253539739475315,49.02,49.74,92.89016098907194,89.85149939793276,,,,
2025-10-09,00001,50.4772,51.5522,50.3306,50.8192,7796261.0,64.47827540257173,55.87411268832803,81.6866008310591,49.94676979166671,0.15667291666666472,0.1383852570930273,0.07104763046593589,0.0673376266270914,100.0,87.08325467245629,49.06,49.79,97.60109624334754,92.89016098907194,,,,
2025-10-10,00001,50.6238,50.9658,50.2817,50.8681,5573004.0,68.81627300532483,60.18816612732697,86.07248676132055,50.161429166666714,0.21465937500000365,0.20168945389269766,0.09717599515128825,0.10451345874140941,100.0,88.92958278270723,49.12,49.85,102.13296093733469,97.60109624334754,,,,
2025-10-13,00001,50.184,50.3306,49.0112,49.9397,10211425.0,60.93910104129452,60.43847776531616,61.940347593251246,50.14611041666671,-0.01531875000000582,0.1749279049022192,0.11272637710147444,0.06220152780074477,50.00269265980945,53.875778742684695,49.16,49.9,95.98908391378278,102.13296093733469,,,,
2025-10-14,00001,49.9397,50.0863,49.4021,49.5487,8978636.0,47.677097139165454,56.184684223265926,30.66192297096451,50.02240833333339,-0.12370208333332045,0.12077651575124548,0.11433640483142865,0.006440110919816833,28.946092950616375,39.11270530488951,49.18,49.92,86.6030778241927,95.98908391378278,,,,
2025-10-15,00001,50.0374,50.4283,49.7442,50.2817,4523631.0,48.45139809277697,53.606922179769604,38.1403499187917,50.04275833333338,0.02034999999999343,0.13544677763295,0.11855847939173292,0.01688829824121707,100.0,66.7887483481217,49.23,49.94,90.88745689991619,86.6030778241927,,,,
2025-10-16,00001,50.184,50.2328,49.4021,49.5976,3161598.0,39.99344157254262,49.069095310693946,21.842134096239974,50.00666979166671,-0.03608854166667186,0.09082493976097084,0.1130117714655805,-0.022186831704609666,22.226011823556377,40.959033415140716,49.26,49.95,87.87611703306925,90.88745689991619,,,,
2025-10-17,00001,49.6465,49.8908,48.9624,49.2556,7072209.0,30.43607356670292,42.858088062696936,5.59204457471489,49.89578541666671,-0.1108843749999977,0.027547717043482578,0.09591896058116092,-0.06837124353767834,22.223906617145392,28.046063809703718,49.27,49.93,79.3870911455471,87.87611703306925,,,,
2025-10-20,00001,49.3533,50.0863,49.3533,50.0374,4726716.0,34.12704798904602,39.947741371479964,22.48566122417813,49.83429895833338,-0.061486458333334326,0.040023423267179226,0.08473985311836459,-0.04471642985118536,100.0,64.73060756591515,49.31,49.92,87.02588110744617,79.3870911455471,,,,
2025-10-21,00001,50.4772,51.1124,50.1351,50.3794,6194937.0,40.98958191933256,40.295021554097495,42.37870264980269,49.91318750000004,0.07888854166666448,0.0766237808695891,0.0831166386686095,-0.006492857799020396,100.0,79.25105082155133,49.35,49.93,91.31676673113822,87.02588110744617,,,,
2025-10-22,00001,50.4283,50.6238,49.4999,49.5487,5309211.0,36.41631042684178,39.00211784501226,31.244695590500825,49.913687500000044,0.0005000000000023874,0.03815940257097594,0.07412519144908278,-0.035965788878106836,19.04297826722536,43.98165838746649,49.35,49.92,84.18760981924154,91.31676673113822,,,,
2025-10-23,00001,49.6953,50.0863,49.3533,49.7442,4925759.0,36.398470517119286,38.13423540238127,32.92694074659532,49.85922395833338,-0.05446354166666367,0.023184070256441203,0.06393696721055446,-0.04075289695411326,38.09570217327767,52.28208720757444,49.35,49.91,76.80609242116033,84.18760981924154,,,,
2025-10-24,00001,50.2328,50.526,49.6953,49.9885,3320868.0,40.174174143195806,38.81421498265278,42.894092464281854,49.836828125000046,-0.02239583333333428,0.030675373197965428,0.057284648408036654,-0.026609275210071226,100.0,62.65443892497786,49.37,49.91,74.42295737225353,76.80609242116033,,,,
2025-10-27,00001,50.4283,50.8681,50.3306,50.6726,4958926.0,53.29751144430111,43.641980469868884,72.60857339316556,49.99970833333338,0.16288020833333405,0.09076713050887264,0.06398114482820386,0.026785985680668783,100.0,91.69957117989235,49.42,49.93,86.51363508366497,74.42295737225353,,,,
2025-10-28,00001,50.8192,51.4545,50.6238,51.1613,7714776.0,64.94328164208031,50.74241419393936,93.3450165383622,50.19313437500004,0.19342604166666177,0.1757977992794295,0.08634447571844898,0.08945332356098053,100.0,100.0,49.47,49.99,96.33630985969887,86.51363508366497,,,,
2025-10-30,00001,51.259,51.259,50.0374,50.2817,6661449.0,60.941950478238766,54.14225962203917,74.54133219063796,50.23232916666671,0.03919479166666662,0.17024635402240307,0.1031248513792398,0.06712150264316327,21.736809324673267,65.51670064293563,49.47,50.03,89.99111769247185,96.33630985969887,,,,
2025-10-31,00001,50.3794,50.7215,49.8419,50.3306,6507182.0,56.131806061575965,54.80544176855144,58.78453464762502,50.26338750000004,0.031058333333334076,0.16785765641051853,0.11607141238549554,0.05178624402502299,37.039563437926056,62.22202010095947,49.49,50.07,83.89319753261503,89.99111769247185,,,,
2025-11-03,00001,50.3306,50.9658,50.2817,50.8681,3815805.0,61.45191664971865,57.02093339560718,70.31388315794159,50.317851041666714,0.05446354166667078,0.2069507547896876,0.13424728086633395,0.07270347392335366,100.0,86.66606030287873,49.54,50.13,88.04242897326462,83.89319753261503,,,,
2025-11-04,00001,51.0147,51.4545,50.4283,50.6238,4660428.0,61.12309387156194,58.388320220925436,66.59264117283496,50.41558854166671,0.09773749999999382,0.21573251842249164,0.15054432837756548,0.06518819004492615,76.19372442019133,75.55595979808106,49.6,50.18,87.30567324285286,88.04242897326462,,,,
2025-11-05,00001,50.7215,50.7215,49.9397,50.4772,4308346.0,58.57822350495783,58.4516213156029,58.8314278836677,50.45274895833338,0.0371604166666728,0.20845974043198368,0.1621274107884491,0.046332329643534564,57.8953037483847,68.88898994952042,49.63,50.23,84.1705393110747,87.30567324285286,,,,
2025-11-06,00001,50.8192,51.5033,50.7215,51.3567,6232250.0,69.68267997675643,62.19530753598741,84.65742485829446,50.54232604166671,0.08957708333333159,0.270545629579793,0.1838110545467179,0.0867345750330751,100.0,100.0,49.71,50.29,95.7648184025335,84.1705393110747,,,,
2025-11-07,00001,51.3567,51.6499,51.0635,51.3567,6314606.0,74.3828485980735,66.25782122334944,90.63290334752159,50.67822395833338,0.1358979166666714,0.31610527914482844,0.21026989946634,0.10583537967848844,100.0,100.0,49.8,50.37,103.34818798268054,95.7648184025335,,,,
2025-11-10,00001,51.6011,51.7476,51.3567,51.6988,4504070.0,82.06831945334126,71.52798730001338,103.14898375999704,50.89913229166671,0.22090833333332682,0.37548785040923605,0.24331348965491922,0.13217436075431682,100.0,100.00000000000001,49.89,50.47,113.80228718575529,103.34818798268054,,,,
2025-11-11,00001,51.8942,52.1874,51.5033,51.8454,5033370.0,83.18517537918338,75.41371665973672,98.7280928180767,51.04980416666672,0.15067187500000756,0.4294281800276849,0.28053642772947235,0.14889175229821255,100.0,100.0,49.96,50.58,116.96040561005101,113.80228718575529,,,,
2025-11-12,00001,52.1874,53.9954,51.8942,53.9954,15442067.0,88.79011691945557,79.87251674630967,106.62531726574738,51.53386770833338,0.4840635416666643,0.6383053251130448,0.35209020720618683,0.286215117906858,100.0,100.0,50.12,50.77,126.22935414429298,116.96040561005101,,,,
2025-11-13,00001,54.0443,54.6307,53.4579,53.8,7558834.0,86.62395203143126,82.12299517468354,95.6258657449267,51.94362187500004,0.40975416666665865,0.7790939108623931,0.4374909479374281,0.341602962924965,92.15922314513864,96.11762368368767,50.27,50.99,127.09658656017501,126.22935414429298,,,,
2025-11-14,00001,53.8,53.8,53.1159,53.3113,5995034.0,81.70723498606469,81.98440844514393,81.15288806790622,52.21746354166671,0.2738416666666694,0.8415351799154465,0.5182997943330317,0.3232353855824147,67.44241385874766,86.40770911980937,50.39,51.22,123.2941894542659,127.09658656017501,,,,
2025-11-17,00001,53.3113,53.6045,53.067,53.3602,4958504.0,78.77689750865196,80.91523813297994,74.500216259996,52.34777500000005,0.13031145833333824,0.8847671123084027,0.5915932579281059,0.29317385438029675,40.0,87.37929664216176,50.51,51.44,119.02063773570418,123.2941894542659,,,,
2025-11-18,00001,52.9693,53.2136,51.9431,52.1386,4558809.0,64.6013929091753,75.47728972504505,42.8495992774358,52.29229479166672,-0.05548020833332856,0.8111058956668913,0.6354957854758629,0.17561011019102835,13.795780114317681,60.0008616789815,50.57,51.62,102.61297014409466,119.02063773570418,,,,
2025-11-19,00001,52.0897,52.4806,51.9431,52.0897,2994581.0,52.65681557628958,67.87046500879323,22.229516711282287,52.24495729166672,-0.04733749999999759,0.7402498895156597,0.6564466062838223,0.08380328323183739,10.345070919483426,58.947459124103396,50.65,51.75,88.98211877542104,102.61297014409466,,,,
2025-11-20,00001,52.7249,52.7249,52.0408,52.2363,3141188.0,44.05994994843662,59.93362665534102,12.312596534627815,52.13908333333338,-0.10587395833334057,0.6879946153001271,0.6627562080870832,0.025238407213043823,100.0,62.10551259128419,50.72,51.85,80.11861493431135,88.98211877542104,,,,
2025-11-21,00001,51.992,52.5783,51.3079,52.2363,8833769.0,38.686730405815446,52.85132790549917,10.357535406448008,52.14976770833338,0.010684374999996749,0.6392134789170143,0.6580476622530694,-0.018834183336055133,100.0,62.10551259128419,50.79,51.93,81.1284751553965,80.11861493431135,,,,
2025-11-24,00001,52.8715,54.2397,52.7249,53.4579,14846685.0,47.359308974849284,51.020654928615876,40.0366170673161,52.349297916666714,0.19953020833333568,0.691159728429767,0.664670075488409,0.026489652941358077,100.0,87.50029069091427,50.91,52.04,88.64257184588416,81.1284751553965,,,,
2025-11-25,00001,53.7511,53.8977,53.2136,53.5556,5487228.0,54.12112512772948,52.05414499498708,58.25508539321429,52.54627708333338,0.19697916666666515,0.7317756250174838,0.678091185394224,0.05368443962325986,100.0,89.41133983387506,51.03,52.16,95.7714102415402,88.64257184588416,,,,
2025-11-26,00001,53.8488,54.1909,53.3602,53.9466,6974709.0,66.0816596515172,56.72998321383045,84.78501252689068,52.85677604166671,0.3104989583333335,0.7864487562469762,0.6997626995647744,0.08668605668220175,100.0,98.8250872757915,51.16,52.3,105.43506101444603,95.7714102415402,,,,
2025-11-27,00001,53.9466,54.0443,53.4579,53.6534,4235891.0,70.72178860911797,61.39391834559296,89.37752913616798,53.016609375000044,0.1598333333333315,0.7969322777943333,0.7191966152106862,0.07773566258364706,60.0,91.76598049837489,51.27,52.44,105.61035737866465,105.43506101444603,,,,
2025-11-28,00001,53.8,54.142,53.5068,53.7022,3576177.0,74.37004339636901,65.71929336251831,91.67154346407042,53.12248125000005,0.10587187500000539,0.7999568912255199,0.7353486704136529,0.06460822081186701,58.32196452933154,92.94089322258338,51.38,52.57,102.69241481200544,105.61035737866465,,,,
2025-12-01,00001,53.9954,54.7284,53.7022,54.6307,6280267.0,81.9612597451211,71.13328215671925,103.61721492192481,53.33779270833338,0.21531145833333198,0.8672786608228833,0.761734668495499,0.10554399232738432,100.0,100.0,51.5,52.73,112.19973567891068,102.69241481200544,,,,
2025-12-02,00001,54.9238,56.0966,54.6307,55.5591,9873496.0,84.2327262849989,75.49976353281247,101.69865178937178,53.676790625000045,0.33899791666666346,0.9842005183612983,0.8062278384686589,0.17797267989263943,100.0,99.99999999999999,51.63,52.93,116.5510697562012,112.19973567891068,,,,
2025-12-03,00001,55.3148,55.9011,55.217,55.8523,5462762.0,87.7879530785633,79.59582671472941,104.17220580623109,54.06160729166672,0.3848166666666728,1.0879791757676145,0.86257810592845,0.22540106983916453,100.0,100.0,51.77,53.16,123.32801474238457,116.5510697562012,,,,
2025-12-04,00001,56.0966,56.4387,55.8523,56.1943,5907629.0,89.66501519435053,82.95222287460312,103.09059983384535,54.43113541666672,0.3695281250000022,1.1841706688834819,0.9268966185194564,0.2572740503640255,100.0,100.0,51.92,53.41,129.25435608033013,123.32801474238457,,,,
2025-12-05,00001,56.2432,56.2432,54.8261,54.8261,9349076.0,76.44282668305888,80.78242414408838,67.76363176099989,54.517152083333386,0.08601666666666574,1.1368953923345586,0.9688963732824768,0.1679990190520818,0.0,73.33359320183983,52.02,53.63,112.04954316495517,129.25435608033013,,,,
2025-12-08,00001,54.7773,54.9238,53.7511,53.8488,7053521.0,56.252339763693726,72.60572935062349,23.545560589834196,54.42348958333338,-0.09366250000000775,1.0089390315929876,0.9769049049445789,0.032034126648408656,3.9988539620168724,51.999426981008504,52.1,53.78,95.68666086100491,112.04954316495517,,,,
2025-12-09,00001,53.9466,54.3863,52.8227,53.2136,7629896.0,41.10498904600232,62.105482582416435,-0.8959980268258931,54.16491666666672,-0.25857291666665816,0.8465192158371337,0.9508277671230899,-0.10430855128595617,19.51182988918849,39.000081859855975,52.17,53.87,83.88016459626328,95.68666086100491,,,,
2025-12-10,00001,52.9693,53.2136,52.6761,53.0181,5581353.0,30.43314583612188,51.54803700031825,-11.796636492270864,53.91651875000005,-0.24839791666666855,0.6940248392097601,0.8994671815404239,-0.20544234233066383,29.16346891788173,34.99918140144073,52.23,53.89,73.47975696863988,83.88016459626328,,,,
2025-12-11,00001,52.8227,53.409,52.5783,52.8227,7041296.0,22.399080610949614,41.83171820386204,-16.46619457487523,53.70477916666671,-0.21173958333334042,0.5510526086417684,0.8297842669606929,-0.27873165831892444,38.47001416653526,31.000327439423717,52.28,53.88,64.7919732271772,73.47975696863988,,,,
2025-12-12,00001,53.3113,54.2397,53.1159,54.142,6600938.0,28.434775462043678,37.366070623255915,10.572185139619208,53.72615416666672,0.02137500000000614,0.5380008313176461,0.7714275798320835,-0.23342674851443745,100.0,57.99975442043233,52.36,53.87,78.42384590541928,64.7919732271772,,,,
2025-12-15,00001,53.5556,53.8977,53.409,53.5068,3703909.0,26.973820881026736,33.90198737584619,13.117487891387825,53.72616041666672,6.250000005536549e-06,0.47097279117689084,0.711336622101045,-0.24036383092415414,59.37839739080368,45.00040929927965,52.42,53.86,81.20803563219933,78.42384590541928,,,,
2025-12-16,00001,53.5068,53.5556,51.992,52.3829,6662482.0,20.91281014560036,29.572261632430912,3.5939071719392572,53.58414895833339,-0.14201145833333584,0.323434893161469,0.6337562763131298,-0.3103213831516608,18.181395348837256,21.999836280288196,52.43,53.8,72.80626296432533,81.20803563219933,,,,
2025-12-17,00001,52.3829,52.8715,52.0897,52.8227,5700532.0,20.455328454863917,26.533283906575246,8.299417551441259,53.410072916666714,-0.17407604166667312,0.2392404158768926,0.5548531042258824,-0.3156126883489898,54.83892263005015,31.000327439423717,52.46,53.73,71.15245968045797,72.80626296432533,,,,
2025-12-18,00001,52.8227,53.067,52.5783,52.8715,5452258.0,23.63643085339382,25.56766622218144,19.773960115818575,53.29045000000005,-0.11962291666666403,0.17444257280917697,0.4787709979425413,-0.30432842513336433,100.0,31.999017681728887,52.49,53.66,72.25266338860949,71.15245968045797,,,,
2025-12-19,00001,52.9693,53.4579,52.5783,53.4579,9736624.0,36.16581224638545,29.100381563582776,50.29667361199079,53.35763437500005,0.06718437500000363,0.16846542997482317,0.4167098843489977,-0.24824445437417453,100.0,43.99967256057639,52.52,53.6,86.34862502344721,72.25266338860949,,,,
2025-12-22,00001,53.4579,53.7511,52.8227,53.2625,3557496.0,42.952023901825804,33.717595676330454,61.420880352816496,53.30826666666672,-0.04936770833333526,0.14627518496244107,0.36262294447168636,-0.21634775950924529,77.78535698044583,30.233443590414897,52.5,53.55,91.75053981126266,86.34862502344721,,,,
2025-12-23,00001,53.1647,53.8488,53.1159,53.7511,3147067.0,54.722090470001625,40.71909394088751,82.72808352822985,53.38665625000005,0.07838958333333323,0.16619934986769636,0.32333822555088837,-0.15713887568319201,100.0,41.86040977559915,52.49,53.52,102.39916575777136,91.75053981126266,,,,
2025-12-24,00001,53.8,54.2397,53.6534,54.0443,2415232.0,66.91694999315528,49.45171262497677,101.8474247295123,53.527654166666714,0.14099791666666306,0.20330461468100935,0.29933150337691256,-0.0960268886959032,100.0,48.83754134640559,52.5,53.52,110.31734934923091,102.39916575777136,,,,
2025-12-29,00001,54.0443,54.0443,51.7476,52.2363,8774884.0,51.14795582786736,50.017127025940304,53.40961343172147,53.39734375000005,-0.1303104166666671,0.08583090916800984,0.256631384535132,-0.17080047536712217,21.278355901946323,10.990172487462646,52.46,53.48,98.04907370197594,110.31734934923091,,,,
2025-12-30,00001,52.2363,52.2363,51.3567,52.0408,7243509.0,42.00822214169074,47.347492064523784,31.329682296024643,53.18508437500005,-0.21225937499999503,-0.022780465911033332,0.20074901444589893,-0.22352948035693226,25.45393659770799,14.141309740367136,52.45,53.4,89.01284978279627,98.04907370197594,,,,
2025-12-31,00001,51.8942,51.8942,51.4545,51.7476,2863632.0,32.525079069139665,42.406687732729075,12.761861741960843,52.881198958333385,-0.3038854166666667,-0.13100441543551966,0.1343983284696152,-0.26540274390513485,44.44065484311056,8.080453117248261,52.44,53.3,78.61265029845609,89.01284978279627,,,,
2026-01-02,00001,51.7965,52.8715,51.7476,52.7738,4093491.0,38.06793917362234,40.96043821302683,32.28294109481337,52.86490729166672,-0.01629166666666748,-0.13244022300671787,0.08103061817434858,-0.21347084118106646,100.0,29.29345129816447,52.46,53.21,80.70412098936347,78.61265029845609,,,,
2026-01-05,00001,52.6761,52.7738,51.5033,52.3829,7425766.0,37.24358160193162,39.72148600932843,32.28777278713801,52.799758333333386,-0.06514895833333156,-0.16323875916071273,0.03217674270733631,-0.19541550186804904,70.37065110285738,21.21299818091621,52.47,53.12,86.54444310106592,80.70412098936347,,,,
2026-01-06,00001,52.7738,54.142,52.5783,54.0932,8590646.0,56.46855029676704,45.30384077180796,78.7979693466852,53.03696666666672,0.23720833333333502,-0.049074207610019016,0.015926552643865242,-0.06500076025388427,100.0,56.56730610219955,52.51,53.1,99.8602936537527,86.54444310106592,,,,
2026-01-07,00001,54.3375,54.3375,53.3113,53.4579,4814958.0,61.142747970254824,50.58347650462358,82.26129090151731,53.14589166666672,0.10892499999999927,-0.009748998188712221,0.010791442477349748,-0.02054044066606197,75.4700953704776,60.56378624546047,52.53,53.09,102.94692976846576,99.8602936537527,,,,
2026-01-08,00001,53.5556,53.8488,53.3602,53.8488,5429241.0,68.63018946809258,56.59904749244658,92.6924734193846,53.34592812500006,0.2000364583333365,0.05235535675036118,0.019104225331952038,0.033251131418409144,83.86692190903655,89.47330628657576,52.58,53.11,109.45546656135225,102.94692976846576,,,,
2026-01-09,00001,54.142,55.8523,53.9954,55.8523,11028764.0,79.08679297872838,64.09496265454051,109.07045362710411,53.71343229166673,0.3675041666666701,0.26023933447470426,0.06733124716050248,0.19290808731420178,100.0,100.0,52.69,53.22,119.80076579707533,109.45546656135225,,,,
2026-01-12,00001,55.9011,57.3671,55.9011,57.3182,14699673.0,85.78666539324604,71.32553023410902,114.70893571152007,54.32067500000006,0.6072427083333309,0.5370835981108755,0.1612817173505771,0.3758018807602984,100.0,100.0,52.85,53.42,128.26982179363122,119.80076579707533,,,,
2026-01-13,00001,57.3182,58.1001,57.2205,57.8557,11650652.0,89.29856983441233,77.31654343421013,113.26262263481675,54.999687500000064,0.679012500000006,0.7907412565368119,0.2871736251878241,0.5035676313489879,99.99999999999999,100.0,53.01,53.71,134.43439141381285,128.26982179363122,,,,
2026-01-14,00001,58.2466,58.4421,57.2205,57.9046,12961619.0,90.28361449309392,81.63890045383806,107.57304257160564,55.45219166666673,0.4525041666666638,0.9843654475367671,0.4266119896576127,0.5577534578791544,100.0,100.0,53.16,54.04,137.8463277818048,134.43439141381285,,,,
2026-01-15,00001,57.8557,58.3932,57.0739,58.1001,9597261.0,91.87947428418745,85.05242506395452,105.53357272465334,55.88383854166673,0.43164687499999843,1.1404429140177967,0.5693781745296496,0.5710647394881472,100.0,100.0,53.31,54.39,140.48175341757457,137.8463277818048,,,,
2026-01-16,00001,59.3705,59.7614,58.4421,59.1262,12194402.0,91.63865663671179,87.24783558820694,100.42029873372147,56.42084375000006,0.5370052083333334,1.331583459961422,0.721819231616004,0.609764228345418,100.0,100.0,53.5,54.79,139.99713408942938,140.48175341757457,,,,
2026-01-19,00001,60.5921,60.5921,58.6376,58.833,8854133.0,86.37216892288127,86.95594669976505,85.20461336911373,56.83262604166673,0.41178229166666824,1.4427735348749522,0.8660100922677937,0.5767634426071585,85.71358963114557,96.22626938670444,53.71,55.18,132.36896921154184,139.99713408942938,,,,
2026-01-20,00001,58.4421,60.7387,57.758,59.4683,13926303.0,85.17558206478095,86.36249182143702,82.80176255146884,57.23118125000006,0.3985552083333346,1.5641256045664633,1.0056331947275277,0.5584924098389357,100.0,100.0,53.95,55.59,130.2767688405643,132.36896921154184,,,,
2026-01-21,00001,59.3217,60.2501,59.3217,59.9569,8149379.0,86.25247801891628,86.3258205539301,86.10579294888862,57.612936458333394,0.3817552083333311,1.6803538574066366,1.1405773272633495,0.5397765301432871,100.0,100.0,54.23,56.01,130.8578450396616,130.2767688405643,,,,
2026-01-22,00001,60.8365,61.2274,60.1035,60.5433,9996047.0,86.55371441991048,86.40178517592356,86.8575729078843,58.084788541666725,0.4718520833333315,1.7990448947326243,1.2722708407572045,0.5267740539754198,100.00000000000001,100.0,54.5,56.44,133.13729662320236,130.8578450396616,,,,
2026-01-23,00001,60.7876,61.5206,60.5433,61.374,13127204.0,89.9368673264842,87.58014589277711,94.65031019389838,58.63400416666673,0.5492156250000022,1.9378011787375158,1.4053769083532668,0.532424270384249,100.0,100.0,54.81,56.89,139.4375894185364,133.13729662320236,,,,
2026-01-26,00001,62.3513,64.2081,62.0092,63.524,20200224.0,90.09490425281074,88.41839867945498,93.44791539952223,59.42703437500006,0.7930302083333345,2.1959401342543146,1.5634895535334763,0.6324505807208383,100.0,100.0,55.15,57.41,141.93530373822557,139.4375894185364,,,,
2026-01-27,00001,63.3286,64.1104,62.4001,63.8172,10829331.0,91.57018922190782,89.46899552693925,95.77257661184498,60.18137916666672,0.7543447916666608,2.396549969667703,1.7301016367603217,0.6664483329073811,100.0,100.0,55.52,57.97,145.31887888420246,141.93530373822557,,,,
2026-01-28,00001,64.5013,64.99,63.7683,64.7945,11469302.0,93.47903838982647,90.80567648123498,98.82576220700943,60.9642270833334,0.7828479166666753,2.60437306043697,1.9049559214956513,0.6994171389413186,100.00000000000001,100.0,55.92,58.57,149.63207838614719,145.31887888420246,,,,
2026-01-29,00001,63.9638,64.9411,63.9149,64.7945,8030035.0,94.75160450177225,92.12098582141407,100.01284186248861,61.531262500000054,0.5670354166666556,2.7375179542255736,2.071468328041636,0.6660496261839377,100.0,100.0,56.28,59.18,152.71092664864472,149.63207838614719,,,,
2026-01-30,00001,63.9149,64.599,61.1297,61.8138,22670423.0,81.86150477109301,88.70115880464039,68.18219670399827,61.57962395833339,0.04836145833333916,2.5728603302226176,2.1717467284778325,0.40111360174478516,18.66677581314126,77.5738834717708,56.51,59.67,134.32968570692887,152.71092664864472,,,,
2026-02-02,00001,61.1785,61.4228,59.2239,60.1035,19724346.0,59.65922924918625,79.020515619489,20.93665650858074,61.25945729166673,-0.3201666666666654,2.2781005355738912,2.193017489897044,0.08508304567684721,15.790040570136009,64.70597086794267,56.67,60.02,118.2350598850023,134.32968570692887,,,,
2026-02-03,00001,60.5921,62.6445,60.3478,62.5467,12132864.0,58.98164348794194,72.34089157563999,32.26314731254584,61.21211666666672,-0.047340625000011016,2.2161012601588084,2.197634243949397,0.01846701620941138,100.0,81.5998428316498,56.91,60.33,116.52481593193654,118.2350598850023,,,,
2026-02-04,00001,62.5467,64.0615,62.5467,63.8172,11413626.0,65.87457201179564,70.1854517210252,57.2528125933365,61.608629166666724,0.39651250000000715,2.2436220414129835,2.2068318034421144,0.03679023797086911,100.0,91.48930611676188,57.18,60.66,122.52499380266948,116.52481593193654,,,,
2026-02-05,00001,63.8172,64.257,63.0842,64.257,12497274.0,73.01230406192693,71.1277358346591,76.78144051646257,62.151739583333395,0.5431104166666714,2.274699325399446,2.220405307833581,0.05429401756586527,99.99999999999999,95.2992312603308,57.44,61.0,131.49088978890495,122.52499380266948,,,,
2026-02-06,00001,63.7195,63.8661,62.7911,62.9376,7751115.0,70.14345299266138,70.7996415539932,68.83107586999776,62.27898645833339,0.12724687499999732,2.1678738433330054,2.2098990149334656,-0.042025171600460265,22.855639361515593,82.80504856886226,57.68,61.28,129.60781520505424,131.49088978890495,,,,
2026-02-09,00001,63.524,63.8172,62.7422,63.7683,6809418.0,73.03309161027212,71.54412490608617,76.01102501864403,62.52431875000005,0.2453322916666565,2.1257402167187465,2.1930672552905217,-0.06732703857177524,67.73831528914715,88.46110598871077,57.93,61.56,129.4778488263799,129.60781520505424,,,,
2026-02-10,00001,64.2081,64.4036,62.6933,62.9376,10702781.0,70.34093511442056,71.14306164219762,68.73668205886642,62.66377812500006,0.13945937500000838,2.0022379141951134,2.15490138707144,-0.15266347287632653,22.72558139534902,75.94876045903172,58.16,61.79,113.49764379519313,129.4778488263799,,,,
2026-02-11,00001,63.0842,63.3774,61.8138,62.5956,6734261.0,67.80333517311574,70.029819485837,63.35036654767325,62.70908645833339,0.04530833333333106,1.8553772735946055,2.094996564376073,-0.2396192907814676,39.99999999999978,71.5190529233479,58.36,61.97,104.46688726128676,113.49764379519313,,,,
2026-02-12,00001,63.1331,63.3286,61.5206,62.0581,8133495.0,63.441375008357994,67.83367132667733,54.656782371719316,62.52126979166671,-0.18781666666667718,1.6762941247070842,2.011256076442275,-0.33496195173519094,37.932251235003584,64.55715877004381,58.53,62.1,93.5625324926146,104.46688726128676,,,,
2026-02-13,00001,60.8853,62.449,60.8853,62.0581,5503587.0,56.35066304369028,64.00600189901498,41.0399853330409,62.348722916666716,-0.17254687499999477,1.5168837473768946,1.912381610629199,-0.3954978632523045,68.57276501198648,61.11134797129258,58.65,62.18,88.33931332610598,93.5625324926146,,,,
2026-02-16,00001,61.716,62.3513,61.6183,62.1558,2568312.0,49.604172050254476,59.20539194942814,30.40173225190715,62.26931770833338,-0.07940520833333409,1.3824968848261534,1.80640466546859,-0.4239077806424365,100.0,62.4998223548639,58.76,62.23,88.68657745468067,88.33931332610598,,,,
2026-02-20,00001,62.6445,62.8888,61.4228,61.7649,11469855.0,41.40301822365161,53.2712673741693,17.66651992261623,62.20060208333338,-0.06871562500000294,1.2302701761630246,1.6911777676074768,-0.46090759144445226,69.23258559622177,56.944503659489754,58.84,62.25,84.67137852082203,88.68657745468067,,,,
2026-02-23,00001,62.449,63.3774,62.2047,62.7911,6804553.0,45.658080894423165,50.73353854758725,35.50716558809499,62.360437500000046,0.15983541666666667,1.1788461716416236,1.5887114484143061,-0.4098652767726825,100.0,64.03618999748682,58.93,62.28,92.43256508868112,84.67137852082203,,,,
2026-02-24,00001,62.6933,62.7911,60.7876,61.1297,10312425.0,33.59229729244732,45.01979146254061,10.737308952260747,62.20519895833338,-0.1552385416666624,0.9925892316702445,1.4694870050654938,-0.4768977733952493,17.07511854255062,34.21175456862815,59.01,62.27,81.29578088159082,92.43256508868112,,,,
2026-02-25,00001,60.8365,61.0319,60.2501,60.5921,8479178.0,25.13953802883992,38.393040317973714,-1.3674665494276752,61.99751666666671,-0.2076822916666714,0.7924644014172273,1.3340824843358405,-0.5416180829186132,13.459268004722517,24.561088572146662,59.1,62.2,71.27254845742888,81.29578088159082,,,,
2026-02-26,00001,62.0581,63.4263,61.6183,63.3286,14442042.0,49.06769109569118,41.95125724387953,63.30055879931449,62.11611562500005,0.11859895833333667,0.8449368061885991,1.2362533487063923,-0.39131654251779313,99.99999999999999,73.68506085520414,59.23,62.19,86.64377376079328,71.27254845742888,,,,
2026-02-27,00001,62.7422,63.1331,61.716,62.9376,8478793.0,60.91635716855247,48.27295721877051,86.2031570681164,62.33039791666672,0.21428229166667023,0.8452278719645889,1.1580482533580316,-0.3128203813934427,87.29900925775544,66.66606828707866,59.32,62.21,96.04609578064934,86.64377376079328,,,,
2026-03-02,00001,62.3513,62.449,60.7876,61.2274,9928058.0,50.86739576406953,49.13777006720352,54.326647157801546,62.31513437500005,-0.015263541666669767,0.6993974776641352,1.0663180982192524,-0.3669206205551172,17.308146399055673,35.96560514127747,59.33,62.19,89.01695996590749,96.04609578064934,,,,
2026-03-03,00001,61.5694,62.2535,60.3478,61.2274,9277633.0,44.168088161080895,47.48120943182931,37.54184561958405,62.03772395833339,-0.2774104166666618,0.577172553609202,0.9684889892972424,-0.3913164356880403,33.96401266507075,35.96560514127747,59.37,62.15,82.5627637846331,89.01695996590749,,,,
2026-03-04,00001,60.5433,60.8853,57.7091,58.491,13529763.0,34.00415047395365,42.98885644587076,16.03473853011944,61.41928854166672,-0.6184354166666708,0.2565465013882786,0.8261004917154496,-0.569553990327171,22.22380126765766,11.941233067090206,59.3,62.0,73.21077057548229,82.5627637846331,,,,
2026-03-05,00001,59.6149,60.6899,58.6864,59.7614,10132701.0,34.63508116906737,40.20426468693629,23.49671413332952,61.17241354166672,-0.24687499999999574,0.10376259721076053,0.6816329128145118,-0.5778703156037512,58.332149049256756,31.342873287618943,59.29,61.82,73.33409845732899,73.21077057548229,,,,
2026-03-06,00001,59.5171,60.1524,59.2239,60.1524,10260134.0,37.33537233375219,39.247967235874924,33.51018252950672,60.86243125000005,-0.309982291666671,0.014068511633382741,0.548120032578286,-0.5340515209449033,100.0,37.314253424762114,59.29,61.65,76.26841446342436,73.33409845732899,,,,
2026-03-09,00001,58.8819,58.8819,56.2921,57.4648,16042296.0,30.36948906239941,36.288474511383086,18.531518164432057,60.374801041666714,-0.4876302083333357,-0.27076039885183434,0.38434394629226193,-0.6551043451440963,30.378467994715393,14.723348692387825,59.21,61.4,70.84150816808514,76.26841446342436,,,,
2026-03-10,00001,57.758,58.7353,57.3182,58.6376,13679050.0,31.20527495434853,34.594074659038235,24.42767554496912,60.07500520833338,-0.29979583333333437,-0.39727466890319363,0.22802022325317078,-0.6252948921563644,60.75952646167396,29.447952893319428,59.15,61.14,73.97739963452817,70.84150816808514,,,,
2026-03-11,00001,58.833,59.2728,58.491,58.6864,6493671.0,32.46993967379996,33.886029663958816,29.637759693482266,59.74668750000005,-0.32831770833332996,-0.4879753116055099,0.08482111628143466,-0.5727964278869445,100.0,32.02562799283057,59.08,60.88,78.98515207321032,73.97739963452817,,,,
2026-03-12,00001,58.6864,58.833,57.1716,57.8557,7188624.0,30.111925544523928,32.62799495748052,25.079786718610748,59.635718750000045,-0.11096875000000495,-0.6197427631630958,-0.05609165960747145,-0.5636511035556244,45.16107736994985,20.914368261951257,58.99,60.61,80.530685215723,78.98515207321032,,,,
2026-03-13,00001,57.2694,57.4159,56.683,56.9273,5899810.0,23.626355435649923,29.627448450203655,11.624169406542457,59.226986458333386,-0.40873229166665936,-0.7899771737775794,-0.20286876244149304,-0.5871084113360863,12.194269741439689,9.027215234846931,58.85,60.31,69.90443187045696,80.530685215723,,,,
2026-03-16,00001,56.9273,57.8069,56.7807,57.6114,4341511.0,25.32520186174163,28.193366254049646,19.58887307712559,58.843194791666726,-0.3837916666666601,-0.8597770433612624,-0.3342504186254469,-0.5255266247358155,79.16773258292865,18.749378242023802,58.79,60.01,68.32720649133934,69.90443187045696,,,,
2026-03-17,00001,57.758,58.7353,57.5625,57.758,4394212.0,27.994326367360575,28.12701962515329,27.728939851775145,58.68540729166672,-0.15778750000000485,-0.8929709349910908,-0.4459945218985757,-0.4469764130925151,100.0,20.832800397925162,58.76,59.74,70.88758805862176,68.32720649133934,,,,
2026-03-18,00001,57.8557,59.908,57.8557,59.566,9732018.0,46.932707833747315,34.3955823613513,72.00695877853934,58.86559583333339,0.18018854166666642,-0.7645733180629932,-0.5097102811314592,-0.254863036931534,100.00000000000001,46.52739287998298,58.71,59.56,83.94525952780216,70.88758805862176,,,,
2026-03-19,00001,58.6376,59.4194,57.8069,58.5887,6256553.0,52.45978009274723,40.41698160514994,76.54537706794181,58.842692708333395,-0.02290312499999203,-0.7332250618593434,-0.5544132372770361,-0.17881182458230738,51.22036436236594,32.638385561003396,58.63,59.4,86.1499801487493,83.94525952780216,,,,
2026-03-20,00001,59.6149,60.9831,58.3932,58.9307,28410422.0,52.396812535649936,44.41025858198327,68.36992044298327,58.95619375000005,0.11350104166665176,-0.673026569826753,-0.5781359037869794,-0.09489066603977359,63.88494116309479,37.4987564840475,58.59,59.28,83.12971644378263,86.1499801487493,,,,
2026-03-23,00001,58.0512,58.2466,56.0966,56.7318,10738521.0,39.264234722255644,42.6949172954074,32.402869575952124,58.59326562500006,-0.36292812499998917,-0.7936035168687212,-0.6212294264033278,-0.17237409046539343,22.412758900532715,8.783185840707931,58.48,59.11,73.15565564589576,83.12971644378263,,,,
2026-03-24,00001,57.2694,57.6603,56.4387,57.6114,10043543.0,36.50938749211123,40.63307402764201,28.26201442104967,58.41256666666672,-0.1806989583333376,-0.8088611988318704,-0.6587557808890363,-0.15010541794283405,53.44906672312203,20.945796460177007,58.44,58.95,69.7924484395143,73.15565564589576,,,,
2026-03-25,00001,58.3444,59.3217,58.3444,58.9307,9203665.0,43.672447488686736,41.64619851465692,47.72494543674635,58.45837395833339,0.045807291666669414,-0.7063541268789848,-0.668275450087026,-0.038078676791958754,100.00000000000001,39.1883296460177,58.45,58.85,74.42261267388359,69.7924484395143,,,,
2026-03-26,00001,59.2239,59.2239,57.5137,57.8557,4126351.0,41.11469213185546,41.46902972038977,40.40601695478685,58.42375937500006,-0.03461458333332956,-0.7037476844443518,-0.6753698969584911,-0.028377787485860617,56.86195826645261,24.323838495575178,58.41,58.74,77.31043195253422,74.42261267388359,,,,
2026-03-27,00001,57.2694,58.1001,57.2205,57.8069,4877483.0,39.07663195911342,40.671563799964325,35.886768277411605,58.33723437500006,-0.08652500000000174,-0.6975785607768259,-0.6798116297221581,-0.017766931054667756,34.288387323119956,25.000730887297124,58.41,58.64,77.7647370011121,77.31043195253422,,,,
2026-03-30,00001,56.4387,57.8557,56.4387,57.7091,5905714.0,37.050781004564634,39.46463620149776,32.22307061069837,58.145848958333396,-0.19138541666666242,-0.6925972979515294,-0.6823687633680324,-0.010228534583496929,89.65419901199724,31.427847509160305,58.39,58.54,77.21729098585651,77.7647370011121,,,,
2026-03-31,00001,57.9046,58.6376,57.758,58.2466,7460871.0,39.366778045472905,39.43201681615614,39.23630050410644,58.24459375000006,0.09874479166666106,-0.6379242595789947,-0.6734798626102249,0.035555603031230176,100.0,41.903796678880454,58.39,58.47,82.55931342977463,77.21729098585651,,,,
2026-04-01,00001,59.5171,60.2012,59.2239,59.566,5769043.0,49.91108304092273,42.92503889107834,63.883171340611526,58.47415416666672,0.22956041666666493,-0.482568183821833,-0.6352975268525465,0.1527293430307135,100.0,85.54169337738553,58.45,58.45,92.11874367240122,82.55931342977463,,,,
2026-04-02,00001,59.6149,60.4944,58.833,59.3705,5638598.0,58.08873542792154,47.97960440335941,78.30699747704581,58.62736562500005,0.15321145833333105,-0.37094654972352004,-0.5824273314267412,0.21148078170322115,89.18694690265473,80.721435968243,58.5,58.47,97.19383248094735,92.11874367240122,,,,
2026-04-08,00001,60.8853,61.9115,59.9569,61.6672,14018614.0,70.57119222944127,55.510133678720024,100.69330933088375,59.11958437500005,0.49221874999999926,-0.09605385577500414,-0.48515263629639377,0.38909878052138963,100.00000000000001,100.00000000000001,58.63,58.59,107.61565636216423,97.19383248094735,,,,
2026-04-09,00001,61.374,61.6672,60.641,61.5694,5319402.0,78.29715694992038,63.10580810245347,108.67985464485419,59.50896562500005,0.38938124999999957,0.11261083442141029,-0.3655999421528329,0.4782107765742432,96.5492908051655,98.24435428858652,58.76,58.77,115.02875732257229,107.61565636216423,,,,
2026-04-10,00001,62.2047,62.6445,61.9115,62.6445,6969475.0,85.53143796661358,70.58101805717351,115.43227778549374,60.10807708333339,0.5991114583333399,0.3605742146673663,-0.2203651107887931,0.5809393254561593,100.0,100.0,58.85,59.02,124.48755204984334,115.02875732257229,,,,
2026-04-13,00001,62.0581,62.2535,61.2763,61.9604,4518286.0,86.67977244225408,75.94726951886703,108.14477828902815,60.41908750000005,0.3110104166666616,0.49616633064733406,-0.07705882250156765,0.5732251531489017,65.85475418018468,89.55237557079367,58.95,59.28,125.5195760825543,124.48755204984334,,,,
2026-04-14,00001,62.8399,63.1331,62.2047,62.5956,5148570.0,88.44348197871113,80.1126736721484,105.1050985918366,60.76012500000005,0.34103749999999877,0.647416377860722,0.06783621757089028,0.5795801602898317,96.42596111679555,99.253195681058,59.07,59.57,127.62726731098883,125.5195760825543,,,,
2026-04-15,00001,62.7422,62.9865,62.107,62.4979,6226308.0,88.35650313281246,82.86061682570309,99.34827574703121,61.0049614583334,0.24483645833334577,0.7507454304881875,0.20441806015434974,0.5463273703338378,92.59455772000332,97.76111425037035,59.23,59.85,126.0100263760171,127.62726731098883,,,,
2026-04-16,00001,62.8888,63.524,62.4001,62.5956,6734457.0,85.64063898188347,83.78729087776321,89.347335190124,61.2365552083334,0.23159375000000182,0.8309394696636829,0.3297223420562164,0.5012171276074665,100.0,99.253195681058,59.4,60.14,122.7752263865658,126.0100263760171,,,,
2026-04-17,00001,62.3513,63.0842,61.5694,62.5956,8773682.0,83.83006288126415,83.80154821226353,83.88709221926541,61.419798958333395,0.1832437499999955,0.8843001616711135,0.44063790597919583,0.44366225569191764,100.0,99.253195681058,59.53,60.41,118.38911989666802,122.7752263865658,,,,
2026-04-20,00001,62.7422,63.0354,62.0092,62.7422,4829832.0,81.91438746764547,83.17249463072417,79.39817314148806,61.599985416666726,0.18018645833333125,0.9277240638231348,0.5380551375479836,0.38966892627515115,100.0,100.0,59.68,60.67,116.79833505413869,118.38911989666802,,,,
2026-04-21,00001,62.9376,63.4263,62.6445,63.4263,6499211.0,86.81331461885115,84.38610129343317,91.6677412696871,61.905897916666724,0.30591249999999803,1.0057453653516575,0.6315931831087184,0.3741521822429391,100.0,100.0,59.87,60.93,125.16309888860522,116.79833505413869,,,,
2026-04-22,00001,63.2308,63.3286,62.7422,63.0354,5861841.0,83.96295094801853,84.24505117829496,83.39875048746566,62.08965208333339,0.18375416666666666,1.0242287740665788,0.7101203013002905,0.3141084727662883,72.41549643638449,94.66690314746859,60.04,61.18,127.71746167451337,125.16309888860522,,,,
2026-04-23,00001,63.2797,63.8172,62.7422,63.2797,5376540.0,82.25732668577281,83.58247634745425,79.60702736240995,62.30597812500006,0.2163260416666688,1.04652627349774,0.7774014957397803,0.26912477775795973,81.24840112560757,97.9999181412609,60.2,61.41,127.48603950355235,127.71746167451337,,,,
2026-04-24,00001,63.0354,63.7683,62.6933,63.7683,4235721.0,87.44639764044261,84.87045011178371,92.5982926977604,62.47088750000006,0.16490937500000058,1.0910462371717529,0.8401304440261749,0.250915793145578,100.0,100.0,60.36,61.65,134.42594335844603,127.48603950355235,,,,
2026-04-27,00001,63.524,63.8172,62.8399,63.2308,5879982.0,82.93502168525877,84.22530730294206,80.3544504498922,62.5966052083334,0.12571770833334028,1.0706154823616814,0.8862274516932762,0.18438803066840515,50.0,92.66672123990394,60.5,61.86,126.95420372205317,134.42594335844603,,,,
2026-04-28,00001,63.524,63.9149,63.0842,63.3774,5317224.0,80.984606938897,83.14507384826037,76.66367312017027,62.6928020833334,0.09619687499999685,1.0541023213867078,0.9198024256319626,0.1342998957547452,63.63720930232549,94.6668303863785,60.61,62.05,122.99355703632236,126.95420372205317,,,,
2026-04-29,00001,63.524,64.4525,63.182,64.4525,8281742.0,87.323071292598,84.53773966303957,92.89373455171486,62.92491979166673,0.2321177083333339,1.1149150605500608,0.9588249526155822,0.15609010793447864,100.0,100.0,60.76,62.25,131.87582929451125,122.99355703632236,,,,
2026-04-30,00001,63.9638,63.9638,62.7422,63.5729,7239629.0,79.5485504820542,82.87467660271112,72.89629824074035,63.05828333333339,0.13336354166666098,1.0796872629082443,0.9829974146741146,0.09668984823412974,48.57042624101025,89.02393371434272,60.85,62.44,125.03460513263639,131.87582929451125,,,,
2026-05-04,00001,64.1104,64.4525,63.5729,63.8172,5391149.0,74.65294220927505,80.13409847156576,63.69062968469362,63.19571562500006,0.13743229166666993,1.0592713272867798,0.9982521971966476,0.061019130090132156,62.85446997602763,90.51012024796474,60.96,62.6,123.27478546719408,125.03460513263639,,,,
2026-05-05,00001,63.1331,66.8957,63.0842,66.4559,14936800.0,79.61347870110052,79.96055854807734,78.91931900714687,63.64465729166673,0.4489416666666699,1.2416990549077198,1.0469415687388621,0.19475748616885769,100.0,100.00000000000001,61.14,62.84,129.1493454404459,123.27478546719408,,,,
2026-05-06,00001,67.3843,68.9969,66.798,68.5082,17700803.0,83.82474822220715,81.24862177278727,88.9770011210469,64.51047500000007,0.8658177083333385,1.5341925844693307,1.1443917718849559,0.3898008125843748,100.0,100.0,61.4,63.19,134.83709744494783,129.1493454404459,,,,
2026-05-07,00001,68.948,71.5378,68.948,71.3424,19357754.0,88.48007127980183,83.65910494179212,98.12200395582124,65.79063437500005,1.2801593749999824,1.9719605340179527,1.3099055243115552,0.6620550097063975,100.0,99.99999999999999,61.76,63.69,141.16782901506517,134.83709744494783,,,,
2026-05-08,00001,70.8049,71.8799,70.2673,71.6356,16064657.0,91.42886775544865,86.24902587967763,101.78855150699067,66.8320677083334,1.0414333333333445,2.315857810342166,1.5110959815176774,0.8047618288244887,100.0,100.0,62.11,64.29,146.41254215191242,141.16782901506517,,,,
2026-05-11,00001,71.3424,71.6844,70.6583,71.0003,7155065.0,91.07722693813999,87.85842623249842,97.51482834942314,67.63426041666673,0.8021927083333367,2.508222254068073,1.7105212360277566,0.7977010180403166,76.36180979312397,93.86734624926393,62.45,64.91,146.86257941129418,146.41254215191242,,,,
2026-05-12,00001,71.831,71.831,70.4139,70.6094,7928211.0,89.41683914571071,88.37789720356919,91.49472302999376,68.12595937500005,0.4916989583333162,2.5991685019551056,1.8882506892132265,0.7109178127418792,25.001827084702928,90.09392526522059,62.77,65.52,140.09655120558529,146.86257941129418,,,,
2026-05-13,00001,70.5117,71.2446,70.023,70.9515,8087527.0,89.55785745222249,88.77121728645363,91.13113778376021,68.50262916666672,0.37666979166667147,2.668092559394182,2.0442190632494177,0.6238734961447645,95.00665097718203,93.20398958892132,63.11,66.1,132.61413378721653,140.09655120558529,,,,
2026-05-14,00001,71.2935,72.1731,71.098,71.5867,4532809.0,90.88796301697708,89.47679919662812,93.71029065767499,68.95819479166673,0.4555656250000055,2.7423585011553513,2.1838469508306044,0.5585115503247469,100.0,99.51421589080284,63.46,66.68,132.63152899303944,132.61413378721653,,,,
2026-05-15,00001,71.5378,72.6617,71.0003,71.3912,8595749.0,89.50348669938906,89.48569503088176,89.53907003640367,69.28344375000006,0.3252489583333329,2.7536966777356895,2.2978168962116214,0.45587978152406805,87.49760184178577,97.57207287755062,63.78,67.22,126.80127331818159,132.63152899303944,,,,
2026-05-18,00001,72.0265,72.0265,70.2673,70.5117,7126615.0,80.78023488686983,86.58387498287777,69.17295469485396,69.4152739583334,0.1318302083333407,2.6610391616349744,2.370461349296292,0.2905778123386824,18.523571320297194,88.83491287675595,64.08,67.69,112.60023837299136,126.80127331818159,,,,
2026-05-19,00001,69.9253,70.3651,69.3389,69.7298,6660759.0,60.870750338722154,78.01283343482591,26.58658414651464,69.41017812500007,-0.0050958333333284145,2.495745219828038,2.395518123402641,0.10022709642539684,19.046922964478952,80.20236017618217,64.33,68.07,98.70798532002793,112.60023837299136,,,,
2026-05-20,00001,69.2901,69.9742,68.9969,69.9253,12718175.0,49.024799141626424,68.35015533709274,10.374086750693778,69.4641364583334,0.05395833333332689,2.3533953198957818,2.3870935627012693,-0.0336982428054875,61.288618959598054,80.97785587970321,64.58,68.39,90.64994856292984,98.70798532002793,,,,
2026-05-21,00001,69.8276,69.9742,69.1923,69.5832,8514799.0,38.015914264395136,58.238741646193546,-2.429740499201685,69.46768854166673,0.0035520833333322344,2.187758272143796,2.3472265045897744,-0.1594682324459784,63.151658767773675,77.04841036422405,64.82,68.64,82.02216356363357,90.64994856292984,,,,
2026-05-22,00001,70.5117,70.8537,69.9742,70.4139,8065119.0,38.23232238160434,51.569935224663816,11.557096695485384,69.59697291666673,0.12928437499999745,2.0993206048492823,2.297645324641676,-0.19832471979239363,100.0,86.33796674233699,65.08,68.86,90.39938636025906,82.02216356363357,,,,
2026-05-26,00001,70.2673,70.3651,68.8014,68.948,8734314.0,26.754092357192764,43.297987602173464,-6.333698132768632,69.42849166666673,-0.16848124999999925,1.8891700609023019,2.215950271893801,-0.32678021099149923,9.091472868216592,69.9450924258859,65.24,69.02,78.05053581565834,90.39938636025906,,,,
2026-05-27,00001,70.3,70.3,67.25,67.5,7312551.0,19.3759350554564,35.32397008660111,-12.520135006833016,69.0856802083334,-0.3428114583333297,1.58748322378257,2.0902568622715547,-0.5027736384889847,7.9016403805430055,53.49809971439498,65.32,69.07,67.51905152482581,78.05053581565834,,,,
2026-05-28,00001,68.3,70.15,67.7,69.15,10829045.0,24.620328515329593,31.756089562843936,10.34880642030091,68.9813427083334,-0.10433749999999975,1.4646518474205834,1.9651358593013604,-0.500484011880777,100.0,72.05118402410787,65.4,69.11,71.24240823439848,67.51905152482581,,,,
2026-05-29,00001,69.3,70.7,69.1,70.45,15828801.0,38.74510613119397,34.08576175229395,48.06379488899401,69.19974166666674,0.21839895833333856,1.4554289531492657,1.8631944780709415,-0.40776552492167584,100.0,86.66876560145734,65.54,69.18,85.33892684326713,71.24240823439848,,,,
2026-06-01,00001,69.8,70.0,68.35,69.3,9282578.0,44.79206352082276,37.65452900847021,59.067132545527855,69.36115729166673,0.1614156249999894,1.3398790621600654,1.7585313948887662,-0.41865233272870084,58.181818181817974,73.73782805226348,65.64,69.23,87.85711232375051,85.33892684326713,,,,
2026-06-02,00001,69.3,70.05,68.8,69.95,7178956.0,54.8357076171692,43.38158854470321,77.74394576210118,69.44438854166673,0.0832312499999972,1.28593109557697,1.664011335026407,-0.3780802394494369,76.19047619047629,80.28860771335694,65.77,69.29,94.33276742340877,87.85711232375051,,,,
2026-06-03,00001,69.95,70.2,69.1,69.6,5933550.0,58.29405694887518,48.35241134609387,78.17734815443781,69.4282239583334,-0.016164583333321048,1.2010894568514345,1.5714269593914125,-0.370337502539978,78.12499999999959,76.19571064387114,65.89,69.34,93.76665240823627,94.33276742340877,,,,
2026-06-04,00001,69.4,69.4,68.5,68.7,4795564.0,52.274845857805694,49.65988951666447,57.50475854008813,69.43472500000007,0.0065010416666666515,1.0491355865468108,1.466968684822492,-0.41783309827568127,13.793103448276032,39.31701670249717,65.97,69.35,83.84442021362922,93.76665240823627,,,,
2026-06-05,00001,68.8,69.2,67.7,68.2,7757909.0,44.02864119988981,47.78280674440625,36.520310110856926,69.2656364583334,-0.16908854166666742,0.8782414079714158,1.3492232294522768,-0.470981821480861,26.31578947368433,21.661802261948274,66.02,69.32,75.84755874266042,83.84442021362922,,,,
2026-06-08,00001,67.7,67.85,66.5,67.65,4757931.0,38.479411593577375,44.68167502746329,26.074884725805546,68.97899270833341,-0.2866437499999961,0.6904668645522776,1.217471956472277,-0.5270050919199993,52.272727272727465,22.392709712594563,66.09,69.24,72.17519395460836,75.84755874266042,,,,
2026-06-09,00001,67.05,67.55,66.5,66.85,8837112.0,28.430718840162644,39.264689631696406,6.762777257095124,68.66990625000007,-0.3090864583333399,0.47166382495549897,1.0683103301689214,-0.5966465052134224,20.58823529411728,6.880688855249863,66.14,69.11,63.740507478211825,72.17519395460836,,,,
2026-06-10,00001,66.85,67.3,65.8,66.25,8390207.0,22.015037049904365,33.51480543776572,-0.9844997258183525,68.24296875000007,-0.426937499999994,0.24699860789300487,0.9040479857137381,-0.6570493778207332,24.324324324324365,7.776452900616986,66.16,68.93,56.89793864565024,63.740507478211825,,,,
2026-06-11,00001,66.2,67.7,66.0,67.55,8546272.0,27.93426712417865,31.654625999903363,20.493549372729227,68.0805895833334,-0.16237916666666763,0.1718677556885524,0.757611939708701,-0.5857441840201486,100.0,30.241761280176977,66.23,68.77,71.07510316835643,56.89793864565024,,,,
2026-06-12,00001,68.1,69.7,67.65,69.45,10160015.0,46.274359900967596,36.52787063359144,65.7673384357199,68.34636458333341,0.265775000000005,0.26261289705898605,0.658612131178758,-0.395999234119772,100.0,63.075673527226364,66.34,68.68,85.17829485218729,71.07510316835643,,,,
2026-06-15,00001,69.85,70.65,69.2,70.05,6303726.0,60.05919526043883,44.371645509207234,91.43429476290201,68.74896562500008,0.40260104166667077,0.37858002608643915,0.6026057101602943,-0.22402568407385515,100.0,76.0123050507941,66.48,68.66,95.39937676618028,85.17829485218729,,,,
2026-06-16,00001,70.0,70.35,69.55,70.05,5286762.0,69.24908550008631,52.664125506166926,102.41900548792506,69.04313854166674,0.29417291666665335,0.4651231610670834,0.5751092003416521,-0.10998603927456874,100.0,90.20098902731483,66.63,68.7,103.9492312113162,95.39937676618028,,,,
2026-06-17,00001,70.0,70.35,69.05,69.05,5653209.0,68.50282675950767,57.94369259061384,89.62109509729531,69.07645625000008,0.033317708333342466,0.447854982934345,0.5496583568601907,-0.10180337392584571,0.0,69.89247311827948,66.69,68.73,100.04979599221704,103.9492312113162,,,,
2026-06-18,00001,69.8,69.95,68.4,69.45,13337689.0,70.75446182592607,62.21394900238459,87.83548747300905,69.12711562500007,0.050659374999995066,0.4611308549621356,0.5319528564805797,-0.07082200151844409,63.63636363636379,78.49462365591401,66.74,68.78,96.9207190631382,100.04979599221704,,,,
2026-06-22,00001,68.85,69.45,68.4,68.5,6992932.0,65.72634224821188,63.384746750993685,70.40953324264825,68.9844989583334,-0.14261666666666883,0.3904936509387653,0.5036610153722167,-0.11316736443345143,9.523809523809009,58.06451612903225,66.79,68.8,82.83649006107566,96.9207190631382,,,,
2026-06-23,00001,69.0,69.45,66.6,67.0,4880844.0,52.064984179220296,59.61149256040255,36.97196741685579,68.63958541666673,-0.34491354166667065,0.2110429224197219,0.44513739678171776,-0.23409447436199587,14.035087719298403,25.806451612903256,66.77,68.76,72.56450217533572,82.83649006107566,,,,
2026-06-24,00001,67.4,68.05,66.4,67.75,8073366.0,47.254792320197026,55.49259248033405,30.779191999922986,68.37208750000006,-0.2674979166666702,0.12787163457808504,0.38168424434099124,-0.2538126097629062,64.28571428571419,41.93548387096775,66.79,68.7,71.46260665569096,72.56450217533572,,,,
