date,symbol,open,high,low,close,volume,amount,outstanding_share,turnover,K,D,J,BBI,BBI_DIF,DIF,DEA,MACD,short_term_fund,long_term_fund,Short_LS,Short_Trend,Brick_High,Brick_Low,L2,L1,M,H1,H2,investment_income,market_cap,float_market_cap,pe_ttm,pe_static,pb,peg,pcf,ps,AMV
2020-01-02,1,13.08,13.32,13.0,13.26,153023187.0,2571196482.0,19405752680.0,0.0078854548712098,29.68749999999998,29.68749999999998,29.687499999999982,13.39,0.0,-0.3483082608807457,-0.5215272777167397,0.1732190168359939,82.00000000000003,19.9203187250996,10.61,12.83,0.0,0.0,4.095815339592015,5.1391869226798175,6.18255850576762,7.2259300888554225,8.269301671943225,1.133413856091065,327377840000.26,327375047711.6,11.69916878,11.61120199,1.1990325,4.35310351,8.51061533,2.46130246,1
2020-01-03,1,13.31,13.6,13.29,13.5,111619481.0,1914495475.0,19405752680.0,0.0057518758916801,29.68749999999998,29.68749999999998,29.687499999999982,13.39,0.0,-0.3483082608807457,-0.5215272777167397,0.1732190168359939,82.00000000000003,19.9203187250996,10.61,12.83,0.0,0.0,4.094704217158566,5.137792751945537,6.180881286732507,7.2239698215194785,8.26705835630645,1.1331063809103088,333393674641.64,333390831042.4,11.91415054,11.82456729,1.2210657,4.43309534,8.66700483,2.5065309,1
2020-01-06,1,13.37,13.62,13.29,13.41,86208350.0,1477930193.0,19405752680.0,0.0044424120734491,29.68749999999998,29.68749999999998,29.687499999999982,13.39,0.0,-0.3483082608807457,-0.5215272777167397,0.1732190168359939,82.00000000000003,19.9203187250996,10.61,12.83,0.0,0.0,4.0936167734120685,5.136428291827639,6.1792398102432085,7.222051328658778,8.264862847074347,1.1328054582104776,331259023639.86,331256198247.6,11.83786669,11.74885702,1.21324747,4.40471114,8.61151178,2.4904821,1
2020-01-07,1,13.46,13.58,13.32,13.48,72860756.0,1247047135.0,19405752680.0,0.0037545957222824,29.68749999999998,29.68749999999998,29.687499999999982,13.463333333333331,0.0733333333333323,-0.3483082608807457,-0.5215272777167397,0.1732190168359939,90.47619047619072,19.9203187250996,10.61,12.83,140.83870967741967,0.0,4.095790122830919,5.139155282178938,6.182520441526956,7.225885600874975,8.269250760222993,1.133406877986814,332811497095.7,332808658462.0,11.89334586,11.80391903,1.21893346,4.42535419,8.65187036,2.50215395,1
2020-01-08,1,13.36,13.4,13.07,13.09,84782412.0,1423608811.0,19405752680.0,0.0043689319037533,29.68749999999998,29.68749999999998,29.687499999999982,13.326666666666668,-0.1366666666666649,-0.3483082608807457,-0.5215272777167397,0.1732190168359939,4.878048780487699,19.9203187250996,10.61,12.83,120.3434343434346,140.83870967741967,4.094270915780946,5.137249070995881,6.180227226210816,7.223205381425751,8.266183536640686,1.1329864756546908,323302597178.68,323299839648.8,11.55353597,11.4666642,1.18410679,4.2989155,8.40467406,2.43066384,1
2020-01-09,1,13.21,13.3,12.99,13.19,103163665.0,1725326806.0,19405752680.0,0.0053161382967805,29.68749999999998,29.68749999999998,29.687499999999982,13.2875,-0.0391666666666665,-0.3483082608807457,-0.5215272777167397,0.1732190168359939,40.81632653061208,19.9203187250996,10.61,12.83,110.90148541223832,120.3434343434346,4.093605862743703,5.136414601766068,6.1792233407884325,7.222032079810797,8.26484081883316,1.132802438957489,325825366544.42,325822587497.2,11.64368962,11.55613997,1.19334652,4.33246046,8.47025675,2.4496306,1
2020-01-10,1,13.19,13.21,12.98,13.11,58554845.0,975154819.0,19405752680.0,0.003017396231188,29.68749999999998,29.68749999999998,29.687499999999982,13.213333333333336,-0.0741666666666667,-0.3483082608807457,-0.5215272777167397,0.1732190168359939,61.904761904761706,19.9203187250996,10.61,12.83,100.02801590749633,110.90148541223832,4.093155856326765,5.135849960320764,6.178544064314761,7.2212381683087585,8.263932272302757,1.1326779110024916,323884774724.62,323882012229.2,11.57434066,11.48731246,1.18623903,4.30665665,8.41980853,2.43504078,1
2020-01-13,1,13.16,13.38,13.05,13.35,87213336.0,1468271684.0,19405752680.0,0.0044942001188072,29.68749999999998,29.68749999999998,29.687499999999982,13.244166666666668,0.0308333333333319,-0.3483082608807457,-0.5215272777167397,0.1732190168359939,100.0,19.9203187250996,10.61,12.83,109.17744106666606,100.02801590749633,4.094489987124027,5.137523948764567,6.180557910405107,7.223591872045647,8.266625833686186,1.1330470981376726,329706550184.02,329703738033.2,11.78238753,11.69379501,1.20756149,4.38406809,8.5711532,2.47881024,1
2020-01-14,1,13.35,13.57,13.17,13.17,130449366.0,2217608853.0,19405752680.0,0.006722200790204,29.68749999999998,29.68749999999998,29.687499999999982,13.220833333333337,-0.0233333333333316,-0.3483082608807457,-0.5215272777167397,0.1732190168359939,51.351351351351326,19.9203187250996,10.61,12.83,101.175824325734,109.17744106666606,4.125736751272186,5.176730540950014,6.22772433062784,7.278718120305667,8.329711909983494,1.1416938540353787,325243188998.48,325240414916.8,11.53549172,11.53549172,1.19121427,4.32471932,8.45512229,2.35755222,1
2020-01-15,1,13.19,13.25,12.93,12.98,85943912.0,1424889228.0,19405752680.0,0.0044287852894557,22.20712560386476,27.194041867954905,12.233293075684465,13.1575,-0.0633333333333361,-0.3483082608807457,-0.5215272777167397,0.1732190168359939,11.904761904762076,19.9203187250996,10.61,12.83,87.59494411673667,101.175824325734,4.125289226243564,5.176169013004055,6.227048799764546,7.277928586525036,8.328808373285527,1.1415700127421728,320585768630.96,320583034273.6,11.37030568,11.37030568,1.17415631,4.26279016,8.33404655,2.32379252,1
2020-01-16,1,12.98,13.02,12.73,12.83,102810467.0,1678888508.0,19405752680.0,0.0052979376113537,18.550068754636424,24.312717496848745,7.02477127021178,13.049166666666665,-0.1083333333333342,-0.3483082608807457,-0.5215272777167397,0.1732190168359939,22.72727272727268,19.9203187250996,10.61,12.83,77.20281627341654,87.59494411673667,4.125059571138425,5.175880855356505,6.226702139574584,7.277523423792664,8.328344708010743,1.1415064614692991,316898644173.34,316895941264.4,11.2395334,11.2395334,1.16065209,4.21376291,8.23819492,2.29706609,1
2020-01-17,1,12.87,13.0,12.85,12.88,60543669.0,995909007.0,19405752680.0,0.0031198825419638,18.24906544426744,22.29150014598831,10.164196040825686,13.045833333333334,-0.0033333333333303,-0.3483082608807457,-0.5215272777167397,0.1732190168359939,60.00000000000014,19.9203187250996,10.61,12.83,69.9568107581837,77.20281627341654,4.125975668114653,5.177030319677961,6.22808497124127,7.2791396228045775,8.330194274367885,1.1417599682610586,318062999265.22,318060286425.2,11.28082991,11.28082991,1.16491658,4.2292452,8.26846386,2.30550602,1
2020-01-20,1,12.91,13.05,12.85,12.93,74607475.0,1226464650.0,19405752680.0,0.0038446060933721,20.10255156601953,21.56185061933205,17.183953459394502,13.02111111111111,-0.0247222222222234,-0.3483082608807457,-0.5215272777167397,0.1732190168359939,100.0,19.9203187250996,10.61,12.83,69.40890959810507,69.9568107581837,4.126885082316542,5.178171398849298,6.229457715382053,7.280744031914809,8.332030348447564,1.14201162576314,319227354357.1,319224631586.0,11.32212642,11.32212642,1.16918107,4.24472749,8.29873279,2.31394594,-1
2020-01-21,1,12.84,12.84,12.52,12.57,89660310.0,1442171432.0,19405752680.0,0.0046202954081964,14.989002631314628,19.370901289992908,6.225205313958071,12.923055555555557,-0.098055555555554,-0.3483082608807457,-0.5215272777167397,0.1732190168359939,12.19512195121968,19.9203187250996,10.61,12.83,60.71746449495181,69.40890959810507,4.124820441744475,5.175580809931523,6.22634117811857,7.277101546305617,8.327861914492665,1.1414402884253434,310494691168.0,310492042880.0,11.0124026,11.0124026,1.1371974,4.12861033,8.07171579,2.25064651,-1
2020-01-22,1,12.51,12.7,12.34,12.64,71946491.0,1150933399.0,19405752680.0,0.0037074826308669,18.122749721689445,18.95485076722509,16.458547630618163,12.845555555555556,-0.0775000000000005,-0.3483082608807457,-0.5215272777167397,0.1732190168359939,50.84745762711878,19.9203187250996,10.61,12.83,62.397801719478906,60.71746449495181,4.124589985264829,5.175291646766623,6.225993308268416,7.276694969770209,8.327396631272002,1.1413765153922353,312241223805.82,312238560621.2,11.07434736,11.07434736,1.14359413,4.15183376,8.11711919,2.2633064,-1
2020-01-23,1,12.51,12.51,12.09,12.21,110059207.0,1723394337.0,19405752680.0,0.0056714732386252,14.784535850495686,17.564745794981953,9.224115961523154,12.6875,-0.1580555555555562,-0.3483082608807457,-0.5215272777167397,0.1732190168359939,21.81818181818197,19.9203187250996,10.61,12.83,55.41034989769368,62.397801719478906,4.125289226635794,5.176169013496202,6.22704880035661,7.277928587217017,8.328808374077425,1.1415700128507127,301567968796.92,301565396647.2,10.69579602,10.69579602,1.10450297,4.00991278,7.83965396,2.18594042,-1
2020-02-03,1,10.99,11.55,10.99,10.99,225919483.0,3201454165.0,19405752680.0,0.0116418820091857,9.856357233663791,14.995282941209233,-0.4214941814270929,12.35138888888889,-0.3361111111111103,-0.3483082608807457,-0.5215272777167397,0.1732190168359939,0.0,19.9203187250996,10.61,12.83,45.97267464051181,55.41034989769368,4.124485023855388,5.175159947395908,6.225834870936428,7.276509794476948,8.327184718017467,1.1413474699627049,271488795590.02,271486479993.2,9.62896952,9.62896952,0.99433697,3.60995365,7.05770649,1.96790904,-1
2020-02-04,1,11.04,11.52,11.02,11.47,170617207.0,2442932843.0,19405752680.0,0.0087920942729442,13.65055084014165,14.547038907520038,11.857574705384874,12.09527777777778,-0.2561111111111103,-0.3483082608807457,-0.5215272777167397,0.1732190168359939,39.34426229508198,19.9203187250996,10.61,12.83,45.727326042004606,45.97267464051181,4.124775490988947,5.175524408381203,6.226273325773459,7.277022243165715,8.32777116055797,1.1414278494345849,283326405690.8,283323989128.0,10.04881737,10.04881737,1.03769262,3.76735692,7.36544066,2.05371494,-1
2020-02-05,1,11.46,11.7,11.25,11.5,149138021.0,2177632044.0,19405752680.0,0.0076852479498878,17.352794411227112,15.482290742089065,21.09380174950321,11.89222222222222,-0.203055555555558,-0.3483082608807457,-0.5215272777167397,0.1732190168359939,100.0,19.9203187250996,10.61,12.83,46.91820150088634,45.727326042004606,4.1270836118113685,5.178420501921332,6.229757392031295,7.281094282141258,8.332431172251221,1.1420665638063918,283908583236.74,283906161708.4,10.06946562,10.06946562,1.03982487,3.77509807,7.38057512,2.0579349,1
2020-02-06,1,11.64,11.68,11.4,11.61,118581572.0,1740107625.0,19405752680.0,0.0061106401774465,21.60089206703165,17.521824517069927,29.7590271669551,11.859444444444442,-0.0327777777777793,-0.3483082608807457,-0.5215272777167397,0.1732190168359939,100.0,19.9203187250996,10.61,12.68,62.76895674691423,46.91820150088634,4.127066600458557,5.178399157081622,6.229731713704688,7.281064270327752,8.332396826950816,1.142061856342459,286625411784.46,286622967083.6,10.16582415,10.16582415,1.04977535,3.81122341,7.45120264,2.07762806,1
2020-02-07,1,11.47,11.54,11.32,11.49,92485296.0,1345053256.0,19405752680.0,0.0047658700760067,22.491209598085828,19.17828621074189,29.117056372773696,11.75111111111111,-0.1083333333333325,-0.3483082608807457,-0.5215272777167397,0.1732190168359939,66.66666666666683,19.9203187250996,10.61,12.55,71.00113334688002,62.76895674691423,4.126315290698321,5.177456458015734,6.228597625333147,7.279738792650559,8.330879959967971,1.1418539502671443,283714524054.76,283712104181.6,10.06258287,10.06258287,1.03911412,3.77251769,7.3755303,2.05652825,1
2020-02-10,1,11.4,11.42,11.24,11.39,133949524.0,1931983482.0,19405752680.0,0.0069025678214507,22.20134693926444,20.185973120249404,26.232094577294497,11.649166666666666,-0.1019444444444435,-0.3483082608807457,-0.5215272777167397,0.1732190168359939,40.540540540540725,15.936254980079696,10.61,12.42,67.85407139635493,71.00113334688002,4.124254671902296,5.174870915384749,6.2254871588672,7.276103402349651,8.326719645832103,1.141283725854691,281385813871.0,281383413860.0,9.97998985,9.97998985,1.03058514,3.74155311,7.31499243,2.0396484,1
2020-02-11,1,11.47,11.74,11.44,11.62,140750744.0,2077194139.0,19405752680.0,0.0072530422458213,27.08159971389557,22.48451531813146,36.275768505423805,11.651666666666666,0.0024999999999995,-0.3483082608807457,-0.5215272777167397,0.1732190168359939,100.0,25.301204819277068,10.61,12.31,77.36225427227285,67.85407139635493,4.125035658505154,5.1758508511981125,6.226666043891071,7.277481236584029,8.328296429276987,1.1414998442496156,287013530148.42,287011082137.2,10.17958965,10.17958965,1.05119684,3.81638417,7.46129228,2.08044137,1
2020-02-12,1,11.62,11.64,11.47,11.61,107050321.0,1573229043.0,19405752680.0,0.0055164219994583,31.65089103733388,25.53997389119893,43.872725329603774,11.856041666666666,0.2043750000000006,-0.3483082608807457,-0.5215272777167397,0.1732190168359939,97.36842105263165,24.899598393574266,10.61,12.21,84.86963116730512,77.36225427227285,4.127066600458557,5.178399157081622,6.229731713704688,7.281064270327752,8.332396826950816,1.142061856342459,286625411784.46,286622967083.6,10.16582415,10.16582415,1.04977535,3.81122341,7.45120264,2.07762806,1
2020-02-13,1,11.56,11.69,11.48,11.51,101320528.0,1491327714.0,19405752680.0,0.0052211593990076,44.21170513600034,31.76388430613273,69.10734679573554,11.818645833333331,-0.0373958333333348,-0.3483082608807457,-0.5215272777167397,0.1732190168359939,38.88888888888911,22.033898305084733,10.61,12.12,85.73788753272498,84.86963116730512,4.125033234222808,5.175847809351961,6.226662384481113,7.277476959610266,8.328291534739417,1.1414991733904645,284296701600.7,284294276762.0,10.08323113,10.08323113,1.04124637,3.78025883,7.39066477,2.06074821,1
2020-02-14,1,11.59,11.9,11.55,11.81,151243473.0,2253906452.0,19405752680.0,0.0077937442311049,59.39871251490933,40.97549370905826,96.24515012661143,11.809374999999998,-0.0092708333333337,-0.3483082608807457,-0.5215272777167397,0.1732190168359939,100.0,34.74576271186443,10.61,12.05,93.9364479813275,85.73788753272498,4.125538744049848,5.176482093194618,6.227425442339388,7.278368791484158,8.329312140628927,1.141639060517899,291670950515.94,291668462780.4,10.34477569,10.34477569,1.0682548,3.87831333,-7.28721925,2.11420106,1
2020-02-17,1,11.82,12.08,11.73,12.08,154369601.0,2337993586.0,19405752680.0,0.0079548370808155,72.93247500993955,51.62782080935202,115.54178341111462,11.847604166666663,0.0382291666666674,-0.3483082608807457,-0.5215272777167397,0.1732190168359939,100.0,46.1864406779661,10.61,12.01,106.368794594021,93.9364479813275,4.126509222032672,5.1776997915878695,6.228890361143067,7.280080930698265,8.331271500253463,1.1419076158851615,298268962703.26,298266418691.6,10.57878924,10.57878924,1.09242025,3.9660463,-7.45206653,2.1620273,1
2020-02-18,1,12.05,12.05,11.79,11.94,97361235.0,1478274223.0,19405752680.0,0.0050171326310029,76.39942778440412,59.88502313436939,109.4282370844736,11.884687499999998,0.0370833333333333,-0.3483082608807457,-0.5215272777167397,0.1732190168359939,73.58490566037722,40.25423728813557,10.61,11.97,110.47231167212526,106.368794594021,4.124302313313153,5.17493069301029,6.225559072707425,7.27618745240456,8.326815832101696,1.1412969094166223,294969956609.6,294967440736.0,10.46178247,10.46178247,1.08033753,3.92217981,-7.36964289,2.13811418,1
2020-02-19,1,11.86,12.08,11.85,11.97,87410693.0,1333730219.0,19405752680.0,0.0045043701443277,79.9012058245234,66.5570840310874,106.5894494113954,11.921354166666664,0.036666666666667,-0.3483082608807457,-0.5215272777167397,0.1732190168359939,68.5714285714287,44.954128440367,10.61,11.95,114.80657565922225,110.47231167212526,4.123812745697265,5.1743164125116,6.224820079325935,7.275323746140269,8.325827412954604,1.141161433895063,295746193337.52,295743670843.2,10.48931347,10.48931347,1.08318052,3.93250134,-7.38903669,2.1437408,1
2020-02-20,1,12.0,12.27,11.86,12.25,123544434.0,1897923029.0,19405752680.0,0.0063663819712248,85.95355469207709,73.0225742514173,111.81551557339668,11.968645833333332,0.047291666666668,-0.3483082608807457,-0.5215272777167397,0.1732190168359939,100.0,63.31658291457284,10.61,11.95,123.3344885006644,114.80657565922225,4.125529781580841,5.176470847618415,6.227411913655988,7.278352979693562,8.329294045731135,1.1416365803800717,302538264706.82,302535684281.2,10.73020978,10.73020978,1.10805671,4.02281469,-7.55873241,2.19297369,1
2020-02-21,1,12.17,12.35,12.14,12.24,99507102.0,1546692930.0,19405752680.0,0.0051277115420807,86.60639909874739,77.550515867194,104.7181655618542,12.030416666666666,0.0617708333333322,-0.3483082608807457,-0.5215272777167397,0.1732190168359939,97.50000000000006,64.43298969072167,10.61,11.95,126.21343966770225,123.3344885006644,4.124807805138812,5.1755649542658775,6.226322103392943,7.277079252520007,8.327836401647073,1.1414367915626276,302344205524.84,302341626754.4,10.72332703,10.72332703,1.10734596,4.02023431,-7.55388396,2.19156704,1
2020-02-24,1,12.15,12.15,11.9,11.97,119179450.0,1820183855.0,19405752680.0,0.006141449495171,76.67699333855889,77.2593416909823,75.51229663371208,12.030208333333334,-0.0002083333333313,-0.3483082608807457,-0.5215272777167397,0.1732190168359939,28.205128205128474,50.51546391752581,10.61,11.96,113.1251444862738,126.21343966770225,4.126520435634228,5.177713861752096,6.228907287869965,7.280100713987833,8.331294140105703,1.1419107189672897,295552134155.54,295549613316.4,10.48243072,10.48243072,1.08246977,3.92992095,-7.38418824,2.14233415,1
2020-02-25,1,11.79,11.89,11.61,11.82,114457502.0,1710369786.0,19405752680.0,0.0058981222675254,64.14481548241092,72.88783295479185,46.65878053764905,11.976354166666669,-0.0538541666666674,-0.3483082608807457,-0.5215272777167397,0.1732190168359939,33.33333333333343,42.78350515463919,10.61,11.96,103.44401054430688,113.1251444862738,4.126286636559465,5.177420504496475,6.228554372433486,7.279688240370495,8.330822108307505,1.1418460209550731,291865009697.92,291862520307.2,10.35165844,10.35165844,1.06896555,3.88089371,-7.2920677,2.11560772,1
2020-02-26,1,11.61,12.0,11.55,11.78,117659915.0,1769612245.0,19405752680.0,0.0060631461680568,52.34654365494057,66.0407365215081,24.95815792180551,11.926979166666666,-0.0493750000000012,-0.3483082608807457,-0.5215272777167397,0.1732190168359939,54.76190476190445,47.87878787878782,10.61,11.95,95.40031493404136,103.44401054430688,4.126039779915349,5.177110763374859,6.228181746834369,7.279252730293878,8.330323713753389,1.1417777095890296,290894713788.02,290892232673.2,10.31724468,10.31724468,1.06541181,3.8679918,-7.26782545,2.10857445,1
2020-02-27,1,11.75,11.9,11.7,11.87,97527090.0,1464605739.0,19405752680.0,0.0050256793234571,48.23102910329367,60.10416738210329,24.484752545674425,11.9096875,-0.0172916666666669,-0.3240278179583384,-0.4820273857650594,0.1579995678067209,100.0,53.33333333333327,10.61,11.94,95.39524495766518,95.40031493404136,4.12454463449944,5.17523474330758,6.225924852115719,7.276614960923859,8.327305069731999,1.1413639657088108,293223423971.78,293220922994.8,10.3998377,10.3998377,1.07394079,3.89895638,-7.32600685,2.1254543,1
2020-02-28,1,11.67,11.82,11.36,11.39,130064445.0,1906892413.0,19405752680.0,0.0067023653833353,33.16412041229683,51.12415172550114,-2.7559422141117835,11.817916666666664,-0.0917708333333333,-0.3396026525010853,-0.4535424391122646,0.1139397866111792,5.882352941176696,31.74603174603178,10.61,11.92,81.77783232332598,95.39524495766518,4.124254671902296,5.174870915384749,6.2254871588672,7.276103402349651,8.326719645832103,1.141283725854691,281385813871.0,281383413860.0,9.97998985,9.97998985,1.03058514,3.74155311,-7.03025144,2.0396484,1
2020-03-02,1,11.43,11.75,11.36,11.62,111658066.0,1647432270.0,19405752680.0,0.0057538642196072,30.86362236240663,44.370641937802965,3.849583211613961,11.767395833333332,-0.0505208333333335,-0.3295874641513734,-0.4287514441200863,0.0991639799687129,50.98039215686273,49.99999999999993,10.61,11.89,80.22264940109451,81.77783232332598,4.125035658505154,5.1758508511981125,6.226666043891071,7.277481236584029,8.328296429276987,1.1414998442496156,287013530148.42,287011082137.2,10.17958965,10.17958965,1.05119684,3.81638417,-7.17085647,2.08044137,-1
2020-03-03,1,11.75,11.78,11.5,11.57,115358432.0,1705816272.0,19405752680.0,0.0059445481915726,27.64645531231152,38.79591306263915,5.347539811656247,11.7103125,-0.0570833333333329,-0.3219734281035791,-0.4073958409167849,0.0854224128132058,80.76923076923116,44.71544715447159,10.61,11.87,78.28958589187546,80.22264940109451,4.126817865207413,5.17808705879498,6.229356252382547,7.280625445970114,8.331894639557682,1.141993025119181,285655115874.56,285652679449.6,10.13141039,10.13141039,1.0462216,3.7983215,-7.13691732,2.07059479,-1
2020-03-04,1,11.53,11.61,11.4,11.54,86259523.0,1261123064.0,19405752680.0,0.0044450490750044,24.491576268813727,34.027800798030675,5.419127210379827,11.6884375,-0.0218749999999996,-0.3147319647829008,-0.3888630656900081,0.0741311009071073,69.23076923076918,29.702970297029605,10.61,11.84,76.615374122361,78.28958589187546,4.124523346728166,5.1752080326708265,6.225892718613487,7.276577404556147,8.327262090498808,1.141358074853651,285072938328.62,285070506869.2,10.11076213,10.11076213,1.04408936,3.79058036,-7.12237198,2.06637483,-1
2020-03-05,1,11.63,12.29,11.57,12.09,268660234.0,4089493523.0,19405752680.0,0.0138443604033399,42.49259206451384,36.84939788685839,53.77898041982472,11.742395833333331,0.0539583333333339,-0.2615971207022234,-0.3634098766924512,0.1018127559902277,100.0,84.15841584158414,10.61,11.83,86.04551824370165,76.615374122361,4.124558179545875,5.175251738830994,6.225945298116113,7.276638857401232,8.327332416686351,1.1413677139596563,298657081067.22,298654533745.2,10.59255475,10.59255475,1.09384175,3.97120706,-7.46176342,2.16484061,-1
2020-03-06,1,11.93,12.0,11.8,11.81,122853103.0,1858691259.0,19405752680.0,0.0063307569165619,44.457426967740446,39.38540758048574,54.60146574224986,11.765104166666667,0.0227083333333339,-0.2393222756737465,-0.3385923564887102,0.0992700808149636,59.420289855072525,56.43564356435648,10.61,11.82,84.8961857284296,86.04551824370165,4.125538744049848,5.176482093194618,6.227425442339388,7.278368791484158,8.329312140628927,1.141639060517899,291670950515.94,291668462780.4,10.34477569,10.34477569,1.0682548,3.87831333,-7.28721925,2.11420106,-1
2020-03-09,1,11.56,11.57,11.33,11.35,166579354.0,2420392131.0,19405752680.0,0.0085840192208406,30.33272908960473,36.3678480835254,18.262491101763374,11.727604166666666,-0.0375000000000014,-0.2558383113275173,-0.3220415474564716,0.0662032361289542,2.6315789473683657,10.891089108910837,10.61,11.8,71.71341887606985,84.8961857284296,4.12399155914557,5.1745407770541725,6.225089994962775,7.275639212871377,8.326188430779979,1.1412109160184405,280415517961.1,280413126226.0,9.94557609,9.94557609,1.0270314,3.7286512,-7.00600919,2.03261513,-1
2020-03-10,1,11.3,11.67,11.3,11.6,116786497.0,1709084565.0,19405752680.0,0.0060181379679419,30.322829494079897,34.35284188704357,22.26280470815256,11.673645833333332,-0.0539583333333339,-0.2459196690468257,-0.3068171717745424,0.0608975027277167,58.82352941176452,31.578947368420963,10.61,11.78,68.45352943450892,71.71341887606985,4.126305559481134,5.177444247859766,6.228582936238397,7.279721624617029,8.33086031299566,1.1418512573975976,286431352602.48,286428909556.8,10.15894139,10.15894139,1.0490646,3.80864303,-7.15631112,2.07622141,-1
2020-03-11,1,11.61,11.69,11.49,11.54,81438164.0,1201250682.0,19405752680.0,0.0041965990880596,28.29602774352797,32.33390383920504,20.220275552173845,11.640208333333332,-0.0334374999999997,-0.2401324744503075,-0.2934802323096954,0.0533477578593879,79.99999999999976,25.263157894736697,10.61,11.75,66.73406863342193,68.45352943450892,4.124523346728166,5.1752080326708265,6.225892718613487,7.276577404556147,8.327262090498808,1.141358074853651,285072938328.62,285070506869.2,10.11076213,10.11076213,1.04408936,3.79058036,-7.12237198,2.06637483,-1
2020-03-12,1,11.51,11.66,11.42,11.53,98649711.0,1447436642.0,19405752680.0,0.0050835292310857,26.608126239793023,30.42531130606769,18.97375610724368,11.649166666666664,0.0089583333333322,-0.2336595160120076,-0.2815160890501579,0.0478565730381502,76.66666666666649,24.210526315789348,10.61,11.73,72.0661401043312,66.73406863342193,4.123756421842795,5.174245740669164,6.224735059495533,7.275224378321901,8.32571369714827,1.1411458476852876,284878879146.64,284876449342.4,10.10387938,10.10387938,1.04337861,3.78799997,-7.11752353,2.06496817,-1
2020-03-13,1,10.92,11.46,10.92,11.41,116976580.0,1669009835.0,19405752680.0,0.0060279331561593,29.66089194575011,30.1705048526285,28.641666131993325,11.597499999999998,-0.0516666666666658,-0.235497972893544,-0.2723124658188351,0.0368144929252911,79.03225806451626,36.84210526315791,10.61,11.71,77.78267384548667,72.0661401043312,4.125805789546564,5.176817166094809,6.227828542643053,7.278839919191297,8.329851295739541,1.1417129586410049,281773932234.96,281771528913.6,9.99375536,9.99375536,1.03200664,3.74671387,-7.03994834,2.04246171,-1
2020-03-16,1,11.35,11.36,10.8,10.8,140620218.0,1975824191.0,19405752680.0,0.0072463160959959,19.773927963833405,26.704979223030136,5.911825445439945,11.462916666666665,-0.1345833333333335,-0.2829155904173284,-0.2744330907385338,-0.0084824996787946,0.0,0.0,10.61,11.66,64.90398945688423,77.78267384548667,4.123925494542274,5.174457883096032,6.224990271649791,7.275522660203548,8.326055048757306,1.141192634301477,266831375222.5,266829099350.0,9.46378348,9.46378348,0.97727901,3.5480245,-6.66661774,1.93414934,-1
2020-03-17,1,10.8,10.98,10.32,10.54,117784906.0,1582506075.0,19405752680.0,0.0060695870931814,16.90512287267403,23.4383604395781,3.838647738865895,11.3178125,-0.1451041666666661,-0.3375827769055668,-0.2870630279719404,-0.0505197489336264,20.18348623853201,11.398963730569893,10.61,11.59,58.652956047943206,64.90398945688423,4.126687537017173,5.177923530687534,6.229159524357892,7.280395518028252,8.331631511698612,1.1419569600712212,260233363035.18,260231143438.8,9.22976992,9.22976992,0.95311357,3.46029153,-6.50177047,1.88632311,-1
2020-03-18,1,10.54,10.65,9.94,9.99,138478437.0,1816836894.0,19405752680.0,0.0071359477410386,12.079143403789171,19.65195476098179,-3.066479310596065,11.082604166666666,-0.2352083333333325,-0.4204407403717862,-0.3137385704519095,-0.1067021699198766,5.813953488372167,2.1645021645021947,10.61,11.49,49.68793600227514,58.652956047943206,4.126764546946453,5.178020158193575,6.229275769440696,7.280531380687817,8.331786991934939,1.1419782706317971,246649220296.58,246647116562.8,8.74797731,8.74797731,0.90336118,3.27966483,-6.16237902,1.78785732,-1
2020-03-19,1,9.96,10.01,9.36,9.61,189145713.0,2313863663.0,19405752680.0,0.0097468887766944,11.62930018049464,16.977736567486073,0.9324274065117776,10.839270833333332,-0.243333333333334,-0.510879991060456,-0.3531668545736188,-0.1577131364868371,21.186440677966107,8.650519031141867,10.61,11.37,44.622112248074544,49.68793600227514,4.125595872782454,5.176553774950551,6.227511677118647,7.278469579286743,8.32942748145484,1.1416548694574502,237334379561.54,237332355276.4,8.41760523,8.41760523,0.86924526,3.15580652,-5.92965346,1.72033793,-1
2020-03-20,1,9.74,9.96,9.63,9.84,157835296.0,1967487818.0,19405752680.0,0.0081334281953757,14.619819576696004,16.191764237222717,11.475930255642574,10.651770833333332,-0.1875,-0.5575673813030271,-0.3940469599195005,-0.1635204213835265,76.19047619047616,16.66666666666668,10.61,11.23,45.00532439291035,44.622112248074544,4.126487393836561,5.177672402857984,6.228857411879406,7.280042420900829,8.33122742992225,1.1419015754810236,242962095838.96,242960023553.6,8.61720503,8.61720503,0.88985696,3.23063758,-6.07025848,1.76113089,-1
2020-03-23,1,9.43,9.7,9.37,9.55,107111364.0,1300469494.0,19405752680.0,0.0055195676130816,12.464715197053437,14.94941455716629,7.495316476827721,10.459791666666666,-0.1919791666666661,-0.6109256798542955,-0.4374227039064595,-0.1735029759478359,39.58333333333356,6.959706959707005,10.61,11.08,41.07803666387228,45.00532439291035,4.126832544848719,5.1781054779409565,6.229378411033193,7.28065134412543,8.331924277217666,1.1419970873406142,235781906105.7,235779895062.0,8.36254322,8.36254322,0.86355927,3.13516347,-5.89086586,1.70908469,-1
2020-03-24,1,9.74,9.96,9.64,9.91,118020026.0,1472909400.0,19405752680.0,0.0060817030880556,16.280824624122587,15.393217912818391,18.05603804673098,10.386666666666663,-0.073125000000001,-0.6170505498890009,-0.4733482731029678,-0.1437022767860331,100.0,20.14652014652017,10.61,10.94,57.10953816826516,41.07803666387228,4.126181435836032,5.177288504848713,6.228395573861394,7.279502642874076,8.330609711886757,1.141816909301416,244708628476.78,244706541294.8,8.6791498,8.6791498,0.8962537,3.25386101,-6.11389453,1.77379078,-1
2020-03-25,1,10.12,10.27,9.98,10.11,113695774.0,1467534956.0,19405752680.0,0.0058588695772247,22.75864498751029,17.848360271049025,32.57921442043282,10.343125,-0.0435416666666661,-0.5988629061852624,-0.4984511997194267,-0.1004117064658356,100.0,27.472527472527467,10.61,10.83,69.86114623974674,57.10953816826516,4.1244150380876095,5.175072133392415,6.225729228697219,7.276386324002023,8.327043419306827,1.1413281031621163,249754167208.26,249752036991.6,8.85810134,8.85810134,0.91473316,3.32095093,-6.23995421,1.81036379,-1
2020-03-26,1,10.04,10.48,9.99,10.26,107519243.0,1408651057.0,19405752680.0,0.005540586071202,30.17242999167353,21.95638351125719,46.60452295250621,10.364999999999998,0.0218749999999996,-0.5658228673155499,-0.5119255332386513,-0.0538973340768985,100.0,32.96703296703297,10.61,10.73,80.07258872708243,69.86114623974674,4.124714912790153,5.175448398439047,6.226181884087942,7.276915369736836,8.327648855385732,1.141411085942045,253441291665.88,253439130000.8,8.98887362,8.98887362,0.92823737,3.36997818,-6.33207474,1.83709021,-1
2020-03-27,1,10.41,10.51,10.28,10.33,65301888.0,861618663.0,19405752680.0,0.0033650788545451,40.07380106440787,27.995522695640748,64.23035780194212,10.387708333333334,0.0227083333333357,-0.5279046275479349,-0.515121352100508,-0.0127832754474268,100.0,35.53113553113555,10.61,10.65,88.54148117932738,80.07258872708243,4.124433654451477,5.175095492105101,6.225757329758725,7.276419167412349,8.327081005065972,1.1413332547724817,255187824303.7,255185647742.0,9.05081838,9.05081838,0.93463411,3.39320161,-6.37571079,1.8497501,-1
2020-03-30,1,10.1,10.25,10.03,10.17,66173879.0,852956240.0,19405752680.0,0.0034100135197641,47.646099934411446,34.54571510856432,73.84686958610571,10.3609375,-0.0267708333333338,-0.5049441305499691,-0.5130859077904002,0.008141777240431,52.941176470588175,29.67032967032969,10.61,10.58,83.74730291195388,88.54148117932738,4.126448503452721,5.177623605503738,6.228798707554756,7.279973809605774,8.33114891165679,1.141890813545668,251112581482.12,251110439679.2,8.9062806,8.9062806,0.91970839,3.3390136,-6.27389335,1.82021036,-1
2020-03-31,1,10.25,10.29,10.04,10.06,51337030.0,662915471.0,19405752680.0,0.0026454542035315,52.05392169540476,40.38178397084446,75.39819714452535,10.319479166666667,-0.0414583333333329,-0.4899757168843255,-0.5084638696091852,0.0184881527248597,10.000000000000355,25.64102564102568,10.61,10.52,73.65708632495095,83.74730291195388,4.126461181776991,5.177639513515426,6.22881784525386,7.279996176992294,8.331174508730728,1.141894321952959,248395752934.4,248393634304.0,8.80992208,8.80992208,0.8795541,3.30288826,-6.20601506,1.80051721,-1
2020-04-01,1,10.1,10.32,10.07,10.13,52083604.0,676070118.0,19405752680.0,0.0026839259913725,56.92483668582543,45.89613487583811,78.98224030580006,10.279895833333336,-0.0395833333333328,-0.4670805128228181,-0.5001871982519118,0.0331066854290936,71.42857142857216,28.20512820512825,10.61,10.46,67.30218846900104,73.65708632495095,4.12616205754504,5.17726419011492,6.228366322684798,7.279468455254678,8.330570587824557,1.1418115468468868,250142285572.22,250140152045.2,8.87186684,8.87186684,0.88573846,3.32611169,-6.24965111,1.81317709,-1
2020-04-02,1,10.02,10.19,9.95,10.19,51836504.0,663197628.0,19405752680.0,0.0026711926537857,61.92649931101812,51.23958968756477,83.30031855792481,10.265104166666667,-0.0147916666666674,-0.439033495249582,-0.4879564576514458,0.0489229624018638,100.0,30.4029304029304,10.61,10.42,74.18651521358106,67.30218846900104,4.125000079103353,5.1758062082683685,6.226612337433383,7.277418466598397,8.328224595763412,1.1414899985452445,251694759028.06,251692612259.6,8.92692885,8.92692885,0.89123568,3.34675475,-6.2884387,1.82443033,-1
2020-04-03,1,10.07,10.13,9.86,9.91,82534814.0,1047282400.0,19405752680.0,0.0042531106811982,51.62916046021897,51.36944661178284,52.148588157091226,10.218541666666669,-0.0465625000000002,-0.4343922878033197,-0.4772436236818206,0.0428513358785008,15.151515151515364,22.44897959183676,10.61,10.37,64.94239897860945,74.18651521358106,4.126181435836032,5.177288504848713,6.228395573861394,7.279502642874076,8.330609711886757,1.141816909301416,244708628476.78,244706541294.8,8.6791498,8.6791498,0.86649822,3.25386101,-6.11389453,1.77379078,-1
2020-04-07,1,10.13,10.17,10.07,10.12,87031371.0,1121200115.0,19405752680.0,0.0044848232601509,47.75277364014596,50.16388895457055,42.93054301129678,10.204479166666667,-0.0140624999999996,-0.4090535379488038,-0.4636056065352172,0.0545520685864134,78.78787878787871,33.92857142857141,10.61,10.33,69.85488401438757,64.94239897860945,4.125289226006947,5.176169012707162,6.227048799407377,7.277928586107591,8.328808372807805,1.141570012676695,249948226390.24,249946094518.4,8.86498409,8.86498409,0.88505131,3.32353131,-6.24480266,1.81177044,-1
2020-04-08,1,10.12,10.15,9.99,10.04,52871614.0,676604872.0,19405752680.0,0.0027245330223388,41.06595165753318,47.13124318889143,28.93536859481668,10.175104166666667,-0.0293749999999999,-0.3909214286559628,-0.4490687709593663,0.0581473423034035,69.23076923076918,30.35714285714284,10.61,10.29,73.39100216007216,69.85488401438757,4.124702332168695,5.1754326130190735,6.226162893869451,7.276893174719828,8.327623455570206,1.1414076045715495,248007634570.44,248005519250.4,8.79615657,8.79615657,0.8781798,3.2977275,-6.19631817,1.7977039,-1
2020-04-09,1,10.12,10.13,9.99,10.01,40855377.0,522027888.0,19405752680.0,0.0021053229768359,35.06960879732983,43.11069839170423,18.98742960858101,10.169270833333334,-0.0058333333333333,-0.3746535774589397,-0.434185732259281,0.0595321548003413,15.384615384615174,29.816513761467903,10.61,10.26,74.64961711067555,73.39100216007216,4.125289224728523,5.176169011103071,6.227048797477619,7.277928583852166,8.328808370226714,1.141570012322923,247231397842.52,247229289143.2,8.76862557,8.76862557,0.87543119,3.28740597,-6.17692437,1.79207728,-1
2020-04-10,1,10.03,10.2,9.94,10.05,66667495.0,853689950.0,19405752680.0,0.0034354501007687,37.147855140248936,41.12308397455247,29.19739747164188,10.144687500000002,-0.0245833333333322,-0.3544476703677226,-0.4182381198809694,0.0637904495132467,100.0,31.797235023041534,10.61,10.23,74.0365236801655,74.64961711067555,4.125582446904259,5.176536928952398,6.227491411000536,7.278445893048675,8.329400375096814,1.141651154183417,248201693752.42,248199576777.2,8.80303932,8.80303932,0.87886695,3.30030788,-6.20116661,1.79911055,-1
2020-04-13,1,9.96,9.99,9.8,9.89,44621440.0,562008050.0,19405752680.0,0.0022993923882162,30.53446752939672,37.59354515950055,16.416312269189063,10.099895833333337,-0.0447916666666667,-0.3473410745513252,-0.4040587108150405,0.0567176362637152,35.99999999999994,25.853658536585414,10.61,10.2,68.03774594225033,74.0365236801655,4.124395598432254,5.175047741662246,6.225699884892237,7.276352028122228,8.32700417135222,1.1413227237265435,244320510112.82,244318426241.2,8.66538429,8.66538429,0.86512392,3.24870025,-6.10419763,1.77097747,-1
2020-04-14,1,9.94,10.1,9.88,10.1,68608687.0,874856562.0,19405752680.0,0.003535481881654,39.58708091703366,38.258057078678256,42.24512859374447,10.096354166666668,-0.0035416666666669,-0.3210627892302007,-0.3874595264980726,0.0663967372678718,100.0,51.388888888888864,10.61,10.17,77.5821010309011,68.03774594225033,4.123539490622838,5.173973548200441,6.224407605778042,7.274841663355643,8.325275720933245,1.1410858174275411,249560108026.28,249557979464.8,8.85121859,8.85121859,0.88367701,3.31837055,-6.23510576,1.80895713,-1
2020-04-15,1,10.1,10.16,10.04,10.11,65639640.0,843649273.0,19405752680.0,0.0033824835904277,52.22472061135576,42.91361158957076,70.84693865492575,10.081458333333334,-0.0148958333333339,-0.2960178330472089,-0.3691711878078998,0.0731533547606909,100.0,63.55932203389832,10.61,10.16,86.27945535372152,77.5821010309011,4.1244150380876095,5.175072133392415,6.225729228697219,7.276386324002023,8.327043419306827,1.1413281031621163,249754167208.26,249752036991.6,8.85810134,8.85810134,0.88436416,3.32095093,-6.23995421,1.81036379,-1
2020-04-16,1,10.05,10.05,9.85,9.96,78915498.0,997623816.0,19405752680.0,0.0040666033057987,48.1498137409039,44.6590123066818,55.13141660934809,10.063229166666668,-0.018229166666666,-0.2849881057466064,-0.3523345713956411,0.0673464656490347,42.3076923076928,61.85567010309289,10.61,10.14,84.453964568676,86.27945535372152,4.124106176603819,5.174684592264017,6.225263007924213,7.27584142358441,8.326419839244608,1.1412426335165595,246067042750.64,246064943982.4,8.72732906,8.72732906,0.87130828,3.27192368,-6.14783367,1.78363736,-1
2020-04-17,1,10.03,10.25,9.94,10.13,133116477.0,1713215767.0,19405752680.0,0.0068596399838277,56.54432027171376,48.62078162835912,72.39139755842304,10.058854166666668,-0.0043749999999995,-0.2595376002461727,-0.3337751771657474,0.0742375769195747,100.0,79.38144329896916,10.61,10.12,90.09645658454728,84.453964568676,4.12616205754504,5.17726419011492,6.228366322684798,7.279468455254678,8.330570587824557,1.1418115468468868,250142285572.22,250140152045.2,8.87186684,8.87186684,0.88573846,3.32611169,-6.24965111,1.81317709,-1
2020-04-20,1,10.1,10.25,10.03,10.21,81845583.0,1058524019.0,19405752680.0,0.0042175938418689,68.06658388484627,55.10271571385484,93.99432022682912,10.069375,0.0105208333333326,-0.2302582856775004,-0.313071798868098,0.0828135131905976,100.0,87.5000000000001,10.61,10.12,100.448104686343,90.09645658454728,4.126732744233974,5.177980254030293,6.2292277638266125,7.2804752736229315,8.33172278341925,1.1419694700311849,252082877392.02,252080727313.2,8.94069436,8.94069436,0.89260998,3.35191551,-6.2981356,1.82724363,-1
2020-04-21,1,10.45,10.76,10.45,10.57,212244834.0,2861879086.0,19405752680.0,0.0109372121504333,72.11383370100863,60.77308837623944,94.79532435054703,10.156770833333336,0.0873958333333337,-0.1759766769906203,-0.2856527744926025,0.1096760975019821,100.0,100.0,10.61,10.13,106.20704926847212,100.448104686343,4.287395109367438,5.379569890623372,6.471744671879304,7.563919453135238,8.65609423439117,1.1864287377707232,261009599763.1,261007373546.0,8.90908966,9.25730093,0.92421896,3.47061306,-3.46994948,1.82004909,-1
2020-04-22,1,10.51,10.54,10.34,10.4,103280274.0,1368222855.0,19405752680.0,0.0053221472881308,68.90922246733909,63.48513307327266,79.75740125547198,10.20625,0.049479166666666,-0.1450041724411779,-0.2575230540823175,0.1125188816411396,68.51851851851859,81.72043010752688,10.61,10.15,104.77156341321052,106.20704926847212,4.288587748014054,5.381066343082281,6.473544938150508,7.566023533218734,8.658502128286962,1.1867587705127558,256740297759.54,256738107956.4,8.76336477,9.1058804,0.90910162,3.41384466,-3.41319194,1.79027877,-1
2020-04-23,1,10.4,10.46,10.3,10.4,64698963.0,855052110.0,19405752680.0,0.0033340094593022,66.77281497822607,64.58102704159046,71.15639085149729,10.248229166666668,0.0419791666666675,-0.1190854959714862,-0.2298355424601513,0.1107500464886651,37.03703703703697,77.92207792207792,10.61,10.17,102.17646542314812,104.77156341321052,4.288587748014054,5.381066343082281,6.473544938150508,7.566023533218734,8.658502128286962,1.1867587705127558,256740297759.54,256738107956.4,8.76336477,9.1058804,0.90910162,3.41384466,-3.41319194,1.79027877,-1
2020-04-24,1,10.35,10.43,10.3,10.4,56600161.0,747473770.0,19405752680.0,0.0029166691925499,64.66173013200421,64.60792807172838,64.76933425255586,10.265729166666668,0.0174999999999982,-0.0974217409485493,-0.2033527821578309,0.1059310412092815,100.0,77.92207792207792,10.61,10.19,92.0260726634864,102.17646542314812,4.285348632658375,5.377002092646955,6.468655552635534,7.560309012624113,8.651962472612691,1.185862426825062,256934356941.52,256932165483.2,8.76998863,9.11276315,0.90978877,3.41642505,-3.41577183,1.79163197,-1
2020-04-27,1,10.45,10.72,10.41,10.61,93682990.0,1263809737.0,19405752680.0,0.0048275885787492,70.94664792683064,66.7208346900958,79.39827440030032,10.326770833333336,0.0610416666666679,-0.0625863574867207,-0.1751994972236089,0.1126131397368881,100.0,100.0,10.61,10.21,97.9824253268296,92.0260726634864,4.287680546270393,5.379928039972718,6.472175533675043,7.564423027377367,8.656670521079691,1.1865077252528302,261979895673.0,261977661180.0,8.94220895,9.29171469,0.92765471,3.48351496,-3.48284892,1.82681507,-1
2020-04-28,1,10.57,10.65,10.43,10.62,77156417.0,1038718080.0,19405752680.0,0.0039759559071119,75.50289348968194,69.64818762329118,87.21230522246347,10.381458333333336,0.0546875,-0.0337827224954114,-0.1469161422779694,0.1131334197825579,100.0,100.0,10.61,10.25,103.61747141100854,97.9824253268296,4.285373013278171,5.377032684007169,6.468692354736165,7.5603520254651615,8.652011696194158,1.185869173548243,262368014036.96,262365776233.6,8.95545667,9.30548019,0.92902902,3.48867573,-3.48800869,1.82952146,-1
2020-04-29,1,10.59,11.08,10.57,11.02,110872239.0,1541638203.0,19405752680.0,0.0057133696810568,81.91420969487565,73.73686164715268,98.2689057903216,10.484895833333336,0.1034375,0.0210780481957328,-0.1133173041832289,0.1343953523789618,100.0,100.0,10.61,10.29,112.84237636684696,103.61747141100854,4.288193619589344,5.380571814037833,6.472950008486321,7.5653282029348095,8.657706397383299,1.186649705386375,272070973135.96,272068652573.6,9.28664959,9.64961777,0.9633866,3.6176948,-3.6170031,1.89718128,-1
2020-04-30,1,11.02,11.25,10.91,10.95,81954043.0,1155968238.0,19405752680.0,0.0042231829061937,79.746085151775,75.73993614869346,87.75838315793811,10.561041666666668,0.0761458333333333,0.0582358822335731,-0.0790066668998685,0.1372425491334416,88.13559322033893,94.26229508196718,10.61,10.35,112.85932458957242,112.84237636684696,4.288484135965988,5.380936336810439,6.47338853765489,7.565840738499341,8.658292939343793,1.18673009848504,270324440498.14,270322134832.4,9.22703487,9.58767301,0.95720224,3.59447137,-3.59378411,1.88500251,-1
2020-05-06,1,10.81,10.91,10.69,10.82,100899802.0,1382727482.0,19405752680.0,0.0051994789207011,71.40967080293773,74.29651436677489,65.63598367526339,10.615104166666669,0.0540625000000005,0.0763141182206723,-0.0479425098757603,0.1242566280964327,55.55555555555564,83.60655737704923,10.61,10.4,108.3098698775156,112.85932458957242,4.286808921065894,5.37883437620103,6.470859831336164,7.562885286471299,8.654910741606434,1.1862665249051123,267219493586.46,267217214403.6,9.12105313,9.47754898,0.94620781,3.55318526,-3.5525059,1.86335137,-1
2020-05-07,1,10.81,10.81,10.69,10.76,66274923.0,904349532.0,19405752680.0,0.003415220429368,63.74679807915144,70.7799422709004,49.68050969565351,10.63125,0.0161458333333328,0.0848219769772793,-0.0213896125051524,0.1062115894824317,26.92307692307705,78.68852459016394,10.61,10.44,99.0892396691696,108.3098698775156,4.287949170918021,5.380265094298107,6.472581017678191,7.564896941058275,8.65721286443836,1.1865820603662245,265667020130.62,265664754189.2,9.06806226,9.42248697,0.9407106,3.53254221,-3.53186679,1.8525258,1
2020-05-08,1,10.81,11.02,10.75,10.96,93478170.0,1297924588.0,19405752680.0,0.0048170339765455,65.6557601229431,69.07188155491464,58.823517259,10.673333333333336,0.0420833333333341,0.1064754620204659,0.0041834023999712,0.1022920596204947,100.0,95.08196721311484,10.61,10.49,96.97252003161712,99.0892396691696,4.286246583770601,5.3781287886111375,6.470010993451673,7.561893198292209,8.653775403132745,1.1861109122054576,270712558862.1,270710249886.0,9.24028258,9.60143851,0.95857654,3.59963213,-3.59894388,1.88770891,1
2020-05-11,1,10.94,11.1,10.92,11.0,61286229.0,859156594.0,19405752680.0,0.0031581474839243,68.33191025740065,68.82522445574331,67.34528186071535,10.729687500000002,0.0563541666666669,0.1254179307919596,0.0284303080783689,0.0969876227135906,100.0,98.36065573770496,10.61,10.54,102.75076222302832,96.97252003161712,4.286525923753021,5.378479287905076,6.470432652057132,7.562386016209187,8.654339380361243,1.1861882125181875,271682854772.0,271680537520.0,9.27340188,9.63585227,0.9620123,3.61253404,-3.61184332,1.89447489,1
2020-05-12,1,10.96,11.04,10.78,10.84,55851114.0,772109502.0,19405752680.0,0.0028780699682708,62.61809890175916,66.75618260441526,54.34193149644696,10.741250000000004,0.0115625000000001,0.1260660994215694,0.047957466347009,0.0781086330745604,35.99999999999994,85.24590163934427,10.61,10.58,96.7222900194856,102.75076222302832,4.288504016856419,5.380961282176292,6.473418547496166,7.565875812816039,8.658333078135913,1.1867356000213196,267607611950.42,267605329457.2,9.13430085,9.49131449,0.94758211,3.55834603,-3.55766567,1.86605776,1
2020-05-13,1,10.8,10.83,10.63,10.71,64035879.0,871062044.0,19405752680.0,0.0032998400039384,53.1275130889777,62.21329276593608,34.955953735060945,10.725208333333338,-0.0160416666666645,0.1147669027704481,0.0613193536316968,0.0534475491387512,21.621621621621685,74.59016393442631,10.61,10.62,86.2104126680046,96.7222900194856,4.286811828431262,5.378838024191195,6.470864219951127,7.562890415711059,8.654916611470991,1.186267329445337,264502665038.74,264500409028.4,9.02831911,9.38119046,0.93658769,3.51705992,-3.51638746,1.84440662,1
2020-05-14,1,10.65,10.68,10.39,10.45,94467209.0,1259440848.0,19405752680.0,0.0048680002552727,37.74392345466725,54.05683632884647,5.118097706308831,10.668437500000003,-0.0567708333333349,0.0838656301489653,0.0658286089351505,0.0180370212138147,13.333333333333073,53.278688524590095,10.61,10.63,74.94174624694713,86.2104126680046,4.286525926672423,5.378479291568171,6.470432656463918,7.562386021359664,8.65433938625541,1.1861882133260588,258098712033.4,258096510644.0,8.80973178,9.15405966,0.91391168,3.43190733,-3.43125116,1.79975114,1
2020-05-15,1,10.52,10.55,10.32,10.4,75679447.0,1004313268.0,19405752680.0,0.0038998460017475,28.02999914898964,45.38122393556085,-6.672450424152785,10.620520833333336,-0.0479166666666674,0.0547108937059359,0.0636050658893076,-0.0088941721833716,20.5128205128205,47.00854700854707,10.61,10.64,66.101152024296,74.94174624694713,4.288587748014054,5.381066343082281,6.473544938150508,7.566023533218734,8.658502128286962,1.1867587705127558,256740297759.54,256738107956.4,8.76336477,9.1058804,0.90910162,3.41384466,-3.41319194,1.79027877,1
2020-05-18,1,10.37,10.48,10.31,10.37,63720857.0,843479670.0,19405752680.0,0.0032836065702142,21.21831166894663,37.32691984668944,-10.998904686538992,10.566354166666668,-0.0541666666666671,0.0288522153678822,0.0566544957850225,-0.0278022804171402,42.85714285714232,44.44444444444441,10.61,10.63,58.639576198488896,66.101152024296,4.285935493745224,5.377738451240518,6.469541408735813,7.561344366231107,8.653147323726401,1.1860248258670802,256158120213.6,256155935376.0,8.7434932,9.08523214,0.90704017,3.40610352,-3.40545228,1.78621918,1
2020-05-19,1,10.54,10.57,10.43,10.5,60036864.0,801755671.0,19405752680.0,0.0030937663171331,22.16241874976188,32.27208614771359,1.943083953858448,10.551875000000004,-0.0144791666666659,0.0186341372925635,0.0490504240865307,-0.0304162867939671,100.0,55.55555555555559,10.61,10.62,63.26242828959072,58.639576198488896,4.287692646189575,5.379943222235899,6.4721937982822215,7.564444374328545,8.656694950374868,1.186511073601064,259263067125.28,259260855804.8,8.84947493,9.19535617,0.91803459,3.44738962,-3.44673049,1.80787032,1
2020-05-20,1,10.51,10.7,10.43,10.62,69085107.0,929928886.0,19405752680.0,0.0035600323336698,27.85511460954585,30.79976230165768,21.9658192253222,10.560312500000002,0.0084374999999994,0.0199888152985963,0.0432381023289438,-0.0232492870303475,100.0,62.96296296296293,10.61,10.61,74.81002565164206,63.26242828959072,4.288545014754834,5.38101272391522,6.473480433075605,7.565948142235991,8.658415851396375,1.1867469451583148,262173954854.98,262171718706.8,8.94883281,9.29859744,0.92834187,3.48609534,-3.48542881,1.82816827,1
2020-05-21,1,10.62,10.66,10.5,10.53,55231200.0,742797057.0,19405752680.0,0.0028461251109792,27.852776828304787,29.81743381054005,23.923462863834267,10.561875000000002,0.0015625000000003,0.0136428927643077,0.0373190604160166,-0.0236761676517089,52.631578947368375,50.50505050505049,10.61,10.61,78.03388161857244,74.81002565164206,4.287107542338495,5.37920906851788,6.471310594697265,7.563412120876649,8.655513647056033,1.186349160829837,260039303853.2,260037085912.0,8.87597037,9.22288717,0.9207832,3.45771115,-3.45705004,1.81328311,1
2020-05-22,1,10.47,10.48,10.15,10.15,85623733.0,1119433491.0,19405752680.0,0.0044122861097908,18.56851788553653,26.06779516887221,3.569963318865163,10.506666666666668,-0.0552083333333346,-0.0217978487399275,0.0254956785848278,-0.0472935273247553,0.0,0.0,10.61,10.59,65.09027136011163,78.03388161857244,4.2859226992503965,5.377722397464885,6.469522095679373,7.561321793893861,8.65312149210835,1.1860212853125105,250724463118.16,250722324625.6,8.55802516,8.8925151,0.88779992,3.33385284,-3.33321541,1.74832968,1
2020-05-25,1,10.19,10.2,10.03,10.18,41017078.0,528769353.0,19405752680.0,0.0021136556090541,18.629011923691028,23.58820075381181,8.710634263449457,10.451041666666669,-0.0556249999999991,-0.0469232405311093,0.0110118947616403,-0.0579351352927496,30.00000000000007,15.151515151515184,10.61,10.56,60.44762709935996,65.09027136011163,4.285323198554994,5.376970179437825,6.468617160320655,7.560264141203485,8.651911122086316,1.185855388576801,251500699846.08,251498554732.8,8.58452059,8.9200461,0.89054853,3.34417436,-3.34353496,1.75374247,-1
2020-05-26,1,10.23,10.27,10.17,10.25,39621240.0,515451849.0,19405752680.0,0.0020417265258066,23.364614914301512,23.51367214064172,23.066500461621104,10.40916666666667,-0.0418749999999992,-0.0604895931819662,-0.0032884028270809,-0.0572011903548852,100.0,22.22222222222228,10.61,10.53,59.96817365812712,60.44762709935996,4.288318951764377,5.380729073440789,6.4731391951172,7.565549316793611,8.657959438470021,1.186684387912812,253053173301.92,253051014947.2,8.63751146,8.97510811,0.89604574,3.36481742,-3.36417407,1.76456804,-1
2020-05-27,1,10.25,10.36,10.18,10.21,48296294.0,630305864.0,19405752680.0,0.0024887616984717,24.53163382346476,23.85299270158273,25.888916067228827,10.385625000000005,-0.0235416666666665,-0.0736200450516477,-0.0173547312719943,-0.0562653137796534,81.81818181818225,18.18181818181833,10.61,10.5,60.91014367884124,59.96817365812712,4.284727382118229,5.376222584200671,6.467717786283113,7.559212988365554,8.650708190447997,1.1856905113669844,252276936574.0,252274784840.0,8.61101603,8.94757711,0.89329713,3.35449589,-3.35385451,1.75915525,-1
2020-05-28,1,10.28,10.53,10.24,10.44,96076031.0,1255226999.0,19405752680.0,0.004950904640716,36.75243249922527,28.15280596746358,53.95168556274865,10.390104166666667,0.0044791666666661,-0.0647208828976744,-0.0268279615971303,-0.037892921300544,100.0,41.41414141414142,10.61,10.48,73.32103667659044,60.91014367884124,4.357784162730081,5.467889913023878,6.577995663317676,7.688101413611473,8.79820716390527,1.2059071374991397,253635350847.86,253633187527.6,8.65738304,8.99575637,0.89810719,3.37255856,-3.37191373,1.76862763,-1
2020-05-29,1,10.4,10.42,10.32,10.39,45780822.0,594502124.0,19405752680.0,0.002359136631025,42.41206942734427,32.905893787423814,61.42442070718518,10.389166666666668,-0.0009375000000009,-0.0609996489263551,-0.0336622990629752,-0.0273373498633798,80.76923076923116,36.36363636363648,10.61,10.46,77.93706945959663,73.32103667659044,4.360266160647248,5.471004177261995,6.581742193876742,7.69248021049149,8.803218227106237,1.206593967982661,252276936574.0,252274784840.0,8.61101603,8.94757711,0.89329713,3.35449589,-3.35385451,1.75915525,-1
2020-06-01,1,10.47,10.7,10.45,10.64,88296055.0,1173619007.0,19405752680.0,0.0045499938320351,58.62297165803057,41.47825307762607,92.91240881883958,10.451875,0.0627083333333331,-0.0374459795878401,-0.0344190351679482,-0.0030269444198918,100.0,61.616161616161726,10.61,10.46,89.47869595047865,77.93706945959663,4.357909512812537,5.468047194896009,6.578184876979482,7.688322559062954,8.798460241146426,1.2059418249810054,258486830397.36,258484625697.6,8.8229795,9.16782516,0.91528599,3.4370681,-3.43641093,1.80245754,-1
2020-06-02,1,10.62,10.89,10.61,10.83,88345888.0,1194375822.0,19405752680.0,0.0045525617819014,70.0897330433382,51.01541306619678,108.23837299762106,10.524895833333336,0.0730208333333344,-0.0034088200823045,-0.0282169921508195,0.0248081720685149,100.0,82.47422680412373,10.61,10.47,99.90801790481858,89.47869595047865,4.36043650552885,5.471217915947774,6.581999326366698,7.692780736785621,8.803562147204545,1.2066411066432483,262950191582.9,262947948814.0,8.97532824,9.32612845,0.93109047,3.49641687,-3.49574836,1.83358105,1
2020-06-03,1,10.9,11.09,10.79,10.82,95680308.0,1308782295.0,19405752680.0,0.0049305125947838,71.5692559911563,57.86669404118328,98.97437989110232,10.596041666666668,0.0711458333333325,0.0224995962833691,-0.0180736744639817,0.0405732707473509,97.36842105263165,81.4432989690722,10.61,10.48,101.6369103798064,99.90801790481858,4.359627681652245,5.470203051569192,6.580778421486139,7.6913537914030865,8.801929161320032,1.2064172849831214,262756132400.92,262753891287.2,8.96870439,9.3192457,0.93040332,3.49383649,-3.49316847,1.83222786,1
2020-06-04,1,10.81,10.9,10.72,10.84,58306633.0,788707630.0,19405752680.0,0.0030046055910056,73.18453544064509,62.97264117433722,93.60832397326082,10.648333333333335,0.052291666666667,0.0441372490338718,-0.005631489764411,0.0497687387982829,100.0,83.50515463917526,10.61,10.51,102.13974773215972,101.6369103798064,4.358030244247944,5.468198681562902,6.57836711887786,7.688535556192817,8.798703993507774,1.2059752343684926,263338309946.86,263336063867.6,8.98857596,9.33989395,0.93246478,3.50157763,-3.50090814,1.83628745,1
2020-06-05,1,10.87,10.88,10.73,10.86,38302690.0,517232136.0,19405752680.0,0.0019737801790845,73.78969029376337,66.57832421414594,88.21242245299823,10.671666666666669,0.0233333333333334,0.0621822789776125,0.0079312639839936,0.0542510149936188,100.0,85.56701030927829,10.61,10.53,100.22948683345236,102.13974773215972,4.359645471927307,5.470225373754488,6.580805275581669,7.691385177408851,8.801965079236032,1.2064222079941918,263726428310.82,263724178921.2,9.00182368,9.35365945,0.93383908,3.5067384,-3.50606791,1.83899384,1
2020-06-08,1,10.93,11.07,10.85,10.88,58597190.0,802115792.0,19405752680.0,0.0030195783160934,74.8341525035346,69.33026697727549,85.84192355605282,10.703645833333336,0.031979166666666,0.0772069345862114,0.0217863981044372,0.0554205364817742,100.0,87.62886597938153,10.61,10.56,96.25984417536054,100.22948683345236,4.358053859644617,5.468228312766384,6.578402765888152,7.688577219009918,8.798751672131687,1.2059817693354251,264308605856.76,264306351501.6,9.02169525,9.37430771,0.93590053,3.51447954,-3.51380758,1.84305343,1
2020-06-09,1,10.9,10.97,10.81,10.92,47430007.0,646895835.0,19405752680.0,0.0024441209667111,76.55610166902306,71.73887854119134,86.19054792468651,10.7390625,0.0354166666666664,0.0912894204950998,0.0356870025825697,0.05560241791253,100.0,100.0,10.61,10.6,96.83419329370878,96.25984417536054,4.358077297474856,5.468257721170005,6.578438144865153,7.688618568560302,8.79879899225545,1.2059882551653145,265278901766.66,265276639135.6,9.05481455,9.40872147,0.93933629,3.52738145,-3.52670702,1.84981941,1
2020-06-10,1,10.96,10.96,10.71,10.78,58047620.0,781995749.0,19405752680.0,0.0029912583632906,70.95082102610193,71.4761927028282,69.90007767264939,10.743020833333333,0.0039583333333315,0.0901142807314645,0.0465724582123486,0.0435418225191158,33.33333333333277,84.26966292134826,10.61,10.62,86.8584254755381,96.83419329370878,4.359609764378619,5.470180570033607,6.580751375688594,7.691322181343582,8.80189298699857,1.2064123268283935,261785836491.02,261783603653.2,8.93558509,9.28483194,0.92696756,3.48093458,-3.48026903,1.82546187,1
2020-06-11,1,10.69,10.7,10.39,10.45,134903982.0,1774199979.0,19405752680.0,0.0069517521028202,50.157690207877415,64.37002520451126,21.733020214609724,10.690625,-0.0523958333333318,0.0618418574895098,0.0496263380677809,0.0122155194217289,11.320754716980904,47.19101123595502,10.61,10.64,75.52193653779773,86.8584254755381,4.3586234542357065,5.468943006381954,6.579262558528201,7.689582110674448,8.799901662820695,1.2061393903091189,253829410029.84,253827245054.4,8.6640069,9.00263912,0.89879435,3.37513894,-3.37449362,1.76998082,1
2020-06-12,1,10.31,10.4,10.28,10.38,103055057.0,1331618729.0,19405752680.0,0.0053105416058512,37.55368647603356,55.43124562835203,1.7985681713966244,10.623541666666666,-0.0670833333333345,0.033402302442516,0.0463815309427279,-0.0129792285002118,20.000000000000284,39.32584269662935,10.61,10.64,67.49845959811513,75.52193653779773,4.359422964887943,5.469946185077244,6.580469405266543,7.690992625455842,8.801515845645142,1.2063606347686964,252082877392.02,252080727313.2,8.60439217,8.94069436,0.89260998,3.35191551,-3.35127463,1.75780206,1
2020-06-15,1,10.27,10.36,10.23,10.25,66031307.0,850767506.0,19405752680.0,0.0034026666261728,25.810984782471973,45.55782534639201,-13.6826963453681,10.543854166666666,-0.0796875000000003,0.0003695763807094,0.0371791400303242,-0.0368095636496148,9.090909090908944,24.71910112359556,10.61,10.62,57.36692651635542,67.49845959811513,4.361909445208879,5.473066073570587,6.584222701932295,7.695379330294002,8.80653595865571,1.207048705644696,248783871298.36,248781749357.6,8.49178658,8.82368758,0.8809284,3.30804902,-3.30741653,1.73479772,1
2020-06-16,1,10.31,10.38,10.28,10.3,71805910.0,927043688.0,19405752680.0,0.003700238335718,19.98510096609244,37.03358388629215,-14.11186487430698,10.501041666666666,-0.0428125000000001,-0.0215263722589469,0.02543803757247,-0.0469644098314169,46.66666666666674,30.337078651685527,10.61,10.6,52.08144279346554,57.36692651635542,4.359383869035535,5.469897129913187,6.580410390790839,7.690923651668491,8.801436912546142,1.2063498159750836,250142285572.22,250140152045.2,8.53815358,8.87186684,0.88573846,3.32611169,-3.32547575,1.74427009,1
2020-06-17,1,10.3,10.32,10.2,10.27,71646824.0,918251153.0,19405752680.0,0.0036920404573557,16.005392981226382,30.02418691793689,-12.032194892194632,10.455208333333331,-0.0458333333333342,-0.040829165383931,0.0121845969811898,-0.0530137623651208,69.99999999999929,26.966292134831463,10.61,10.58,53.05682233159459,52.08144279346554,4.360217174511408,5.470942712355053,6.581668250198699,7.692393788042343,8.803119325885989,1.20658041230192,249366048844.3,249363921938.0,8.51165815,8.84433583,0.88298986,3.31579017,-3.31515619,1.73885731,1
2020-06-18,1,10.2,10.23,10.06,10.2,111964780.0,1419972017.0,19405752680.0,0.0057696695328593,15.290724033688836,25.11303262318754,-4.353893145308568,10.411666666666664,-0.0435416666666661,-0.0610711923008402,-0.0024665608752161,-0.058604631425624,58.33333333333278,19.1011235955056,10.61,10.55,56.15854238529947,53.05682233159459,4.361042337380704,5.471978077935619,6.582913818490534,7.693849559045448,8.804785299600363,1.2068087553672315,247619516206.48,247617404196.8,8.45204342,8.78239107,0.87680549,3.29256674,-3.2919372,1.72667854,1
2020-06-19,1,10.17,10.26,10.08,10.23,153952178.0,1954584920.0,19405752680.0,0.0079333268097694,16.42092224956545,22.21566249864684,4.831441751402672,10.382916666666668,-0.0287499999999987,-0.0738411998021124,-0.0167414886605954,-0.057099711141517,80.95238095238128,22.47191011235965,10.61,10.52,61.2716715746366,56.15854238529947,4.36020058894912,5.470921901772117,6.581643214595115,7.692364527418111,8.803085840241108,1.206575822664803,248395752934.4,248393634304.0,8.47853886,8.80992208,0.8795541,3.30288826,-3.30225675,1.73209133,1
2020-06-22,1,10.18,10.2,10.09,10.1,131907979.0,1671023279.0,19405752680.0,0.0067973647389594,12.42876298119175,18.953362659495145,-0.6204363754150393,10.3375,-0.0454166666666679,-0.0933750666500934,-0.032068204258495,-0.0613068623915983,23.52941176470539,7.86516853932587,10.61,10.49,55.03938284961029,61.2716715746366,4.359283415196336,5.469771086375102,6.580258757553868,7.690746428732634,8.801234099911401,1.20632201790222,245290806022.72,245288713875.2,8.37255712,8.69979805,0.86855967,3.26160216,-3.26097854,1.71044018,1
2020-06-23,1,10.11,10.14,10.01,10.07,99080673.0,1248046647.0,19405752680.0,0.0051057371818468,11.184392712098877,16.363706010363057,0.8257661155705094,10.296979166666665,-0.0405208333333337,-0.1100084373526417,-0.0476562508773243,-0.0623521864753173,27.27272727272742,6.593406593406647,10.61,10.45,52.18348680856138,55.03938284961029,4.360132935609777,5.47083701436192,6.581541093114062,7.692245171866204,8.802949250618346,1.2065571013051066,244514569294.8,244512483768.0,8.34606169,8.67226704,0.86581107,3.25128063,-3.25065899,1.7050274,1
2020-06-24,1,10.1,10.29,10.07,10.23,152322048.0,1946329095.0,19405752680.0,0.0078493243994079,26.25968061148475,19.66236421073696,39.45431341298034,10.277395833333332,-0.0195833333333332,-0.1090230903264029,-0.05992961876714,-0.0490934715592628,100.0,24.175824175824243,10.59,10.42,64.9005146323525,52.18348680856138,4.36020058894912,5.470921901772117,6.581643214595115,7.692364527418111,8.803085840241108,1.206575822664803,248395752934.4,248393634304.0,8.47853886,8.80992208,0.8795541,3.30288826,-3.30225675,1.73209133,1
2020-06-29,1,10.32,10.36,10.16,10.23,103848006.0,1330678289.0,19405752680.0,0.0053514031489759,37.32627356080966,25.55033399409452,60.87815269423995,10.273020833333332,-0.0043749999999995,-0.1070086664132361,-0.0693454282963593,-0.0376632381168768,100.0,24.175824175824243,10.57,10.39,71.19612648380517,64.9005146323525,4.36020058894912,5.470921901772117,6.581643214595115,7.692364527418111,8.803085840241108,1.206575822664803,248395752934.4,248393634304.0,8.47853886,8.80992208,0.8795541,3.30288826,-3.30225675,1.73209133,1
2020-06-30,1,10.25,10.29,10.17,10.23,93794022.0,1199181601.0,19405752680.0,0.0048333101810921,44.70400219369293,31.93489006062732,70.24222645982414,10.276666666666666,0.0036458333333335,-0.1042109420776995,-0.0763185310526273,-0.0278924110250722,100.0,24.175824175824243,10.55,10.37,76.54472818416005,71.19612648380517,4.36020058894912,5.470921901772117,6.581643214595115,7.692364527418111,8.803085840241108,1.206575822664803,248395752934.4,248393634304.0,8.47853886,8.80992208,0.8825479,3.30288826,-3.30225675,1.73209133,1
2020-07-01,1,10.22,10.51,10.18,10.48,169739001.0,2202800844.0,19405752680.0,0.0087468393418688,61.13600146246199,41.66859386123888,100.0708166649082,10.3109375,0.0342708333333341,-0.0808883837854388,-0.0772325015991896,-0.0036558821862491,100.0,51.64835164835171,10.54,10.36,89.54784644965262,76.54472818416005,4.357809615914343,5.467921850174569,6.578034084434795,7.688146318695021,8.798258552955247,1.2059141810275542,254605646757.76,254603475161.6,8.69050233,9.03017013,0.90461159,3.38546047,-3.38481317,1.77539361,1
2020-07-02,1,10.45,10.78,10.36,10.73,259050119.0,3433511084.0,19405752680.0,0.01334914049827,71.92616547713921,51.75445106653899,112.26959429833964,10.3915625,0.0806249999999995,-0.0417508992683064,-0.070136181133013,0.0283852818647065,100.0,79.12087912087917,10.54,10.36,100.2377051389752,89.54784644965262,4.358775636114776,5.4691339552060425,6.579492274297309,7.689850593388576,8.800208912479842,1.206181502815685,260621481399.14,260619258492.4,8.89584194,9.24353543,0.9259858,3.46545229,-3.4647897,1.8173427,1
2020-07-03,1,10.84,11.44,10.84,11.39,376833363.0,5280918011.0,19405752680.0,0.0194186419467446,80.11860915259166,61.20917042855655,117.93748660066188,10.576875,0.1853125000000002,0.0420377384504533,-0.0477013972163197,0.089739135666773,100.0,100.0,10.57,10.4,110.52992119435064,100.2377051389752,4.360634283616158,5.471466076198082,6.582297868780005,7.693129661361928,8.80396145394385,1.206695836753373,276534334321.5,276531975690.0,9.43899834,9.80792106,0.98252402,3.67704357,-3.67634053,1.9283048,1
2020-07-06,1,11.67,12.53,11.66,12.53,471146078.0,7168653356.0,19405752680.0,0.0242786809545178,86.74573943506111,69.72136009739141,120.7944981104005,10.912291666666665,0.3354166666666653,0.1981452154272549,0.0014679253123952,0.1966772901148597,100.0,100.0,10.64,10.49,120.46084870334786,110.52992119435064,4.359591708894855,5.470157915080112,6.580724121265368,7.691290327450625,8.801856533635881,1.2064073304274867,304284797344.64,304282202022.4,10.3862101,10.79215454,1.08112117,4.04603812,-4.04526452,2.12181187,1
2020-07-07,1,13.03,13.29,12.01,12.37,396442747.0,6267919683.0,19405752680.0,0.0204291352949469,81.81423279410579,73.75231766296287,97.93806305639164,11.199895833333333,0.2876041666666662,0.3054300453614758,0.0622603493222113,0.2431696960392644,90.53254437869822,93.65079365079364,10.7,10.62,120.2876903241243,120.46084870334786,4.359528775555889,5.470078950047316,6.580629124538744,7.69117929903017,8.801729473521597,1.2063899152091528,300403613705.04,300401051486.4,10.25373293,10.65449951,1.06733136,3.99443049,-3.99366676,2.09474795,1
2020-07-08,1,12.17,12.79,12.17,12.59,263133916.0,4095447757.0,19405752680.0,0.0135595830957482,80.62977838447632,76.04480457013402,89.79972601316095,11.466354166666669,0.2664583333333361,0.4035542848214888,0.1305191364220668,0.273035148399422,100.0,100.0,10.77,10.77,121.12585096641692,120.2876903241243,4.35823176957192,5.468451543624224,6.578671317676529,7.688891091728832,8.799110865781136,1.2060310014320952,305837270800.48,305834662236.8,10.43920097,10.84721656,1.0866371,4.06668117,-4.06590363,2.13263745,1
2020-07-09,1,12.51,12.51,12.23,12.41,224399440.0,3469517330.0,19405752680.0,0.0115635525042669,77.71484693150393,76.60148535725732,79.94157007999715,11.598749999999995,0.1323958333333301,0.4614743666226779,0.196710182462189,0.2647641841604889,68.96551724137936,93.0232558139535,10.84,10.92,114.9119052826514,121.12585096641692,4.3595446619140805,5.470098883310293,6.580653104706505,7.691207326102717,8.801761547498929,1.2063943113591264,301373909614.94,301371339120.4,10.28685222,10.68891327,1.07077881,4.0073324,-4.0065662,2.10151393,1
2020-07-10,1,12.27,12.37,11.8,11.88,215877326.0,3254272378.0,19405752680.0,0.0111243984997545,70.07912872356674,74.42736647936046,61.38265321197932,11.65375,0.0550000000000032,0.4593151786706446,0.2492311817038801,0.2100839969667645,10.126582278481033,72.4806201550388,10.89,11.06,98.49574946059536,114.9119052826514,4.3615257042826805,5.472584578145109,6.5836434520075375,7.694702325869965,8.805761199732393,1.2069425149972082,288371944422.28,288369484824.8,9.84305371,10.22776891,1.02458295,3.83444684,-3.8337137,2.01084977,1
2020-07-13,1,11.75,12.05,11.59,11.9,193716012.0,2871414845.0,19405752680.0,0.0099824013628519,65.15457456169187,71.3364358401376,52.79085200480043,11.666458333333331,0.0127083333333324,0.4539845877832036,0.2901818629197448,0.1638027248634587,37.80487804878054,73.2558139534884,10.94,11.17,90.39591113797644,98.49574946059536,4.360066055777724,5.470753097502935,6.581440139228145,7.692127180953356,8.802814222678567,1.2065385939940934,288954121968.22,288951657405.2,9.86292528,10.24841717,1.02665142,3.84218799,-3.84145336,2.01490936,1
2020-07-14,1,11.91,12.14,11.63,11.73,195356627.0,2891773817.0,19405752680.0,0.0100669440769148,59.02227610142372,67.23171592723297,42.60339644980522,11.6165625,-0.0498958333333323,0.4310733318140336,0.3183601566986026,0.112713175115431,45.161290322580754,66.66666666666669,10.98,11.27,80.54711085653702,90.39591113797644,4.359259894151213,5.469741573558366,6.580223252965519,7.690704932372671,8.801186611779823,1.2063155090447053,284878879146.64,284876449342.4,9.72382425,10.10387938,1.01217212,3.78799997,-3.78727571,1.98649224,1
2020-07-15,1,11.81,11.88,11.37,11.4,204256283.0,2947173150.0,19405752680.0,0.010525553240226,46.96723168666344,60.47688784704312,19.94791936590407,11.565520833333334,-0.0510416666666664,0.381885614666519,0.3310652482921859,0.0508203663743331,5.660377358490768,53.87596899224808,11.01,11.34,68.74901632045525,80.54711085653702,4.358345781785541,5.468594599408895,6.578843417032247,7.689092234655599,8.799341052278953,1.2060625514439898,276922452685.46,276920090743.6,9.45224606,9.82168656,0.98390301,3.68220434,-3.6815003,1.93101119,1
2020-07-16,1,11.43,11.63,11.28,11.31,193089129.0,2771496391.0,19405752680.0,0.009950097385246,31.809000228919924,50.92092530766872,-6.414849928577667,11.491041666666668,-0.0744791666666664,0.331816769440783,0.3312155525219053,0.0006012169188776,6.666666666666903,50.387596899224825,11.03,11.39,58.80645584281886,68.74901632045525,4.360607229647597,5.471432130477899,6.582257031308201,7.693081932138503,8.803906832968805,1.2066883502481751,274593742501.7,274591400422.0,9.37275975,9.73909355,0.97562912,3.65123976,-3.65054164,1.91477283,1
2020-07-17,1,11.32,11.41,11.15,11.3,129134677.0,1821043928.0,19405752680.0,0.0066544534051023,23.54244875074413,41.79476645536053,-12.962186658488648,11.434895833333334,-0.0561458333333337,0.2880099332161663,0.3225744286607575,-0.0345644954445912,60.00000000000014,50.00000000000003,11.06,11.41,53.494781541763246,58.80645584281886,4.35983284718301,5.470460481146767,6.581088115110523,7.691715749074279,8.802343383038036,1.2064740593823755,274399683319.72,274397342895.2,9.3661359,9.73221079,0.97493963,3.64865938,-3.64796176,1.91341964,-1
2020-07-20,1,11.37,11.8,11.27,11.77,197963200.0,2872758056.0,19405752680.0,0.0102012636801264,28.296591850089573,37.295374920270206,10.299025709728312,11.497291666666667,0.0623958333333334,0.2878990508952714,0.3156393531076603,-0.0277403022123888,100.0,68.21705426356588,11.1,11.45,68.2116436550778,53.494781541763246,4.359277551544305,5.469763729011222,6.58024990647814,7.690736083945057,8.801222261411974,1.2063203952840331,285849175056.54,285846736976.4,9.75694355,10.13829314,1.01561957,3.80090188,-3.80017515,1.99325822,-1
2020-07-21,1,11.73,11.73,11.51,11.58,125286569.0,1815570301.0,19405752680.0,0.0064561561237005,29.40361025300089,34.6647866978471,18.88125736330848,11.524270833333334,0.0269791666666669,0.2693745812604362,0.3063863987382155,-0.0370118174777792,69.35483870967747,60.852713178294586,11.13,11.47,75.20732042999761,68.2116436550778,4.359944683975049,5.470600807341057,6.581256930707065,7.691913054073072,8.80256917743908,1.2065050074010748,281191754689.02,281189356333.2,9.59797094,9.9731071,0.9990718,3.73897273,-3.73825784,1.96078151,-1
2020-07-22,1,11.58,11.71,11.4,11.52,131295159.0,1895447229.0,19405752680.0,0.0067657854433709,29.71169645282025,33.013756616171484,23.10757612611779,11.525520833333337,0.0012500000000006,0.2470049873156465,0.2945101164537017,-0.0475051291380551,50.0,58.52713178294572,11.16,11.49,78.49662737717549,75.20732042999761,4.361433988745878,5.472469498912218,6.583505009078558,7.694540519244898,8.805576029411236,1.2069171350297017,279639281233.18,279636896118.8,9.54498007,9.91804509,0.99355587,3.71832968,-3.71761873,1.94995594,-1
2020-07-23,1,11.38,11.42,11.04,11.2,202752587.0,2838535211.0,19405752680.0,0.0104480661143827,24.656282483698348,30.227931905347106,13.512983640400831,11.455,-0.0705208333333349,0.2011370149963305,0.2758354961622274,-0.0746984811658969,29.629629629629605,46.12403100775192,11.16,11.49,71.32255174888044,78.49662737717549,4.3613475144966,5.472360996137022,6.5833744777774434,7.694387959417865,8.805401441058287,1.206893205456662,271876913953.98,271874595046.8,9.28002573,9.64273502,0.96597625,3.61511442,-3.61442321,1.89582808,-1
2020-07-24,1,11.16,11.18,10.72,10.79,183088183.0,2504647111.0,19405752680.0,0.00943473752444,18.080714144061776,26.178859318251995,1.884423795681343,11.336145833333331,-0.1188541666666669,0.1302018570253977,0.2467087683348615,-0.1165069113094637,8.749999999999826,28.57142857142853,11.13,11.47,61.40090438629576,71.32255174888044,4.360421592295716,5.471199203704584,6.581976815113452,7.692754426522319,8.803532037931186,1.2066369797811536,261979895673.0,261977661180.0,8.94220895,9.29171469,0.93081223,3.48351496,-3.48284892,1.82681507,-1
2020-07-27,1,10.92,10.93,10.47,10.58,188065335.0,2497551472.0,19405752680.0,0.0096912156977979,14.654282242613275,22.337333626372423,-0.711820524905022,11.193333333333335,-0.142812499999998,0.0563899599595636,0.2086450066598019,-0.1522550467002383,15.068493150684882,17.28395061728395,11.1,11.43,53.57616754039815,61.40090438629576,4.359518128223616,5.470065590404306,6.580613052584994,7.691160514765682,8.801707976946371,1.2063869688278033,256934356941.52,256932165483.2,8.76998863,9.11276315,0.91288548,3.41642505,-3.41577183,1.79163197,-1
2020-07-28,1,10.66,10.73,10.53,10.66,121700599.0,1618089559.0,19405752680.0,0.0062713671047362,14.531426256980266,19.735364503241705,4.123549764457387,11.0825,-0.1108333333333337,0.0042992718315204,0.1677758596941456,-0.1634765878626252,59.37500000000012,20.24793388429753,11.06,11.37,50.01278344480909,53.57616754039815,4.359555191881995,5.470112095691446,6.580668999500898,7.691225903310349,8.801782807119801,1.2063972252628423,258874948761.32,258872740751.2,8.83622722,9.18159066,0.91978039,3.44222886,-3.44157071,1.80516393,-1
2020-07-29,1,10.67,10.89,10.56,10.82,151958025.0,2043847473.0,19405752680.0,0.0078305658897019,18.459547329214903,19.31009211189944,16.75845776384584,11.038645833333334,-0.0438541666666676,-0.0237979826486434,0.1294610912255878,-0.1532590738742312,100.0,26.5560165975104,11.04,11.32,55.05413011054269,50.01278344480909,4.359627681652245,5.470203051569192,6.580778421486139,7.6913537914030865,8.801929161320032,1.2064172849831214,262756132400.92,262753891287.2,8.96870439,9.3192457,0.9335702,3.49383649,-3.49316847,1.83222786,-1
2020-07-30,1,10.79,10.8,10.68,10.68,96406763.0,1294444933.0,19405752680.0,0.0049679476281978,17.56952278088009,18.729902334892987,15.248763672854288,10.994791666666666,-0.0438541666666676,-0.0567083902026332,0.0922271949399436,-0.1489355851425769,51.72413793103444,14.349775784753373,11.02,11.26,58.19391411914586,55.05413011054269,4.357934021284783,5.468077946677918,6.578221872071054,7.688365797464188,8.798509722857323,1.2059486070841356,259457126307.26,259454913331.6,8.85609879,9.20223892,0.92184886,3.44997,-3.44931037,1.80922352,-1
2020-07-31,1,10.61,10.81,10.59,10.66,116582191.0,1559068292.0,19405752680.0,0.0060076098527295,16.739470213708405,18.066424961164795,14.085560718795628,10.961354166666666,-0.0334374999999997,-0.0834420896799468,0.0570933380159655,-0.1405354276959123,38.46153846153835,8.962264150943376,11.0,11.2,58.15302982632909,58.19391411914586,4.359555191881995,5.470112095691446,6.580668999500898,7.691225903310349,8.801782807119801,1.2063972252628423,258874948761.32,258872740751.2,8.83622722,9.18159066,0.91978039,3.44222886,-3.44157071,1.80516393,-1
2020-08-03,1,10.76,10.88,10.73,10.86,144509616.0,1954607257.0,19405752680.0,0.0074467410969807,21.64351777688084,19.258789233070143,26.412974864502225,10.964791666666668,0.0034375000000004,-0.0874819728638254,0.0281782758400073,-0.1156602487038327,100.0,18.39622641509429,10.99,11.15,73.33809839362559,58.15302982632909,4.359645471927307,5.470225373754488,6.580805275581669,7.691385177408851,8.801965079236032,1.2064222079941918,263726428310.82,263724178921.2,9.00182368,9.35365945,0.93701765,3.5067384,-3.50606791,1.83899384,-1
2020-08-04,1,10.92,11.31,10.77,11.22,244566325.0,3388510059.0,19405752680.0,0.0126027744985153,40.74480132493812,26.420793263692804,69.39281744742877,11.0425,0.0777083333333337,-0.0609322292288148,0.0103561748262429,-0.0712884040550577,100.0,35.37735849056605,10.99,11.12,85.17262846562896,73.33809839362559,4.3597998730160175,5.470419107111624,6.581038341207232,7.6916575753028384,8.802276809398444,1.2064649346111973,272459091499.92,272456767627.2,9.29989731,9.66338328,0.96804472,3.62285556,-3.62216288,1.89988767,-1
2020-08-05,1,11.04,11.07,10.88,11.0,144020313.0,1980352978.0,19405752680.0,0.0074215267696589,48.19494691503809,33.678844480807896,77.22715178349847,11.071770833333334,0.0292708333333333,-0.0569866212044747,-0.0031123843799006,-0.0538742368245741,55.10204081632642,24.99999999999998,10.99,11.09,86.74228780071832,85.17262846562896,4.361290913830307,5.4722899769674775,6.583289040104646,7.694288103241816,8.805287166378985,1.2068775426461782,267025434404.48,267023156876.8,9.11442927,9.47066623,0.94873899,3.55060488,-3.54992601,1.86199818,-1
2020-08-06,1,11.04,11.16,10.91,11.11,135251068.0,1868047342.0,19405752680.0,0.0069696378300952,57.526790006850746,41.62815965615551,89.32405070824122,11.091979166666668,0.0202083333333344,-0.0444709839067218,-0.0113841042852648,-0.033086879621457,75.55555555555534,32.98969072164943,11.0,11.08,90.59046679839024,86.74228780071832,4.360537884584427,5.471345120392667,6.582152356200906,7.692959592009145,8.803766827817384,1.206669160746469,269742262952.2,269739962252.0,9.20716329,9.56702475,0.95839186,3.58673022,-3.58604444,1.88094292,-1
2020-08-07,1,11.03,11.11,10.88,10.95,98867837.0,1356305781.0,19405752680.0,0.0050947695062555,56.29991128661842,46.51874353297648,75.86224679390229,11.052395833333334,-0.0395833333333346,-0.0469220260933074,-0.0184916886468733,-0.028430337446434,30.434782608695183,33.56643356643348,10.99,11.06,85.00657801464405,90.59046679839024,4.360480587288896,5.471273227133942,6.582065866978987,7.692858506824033,8.803651146669079,1.2066533051613688,265861079312.6,265858811716.0,9.07468612,9.42936972,0.94460204,3.53512259,-3.53444668,1.853879,-1
2020-08-10,1,10.92,11.2,10.88,11.15,158771035.0,2208568316.0,19405752680.0,0.0081816478658739,63.75549641330116,52.26432782641805,86.73783358706739,11.0715625,0.0191666666666669,-0.0323532183922736,-0.0212639945959534,-0.0110892237963202,100.0,47.55244755244754,10.99,11.06,94.59417406307992,85.00657801464405,4.360551953379764,5.471362773085237,6.582173592790709,7.69298441249618,8.803795232201653,1.2066730539316473,270712558862.1,270710249886.0,9.24028258,9.60143851,0.96183931,3.59963213,-3.59894388,1.88770891,-1
2020-08-11,1,11.16,11.72,11.16,11.29,260330789.0,3748036828.0,19405752680.0,0.0134151348464985,63.15263182715649,55.89376249333086,77.67037049480776,11.101354166666669,0.0297916666666679,-0.0094021215508117,-0.0188916199869251,0.0094894984361133,100.0,63.076923076923016,10.99,11.06,92.82850712114588,94.59417406307992,4.359057373294431,5.469487462361339,6.579917551428247,7.690347640495154,8.800777729562062,1.2062594664924433,274205624137.74,274203285368.4,9.35951204,9.72532804,0.97425014,3.64607899,-3.64538187,1.91206644,-1
2020-08-12,1,11.36,11.59,11.31,11.49,159681170.0,2287731088.0,19405752680.0,0.0082285481338,68.65042711780933,60.14598403482368,85.65931328378063,11.166979166666668,0.0656249999999989,0.024641069667437,-0.0101850820560526,0.0348261517234897,100.0,78.4615384615385,11.0,11.07,98.04570830803203,92.82850712114588,4.359151348291729,5.469605376631669,6.580059404971608,7.690513433311547,8.800967461651485,1.2062854717088,279057103687.24,279054723538.4,9.5251085,9.89739683,0.9914874,3.71058853,-3.70987907,1.94589635,-1
2020-08-13,1,11.51,11.56,11.3,11.33,83726175.0,1190139725.0,19405752680.0,0.0043145028374132,65.96897161389307,62.08697989451347,73.73295505265229,11.203958333333334,0.0369791666666667,0.0382687429048971,-0.0004943170638627,0.0387630599687598,51.51515151515148,66.15384615384616,11.01,11.09,97.19849159792034,98.04570830803203,4.3590764343137485,5.4695113790013945,6.57994632368904,7.690381268376685,8.80081621306433,1.206264741150018,275175920047.64,275173573002.4,9.39263133,9.7597418,0.97769759,3.6589809,-3.65828131,1.91883242,-1
2020-08-14,1,11.27,11.6,11.24,11.56,110321582.0,1578543607.0,19405752680.0,0.0056849937139361,71.69861265487607,65.290857481301,84.51412300202622,11.257083333333334,0.0531249999999996,0.0668571621888922,0.0129759787866882,0.0538811834022039,100.0,83.84615384615391,11.02,11.12,101.5141238300854,97.19849159792034,4.358430328676272,5.468700683848542,6.578971039020811,7.68924139419308,8.79951174936535,1.2060859476690389,280803636325.06,280801241279.6,9.58472323,9.9593416,0.99769282,3.73381196,-3.73309806,1.95807512,-1
2020-08-17,1,11.67,12.27,11.63,12.14,326802780.0,4923669137.0,19405752680.0,0.0168405104088959,78.01490244138023,69.53220580132741,94.98029572148587,11.395520833333334,0.1384375000000002,0.1347613976713511,0.0373330625636208,0.0974283351077302,100.0,100.0,11.05,11.17,109.61942301325077,101.5141238300854,4.360152887585026,5.470862048920799,6.581571210256572,7.692280371592346,8.802989532928118,1.2065626225123214,294775897427.62,294773383209.2,10.06164104,10.45489971,1.04733614,3.91959943,-3.91885001,2.05550525,-1
2020-08-18,1,12.15,12.23,11.92,12.11,135026107.0,2033477708.0,19405752680.0,0.0069580453397801,81.50633783861798,73.52358314709093,97.47184722167208,11.538125,0.1426041666666648,0.1840338169505262,0.0666732134410019,0.1173606035095243,96.66666666666652,98.2035928143712,11.08,11.24,115.68744513550445,109.61942301325077,4.360861719395481,5.471751449166816,6.58264117893815,7.6935309087094845,8.804420638480819,1.2067587738836594,293999660699.7,293997153102.0,10.0351456,10.42736871,1.04457817,3.9092779,-3.90853045,2.05009247,-1
2020-08-19,1,12.08,12.27,11.96,12.07,142092811.0,2154215097.0,19405752680.0,0.0073222004496864,82.87472882286762,76.64063170568316,95.34292305723656,11.64625,0.1081250000000011,0.2173494295829225,0.096808456669386,0.1205409729135365,86.2745098039215,95.80838323353292,11.12,11.31,119.8038855395281,115.68744513550445,4.360849794365318,5.471736486344036,6.582623178322753,7.69350987030147,8.804396562280187,1.2067554739315618,293029364789.8,293026865468.0,10.00202631,10.39295495,1.04113072,3.896376,-3.89563101,2.04332649,-1
2020-08-20,1,12.0,12.1,11.61,11.66,133380162.0,1962605014.0,19405752680.0,0.0068732279648943,73.95485518646811,75.74537286594482,70.3738198275147,11.62625,-0.0199999999999995,0.2082679360090686,0.1191003525373225,0.0891675834717461,10.000000000000142,71.25748502994009,11.14,11.37,103.08823621631468,119.8038855395281,4.35997564858261,5.47063965989984,6.58130367121707,7.691967682534298,8.802631693851527,1.2065135760772354,283132346508.82,283129931601.2,9.66420953,10.04193462,1.0059667,3.76477654,-3.76405672,1.97431347,-1
2020-08-21,1,11.76,11.76,11.44,11.55,123451733.0,1787278581.0,19405752680.0,0.006361604985682,61.01494850269048,70.8352314115267,41.37438268501802,11.597916666666668,-0.0283333333333324,0.1900044531690508,0.1332811726636682,0.0567232805053825,17.46031746031763,64.67065868263474,11.15,11.42,90.69157985294154,103.08823621631468,4.360687272760938,5.471532563843963,6.582377854926988,7.693223146010013,8.804068437093038,1.2067105001661338,280415517961.1,280413126226.0,9.57147551,9.94557609,0.99631384,3.7286512,-3.72793829,1.95536872,-1
2020-08-24,1,11.59,11.76,11.52,11.56,91944886.0,1338031969.0,19405752680.0,0.0047380221481829,51.03261939014319,64.2343607377322,24.629136694965155,11.564583333333337,-0.0333333333333332,0.174327884526086,0.1414905150361518,0.0328373694899342,54.54545454545484,65.26946107784431,11.16,11.45,80.55571178534714,90.69157985294154,4.361444458223448,5.472482635393664,6.58352081256388,7.694558989734096,8.805597166904313,1.2069200321942368,280609577143.08,280607183752.8,9.57809937,9.95245885,0.99700333,3.73123158,-3.73051818,1.95672192,-1
2020-08-25,1,11.64,11.74,11.56,11.67,74832022.0,1090756854.0,19405752680.0,0.0038561772498071,47.93760386527345,58.80210844691262,26.208594701995125,11.562395833333332,-0.0021875000000015,0.1688339588425549,0.1469592037974324,0.0218747550451225,100.0,70.80745341614904,11.18,11.48,77.58183597465985,80.55571178534714,4.360726060776443,5.471581232752475,6.582436404728506,7.693291576704537,8.804146748680568,1.2067212337736282,283326405690.8,283323989128.0,9.67083339,10.04881737,1.00665619,3.76735692,-3.76663661,1.97566667,-1
2020-08-26,1,11.67,11.68,11.41,11.48,73411772.0,1057274170.0,19405752680.0,0.0037829901890721,39.72539286811112,52.44320325397879,14.28977209637577,11.54010416666667,-0.0222916666666641,0.147448872237593,0.1470571374854645,0.0003917347521285,26.92307692307705,58.22784810126582,11.19,11.5,70.81068990231267,77.58183597465985,4.358388351698806,5.4686480136191085,6.578907675539411,7.689167337459714,8.799426999380017,1.206074331596547,278863044505.26,278860666011.6,9.51848464,9.89051408,0.99079791,3.70800815,-3.70729918,1.94454315,-1
2020-08-27,1,11.51,11.56,11.28,11.56,62666677.0,895618649.0,19405752680.0,0.0032292835033698,35.91120467301688,46.93253706032482,13.868539898400996,11.532500000000002,-0.0076041666666668,0.1353956121084909,0.1447248324100698,-0.0093292203015788,71.79487179487198,62.58064516129033,11.21,11.52,75.6349295246288,70.81068990231267,4.361444458223448,5.472482635393664,6.58352081256388,7.694558989734096,8.805597166904313,1.2069200321942368,280609577143.08,280607183752.8,9.57809937,9.95245885,0.99700333,3.73123158,-3.73051818,1.95672192,-1
2020-08-28,1,11.4,12.13,11.4,12.09,241040002.0,3599035695.0,19405752680.0,0.012421059155743,51.21353038807187,48.3595348362405,56.92152149173461,11.613645833333337,0.0811458333333323,0.166688407026049,0.1491175473332656,0.0175708596927833,100.0,96.77419354838705,11.24,11.55,89.82892156878543,75.6349295246288,3.938755008855025,4.942116905876837,5.9454788028986485,6.94884069992046,7.952202596942271,1.089951360753743,293611542335.74,293609038048.4,11.09223809,10.4136032,1.04319919,3.90411714,-3.1871687,1.97775479,-1
2020-08-31,1,12.23,12.53,11.98,12.05,179712954.0,2760350322.0,19405752680.0,0.0092608082233891,54.675686925381285,50.4649188659541,63.09722304423566,11.711458333333336,0.0978124999999998,0.1861150878642945,0.1565170554394714,0.0295980324248231,95.06172839506183,93.61702127659576,11.26,11.59,92.34923682835668,89.82892156878543,3.938739883361325,4.942097927301638,5.945455971241951,6.948814015182263,7.952172059122575,1.089947175153876,292641246425.84,292638750414.4,11.05558166,10.37918945,1.03975174,3.89121523,-3.17663609,1.97121891,-1
2020-09-01,1,11.96,12.17,11.89,12.1,81364258.0,1228342742.0,19405752680.0,0.0041927906297525,58.317124616920864,53.08232078294302,68.78673228487655,11.803541666666666,0.0920833333333313,0.2032030561807065,0.1658542555877184,0.0373488005929881,100.0,97.08029197080285,11.29,11.63,95.62228494813763,92.34923682835668,3.939409162556178,4.942937699264149,5.946466235972119,6.94999477268009,7.953523309388061,1.0901323813338784,293805601517.72,293803095575.2,11.09956938,10.42048596,1.04388868,3.90669752,-3.18927522,1.97906196,-1
2020-09-02,1,12.0,12.41,12.0,12.24,167938297.0,2575966638.0,19405752680.0,0.008654047063739,64.47808307794726,56.880908214611104,79.67243280461959,11.858125000000005,0.0545833333333369,0.2254434523695678,0.1777720949440883,0.0476713574254795,100.0,100.0,11.33,11.67,100.85131454933732,95.62228494813763,3.938168081168792,4.941380463718302,5.944592846267812,6.947805228817321,7.951017611366831,1.08978894328202,297298666793.36,297296131057.6,11.23153256,10.54437548,1.05629951,3.95314439,-3.22719263,2.0025911,-1
2020-09-03,1,12.24,12.25,11.86,11.91,127984159.0,1919266726.0,19405752680.0,0.0065951659340636,59.78538871863153,57.84906838261791,63.65802939065877,11.873229166666668,0.0151041666666635,0.2139743217213006,0.1850125402995308,0.0289617814217698,13.157894736842266,75.73529411764704,11.36,11.71,86.73286154025136,100.85131454933732,3.940007862998892,4.943688913181449,5.947369963364007,6.951051013546565,7.954732063729122,1.0902980566197875,289148181150.2,289145714932.0,10.92361848,10.25529992,1.02734091,3.84476837,-3.13871868,1.94768978,-1
2020-09-04,1,11.77,12.04,11.67,11.96,90988999.0,1353550808.0,19405752680.0,0.0046887642288554,57.99025914575439,57.89613197033007,58.17851349660303,11.887395833333333,0.0141666666666662,0.2065386857806785,0.1893177693957603,0.0172209163849182,50.87719298245628,79.41176470588239,11.38,11.75,83.73725351934439,86.73286154025136,3.940680109539309,4.94453240839373,5.948384707248151,6.952237006102571,7.956089304956992,1.0904840839380248,290312536242.08,290310060092.8,10.9676062,10.29659643,1.03147785,3.86025066,-3.15135782,1.95553282,-1
2020-09-07,1,11.89,12.18,11.85,11.94,103137681.0,1551971381.0,19405752680.0,0.0053147993123861,56.26017276383626,57.35081223483213,54.07889382184452,11.869479166666666,-0.0179166666666663,0.1967638862741445,0.1908069927714371,0.0059568935027073,93.10344827586162,77.94117647058818,11.4,11.78,80.43277284292645,83.73725351934439,3.939356861494229,4.942872074983919,5.94638728847361,6.9499025019633,7.95341771545299,1.0901179083307306,289924417878.12,289921945039.2,10.95294363,10.28283092,1.03009887,3.85508989,-3.14714477,1.95291847,-1
2020-09-08,1,11.99,12.33,11.99,12.33,140760166.0,2154220778.0,19405752680.0,0.0072535277719513,65.50678184255753,60.06946877074059,76.3814079861914,11.94625,0.0767708333333345,0.2179743551932507,0.1962404652557998,0.0217338899374508,100.0,100.0,11.43,11.82,95.25152542029102,80.43277284292645,3.938843685850763,4.942228172528054,5.945612659205344,6.948997145882634,7.952381632559924,1.0899758998814508,299433317795.14,299430763852.4,11.31217672,10.62008575,1.06388391,3.98152858,-3.25036438,2.01697002,-1
2020-09-09,1,12.19,12.43,12.09,12.15,101357247.0,1554005575.0,19405752680.0,0.0052230515698811,65.7950817003481,61.97800641394309,73.42923227315814,11.987291666666666,0.0410416666666648,0.2177492313527409,0.2005422184751881,0.0172070128775528,62.50000000000009,83.48623853211012,11.47,11.85,97.43837788769828,95.25152542029102,3.937482707958482,4.940520497936757,5.943558287915031,6.946596077893305,7.949633867871578,1.0895992834881203,295164015791.58,295161498262.8,11.15088839,10.46866522,1.04871512,3.92476019,-3.20402088,1.98821218,-1
2020-09-10,1,12.24,12.37,12.15,12.26,95709239.0,1469402768.0,19405752680.0,0.004932003441363,66.73160485449564,63.56253922746061,73.06973610856573,12.040729166666663,0.0534374999999993,0.2238663083283789,0.2052070364458262,0.0186592718825526,79.41176470588226,93.57798165137612,11.51,11.89,101.42517492314228,97.43837788769828,3.939460099835561,4.943001612350647,5.946543124865734,6.95008463738082,7.953626149895905,1.0901464769445095,297686785157.32,297684246111.2,11.24619513,10.55814099,1.05767849,3.95830515,-3.23140568,2.00520545,-1
2020-09-11,1,12.13,12.23,11.84,12.0,95423625.0,1431844020.0,19405752680.0,0.004917285434558,58.96142078019008,62.02883307837043,52.82659618382938,12.036666666666664,-0.0040624999999998,0.2053669662628152,0.205239022409224,0.0001279438535911,38.09523809523814,69.72477064220182,11.54,11.92,92.73141893396304,101.42517492314228,3.940688889264824,4.944543424674204,5.948397960083583,6.952252495492963,7.956107030902342,1.090486513506188,291282832151.98,291280347726.8,11.00426264,10.33101018,1.03492531,3.87315256,-3.16189043,1.96206869,-1
2020-09-14,1,12.0,12.23,11.92,12.23,68025105.0,1027508109.0,19405752680.0,0.0035054092526958,63.86901736223202,62.64222783965763,66.3225964073808,12.078333333333331,0.0416666666666678,0.2068803938038943,0.2055672966881581,0.0013130971157362,92.857142857143,90.47619047619052,11.57,11.95,96.3069288317083,92.73141893396304,3.940094351597361,4.943797433961163,5.947500516324965,6.951203598688767,7.954906681052568,1.0903219901636054,296910548429.4,296908016004.0,11.21686998,10.53060998,1.05492053,3.94798362,-3.22297959,1.99997675,-1
2020-09-15,1,12.15,12.37,12.11,12.27,65713267.0,1007999044.0,19405752680.0,0.0033862776715548,68.89513438183889,64.72653002038471,77.23234310474723,12.104791666666667,0.0264583333333341,0.2088993994978576,0.206233717250098,0.0026656822477595,100.0,94.28571428571423,11.61,11.98,103.48433605598844,96.3069288317083,3.9401048448598215,4.943810600286484,5.947516355713145,6.951222111139807,7.954927866566468,1.0903248939100103,297880844339.3,297878303638.0,11.25352642,10.56502374,1.05836798,3.96088553,-3.2335122,2.00651262,-1
2020-09-16,1,12.24,12.42,12.15,12.34,72241475.0,1114667832.0,19405752680.0,0.0037226834841842,75.31605450017331,68.25637151364758,89.43542047322475,12.150104166666663,0.0453124999999978,0.2136846672125241,0.2077239072425832,0.0059607599699408,100.0,100.0,11.65,12.01,110.95113038115424,103.48433605598844,3.9394850718781376,4.943032945793198,5.946580819708259,6.950128693623319,7.95367656753838,1.0901533873290663,299627376977.12,299624821379.2,11.31950801,10.6269685,1.0645734,3.98410897,-3.2524709,2.01827719,-1
2020-09-17,1,12.42,12.56,12.31,12.44,98821563.0,1543414502.0,19405752680.0,0.0050923849556141,77.98848077789329,71.50040793506281,90.96462646355424,12.1959375,0.045833333333336,0.2229758636589167,0.2107742985258499,0.0122015651330668,100.0,100.0,11.68,12.05,115.91434960678384,110.95113038115424,3.938250738795389,4.9414841776210165,5.944717616446644,6.947951055272271,7.951184494097898,1.0898118167007484,302150146342.86,302147569227.6,11.41481475,10.71644428,1.07353678,4.01765392,-3.2798557,2.03527046,-1
2020-09-18,1,12.48,12.86,12.4,12.84,137319330.0,2186759088.0,19405752680.0,0.0070762176692854,84.67205908068705,75.89095831693756,102.23426060818602,12.287395833333331,0.0914583333333318,0.2596230874997189,0.2205440563206237,0.0390790311790952,100.0,100.0,11.73,12.1,124.64554241502196,115.91434960678384,3.938408338650927,4.941681924601641,5.9449555105523535,6.948229096503067,7.95150268245378,1.0898554284960016,311853105441.86,311850445567.6,11.78137913,11.06058186,1.1080113,4.146673,-3.38518183,2.10062918,-1
2020-09-21,1,12.79,12.83,12.55,12.67,89616165.0,1418370974.0,19405752680.0,0.0046180205672908,83.57222239366065,78.45137967584526,93.81390782929144,12.364479166666666,0.0770833333333325,0.2718153786855382,0.2307983207936066,0.0410170578919315,67.92452830188677,89.10256410256412,11.76,12.15,125.39439662432964,124.64554241502196,3.9377217751970335,4.94082046537282,5.943919155548605,6.947017845724391,7.950116535900176,1.0896654393321332,307777862620.28,307775237504.8,11.62742209,10.91604407,1.093532,4.09248499,-3.34094485,2.07317851,-1
2020-09-22,1,12.52,12.66,12.3,12.44,86775631.0,1354536273.0,19405752680.0,0.004471644693763,75.322658066362,77.40847247268418,71.15102925371761,12.387083333333331,0.0226041666666656,0.2599225540740235,0.23662316744969,0.0232993866243335,25.925925925925743,74.35897435897435,11.78,12.2,112.7452999712529,125.39439662432964,3.938250738795389,4.9414841776210165,5.944717616446644,6.947951055272271,7.951184494097898,1.0898118167007484,302150146342.86,302147569227.6,11.41481475,10.71644428,1.07353678,4.01765392,-3.2798557,2.03527046,-1
2020-09-23,1,12.46,12.65,12.39,12.49,59920047.0,939763266.0,19405752680.0,0.0030877466073117,71.45693544293415,75.42462679610084,63.5215527366008,12.3871875,0.0001041666666683,0.2516313375940715,0.2396248014785663,0.0120065361155052,51.351351351351326,77.5641025641026,11.81,12.23,104.66998464545966,112.7452999712529,3.9389009138229785,4.942299978803981,5.945699043784983,6.949098108765985,7.952497173746987,1.0899917362830671,303314501434.74,303311914388.4,11.45880247,10.75774079,1.07767372,4.03313621,-3.29249483,2.0431135,-1
2020-09-24,1,12.46,12.47,12.08,12.08,106101124.0,1623376201.0,19405752680.0,0.005467508823265,53.31171582720433,68.05365647313533,23.827834535342333,12.327499999999995,-0.0596875000000025,0.2095612239691053,0.2336120859766741,-0.0240508620075687,0.0,51.28205128205131,11.81,12.26,88.43437785759627,104.66998464545966,3.9380999863182433,4.941295022325948,5.944490058333653,6.947685094341357,7.950880130349061,1.089770099745205,293417483153.76,293414980521.6,11.08490681,10.40672045,1.0425097,3.90153676,-3.18506218,1.97644761,-1
2020-09-25,1,12.15,12.23,12.08,12.14,61408700.0,933035044.0,19405752680.0,0.0031644585506487,38.10524644890548,58.07085313172538,-1.8259669167343304,12.29583333333333,-0.0316666666666662,0.1789984714256807,0.2226893630664754,-0.0436908916407947,14.63414634146353,51.38888888888893,11.82,12.27,77.57967139389817,88.43437785759627,3.9394220217420126,4.9429538342102335,5.946485646678454,6.950017459146674,7.953549271614895,1.0901359397900572,294775897427.62,294773383209.2,11.13622582,10.45489971,1.04733614,3.91959943,-3.19980784,1.98559783,-1
2020-09-28,1,12.14,12.28,11.97,12.23,61271111.0,932800766.0,19405752680.0,0.0031573684365846,35.14132534795946,50.427677203803405,4.568621636271573,12.253958333333332,-0.0418749999999992,0.1601929134907962,0.2101900731513395,-0.0499971596605433,100.0,47.86324786324791,11.82,12.27,76.04191888981887,77.57967139389817,3.9375208077322728,4.940568303280257,5.94361579882824,6.946663294376223,7.9497107899242065,1.0896098266420342,297104607611.38,297102073530.8,11.22420127,10.53749273,1.05561002,3.95056401,-3.22508611,2.00128392,-1
2020-09-29,1,12.3,12.31,11.8,11.83,118237440.0,1766848545.0,19405752680.0,0.0060929066730742,24.370946458388048,41.74210028866495,-10.371361202165758,12.198229166666664,-0.0557291666666674,0.1117248220775284,0.1904970229365773,-0.0787722008590489,6.976744186046368,13.675213675213689,11.82,12.26,65.19277611486494,76.04191888981887,3.939985512186864,4.943660868704011,5.947336225221158,6.951011581738305,7.954686938255452,1.0902918715948424,287207589330.4,287205139664.0,10.8503056,10.1864724,1.020446,3.81896455,-3.11765346,1.93461803,-1
2020-09-30,1,11.83,12.2,11.83,12.12,121706482.0,1838547595.0,19405752680.0,0.0062716702622636,26.310190720686336,36.59813043267208,5.73431129671485,12.186770833333332,-0.0114583333333317,0.0956119319722343,0.1715200047437087,-0.0759080727714743,74.4186046511625,38.4615384615384,11.83,12.25,72.10708941414632,65.19277611486494,3.938117181016002,4.9413165972160575,5.944516013416113,6.947715429616167,7.950914845816222,1.0897748579452395,294387779063.66,294385268155.6,11.12156324,10.44113421,1.01925298,3.91443867,-3.19559479,1.98298348,-1
2020-10-09,1,12.23,12.43,12.09,12.13,90042593.0,1376995907.0,19405752680.0,0.0046399948759936,28.21973879760967,33.80533322098461,17.048549950859794,12.1609375,-0.0258333333333329,0.0826959989043008,0.1537552035758271,-0.0710592046715263,100.0,39.31623931623939,11.84,12.24,74.87965929147316,72.10708941414632,3.938770031168586,4.942135754987698,5.945501478806809,6.94886720262592,7.95223292644503,1.089955517801102,294581838245.64,294579325682.4,11.12889453,10.44801696,1.01992486,3.91701905,-3.19770132,1.98429066,-1
2020-10-12,1,12.16,12.83,12.15,12.71,159134715.0,2509002885.0,19405752680.0,0.0082003887004088,48.26299738610874,38.62455460935932,67.53988293960758,12.275104166666669,0.1141666666666676,0.1179020798464698,0.1465845788299557,-0.0286824989834858,100.0,88.88888888888897,11.87,12.25,87.12640721938348,74.87965929147316,3.940215921813194,4.943949973080141,5.947684024347087,6.951418075614034,7.9551521268809795,1.090355631662474,308554099348.2,308551467612.0,11.65674724,10.94357508,1.06830075,4.10280651,-3.34937094,2.07840721,-1
2020-10-13,1,12.71,12.87,12.6,12.83,90881948.0,1453986338.0,19405752680.0,0.0046832477718663,64.2625590050694,47.170556074596014,98.44656486601616,12.378749999999998,0.1036458333333314,0.1537142278228529,0.1480105086285351,0.0057037191943177,100.0,99.03846153846156,11.91,12.27,99.5651045485824,87.12640721938348,3.937791442403381,4.940907879664263,5.944024316925146,6.947140754186029,7.950257191446912,1.0896847179788596,311659046259.88,311656388040.8,11.77404784,11.0536991,1.07905094,4.14409262,-3.3830753,2.099322,1
2020-10-14,1,12.82,12.88,12.63,12.81,66256236.0,1057937816.0,19405752680.0,0.0034142574674923,74.01454550955243,56.11855255291482,109.80653142282767,12.464895833333332,0.0861458333333331,0.1784250078291602,0.1540934084686601,0.0243315993605,97.05882352941182,97.11538461538468,11.94,12.3,108.69341656234936,99.5651045485824,3.939011085702153,4.942438215964048,5.945865346225941,6.949292476487835,7.952719606749728,1.0900222235790158,311076868713.94,311074215460.4,11.75205397,11.03305085,1.07703528,4.13635147,-3.37675574,2.09540048,1
2020-10-15,1,12.95,13.52,12.91,13.23,160006232.0,2654379586.0,19405752680.0,0.0082452989398811,77.05620863427528,63.09777124670163,104.9730834094226,12.591979166666668,0.127083333333335,0.229256245636618,0.1691259759022517,0.0601302697343663,100.0,100.0,11.98,12.36,113.0758257293649,108.69341656234936,3.93795824662292,4.941117175736629,5.944276104850337,6.947435033964044,7.950593963077751,1.0897308768502945,321362005358.88,321359264380.8,12.14061222,11.39783669,1.1126453,4.27311169,-3.48840143,2.16468072,1
2020-10-16,1,13.23,13.88,13.22,13.67,209561419.0,3589229559.0,19405752680.0,0.010798932793572,81.33875447413222,69.1780989891785,105.66006544403967,12.77,0.1780208333333348,0.3015683978146946,0.1956144602847403,0.1059539375299542,100.0,100.0,12.02,12.44,118.23209175346408,113.0758257293649,3.94043347480124,4.944222945706702,5.948012416612163,6.951801887517624,7.955591358423085,1.0904158339788974,331841201185.8,331838370828.0,12.53650174,11.76950527,1.14892722,4.41245229,-3.60215366,2.23526813,1
2020-10-19,1,13.83,14.46,13.83,13.97,201610552.0,3571336006.0,19405752680.0,0.0103892157817606,81.4188187722285,73.25833891686183,97.73977848296184,12.9953125,0.2253124999999975,0.3787181649306834,0.2322352012139289,0.1464829637167544,100.0,100.0,12.08,12.54,119.82570407292668,118.23209175346408,3.939368187178031,4.942886285782323,5.946404384386614,6.949922482990905,7.9534405815951965,1.0901210424288008,339215450101.04,339212556846.4,12.81509067,12.03104984,1.17445893,4.51050678,-3.68220151,2.28494076,1
2020-10-20,1,13.97,14.06,13.79,14.02,96007195.0,1673173356.0,19405752680.0,0.0049473574451429,82.03586650721444,76.18418144697937,93.73923662768456,13.17375,0.1784375000000011,0.4388358666320346,0.2735553342975501,0.1652805323344846,100.0,100.0,12.14,12.66,120.84924570170006,119.82570407292668,3.9399437364967,4.943608451037984,5.9472731655792686,6.950937880120553,7.954602594661837,1.0902803112235475,340379805192.92,340376902007.2,12.8590784,12.07234634,1.17849026,4.52598907,-3.69484065,2.2927838,1
2020-10-21,1,14.1,14.38,13.85,14.31,124456018.0,2204040365.0,19405752680.0,0.0064133569077311,85.91420636345941,79.42752308580604,98.88757291876615,13.356458333333332,0.1827083333333323,0.5040695546700498,0.31965817837205,0.1844113762979997,100.0,100.0,12.22,12.79,126.33933657784988,120.84924570170006,3.938362099040385,4.941623905872253,5.944885712704121,6.948147519535989,7.951409326367857,1.089842632847042,347559994926.18,347557030498.8,13.13033604,12.32700815,1.20335008,4.62146318,-3.77278199,2.34114925,1
2020-10-22,1,14.34,14.78,13.83,14.03,189051905.0,3342069011.0,19405752680.0,0.0097420547462114,81.10376748691971,79.9862712195106,83.33876002173793,13.468229166666667,0.1117708333333347,0.5270980047890639,0.3611461436554528,0.1659518611336111,46.15384615384608,88.84462151394418,12.29,12.92,113.35655876820093,126.33933657784988,4.012951997295498,5.03521490006851,6.057477802841522,7.079740705614533,8.102003608387545,1.1104835107180615,340767923556.88,340765017060.8,12.63413627,12.08611185,1.17983403,4.53114983,-3.6326492,2.24834343,1
2020-10-23,1,14.01,15.01,14.01,14.49,169850168.0,3105623948.0,19405752680.0,0.0087525679009117,80.21025716278741,80.06093320060286,80.50890508715653,13.64125,0.1730208333333323,0.5758285796140559,0.4040826308471734,0.1717459487668824,100.0,100.0,12.38,13.06,111.72327446017454,113.35655876820093,4.014221999219785,5.03680842339413,6.059394847568475,7.081981271742821,8.104567695917165,1.1108349518009482,351829296929.74,351826296088.4,13.04424206,12.47842869,1.2181316,4.67823158,-3.75056549,2.32132496,1
2020-10-26,1,14.54,14.62,13.95,14.14,117559865.0,2085800599.0,19405752680.0,0.0060579904803774,74.62196415894512,78.24794352005028,67.3700054367348,13.708645833333334,0.0673958333333342,0.5795254279286333,0.4391711902634653,0.1403542376651679,46.96969696969703,86.98884758364314,12.46,13.19,101.6907449007659,111.72327446017454,4.012425190742182,5.034553894352893,6.056682597963603,7.078811301574314,8.100940005185025,1.110337730257396,343484752104.6,343481822436.0,12.73486401,12.18247037,1.18924045,4.56727517,-3.6616111,2.26626872,-1
2020-10-27,1,14.38,14.38,13.98,14.19,103486504.0,1839243225.0,19405752680.0,0.0053327745492013,70.06543642342372,75.52044115450809,59.15542696125499,13.7940625,0.0854166666666653,0.5798061446659393,0.4672981811439601,0.1125079635219791,44.44444444444441,88.84758364312265,12.54,13.31,94.39781077103515,101.6907449007659,4.013009975156551,5.035287647260614,6.057565319364676,7.079842991468738,8.1021206635728,1.1104995546325491,344649107196.48,344646167596.8,12.77803304,12.22376688,1.19327178,4.58275746,-3.67402334,2.27395099,-1
2020-10-28,1,14.19,14.3,13.82,14.09,120582386.0,2125604542.0,19405752680.0,0.006213744346246,62.91140826738489,71.3174301921337,46.09936441788727,13.810625,0.0165625000000009,0.5654413940223382,0.4869268237196357,0.0785145703027024,72.97297297297301,85.13011152416355,12.61,13.42,86.00405519820016,94.39781077103515,4.014112002398544,5.036670405886408,6.0592288093742726,7.081787212862137,8.10434561635,1.1108045129478787,342126337830.74,342123419748.4,12.68450014,12.13429111,1.18453724,4.5492125,-3.64713015,2.25730607,-1
2020-10-29,1,14.02,14.33,13.87,14.2,84660362.0,1498040948.0,19405752680.0,0.0043626425316268,53.14312463727299,65.25932834051346,28.910717230792045,13.857916666666666,0.0472916666666662,0.55651811196228,0.5008450813681646,0.0556730305941153,100.0,89.21933085501855,12.69,13.51,85.72312611348714,86.00405519820016,4.013578132015273,5.036000536894614,6.058422941773954,7.080845346653295,8.103267751532636,1.1106567777499792,344843166378.46,344840225123.6,12.78522788,12.23064963,1.19394366,4.58533784,-3.67609204,2.27523136,-1
2020-10-30,1,14.18,14.67,14.06,14.18,100780383.0,1813064343.0,19405752680.0,0.0051933251269282,46.08448746310003,58.86771471470899,20.51803295988212,13.905833333333332,0.0479166666666657,0.54158940821765,0.5089939467380618,0.0325954614795882,94.73684210526324,88.47583643122674,12.76,13.6,83.92494984472391,85.72312611348714,4.012441178120947,5.034573954370512,6.0567067306200775,7.078839506869642,8.100972283119207,1.110342154362272,344455048014.5,344452110070.0,12.7708382,12.21688413,1.19259989,4.58017708,-3.67195463,2.27267061,-1
2020-11-02,1,14.1,14.42,13.85,14.09,96845277.0,1702741438.0,19405752680.0,0.004990544741911,38.28601685215072,52.0071487605229,10.843753035406351,13.921875000000002,0.0160416666666698,0.5165416841075547,0.5105034942119604,0.0060381898955943,68.5714285714287,85.13011152416355,12.82,13.67,79.37197441131258,83.92494984472391,4.014112002398544,5.036670405886408,6.0592288093742726,7.081787212862137,8.10434561635,1.1108045129478787,342126337830.74,342123419748.4,12.68450014,12.13429111,1.18453724,4.5492125,-3.64713015,2.25730607,1
2020-11-03,1,14.15,14.66,14.14,14.35,95786863.0,1727488482.0,19405752680.0,0.0049360034923417,40.36994961011727,48.12808237705436,24.853684076243084,13.9771875,0.0553124999999976,0.5117716246582482,0.510757120301218,0.0010145043570302,100.0,94.79553903345725,12.88,13.75,83.57199337634057,79.37197441131258,4.013066661751198,5.035358774247977,6.057650886744756,7.079942999241533,8.102235111738311,1.110515241221543,348530290836.08,348527318132.8,12.92192981,12.36142191,1.20670952,4.63436509,-3.71539747,2.29955854,1
2020-11-04,1,14.66,14.77,14.35,14.64,124763640.0,2275824963.0,19405752680.0,0.0064292090112322,49.88248741514823,48.71288405641898,52.22169413260672,14.070625,0.0934375000000002,0.5253361464611199,0.5136729255331984,0.0116632209279214,100.0,100.0,12.95,13.82,93.93547874495574,83.57199337634057,4.013713902019244,5.036170893068184,6.058627884117123,7.081084875166062,8.103541866215,1.1106943486829886,355516421387.36,355513389097.6,13.18094399,12.60920097,1.23089746,4.72725882,-3.78987092,2.34565214,1
2020-11-05,1,14.68,14.78,14.02,14.14,142946944.0,2558562453.0,19405752680.0,0.007366214872321,44.36610272120995,47.26395694468263,38.57039427426457,14.100833333333332,0.0302083333333325,0.4900908442102505,0.5089565092686088,-0.0188656650583582,19.354838709677548,82.20640569395019,13.0,13.89,87.43198612417677,93.93547874495574,4.012425190742182,5.034553894352893,6.056682597963603,7.078811301574314,8.100940005185025,1.110337730257396,343484752104.6,343481822436.0,12.73486401,12.18247037,1.18924045,4.56727517,-3.6616111,2.26626872,1
2020-11-06,1,14.15,14.18,13.76,14.1,84878153.0,1486492208.0,19405752680.0,0.0043738655438743,40.68851292525108,45.07214227153878,31.921254232675665,14.091875,-0.0089583333333322,0.4537010393788261,0.4979054152906522,-0.0442043759118261,38.63636363636358,78.82352941176467,13.03,13.93,82.59620111518963,87.43198612417677,4.014683721622185,5.037387765365285,6.060091809108384,7.082795852851484,8.105499896594583,1.1109627218601814,342320397012.72,342317477275.2,12.69169498,12.14117386,1.18520913,4.55179289,-3.64919886,2.25858645,1
2020-11-09,1,14.12,14.38,14.02,14.26,95142432.0,1688807402.0,19405752680.0,0.0049027952467958,43.46554456454647,44.53660970254134,41.323414288556734,14.089479166666669,-0.0023958333333329,0.4327836590763851,0.4848810640477988,-0.0520974049714136,100.0,84.73895582329314,13.07,13.98,82.8752568429638,82.59620111518963,4.014722025542764,5.037435826860105,6.060149628177445,7.082863429494786,8.105577230812125,1.1109733215065831,346201580652.32,346198627811.2,12.83559175,12.27882889,1.19864687,4.60340051,-3.69057299,2.28419401,1
2020-11-10,1,14.38,14.78,14.33,14.47,102106281.0,1854142809.0,19405752680.0,0.0052616501242558,52.17964408878265,47.08428783128844,62.37035660377107,14.159895833333334,0.0704166666666665,0.4282155273969632,0.4735479567176317,-0.0453324293206685,100.0,91.66666666666669,13.12,14.02,88.7948874522045,82.8752568429638,4.013108354268931,5.035411087554154,6.057713820839377,7.0800165541246,8.102319287409822,1.1105267785769597,351441178565.78,351438181034.8,13.02985239,12.46466319,1.21678783,4.67307081,-3.74642808,2.31876421,1
2020-11-11,1,14.54,14.62,14.06,14.23,94013007.0,1677811479.0,19405752680.0,0.0048445947214864,50.145906516704805,48.1048273930939,54.22806476392663,14.189583333333331,0.0296874999999996,0.4006112586749424,0.4589606171090938,-0.0583493584341514,46.66666666666674,79.60199004975124,13.16,14.06,87.21942593270731,88.7948874522045,4.013024266945103,5.035305579751886,6.057586892558668,7.079868205365449,8.102149518172231,1.1105035095254898,345619403106.38,345616455230.8,12.81400723,12.25818064,1.19663121,4.59565937,-3.68436687,2.28035287,1
2020-11-12,1,14.23,14.34,13.95,14.11,67725848.0,1197284181.0,19405752680.0,0.0034899882069402,44.86851284120189,47.026055875796565,40.55342677201254,14.173958333333331,-0.015625,0.3648459625688023,0.4401376862010355,-0.0752917236322332,30.76923076923072,69.36416184971092,13.19,14.09,78.47066139234275,87.21942593270731,4.012981148797099,5.035251477649134,6.057521806501168,7.079792135353204,8.102062464205238,1.1104915776627604,342708515376.68,342705592328.8,12.70608466,12.15493936,1.1865529,4.55695365,-3.65333627,2.26114721,1
2020-11-13,1,13.92,13.96,13.34,13.73,128918923.0,2191492021.0,19405752680.0,0.0066433353617284,38.94011967191239,44.33074380783518,28.15887140006683,14.098333333333334,-0.0756249999999987,0.3023535401201869,0.4125808569848658,-0.1102273168646789,43.82022471910116,35.915492957746466,13.21,14.09,73.28335936537721,78.47066139234275,4.014007531678295,5.036539322203481,6.059071112728667,7.081602903253852,8.104134693779038,1.1107756033042382,333393674641.64,333390831042.4,12.36073241,11.82456729,1.15430231,4.43309534,-3.55403834,2.19968907,1
2020-11-16,1,13.65,13.93,13.51,13.88,75985693.0,1308190460.0,19405752680.0,0.0039156271984395,38.46007978127495,42.373855798981765,30.632527745861324,14.064270833333332,-0.0340625000000009,0.2619124280579363,0.3824471711994799,-0.1205347431415435,70.12987012987028,41.53846153846159,13.24,14.09,73.06568420202592,73.28335936537721,4.013473991558495,5.035869867606762,6.058265743655029,7.080661619703296,8.103057495751562,1.1106279594984454,337080799099.26,337077924051.6,12.49743434,11.95533957,1.16706817,4.48212259,-3.59334377,2.22401625,1
2020-11-17,1,13.89,14.33,13.79,14.25,85293051.0,1509511578.0,19405752680.0,0.0043952456988645,46.70486800233146,43.81752653343167,52.47955094013104,14.091979166666668,0.027708333333333,0.2567587086010974,0.3573094786798034,-0.100550770078706,100.0,69.99999999999997,13.28,14.09,86.3756105399891,73.06568420202592,4.014156740805115,5.036726540993812,6.059296341182509,7.081866141371205,8.104435941559903,1.1108168931764055,346007521470.34,346004570284.4,12.82839691,12.27194614,1.19797499,4.60082013,-3.68850429,2.28291363,1
2020-11-18,1,14.21,14.78,14.18,14.75,137340072.0,2508632642.0,19405752680.0,0.0070772865275947,63.77546755710987,50.47017354132441,90.3860555886808,14.218229166666664,0.1262499999999988,0.2896809089286325,0.3437837647295692,-0.0541028558009367,100.0,100.0,13.33,14.12,99.450882016798,86.3756105399891,4.013203005883959,5.035529850804407,6.057856695724853,7.0801835406453,8.102510385565747,1.1105529710302515,358233249935.08,358230194472.8,13.28167173,12.70555949,1.24030388,4.76338416,-3.81883282,2.36357743,1
2020-11-19,1,14.86,15.17,14.62,15.06,121174062.0,2270476475.0,19405752680.0,0.0062442340680186,73.84666871749037,58.2623386000464,105.01532895237833,14.380416666666669,0.1621875000000017,0.3369027934139819,0.3424075704664517,-0.0055047770524698,100.0,100.0,13.4,14.16,109.24202822803365,99.450882016798,4.012771427799939,5.034988332141671,6.0572052364834015,7.079422140825132,8.101639045166863,1.1104335426527845,365801558032.3,365798438018.0,13.56227043,12.97398681,1.26650749,4.86401904,-3.89951238,2.41351217,1
2020-11-20,1,15.05,15.18,14.8,15.07,67391922.0,1265262916.0,19405752680.0,0.0034727806290892,80.57169218847186,65.69878979618822,110.31749697303914,14.509166666666667,0.1287500000000001,0.3708583690829705,0.3480977301897555,0.022760638893215,100.0,100.0,13.46,14.23,117.242982171849,109.24202822803365,4.0133068749289045,5.035660179540737,6.05801348415257,7.080366788764403,8.102720093376234,1.1105817141753884,365995617214.28,365992495544.8,13.56946527,12.98086956,1.26717937,4.86659942,-3.90158109,2.41479254,1
2020-11-23,1,15.06,15.68,15.02,15.68,116585826.0,2252290578.0,19405752680.0,0.0060077971683188,87.04779479231456,72.815124794897,115.51313478714968,14.717291666666666,0.208124999999999,0.441896402794196,0.3668574647106436,0.0750389380835524,100.0,100.0,13.54,14.32,126.3229482200737,117.242982171849,4.014004550134447,5.036535581138544,6.059066612142642,7.081597643146739,8.104128674150836,1.1107747782369854,380744115044.76,380740867581.6,14.11627299,13.50395868,1.31824281,5.06270841,-4.05880281,2.51210126,1
2020-11-24,1,15.68,15.73,15.32,15.47,67854323.0,1313496137.0,19405752680.0,0.0034966086664565,87.73897616558769,77.78974191846056,107.63744465984192,14.858333333333334,0.141041666666668,0.4757649887184421,0.3886389695122033,0.0871260192062387,76.13636363636373,91.02564102564106,13.6,14.41,127.61614184732508,126.3229482200737,4.013430676896982,5.035815518930479,6.058200360963975,7.080585202997471,8.102970045030968,1.110615973255546,375698576313.28,375695371884.8,13.92920719,13.32500714,1.30077374,4.9956185,-4.00501643,2.47881143,1
2020-11-25,1,15.57,15.74,15.22,15.23,55258501.0,1068352014.0,19405752680.0,0.002847531961847,84.74265077705847,80.10737820465987,94.01319592185568,14.945208333333335,0.0868750000000009,0.4777330832320992,0.4064577922561825,0.0712752909759166,31.81818181818194,80.7692307692308,13.65,14.51,120.31026690177352,127.61614184732508,4.013357174576571,5.035723292564659,6.058089410552745,7.080455528540832,8.10282164652892,1.1105956333374831,369876800853.88,369873646080.8,13.71336204,13.11852459,1.28061712,4.91820705,-3.94295523,2.4404001,1
2020-11-26,1,15.22,15.67,15.21,15.58,63965789.0,1240074378.0,19405752680.0,0.0032962281883518,87.43680455391342,82.55052032107771,97.20937301958485,15.005937500000002,0.0607291666666665,0.5017510138826058,0.4255164365814671,0.0762345773011386,100.0,95.72649572649574,13.72,14.6,123.18947856236254,120.31026690177352,4.01294906196689,5.0352112169917245,6.057473372016558,7.079735527041392,8.101997682066227,1.110482698439714,378415404861.0,378412177260.0,14.02993493,13.42136566,1.31018016,5.03174384,-4.03397833,2.49673672,1
2020-11-27,1,15.98,15.98,15.49,15.74,75377374.0,1479430636.0,19405752680.0,0.0038842798443827,87.97156833274592,84.35753632496711,95.19963234830354,15.104895833333334,0.0989583333333321,0.5276140534078433,0.4459359599467424,0.0816780934611008,100.0,100.0,13.79,14.71,123.17457097415486,123.18947856236254,4.013001360133266,5.035276837638761,6.057552315144253,7.079827792649747,8.10210327015524,1.1104971706415847,382296588500.6,382293327796.0,14.1738317,13.5590207,1.3236179,5.08335146,-4.07535246,2.52234428,1
2020-11-30,1,15.9,16.69,15.66,15.78,158144128.0,3213680470.0,19405752680.0,0.0081493426515214,79.89605219527017,82.87037494840148,73.94740668900758,15.231666666666667,0.1267708333333335,0.5450553059884964,0.4657598291550932,0.0792954768334032,100.0,100.0,13.85,14.81,114.78880602638016,123.17457097415486,4.015047205619279,5.037843843593816,6.060640481568352,7.083437119542888,8.106233757517423,1.111063306912147,383072825228.52,383069557903.2,14.20261105,13.5865517,1.32630545,5.09367299,-4.08362729,2.52746579,1
2020-12-01,1,15.74,16.39,15.5,16.02,126371975.0,2516010782.0,19405752680.0,0.0065120883010243,75.80831821069539,80.51635603583277,66.39224256042061,15.3503125,0.1186458333333337,0.5716539476857214,0.4869386528612188,0.0847152948245025,100.0,100.0,13.93,14.92,112.2670317722999,114.78880602638016,4.013090373438009,5.035388526270632,6.057686679103253,7.079984831935875,8.102282984768497,1.1105218028343489,389088659869.9,389085341234.0,14.42565104,13.799917,1.34713396,5.17366482,-4.1477572,2.5671575,1
2020-12-02,1,15.93,16.03,15.6,15.69,88938529.0,1758639188.0,19405752680.0,0.0045831012311963,66.2355278371126,75.7560799695927,47.19442357215237,15.408541666666666,0.0582291666666652,0.5596539781016574,0.5014817179093065,0.0581722601923508,36.53846153846148,87.68656716417911,14.0,15.02,99.53948419421572,112.2670317722999,4.014518365805632,5.03718028666335,6.059842207521069,7.082504128378788,8.105166049236507,1.110916963797835,380938174226.74,380934925108.4,14.12346783,13.51084143,1.31891469,5.06528879,-4.06087152,2.51338164,1
2020-12-03,1,15.81,15.87,15.32,15.62,71445230.0,1393085021.0,19405752680.0,0.0036816520945169,56.13306646226666,69.2150754671507,29.969048452498583,15.455000000000002,0.0464583333333354,0.5382904238337822,0.5088434590942017,0.0294469647395805,42.85714285714275,85.07462686567163,14.08,15.11,90.23810907863876,99.53948419421572,4.015015954588416,5.037804631648009,6.060593308707601,7.0833819857671925,8.106170662826784,1.1110546589755432,379191641588.92,379188407367.2,14.05871428,13.44889667,1.31286771,5.04206536,-4.04225315,2.50185824,1
2020-12-04,1,15.56,15.56,15.16,15.42,89134784.0,1707639065.0,19405752680.0,0.0045932144694322,43.08653232560696,60.50556108663611,8.24847480354866,15.426145833333337,-0.028854166666667,0.4994638166571423,0.5069675306067898,-0.0075037139496474,49.056603773584925,77.61194029850748,14.14,15.17,82.08657531988871,90.23810907863876,4.012895679900681,5.035144236331265,6.057392792761847,7.079641349192431,8.101889905623013,1.1104679262958326,374534221221.4,374531026724.0,13.88603816,13.28371063,1.29674241,4.98013621,-3.99260419,2.47112917,1
2020-12-07,1,15.43,15.5,14.93,15.11,87380661.0,1655173465.0,19405752680.0,0.004502822561995,32.13344579282887,51.0481893220337,-5.696041265580774,15.360520833333334,-0.0656250000000007,0.4386228701038526,0.4932985985062023,-0.0546757284023497,26.086956521739108,66.04477611940297,14.19,15.22,73.75834983899543,82.08657531988871,4.013319550326381,5.035676083880057,6.058032617433733,7.080389150987409,8.102745684541084,1.110585221772763,366965913124.18,366962783178.8,13.60543946,13.01528332,1.27053881,4.87950133,-3.91192462,2.42119443,1
2020-12-08,1,15.12,15.21,14.81,14.95,71964751.0,1345951734.0,19405752680.0,0.0037084235889581,23.90456669876533,42.000315114277576,-12.286930132259172,15.270833333333336,-0.0896874999999983,0.3731933778458174,0.4692775543741253,-0.0960841765283079,22.95081967213097,60.074626865671625,14.22,15.24,65.71785358149775,73.75834983899543,4.013268445237906,5.035611960236632,6.057955475235357,7.080298990234081,8.102642505232806,1.110571079725187,363084729484.58,363081632642.8,13.46154269,12.87762828,1.25710107,4.8278937,-3.87055049,2.39558688,1
2020-12-09,1,15.02,15.22,14.93,14.95,67722115.0,1277484441.0,19405752680.0,0.003489795841302,18.41864730272296,34.13975917709271,-13.023576446016534,15.1803125,-0.0905208333333345,0.3176780391496852,0.4389576513292373,-0.1212796121795521,46.66666666666643,60.074626865671625,14.25,15.24,60.30312739231675,65.71785358149775,4.013268445237906,5.035611960236632,6.057955475235357,7.080298990234081,8.102642505232806,1.110571079725187,363084729484.58,363081632642.8,13.46154269,12.87762828,1.25710107,4.8278937,-3.87055049,2.39558688,-1
2020-12-10,1,14.97,15.09,14.74,14.9,60786655.0,1130916254.0,19405752680.0,0.0031324038805589,15.01414093685804,27.764553097014485,-10.486683383454846,15.126354166666667,-0.0539583333333339,0.2665742491267924,0.4044809708887483,-0.1379067217619559,76.19047619047659,58.20895522388062,14.27,15.23,56.24069104190765,60.30312739231675,4.012714280308692,5.034916626848503,6.057118973388314,7.079321319928125,8.101523666467935,1.1104177285222507,361920374392.7,361917287482.0,13.41837366,12.83633177,1.25306974,4.81241141,-3.85813825,2.38790461,-1
2020-12-11,1,14.95,15.02,14.56,14.8,88779387.0,1642392314.0,19405752680.0,0.0045749004670918,14.38101199069225,23.303372728240404,-3.4637094844040632,15.076354166666668,-0.0499999999999989,0.2155205760418841,0.3666888919193755,-0.1511683158774913,61.53846153846178,54.477611940298544,14.28,15.21,56.92097335476348,56.24069104190765,4.013761272746347,5.036230331055753,6.05869938936516,7.081168447674566,8.103637505983972,1.1107074573400004,359397605026.96,359394539633.6,13.32484076,12.746856,1.24433521,4.77886645,-3.83124506,2.3712597,-1
2020-12-14,1,14.86,15.23,14.78,15.09,83599174.0,1575396008.0,19405752680.0,0.0043079583347549,21.605481916697304,22.737409124392705,19.34162750130651,15.070520833333337,-0.0058333333333333,0.196199087715625,0.3325909310786253,-0.1363918433630003,100.0,62.94820717131475,14.3,15.2,69.23212217492707,56.92097335476348,4.014376067553637,5.037001739230144,6.059627410906651,7.082253082583158,8.104878754259666,1.1108775863364178,366383735578.24,366380610598.4,13.58385495,12.99463506,1.26852315,4.87176019,-3.9057185,2.4173533,-1
2020-12-15,1,15.02,15.06,14.5,14.98,78885794.0,1458268621.0,19405752680.0,0.0040650726256705,26.08248672791987,23.85243499223509,30.542590199289435,15.06375,-0.0067708333333342,0.1700503536968671,0.3000828156022737,-0.1300324619054065,81.35593220338993,53.36322869955162,14.33,15.18,75.79585841336093,69.23212217492707,4.014884277043026,5.0376394104495,6.060394543855972,7.083149677262445,8.105904810668918,1.1110182205274914,363666907030.52,363663805223.2,13.48312721,12.89827654,1.25911673,4.83563485,-3.87675661,2.39942801,-1
2020-12-16,1,15.02,15.26,14.85,15.19,68907042.0,1302133815.0,19405752680.0,0.0035508564463473,39.086437692827054,28.93043589243241,59.39844129361635,15.105208333333335,0.0414583333333347,0.1643776948081328,0.2729417914434455,-0.1085640966353127,100.0,54.89130434782608,14.35,15.16,88.29001843555243,75.79585841336093,4.013344701088772,5.035707641569664,6.058070582050556,7.080433522531448,8.10279646301234,1.1105921816135325,368906504943.98,368903358446.8,13.67738784,13.08411083,1.27725768,4.90530514,-3.93261169,2.43399821,-1
2020-12-17,1,15.11,15.24,14.86,15.14,68614069.0,1294658299.0,19405752680.0,0.0035357592220947,47.39095846188472,35.08394341558318,72.0049885544878,15.113645833333331,0.0084374999999976,0.1540714498690025,0.2491677231285569,-0.0950962732595543,92.75362318840595,42.10526315789479,14.37,15.16,97.03482673552357,88.29001843555243,4.012799550662338,5.035023619046642,6.057247687430945,7.0794717558152485,8.101695824199552,1.1104413249474614,367742149852.1,367739013286.0,13.63421881,13.04281432,1.27322636,4.88982286,-3.92019945,2.42631594,-1
2020-12-18,1,15.18,15.26,14.57,14.67,105875636.0,1959764075.0,19405752680.0,0.0054558891760543,39.05011265880034,36.4059998299889,44.3383383164232,15.06520833333333,-0.0484375000000021,0.1067480790492396,0.2206837943126935,-0.1139357152634538,16.12903225806448,11.184210526315788,14.37,15.13,87.33898923142617,97.03482673552357,4.013176329934268,5.035496379399952,6.057816428865635,7.080136478331318,8.102456527797003,1.110545589132266,356292658115.28,356289619204.8,13.20972335,12.63673198,1.23358501,4.73758035,-3.79814575,2.35077365,-1
2020-12-21,1,14.62,14.9,14.41,14.61,90687811.0,1662649810.0,19405752680.0,0.004673243676524,33.87654569410216,35.56284845135999,30.503940179586507,14.991666666666664,-0.0735416666666655,0.0636685369078389,0.1892807428317225,-0.1256122059238836,27.39726027397249,12.422360248447164,14.36,15.1,79.64720313488422,87.33898923142617,4.014253823665638,5.036848354827164,6.059442885988689,7.082037417150215,8.10463194831174,1.110843758415725,354740184659.44,354737158990.4,13.15216464,12.58166996,1.22820991,4.7169373,-3.78159609,2.34053063,-1
2020-12-22,1,14.67,14.9,14.29,14.3,102873751.0,1873638734.0,19405752680.0,0.0053011987061972,22.92800640775201,31.351234436824,6.081550349608044,14.860729166666664,-0.1309374999999999,0.0044618467753139,0.1523169636204408,-0.1478551168451269,2.631578947368827,0.578034682081015,14.35,15.05,66.97233617948639,79.64720313488422,4.012488601251898,5.034633458111332,6.056778314970767,7.078923171830201,8.101068028689635,1.1103552775207306,347365935744.2,347362972972.0,12.87876078,12.3201254,1.2026782,4.6188828,-3.70298523,2.29187628,-1
2020-12-23,1,14.35,14.44,14.22,14.38,75008273.0,1345650736.0,19405752680.0,0.0038652596596938,20.413542733373145,27.705337202340377,5.829953795438676,14.789270833333331,-0.071458333333334,-0.035594242038206,0.1147347224887114,-0.1503289645269175,41.02564102564119,8.888888888888902,14.35,15.0,60.27952611767114,66.97233617948639,4.012519779634987,5.034672578903008,6.056825378171028,7.078978177439049,8.101130976707068,1.1103639053538903,349306527564.0,349303548240.0,12.95070916,12.38895292,1.20939707,4.64468662,-3.7236723,2.30468005,-1
2020-12-24,1,14.5,14.78,14.42,14.59,63295012.0,1155767284.0,19405752680.0,0.0032616623041492,25.46800284788977,26.95955908419017,22.48489037528897,14.750104166666665,-0.0391666666666665,-0.0498194484643192,0.0818238882981053,-0.1316433367624246,100.0,20.555555555555525,14.36,14.95,65.39982089368405,60.27952611767114,4.0131493648601815,5.035462545219301,6.057775725578419,7.080088905937538,8.102402086296657,1.1105381272263777,354352066295.48,354349043936.8,13.13777496,12.56790446,1.22686614,4.71177654,-3.77745868,2.33796988,1
2020-12-25,1,14.59,14.59,14.22,14.42,57707733.0,1038128197.0,19405752680.0,0.0029737436084854,23.388924975516243,25.7693477146322,18.628079497284325,14.705937499999996,-0.0441666666666673,-0.0739580637729346,0.0506674978838973,-0.1246255616568319,54.05405405405398,11.11111111111108,14.36,14.9,62.65930811038679,65.39982089368405,4.014759480152458,5.037482822689842,6.060206165227225,7.082929507764608,8.105652850301992,1.110983686127564,350082764291.92,350079778347.2,12.97948852,12.41648393,1.21208462,4.65500814,-3.73194713,2.30980156,1
2020-12-28,1,14.4,15.07,14.35,15.06,127033706.0,2352947322.0,19405752680.0,0.0065461880347946,42.515693573421096,31.35146300089517,64.84415471847296,14.777916666666666,0.0719791666666687,-0.0409731263221573,0.0323393730426863,-0.0733124993648437,100.0,46.666666666666686,14.39,14.87,79.58852742121854,62.65930811038679,4.012771427799939,5.034988332141671,6.0572052364834015,7.079422140825132,8.101639045166863,1.1104335426527845,365801558032.3,365798438018.0,13.56227043,12.97398681,1.26650749,4.86401904,-3.89951238,2.41351217,1
2020-12-29,1,15.08,15.42,14.94,15.32,96309223.0,1837947238.0,19405752680.0,0.0049629212836077,58.89935127116963,40.53409242431999,95.62986896486892,14.880104166666666,0.1021874999999994,0.0060774443452285,0.0270869873031948,-0.0210095429579663,100.0,61.11111111111113,14.42,14.87,91.8004602088514,79.58852742121854,4.013908401960617,5.036414940094792,6.058921478228966,7.081428016363141,8.103934554497316,1.1107481716486944,372011451855.66,372008278875.6,13.79250526,13.19423486,1.28800788,4.94659125,-3.965711,2.45448426,1
2020-12-30,1,15.18,15.34,14.96,15.34,97849778.0,1854082812.0,19405752680.0,0.0050423077946801,70.37734529189085,50.48184338017694,110.16834911531868,15.0028125,0.1227083333333336,0.0444666100322646,0.0305629118490087,0.0139036981832558,100.0,76.19047619047619,14.45,14.88,102.61209827531636,91.8004602088514,4.012868573272635,5.035110224537075,6.057351875801514,7.079593527065952,8.101835178330392,1.1104604252184471,372593629401.6,372590451456.0,13.81408977,13.21488311,1.29002354,4.95433239,-3.97191712,2.45832539,1
2020-12-31,1,15.35,15.65,15.2,15.46,92450343.0,1781736286.0,19405754475.0,0.0047640684684072,75.82265909902281,58.928781953125565,109.61041339081731,15.088229166666665,0.0854166666666653,0.0836094992738782,0.0411722293339826,0.0424372699398956,100.0,88.57142857142868,14.48,14.91,109.63244569426644,102.61209827531636,4.014984057207374,5.037764608700212,6.060545160193049,7.083325711685887,8.106106263178724,1.1110458321777876,375310457949.32,375307291546.5,13.91481751,12.97395112,1.27575473,4.99045773,-4.00087902,2.47625068,1
2021-01-04,1,15.26,15.26,14.74,14.86,155421643.0,2891682312.0,19405754475.0,0.0080090492333202,65.46685431776343,61.10813940800485,74.18428413728061,15.044687499999998,-0.0435416666666661,0.0654609424201702,0.0460299719512201,0.01943097046895,16.666666666666544,51.61290322580634,14.48,14.92,95.64800827607704,109.63244569426644,4.012699800658394,5.034898458639421,6.057097116620446,7.079295774601473,8.101494432582498,1.110413721643298,360950078482.8,360947033235.0,13.38239947,12.47753313,1.22694095,0.38790686,-3.84779471,2.38150272,1
2021-01-05,1,14.7,14.77,14.22,14.52,182135210.0,3284606914.0,19405754475.0,0.0093856288986156,50.63757653818259,57.61795178473077,36.67682604508624,14.951979166666664,-0.0927083333333342,0.0233734868519341,0.0414986749313629,-0.0181251880794287,24.193548387096683,24.193548387096683,14.48,14.92,86.20372534261055,95.64800827607704,4.013677687311554,5.036125452994171,6.058573218676788,7.081020984359405,8.103468750042023,1.1106843271736948,352605533657.66,352602558810.75,13.07302142,12.18907403,1.19857619,0.37893912,-3.75884032,2.32644648,1
2021-01-06,1,14.45,15.63,14.38,15.63,193494512.0,3648521909.0,19405754475.0,0.0099709862994131,66.62551722592127,60.62047359846093,78.63560448084195,15.009270833333332,0.0572916666666678,0.0786796286505868,0.0489348656752077,0.0297447629753791,100.0,100.0,14.51,14.94,99.84677417392254,86.20372534261055,4.013478424897532,5.035875430298463,6.058272435699395,7.080669441100326,8.10306644650126,1.1106291863134934,379579759952.88,379576557531.0,14.07310396,13.12153484,1.29026694,0.40792786,-4.04639057,2.50441899,1
2021-01-07,1,15.6,15.97,15.37,15.9,158418530.0,3111274625.0,19405754475.0,0.0081634821363986,76.41701148394752,65.88598622695646,97.47906199792962,15.14989583333333,0.1406249999999982,0.1426524790210361,0.0676783883443734,0.0749740906766627,100.0,100.0,14.54,14.99,110.5682107631061,99.84677417392254,4.013052609883063,5.035341142794659,6.057629675706254,7.079918208617849,8.102206741529445,1.110511352720542,386177772140.2,386174514052.5,14.31772846,13.34961878,1.31269489,0.41501863,-4.1167266,2.54795184,1
2021-01-08,1,15.9,16.06,15.43,15.86,119547322.0,2348316363.0,19405754475.0,0.0061604057782968,80.65481925016792,70.80893056802695,100.34659661444984,15.320312499999998,0.170416666666668,0.187957105618727,0.0917341317992441,0.0962229738194828,97.36842105263152,97.61904761904756,14.58,15.05,117.73730787428966,110.5682107631061,4.013039894265034,5.035325187988968,6.057610481712901,7.079895775436834,8.102181069160768,1.1105078339931411,385207476230.3,385204226328.75,14.28175427,13.31607703,1.30939666,0.41397587,-4.10638307,2.54154995,1
2021-01-11,1,15.98,16.49,15.98,16.29,179045714.0,3652546647.0,19405754475.0,0.0092264237512981,84.16635527103706,75.26140546903032,101.97625487505056,15.461979166666664,0.1416666666666657,0.2556122164218326,0.1245097487237618,0.1311024676980707,100.0,100.0,14.63,15.13,124.2613047145254,117.73730787428966,4.014650190682883,5.037345692725169,6.060041194767454,7.0827366968097385,8.105432198852023,1.1109534430162733,395492612875.24,395489276200.5,14.66308071,13.67161964,1.34435788,0.42502913,-4.21602453,2.60940997,1
2021-01-12,1,16.29,16.78,16.13,16.78,128816550.0,2657687441.0,19405754475.0,0.0066380593532682,89.44423684735803,79.9890159284729,108.3546786851283,15.679999999999998,0.218020833333334,0.344793716721453,0.1685665423233,0.1762271743981529,100.0,100.0,14.71,15.24,132.5036174358068,124.2613047145254,4.013317020907269,5.035672910114507,6.058028799321745,7.080384688528983,8.10274057773622,1.1105845218196566,407524282158.0,407520843975.0,15.10916069,14.08753741,1.38525592,0.43795936,-4.34428435,2.6887934,1
2021-01-13,1,16.78,16.79,16.3,16.54,104911973.0,2161849708.0,19405754475.0,0.0054062300507385,89.72028241185735,83.23277142293438,102.69530438970332,15.881562499999998,0.2015624999999996,0.3915906902699131,0.2131713719126226,0.1784193183572904,69.99999999999977,90.62499999999991,14.78,15.36,134.4592409435678,132.5036174358068,4.013247694770858,5.035585923777453,6.057924152784048,7.080262381790642,8.102600610797236,1.1105653375554547,401702506698.6,401699117632.5,14.89331554,13.88628687,1.36546655,0.43170279,-4.28222315,2.65038206,1
2021-01-14,1,16.53,16.69,15.94,16.12,113015562.0,2306404547.0,19405754475.0,0.0058238169582942,84.45684197106964,83.64079493897947,86.08893603524996,15.922604166666664,0.0410416666666666,0.3902881403119274,0.2485947255924836,0.1416934147194437,21.42857142857157,74.21875,14.84,15.46,119.45519360242112,134.4592409435678,4.014116239599437,5.036675722475564,6.059235205351691,7.081794688227818,8.104354171103946,1.11080568548663,391417370053.66,391414067760.75,14.5119891,13.53074426,1.33050533,0.42064953,-4.17258168,2.58252204,1
2021-01-15,1,16.78,17.54,16.64,16.78,248068898.0,5311218075.0,19405754475.0,0.0127832647949648,82.00737255902636,83.09632081232843,79.82947605242225,16.010312499999998,0.0877083333333335,0.4374694685179285,0.2863696741775726,0.1510997943403559,100.0,100.0,14.92,15.57,115.63829685097797,119.45519360242112,4.013317020907269,5.035672910114507,6.058028799321745,7.080384688528983,8.10274057773622,1.1105845218196566,407524282158.0,407520843975.0,15.10916069,14.08753741,1.38525592,0.43795936,-4.34428435,2.6887934,1
2021-01-18,1,16.94,18.2,16.94,18.14,215730178.0,4792909448.0,19405754475.0,0.0111168147715112,87.48135482992684,84.55799881819456,93.32806685339142,16.32875,0.3184375000000017,0.5779395180409441,0.3446836429502469,0.2332558750906972,100.0,100.0,15.04,15.73,124.86689750465553,115.63829685097797,4.013675253569353,5.036122399278354,6.058569544987353,7.081016690696353,8.103463836405354,1.110683653696767,440514343094.6,440510626582.5,16.33228322,15.2279571,1.49739568,0.47341321,-4.69596451,2.90645762,1
2021-01-19,1,17.99,18.25,17.62,17.85,124208834.0,2790056611.0,19405754475.0,0.0064006186494843,87.02460692365496,85.3802015200147,90.31341773093548,16.617604166666666,0.2888541666666668,0.6582742916781665,0.4074017726958308,0.2508725189823357,80.66666666666673,92.60204081632656,15.14,15.91,128.5223102642732,124.86689750465553,4.013154288992105,5.035468723728898,6.057783158465691,7.080097593202484,8.102412027939277,1.11053948985601,433528212543.32,433524554971.5,16.07326904,14.98645646,1.47364844,0.46590533,-4.62149107,2.86036402,1
2021-01-20,1,17.7,18.36,17.68,17.96,128079316.0,2889249850.0,19405754475.0,0.0066000688695202,86.79911223806805,85.85317175936581,88.69099319547252,16.858541666666667,0.2409375000000011,0.7224878688392025,0.4704189919245051,0.2520688769146973,85.00000000000001,95.40816326530611,15.24,16.09,129.9736790683367,128.5223102642732,4.014524060013319,5.037187431418487,6.059850802823654,7.082514174228821,8.105177545633987,1.1109185395265628,436050981909.06,436047303053.25,16.16680194,15.07366503,1.48222383,0.46861651,-4.64838426,2.87700893,1
2021-01-21,1,17.98,18.22,17.7,17.76,94477860.0,2114252732.0,19405754475.0,0.0048685486628058,82.9349453487947,84.88042962250877,79.04397680136654,16.9725,0.1139583333333327,0.7486097555740407,0.5260571446544122,0.2225526109196285,41.17647058823548,90.30612244897962,15.34,16.27,125.95615108147751,129.9736790683367,4.012677935129562,5.034871023066643,6.057064111003724,7.079257198940804,8.101450286877885,1.1104076709082686,431393561541.54,431389921979.25,15.99412582,14.9126646,1.46639233,0.46361126,-4.59873529,2.84627987,1
2021-01-22,1,17.76,17.76,17.19,17.61,92443442.0,2025834762.0,19405754475.0,0.0047637128522414,78.29271838679978,82.68452587727243,69.50910340585446,17.086458333333333,0.1139583333333327,0.7485786439779822,0.5705614445191263,0.1780171994588559,54.545454545454334,86.47959183673467,15.44,16.44,116.53998350754529,125.95615108147751,4.014908609513123,5.037669941394317,6.060431273275511,7.083192605156706,8.1059539370379,1.1110249539264545,427512377901.94,427508771084.25,15.85022905,14.77849758,1.45319942,0.45944022,-4.55736116,2.82067231,1
2021-01-25,1,17.36,18.06,17.13,17.97,102836527.0,2269032821.0,19405754475.0,0.0052992800219379,80.1565780980869,81.84187661754392,76.78598105917285,17.215,0.128541666666667,0.7687414067562521,0.6101974369665515,0.1585439697897006,100.0,95.6632653061224,15.56,16.6,117.61144941182644,116.53998350754529,4.01318727731623,5.035510115527573,6.057832953738915,7.080155791950258,8.1024786301616,1.1105486185448188,436439100273.02,436435418142.75,16.18119162,15.08708173,1.48354312,0.46903362,-4.65252167,2.87956969,1
2021-01-26,1,17.82,18.64,17.82,17.88,112672055.0,2558575512.0,19405754475.0,0.0058061156625037,77.38833601600852,80.35736308369879,71.45028188062801,17.293541666666663,0.0785416666666627,0.768598370109526,0.6418776235951464,0.1267207465143796,89.2857142857143,93.36734693877548,15.66,16.75,113.27814016838062,117.61144941182644,4.01450807141112,5.037167369865775,6.0598266683204285,7.082485966775082,8.105145265229735,1.110914115083132,434110390089.26,434106727605.75,16.09485356,15.00658152,1.47562737,0.46653099,-4.62769719,2.86420515,1
2021-01-27,1,17.83,18.76,17.83,18.44,129415272.0,2976800956.0,19405754475.0,0.0066689121603966,79.89411080312517,80.20294565684092,79.27644109569368,17.474375,0.1808333333333358,0.8043997132483085,0.6743820415257789,0.1300176717225296,100.0,100.0,15.77,16.91,118.11796967398864,113.27814016838062,4.012877640134359,5.035121601099087,6.057365562063814,7.079609523028541,8.101853483993269,1.1104629342443326,447888592009.84,447884813283.0,16.60568708,15.48287445,1.52246222,0.48133819,-4.77457537,2.95511198,-1
2021-01-28,1,18.2,18.52,17.94,18.23,85747696.0,1948881147.0,19405754475.0,0.0044186736522131,76.88911416179039,79.09833515849074,72.47067216838968,17.575416666666666,0.1010416666666671,0.8065301135621858,0.7008116559330603,0.1057184576291255,66.12903225806443,95.02369668246445,15.87,17.05,118.55521582369094,118.11796967398864,4.014136980201377,5.036701746556589,6.059266512911801,7.081831279267012,8.104396045622224,1.110811424926442,442648994096.38,442645259574.75,16.41142645,15.30174897,1.50465178,0.47570728,-4.71872029,2.92054178,-1
2021-01-29,1,18.23,18.81,18.15,18.45,124025841.0,2864101419.0,19405754475.0,0.0063911888177179,77.4498856316698,78.54885198288376,75.25195292924187,17.733437499999997,0.1580208333333317,0.816557861801698,0.7239608971067878,0.0925969646949101,100.0,100.0,15.98,17.2,117.8414400532442,118.55521582369094,4.013314949390792,5.035670310898111,6.058025672405429,7.080381033912747,8.102736395420065,1.1105839485795852,448082651191.82,448078870827.75,16.61288192,15.4895828,1.52312186,0.48154674,-4.77664408,2.95639236,-1
2021-02-01,1,18.38,19.97,18.14,19.62,147523930.0,3529556987.0,19405754475.0,0.0076020713438403,80.85860920045594,79.31877105540782,83.9382854905522,18.0359375,0.302500000000002,0.9084421903448856,0.7608571557544074,0.1475850345904782,100.0,100.0,16.12,17.38,122.79186445343264,117.8414400532442,4.0140087219451015,5.036540815679896,6.059072909414689,7.081605003149482,8.104137096884276,1.1107759326806332,476415291760.9,476411272361.25,17.66332833,16.46900207,1.61943013,0.51199534,-5.07867528,3.14332752,-1
2021-02-02,1,18.68,19.26,18.31,18.6,241616877.0,5679179942.0,19405754475.0,0.0124507850138612,71.15926059373122,76.59893423484895,60.27991331149573,18.165104166666666,0.1291666666666664,0.888711197718095,0.7864279641471449,0.1022832335709501,31.08108108108113,81.11111111111111,16.23,17.54,112.74571066100856,122.79186445343264,4.303938244969007,5.400327239061881,6.496716233154755,7.593105227247628,8.689494221340501,1.1910066343699093,451769775649.44,451765964178.0,15.61704147,15.61704147,1.53565513,0.48550923,-27.95432063,2.94232051,-1
2021-02-03,1,18.76,20.12,18.68,19.94,192327159.0,4690176486.0,19405754475.0,0.0099108313076809,78.76615143261012,77.321339967436,81.65577436295834,18.460520833333334,0.295416666666668,0.9700192667686948,0.8231462246714549,0.1468730420972399,100.0,100.0,16.39,17.72,120.5354342825342,112.74571066100856,4.3051735860970295,5.401877272069671,6.498580958042312,7.595284644014954,8.691988329987595,1.191348483949397,484177659040.1,484173574151.25,16.73733611,16.73733611,1.64581596,0.52033743,-29.95963486,3.15338903,-1
2021-02-04,1,19.32,20.17,19.21,19.66,125524750.0,3084553751.0,19405754475.0,0.0064684292569871,80.2519956919155,78.29822520892917,84.15953665788814,18.59614583333333,0.1356249999999974,1.000331636916389,0.8585833071204417,0.1417483297959473,82.82208588957052,93.87308533916848,16.53,17.91,122.59396545398084,120.5354342825342,4.305112149285601,5.401800184791147,6.498488220296694,7.59517625580224,8.691864291307786,1.1913314828574109,477385587670.8,477381560085.0,16.50254382,16.50254382,1.62272836,0.5130381,-29.53935943,3.10915312,-1
2021-02-05,1,19.66,20.23,19.4,19.92,101557559.0,2517804160.0,19405754475.0,0.005233373385757,82.54697361480399,79.71447467755411,88.21197148930375,18.870104166666664,0.2739583333333328,1.0334215948735093,0.8935509646710552,0.139870630202454,98.41269841269845,99.55654101995567,16.64,18.1,126.83582804538192,122.59396545398084,4.304305802870406,5.400788428984663,6.49727105509892,7.593753681213177,8.690236307327433,1.191108346772403,483789540676.14,483785459061.75,16.72391941,16.72391941,1.64449667,0.51992032,-29.93561912,3.15086127,-1
2021-02-08,1,19.9,19.9,19.26,19.82,108426467.0,2650948251.0,19405754475.0,0.005587335815244,82.67020463209155,80.69971799573325,86.61117790480816,19.0153125,0.1452083333333362,1.0395926833598743,0.922759308408819,0.1168333749510552,85.9154929577463,96.99999999999996,16.76,18.29,127.56777479170356,126.83582804538192,4.305147469113553,5.401844502022974,6.498541534932395,7.595238567841815,8.691935600751236,1.1913412567312496,481266771310.4,481262710980.0,16.63671084,16.63671084,1.63592127,0.51720915,-29.77951682,3.13443078,-1
2021-02-09,1,19.81,19.85,19.32,19.64,94209355.0,2302978158.0,19405754475.0,0.0048547123030628,79.85873904148171,80.4193916776494,78.73743376914632,19.098541666666662,0.0832291666666655,1.0182213973208754,0.9418517261912304,0.0763696711296451,57.57575757575741,92.5,16.87,18.46,119.5082046751964,127.56777479170356,4.304231959514422,5.400695774707571,6.4971595899007175,7.593623405093865,8.690087220287012,1.191087912481325,476997469306.84,476993444995.5,16.48912712,16.48912712,1.62140907,0.512621,-29.51534369,3.10662535,-1
2021-02-10,1,19.66,19.95,18.68,19.04,191886710.0,4569741960.0,19405754475.0,0.0098881344833669,67.59322634663373,76.14400323397751,50.49167257194614,19.098541666666662,-3.552713678800501e-15,0.9420106017368042,0.941883501300345,0.0001271004364591,31.578947368420987,77.49999999999996,16.95,18.59,107.5029511891506,119.5082046751964,4.305873333241202,5.402755273413567,6.499637213585933,7.596519153758298,8.693401093930664,1.1915421213678858,462248971476.36,462245071594.5,15.97929243,15.97929243,1.571276,0.49677104,-28.60274559,3.01057021,-1
2021-02-18,1,19.18,19.62,18.76,19.42,150523081.0,3619387652.0,19405754475.0,0.0077566209133437,65.47682394400783,72.58827680398763,51.25391822404825,19.11270833333333,0.0141666666666715,0.9018795157180968,0.9338827041838954,-0.0320031884657986,77.08333333333347,87.00000000000001,17.06,18.71,107.10914748430798,107.5029511891506,4.3050580794255495,5.401732341127641,6.498406602829731,7.595080864531821,8.691755126233913,1.1913165203838867,471563812211.4,471559833742.5,16.30129329,16.30129329,1.60293899,0.50678154,-29.17912333,3.07123661,-1
2021-02-19,1,19.15,19.33,18.84,19.06,92258314.0,2197558287.0,19405754475.0,0.0047541730015627,56.67204929600521,67.28286763466015,35.45041261869534,19.08114583333333,-0.0315625000000032,0.8314420037009533,0.913394564087307,-0.0819525603863536,51.35135135135108,73.33333333333327,17.15,18.8,98.81181774635806,107.10914748430798,4.304974425515788,5.401627377147716,6.498280328779644,7.5949332804115715,8.6915862320435,1.191293371268856,462831149022.3,462827244228.75,15.99941749,15.99941749,1.57325493,0.4973967,-28.6387692,3.01436186,-1
2021-02-22,1,19.02,19.02,17.79,17.88,195684248.0,4445818548.0,19405754475.0,0.0100838258183723,39.01087439405811,57.8588698877928,1.3148834065887485,18.90364583333333,-0.1774999999999984,0.6726497421068842,0.8652455996912225,-0.1925958575843382,5.521472392638019,31.333333333333258,17.2,18.83,84.60411687004456,98.81181774635806,4.303714914204877,5.400047016823502,6.496379119442127,7.592711222060751,8.689043324679375,1.190944833199307,434304449271.24,434300785150.5,15.01328987,15.01328987,1.47628702,0.46673954,-26.87361236,2.82857101,-1
2021-02-23,1,17.88,18.12,17.44,17.53,187046013.0,4160776611.0,19405754475.0,0.0096386880108664,27.08251841324304,47.600086062942886,-13.952616886156648,18.641875,-0.2617708333333333,0.5126540984977765,0.7947272994525333,-0.2820732009547567,5.555555555555555,14.234875444839922,17.22,18.8,72.53318662402947,84.60411687004456,4.306052765381786,5.402980414254631,6.499908063127476,7.596835712000321,8.693763360873167,1.1915917746987867,425571786082.14,425568195636.75,14.71141407,14.71141407,1.44660296,0.4573547,-26.33325822,2.77169625,-1
2021-02-24,1,17.8,17.8,17.23,17.71,142849985.0,3144209052.0,19405754475.0,0.0073612177864061,23.3883456088287,39.52950591157149,-8.89397499665688,18.425729166666667,-0.2161458333333321,0.3958181486786998,0.7149454692977666,-0.3191273206190668,73.84615384615407,20.64056939501784,17.25,18.75,67.41418882194272,72.53318662402947,4.305116102046129,5.401805144481351,6.498494186916572,7.595183229351793,8.691872271787014,1.1913325766844467,430035147267.68,430031519166.0,14.86570614,14.86570614,1.46177481,0.4621514,-26.60943922,2.80076557,-1
2021-02-25,1,17.9,18.03,17.33,17.65,159340347.0,3524600794.0,19405754475.0,0.0082109843863723,20.739289229415192,33.266100350852724,-4.314333013459873,18.337916666666665,-0.0878125000000018,0.2949829384366502,0.6309529631255433,-0.335970024688893,87.49999999999953,18.505338078291786,17.26,18.68,63.08272719284011,67.41418882194272,4.304126797440686,5.400563823555163,6.497000849669639,7.593437875784114,8.689874901898591,1.191058811522999,428676732993.82,428673116352.75,14.81874768,14.81874768,1.45715729,0.46069153,-26.52538413,2.79191839,-1
2021-02-26,1,17.26,17.55,16.95,17.09,112497730.0,2424653753.0,19405754475.0,0.0057971325023682,15.38174837516569,27.30464969229038,-8.464054259083689,18.133854166666666,-0.2040624999999991,0.1679469994898959,0.5383517703984138,-0.3704047709085178,18.421052631578984,4.682274247491654,17.24,18.58,56.07398575920054,63.08272719284011,4.305964300595057,5.402869413870732,6.499774527146407,7.5966796404220815,8.693584753697756,1.1915672942945836,414898531073.24,414895030675.5,14.34245475,14.34245475,1.41032245,0.44588434,-25.67282539,2.70218267,-1
2021-03-01,1,17.21,17.33,16.93,17.14,112538653.0,2408050906.0,19405754475.0,0.0057992413098383,12.572379711479122,22.39389303201996,-7.070646929602553,17.946458333333332,-0.1873958333333334,0.0704920957624963,0.4447798354712303,-0.3742877397087339,29.16666666666683,6.9767441860465365,17.23,18.47,52.00715264175983,56.07398575920054,4.3044689960918845,5.400993194190161,6.4975173922884375,7.594041590386714,8.69056578848499,1.191153506390967,416256945347.1,416253433488.75,14.38941321,14.38941321,1.41493997,0.4473442,-25.75688047,2.71102985,-1
2021-03-02,1,17.28,17.7,16.99,17.3,147342505.0,3196536981.0,19405754475.0,0.0075927223128489,12.966468754368991,19.25141827280297,0.3965697175010376,17.831666666666663,-0.1147916666666688,0.0060987427480085,0.3570436169265859,-0.3509448741785773,100.0,12.292358803986737,17.22,18.35,52.47812651452675,52.00715264175983,4.304515396201313,5.401051414304062,6.497587432406809,7.594123450509557,8.690659468612306,1.1911663464539557,420138128986.7,420134584383.75,14.52358023,14.52358023,1.42813288,0.45151524,-25.99703787,2.73630752,-1
2021-03-03,1,17.25,18.44,17.15,18.39,191963527.0,4320024431.0,19405754475.0,0.0098920929483727,28.922090280690465,22.474975608765465,41.81631962454046,17.952604166666664,0.1209375000000001,0.0425301756540577,0.2941409286720803,-0.2516107530180226,100.0,48.504983388704325,17.23,18.27,70.2615674052679,52.47812651452675,4.3052777384544445,5.402007956289738,6.498738174125032,7.595468391960326,8.69219860979562,1.1913773054941328,446530177735.98,446526410469.75,15.43591599,15.43591599,1.5178447,0.47987832,-27.63010815,2.90819566,-1
2021-03-04,1,18.2,18.77,18.1,18.32,121357937.0,2799747146.0,19405754475.0,0.0062537087726397,41.45045253162459,28.80013458305184,66.75108842877009,18.05625,0.1036458333333349,0.0650046011427996,0.2483136631662241,-0.1833090620234245,94.99999999999996,46.17940199335548,17.23,18.23,79.27044426364439,70.2615674052679,4.305731249337784,5.402576994932282,6.49942274052678,7.596268486121278,8.693114231715775,1.1915028032220445,444783645098.16,444779892567.0,15.37554083,15.37554083,1.51190789,0.47800136,-27.52203732,2.89682071,-1
2021-03-05,1,18.14,18.36,17.47,17.85,88017141.0,1960439115.0,19405754475.0,0.004535620664138,44.300301687749766,33.966856951284484,64.96719116068033,18.084375,0.0281249999999992,0.044379098592465,0.2075267502514723,-0.1631476516590073,56.45161290322594,30.56478405315619,17.22,18.18,79.34235348011968,79.27044426364439,4.304186834170404,5.400639154093937,6.497091474017468,7.593543793940999,8.689996113864531,1.191075425177594,433528212543.32,433524554971.5,14.98645646,14.98645646,1.47364844,0.46590533,-26.82558088,2.82351547,-1
2021-03-08,1,17.93,18.13,17.17,17.26,99377397.0,2189190958.0,19405754475.0,0.0051210272256111,35.5117953280651,34.48183641021135,37.5717131637726,17.94583333333333,-0.1385416666666685,-0.0193517549565704,0.1621510492098637,-0.1815028041664342,7.826086956521737,10.963455149501716,17.2,18.12,67.96808224118445,79.34235348011968,4.304503875244367,5.401036958488464,6.497570041732559,7.594103124976655,8.69063620822075,1.1911631583189557,419167833076.8,419164296660.0,14.49003848,14.49003848,1.42483466,0.45047248,-25.93699852,2.7299881,-1
2021-03-09,1,17.33,17.52,16.45,16.66,136189533.0,2882931928.0,19405754475.0,0.0070179973252495,26.691771598020424,31.885148139481043,16.305018515099185,17.71895833333333,-0.2268749999999997,-0.1169260504157101,0.1063356292847489,-0.2232616797004591,15.000000000000036,6.017191977077385,17.16,18.03,59.100509177436,67.96808224118445,4.304324457821325,5.400811836114101,6.497299214406876,7.593786592699652,8.690273970992427,1.191113509060764,404613394428.3,404609980803.75,13.98691214,13.98691214,1.37536123,0.43483108,-25.03640829,2.63519685,-1
2021-03-10,1,16.65,16.71,16.21,16.3,114941657.0,2356185004.0,19405754475.0,0.0059230707648124,18.96638939868028,27.57889522588079,1.7413777442792693,17.495104166666664,-0.2238541666666655,-0.2207586061125788,0.0409167822052834,-0.2616753883178622,8.571428571428552,2.41286863270777,17.11,17.91,50.27449307930749,59.100509177436,4.304210473729732,5.40066881561529,6.497127157500847,7.593585499386404,8.690043841271962,1.1910819668309336,395880731239.2,395877391290.0,13.68503634,13.68503634,1.34567718,0.42544623,-24.49605416,2.5783221,-1
2021-03-11,1,16.45,17.09,16.43,17.0,104865939.0,2213107787.0,19405754475.0,0.0054038578677833,22.930717932453515,26.029502794738363,16.733148207883815,17.389374999999994,-0.1057291666666699,-0.2437526756059966,-0.0160171093569726,-0.227735566249024,100.0,21.29380053908353,17.08,17.81,53.05133817051953,50.27449307930749,4.305439535126616,5.402210969187737,6.498982403248857,7.595753837309978,8.692525271371098,1.1914220786528091,412763880071.46,412760397683.25,14.26866289,14.26866289,1.40306635,0.44359026,-25.54073882,2.68827995,-1
2021-03-12,1,17.08,17.34,16.94,17.17,69720060.0,1494219076.0,19405754475.0,0.0035927518350198,27.78714528830236,26.61538362592636,30.13066861305436,17.347187499999997,-0.0421874999999971,-0.2454289103873783,-0.0618994695630537,-0.1835294408243246,100.0,25.876010781671177,17.08,17.71,64.21741098719974,53.05133817051953,4.3059807228826505,5.402890019586236,6.49979931628982,7.596708612993405,8.69361790969699,1.1915718387495369,416839122893.04,416835606123.0,14.40953826,14.40953826,1.41691891,0.44796986,-25.79290408,2.7148215,-1
2021-03-15,1,17.1,17.68,16.87,17.26,95874870.0,2077984894.0,19405754475.0,0.0049405381338568,32.19663852553492,28.47580192579588,39.63831172501301,17.38052083333333,0.0333333333333314,-0.2367658019068379,-0.0968727360318106,-0.1398930658750273,100.0,29.08587257617731,17.09,17.63,73.04768134787861,64.21741098719974,4.304503875244367,5.401036958488464,6.497570041732559,7.594103124976655,8.69063620822075,1.1911631583189557,419167833076.8,419164296660.0,14.49003848,14.49003848,1.42483466,0.45047248,-25.93699852,2.7299881,-1
2021-03-16,1,17.26,17.67,17.0,17.31,93968432.0,2038470661.0,19405754475.0,0.0048422972742985,35.7873423503566,30.91298206731612,45.53606291643755,17.385624999999994,0.0051041666666655,-0.2232916764373911,-0.1221565241129267,-0.1011351523244644,100.0,32.06997084548099,17.09,17.57,80.22659350095195,73.04768134787861,4.305015096100727,5.401678408193046,6.498341720285365,7.595005032377683,8.691668344470001,1.191304625830081,420332188168.68,420328641928.5,14.53028858,14.53028858,1.42879253,0.45172379,-26.00904574,2.7375714,-1
2021-03-17,1,17.14,17.22,16.7,16.94,82148865.0,1738185857.0,19405754475.0,0.0042332219087812,35.176057690935416,32.334007275189215,40.860158522427824,17.345624999999995,-0.0399999999999991,-0.2397060604549175,-0.1456664313813248,-0.0940396290735926,39.34426229508233,22.74143302180686,17.09,17.51,73.59663685704332,80.22659350095195,4.304409766333472,5.40091887619127,6.4974279860490665,7.593937095906864,8.690446205764662,1.1911371160453796,411405465797.6,411401994870.0,14.22170443,14.22170443,1.39844883,0.4421304,-25.45668373,2.67943277,-1
2021-03-18,1,17.02,17.37,16.78,17.37,69161019.0,1483801549.0,19405754475.0,0.0035639438337271,43.589594016179184,36.085869522185874,58.59704300416581,17.374270833333327,0.0286458333333321,-0.2155326455346937,-0.1596396742119986,-0.0558929713226951,100.0,36.13707165109034,17.09,17.46,80.30969640117567,73.59663685704332,4.30602111584987,5.4029407022932645,6.4998602887366586,7.596779875180053,8.693699461623448,1.1915830164870418,421690602442.54,421687044741.75,14.57724704,14.57724704,1.43341005,0.45318366,-26.09310083,2.74641859,-1
2021-03-19,1,17.21,17.3,16.28,16.36,152562227.0,3159181043.0,19405754475.0,0.0078617003629795,32.46108988833711,34.87760964423629,27.628050376538766,17.190104166666664,-0.1841666666666626,-0.2747069484258588,-0.1826531290547706,-0.0920538193710882,7.339449541284248,5.263157894736796,17.08,17.39,68.60436394696423,80.30969640117567,4.305281169025784,5.402012260767823,6.4987433525098615,7.5954744442518995,8.692205535993939,1.1913782548184475,397239145513.06,397235794103.25,13.7319948,13.7319948,1.3502947,0.4269061,-24.58010925,2.58716928,-1
2021-03-22,1,16.42,17.22,16.41,17.22,145119008.0,3087549484.0,19405754475.0,0.0074781430522041,44.54322092329048,38.09948007058768,57.43070262869607,17.167395833333327,-0.0227083333333375,-0.2493340296263326,-0.195989309169083,-0.0533447204572496,86.23853211009154,46.33027522935771,17.08,17.34,81.17698927297303,68.60436394696423,4.304492303803462,5.401022439328578,6.497552574853694,7.59408271037881,8.690612845903926,1.19115995621379,418197537166.9,418194008936.25,14.45649672,14.45649672,1.42153643,0.44942972,-25.87695917,2.72366868,-1
2021-03-23,1,17.24,17.3,16.75,16.97,68290338.0,1448043613.0,19405754475.0,0.0035190766784139,46.12405204409837,40.77433739509125,56.82348134211263,17.08208333333333,-0.085312499999997,-0.2465565686907922,-0.2061027610734249,-0.0404538076173673,73.40425531914887,34.86238532110083,17.05,17.3,85.36503508907279,81.17698927297303,4.30593937557386,5.402838139427829,6.499736903281797,7.596635667135766,8.693534430989734,1.1915603969220108,411987643343.54,411984167504.25,14.24182949,14.24182949,1.40042777,0.44275605,-25.49270734,2.68322442,-1
2021-03-24,1,16.95,17.01,16.34,16.41,85008507.0,1757688572.0,19405754475.0,0.004380582425152,33.84460612463699,38.46442697160649,24.60496443069799,16.999687499999997,-0.082395833333333,-0.2862430985140527,-0.2221308285615504,-0.0641122699525022,7.954545454545496,9.174311926605473,17.0,17.24,74.90622458619936,85.36503508907279,4.305818256513867,5.402686166392525,6.499554076271182,7.5964219861498385,8.693289896028496,1.191526880269171,398403500604.94,398400139371.75,13.7722449,13.7722449,1.35425257,0.42815741,-24.65215646,2.59475258,-1
2021-03-25,1,16.45,16.65,16.3,16.58,49266574.0,1017166049.0,19405754475.0,0.002538761070252,29.70592789261508,35.54492727860936,18.02792912062651,16.90385416666666,-0.0958333333333349,-0.300513250386814,-0.2378073129266031,-0.0627059374602108,41.79104477611916,16.97247706422007,16.97,17.17,70.4101260930474,74.90622458619936,4.3042995549292185,5.400780589437471,6.497261623945724,7.593742658453976,8.69022369296223,1.19110661781186,402672802608.5,402669405356.25,13.91982863,13.91982863,1.36876477,0.43274555,-24.9163296,2.62255801,-1
2021-03-26,1,16.65,17.1,16.59,16.89,82210806.0,1733412579.0,19405754475.0,0.0042364137970471,34.43224929052034,35.17403461591302,32.94867863973498,16.87916666666666,-0.0246875000000024,-0.2835395716502376,-0.24695376467133,-0.0365858069789075,100.0,31.192660550458708,16.95,17.12,75.22212554795514,70.4101260930474,4.3038857064414255,5.400261316823817,6.496636927206208,7.593012537588598,8.68938814797099,1.190992095654122,410241110705.72,410237649601.5,14.18145432,14.18145432,1.39449096,0.44087909,-25.38463651,2.67184947,-1
2021-03-29,1,17.01,17.3,16.94,17.17,78566668.0,1684397866.0,19405754475.0,0.0040486273337744,50.17195824260991,40.17334249147865,70.16918974487243,16.97604166666666,0.0968750000000007,-0.244673702877705,-0.246497752312605,0.0018240494348999,100.0,44.03669724770646,16.96,17.09,87.00993908750048,75.22212554795514,4.303977009533136,5.400375878544992,6.496774747556847,7.593173616568702,8.689572485580557,1.191017361487825,417033182075.02,417029663667.75,14.41624661,14.41624661,1.41757855,0.44817841,-25.80491195,2.71608538,-1
2021-03-30,1,17.09,17.53,16.95,17.53,73865481.0,1601238499.0,19405754475.0,0.0038063699659376,66.78130549507328,49.04266349267687,102.2585894998661,17.073749999999993,0.0977083333333332,-0.182716982866431,-0.2337415984233702,0.0510246155569392,100.0,60.55045871559635,16.99,17.08,100.54182712500884,87.00993908750048,4.306052765381786,5.402980414254631,6.499908063127476,7.596835712000321,8.693763360873167,1.1915917746987867,425571786082.14,425568195636.75,14.71141407,14.71141407,1.44660296,0.4573547,-26.33325822,2.77169625,-1
2021-03-31,1,17.4,17.64,17.26,17.59,77702807.0,1699922184.0,19405754475.0,0.0040041116206073,76.62871346730374,58.23801348421915,113.41011343347292,17.164166666666663,0.0904166666666697,-0.1273068235086931,-0.2124546434404348,0.0851478199317416,100.0,63.30275229357794,17.01,17.1,110.68025083766244,100.54182712500884,4.305086282700462,5.40176772892948,6.4984491751584965,7.595130621387513,8.69181206761653,1.191324324930704,427124259537.98,427120655994.75,14.76508087,14.76508087,1.41117397,0.45902312,-26.42932118,2.78180732,-1
2021-04-01,1,17.65,17.67,17.18,17.41,54444898.0,1183868024.0,19405754475.0,0.002805605835637,78.09310824827544,64.85637840557125,104.56656793368384,17.231249999999996,0.0670833333333327,-0.0968024898408508,-0.189324212720518,0.0925217228796672,71.87500000000007,56.87203791469192,17.03,17.11,110.7784971793056,110.68025083766244,4.306029081989058,5.402950697733719,6.499872313478379,7.59679392922304,8.6937155449677,1.1915852209156566,422660898352.44,422657332465.5,14.6107888,14.6107888,1.39642749,0.45422642,-26.15314017,2.752738,-1
2021-04-02,1,17.34,17.37,17.07,17.18,58108352.0,1249405387.0,19405754475.0,0.0029943876737624,73.47326437962884,67.72867373025711,84.96244567837229,17.232499999999995,0.0012499999999988,-0.0901474991912216,-0.1694888700146587,0.079341370823437,21.15384615384606,59.146341463414544,17.04,17.13,102.01145550970176,110.7784971793056,4.30448067555743,5.401007848892979,6.497535022228527,7.594062195564074,8.690589368899623,1.1911567383892343,417227241257.0,417223721212.5,14.42295497,14.42295497,1.37847526,0.44838696,-25.81691982,2.71734927,-1
2021-04-06,1,17.22,17.65,17.19,17.33,40110282.0,873387017.0,19405754475.0,0.0020669272123211,74.0430035036941,69.83345032140278,82.46210986827674,17.22864583333333,-0.0038541666666631,-0.071940341284062,-0.1499791642685394,0.0780388229844774,76.47058823529356,81.15942028985495,17.05,17.14,97.91283676683702,102.01145550970176,4.306013110005751,5.40293065703341,6.499848204061069,7.596765751088728,8.693683298116389,1.1915808010710864,420720306532.64,420716757018.0,14.54370529,14.54370529,1.39001598,0.4521409,-26.03306148,2.74009917,-1
2021-04-07,1,17.49,17.53,17.03,17.29,51760459.0,1116774452.0,19405754475.0,0.0026672737237133,73.44959357667192,71.03883140649249,78.27111791703075,17.231562499999995,0.002916666666664,-0.0600465242196577,-0.131992636258763,0.0719461120391053,86.66666666666683,78.26086956521732,17.07,17.16,93.7392920257072,97.91283676683702,4.304015234472125,5.400423840938382,6.496832447404639,7.593241053870896,8.689649660337153,1.1910279392780587,419944069804.72,419940526839.0,14.51687188,14.51687188,1.38745137,0.45130669,-25.98503,2.73504363,-1
2021-04-08,1,17.15,17.37,17.05,17.23,38302950.0,825170841.0,19405754475.0,0.0019737933946008,68.71948213753434,70.26571498350644,65.62701644559016,17.21208333333333,-0.0194791666666667,-0.0548300404886354,-0.1165601171047375,0.061730076616102,66.66666666666706,73.91304347826089,17.07,17.17,87.89457921831858,93.7392920257072,4.304994332131114,5.401652354791648,6.498310377452181,7.594968400112713,8.691626422773245,1.1912988799238535,418391596348.88,418388066481.0,14.46320507,14.46320507,1.38232216,0.44963827,-25.88896704,2.72493257,-1
2021-04-09,1,17.35,17.36,16.85,17.02,39896028.0,849870878.0,19405754475.0,0.0020558864666353,52.723557197380536,64.41832905479781,29.334013482546,17.15489583333333,-0.0571874999999977,-0.0668703447963672,-0.1066221626430634,0.0397518178466962,38.63636363636341,56.48854961832055,17.09,17.18,79.88292704009362,87.89457921831858,4.304433625683719,5.400948813493273,6.497464001302827,7.593979189112381,8.690494376921935,1.1911437185203266,413346057617.4,413342570317.5,14.28878794,14.28878794,1.36565223,0.44421592,-25.57676243,2.6920716,-1
2021-04-12,1,17.19,17.19,16.49,16.54,59474314.0,1240067320.0,19405754475.0,0.0030647772070196,36.56146751011811,55.13270853990458,-0.5810145494548209,17.051354166666663,-0.1035416666666684,-0.1138321747263972,-0.1080641650597302,-0.005768009666667,6.756756756756834,19.84732824427468,17.08,17.16,68.50855997196076,79.88292704009362,4.304287014805132,5.400764854831204,6.497242694857275,7.593720534883346,8.690198374909416,1.1911031476479932,401702506698.6,401699117632.5,13.88628687,13.88628687,1.32718315,0.43170279,-24.85629025,2.6162386,-1
2021-04-13,1,16.56,16.69,16.45,16.61,49990418.0,1036992693.0,19405754475.0,0.0025760615524844,28.745896372865623,46.33710448422493,-6.436519849852985,16.976041666666664,-0.075312499999999,-0.1437443528798248,-0.1152002026237491,-0.0285441502560756,28.070175438596504,25.190839694656383,17.06,17.13,62.3324326313781,68.50855997196076,4.3058624507280285,5.402741618679468,6.499620786630906,7.596499954582344,8.693379122533782,1.1915391099061383,403254980154.44,403251577990.5,13.93995368,13.93995368,1.33231236,0.43337121,-24.95235321,2.62634966,-1
2021-04-14,1,16.61,16.73,16.32,16.52,53743849.0,1113001542.0,19405754475.0,0.0027694800049767,24.102202520182,38.92547049621062,-5.544333431875245,16.89520833333333,-0.0808333333333344,-0.1727211949900038,-0.1267044010970001,-0.0460167938930037,68.96551724137927,18.3206106870228,17.05,17.09,57.50194579574732,62.3324326313781,4.305321910573231,5.402063380852712,6.498804851132192,7.595546321411672,8.692287791691152,1.191389529016761,401120329152.66,401116944998.25,13.86616182,13.86616182,1.3252597,0.43107714,-24.82026664,2.61244695,-1
2021-04-15,1,16.59,16.6,16.05,16.27,73586505.0,1494016041.0,19405754475.0,0.0037919940239788,20.651468346787983,32.83413644640307,-3.713867852442192,16.80385416666666,-0.0913541666666688,-0.2133985363015114,-0.1440432281379023,-0.069355308163609,39.28571428571417,14.28571428571422,17.03,17.03,53.311888678818434,57.50194579574732,4.304729258123031,5.401319755598828,6.497910253074624,7.594500750550422,8.691091248026218,1.1912255273606294,395104494511.28,395101161111.0,13.65820294,13.65820294,1.30538401,0.42461202,-24.44802268,2.57326656,-1
2021-04-16,1,16.27,16.33,15.83,16.19,72999826.0,1466509057.0,19405754475.0,0.0037617618059655,20.36105215793194,28.67644168357936,3.730273106637106,16.687395833333326,-0.116458333333334,-0.2492181223854395,-0.1650782069874097,-0.0841399153980297,52.17391304347847,20.454545454545524,17.01,16.97,55.402115568458015,53.311888678818434,4.304705754134269,5.401290264183405,6.497874774232541,7.594459284281677,8.691043794330813,1.1912190232230335,393163902691.48,393160585663.5,13.59111942,13.59111942,1.2989725,0.4225265,-24.32794398,2.56062773,-1
2021-04-19,1,16.01,16.97,15.91,16.9,111228262.0,2304021478.0,19405754475.0,0.0057317154116987,34.55442692881733,30.63577009865868,42.39174058913463,16.695937499999996,0.0085416666666695,-0.2178036314553502,-0.1756232918809978,-0.0421803395743523,100.0,60.79545454545447,17.0,16.92,72.00066269235015,55.402115568458015,4.304397750533828,5.400903799476311,6.497409848418794,7.593915897361277,8.69042194630376,1.1911337909751116,410435169887.7,410431707146.25,14.18816268,14.18816268,1.35603496,0.44108764,-25.39664438,2.67311335,-1
2021-04-20,1,16.85,17.54,16.72,17.33,83477272.0,1798249024.0,19405754475.0,0.0043016761913349,52.27605070108288,37.84919696613341,81.12975817098182,16.81572916666666,0.1197916666666643,-0.156407051593252,-0.1717800438234487,0.0153729922301966,100.0,85.22727272727263,17.02,16.91,84.19197183172717,72.00066269235015,4.304027857643778,5.400439679747826,6.496851501851873,7.593263323955921,8.689675146059969,1.1910314324232505,420914365714.62,420910814562.75,14.55041364,14.55041364,1.39065713,0.45234945,-26.04506935,2.74136305,1
2021-04-21,1,17.82,18.53,17.81,18.39,159709965.0,3644577541.0,19405754475.0,0.0082300312108839,66.45563873899351,47.384677557086775,104.597561102807,17.113541666666663,0.2978125000000027,-0.0219634969822841,-0.1418167344552157,0.1198532374729316,100.0,100.0,17.05,16.94,96.4760232111559,84.19197183172717,4.541020269830398,5.697803746362495,6.854587222894591,8.011370699426688,9.168154175958785,1.25661312043644,446530177735.98,446526410469.75,14.63457583,15.43591599,1.4752891,0.47987832,-9.76662681,2.83684136,1
2021-04-22,1,18.53,18.56,18.2,18.36,82969388.0,1905208912.0,19405754475.0,0.0042755043668561,75.19509005065991,56.65481505494449,112.27564004209074,17.34364583333333,0.230104166666667,0.0812269061685562,-0.0972080063304613,0.1784349124990176,98.2035928143712,98.82812499999996,17.09,17.02,106.2758055338826,96.4760232111559,4.539530960043294,5.695935048497208,6.852339136951123,8.008743225405038,9.16514731385895,1.2562009914196852,445948000190.04,445944237835.5,14.61549555,15.41579094,1.47336565,0.47925267,-9.75389327,2.83314274,1
2021-04-23,1,18.64,18.9,18.44,18.61,82323015.0,1920413502.0,19405754475.0,0.0042421960509731,80.3146420098862,64.54142403992506,111.86107794980848,17.598749999999995,0.2551041666666656,0.1810914453190015,-0.0415481160005687,0.2226395613195703,100.0,100.0,17.14,17.12,113.08905340824649,106.2758055338826,4.540097864080503,5.696646366164848,6.853194868249193,8.009743370333537,9.16629187241788,1.2563578678502791,451963834831.42,451960021722.75,14.81265846,15.62374982,1.49324134,0.48571778,-9.8854732,2.87136181,1
2021-04-26,1,19.08,19.36,18.3,18.33,87241767.0,2037109597.0,19405754475.0,0.0044956647839892,77.15027125493829,68.74437311159613,93.96206754162262,17.717395833333327,0.118645833333332,0.2349329908605888,0.0137481053716627,0.2211848854889261,31.70731707317048,89.92805755395679,17.18,17.23,104.24164173960204,113.08905340824649,4.540015979034848,5.696543621651021,6.853071264267192,8.009598906883364,9.166126549499536,1.2563352082238903,445171763462.12,445168007656.5,14.59005517,15.38895753,1.47080104,0.47841846,-9.73691521,2.82821125,1
2021-04-27,1,18.34,18.53,18.27,18.33,47043140.0,1083043579.0,19405754475.0,0.0024241850560669,75.04069075163967,70.84314565827731,83.43578093836442,17.815937499999997,0.0985416666666694,0.2744392388961856,0.0658863320765673,0.2085529068196183,17.647058823529044,89.92805755395679,17.22,17.33,90.76389203990576,104.24164173960204,4.540015979034848,5.696543621651021,6.853071264267192,8.009598906883364,9.166126549499536,1.2563352082238903,445171763462.12,445168007656.5,14.59005517,15.38895753,1.47080104,0.47841846,-9.73691521,2.82821125,1
2021-04-28,1,18.61,18.74,18.2,18.66,59383793.0,1375141410.0,19405754475.0,0.0030601125597308,76.75045105822248,72.81224745825904,84.62685825814935,17.943124999999995,0.127187499999998,0.3285887011588748,0.1184268058930288,0.210161895265846,100.0,100.0,17.27,17.45,87.39399888631661,90.76389203990576,4.540598322744896,5.6972743121072655,6.853950301469635,8.010626290832004,9.167302280194374,1.256496357195524,453128189923.3,453124366991.25,14.85081902,15.66399993,1.49708824,0.48696909,-9.91094029,2.87875905,1
2021-04-29,1,18.65,18.95,18.47,18.85,61483688.0,1439823965.0,19405754475.0,0.0031683224725535,79.57276447359762,75.06575313003856,88.58678716071574,18.075937499999995,0.1328125,0.3824255881036187,0.1712265623351468,0.2111990257684719,100.0,100.0,17.33,17.57,89.07375579030335,87.39399888631661,4.540166120347509,5.6967320100930285,6.853297899838548,8.009863789584069,9.166429679329587,1.256376756055038,457785610290.82,457781748065.25,15.00346127,15.82500036,1.51247587,0.49197434,-10.01280862,2.90834801,1
2021-04-30,1,18.66,18.77,18.39,18.61,56198132.0,1308177203.0,19405754475.0,0.0028959519235595,76.91214601270144,75.68121742425951,79.3740031895853,18.17114583333333,0.0952083333333355,0.4011020597770951,0.2172016618235364,0.1839003979535586,63.076923076922895,92.05298013245029,17.39,17.69,90.05911661852937,89.07375579030335,4.540097864080503,5.696646366164848,6.853194868249193,8.009743370333537,9.16629187241788,1.2563578678502791,451963834831.42,451960021722.75,14.81265846,15.62374982,1.49324134,0.48571778,-9.8854732,2.87136181,1
2021-05-06,1,18.46,18.94,18.46,18.78,50029522.0,1174181608.0,19405754475.0,0.0025780766248718,72.13497906223111,74.49913797025005,67.40666124619324,18.257291666666664,0.0861458333333331,0.4247249129711044,0.25870631205305,0.1660186009180543,84.78260869565214,97.682119205298,17.45,17.81,97.1574047273326,90.05911661852937,4.5406293856459605,5.697313287998925,6.853997190351888,8.010681092704852,9.167364995057817,1.2565049530719383,456039077653.0,456035230162.5,14.94622043,15.7646252,1.50670551,0.49009738,-9.974608,2.89725215,1
2021-05-07,1,18.92,19.42,18.69,19.22,80221421.0,1929112374.0,19405754475.0,0.0041338985868005,75.95883850050375,74.98570481366795,77.90510587417532,18.4059375,0.1486458333333331,0.4734923915365385,0.3016635279497477,0.1718288635867907,100.0,100.0,17.53,17.93,104.01891328983818,97.1574047273326,4.540739970820093,5.697452043737068,6.854164116654043,8.010876189571018,9.167588262487993,1.2565355547368693,466712332661.9,466708395123.75,15.29602559,16.13358451,1.54196883,0.50156774,-10.20805627,2.96506018,1
2021-05-10,1,19.18,19.21,18.4,19.07,66143890.0,1566860764.0,19405754475.0,0.0034084678379916,74.40971747028117,74.79370903253903,73.64173434576543,18.535729166666663,0.1297916666666658,0.4943387933580432,0.3401985810314069,0.1541402123266363,81.70731707317091,95.57522123893808,17.61,18.05,105.78023090858696,104.01891328983818,4.541178611437972,5.698002424049717,6.854826236661462,8.011650049273207,9.168473861884952,1.2566569374929086,463025208204.28,463021301773.5,15.1751838,16.00612584,1.52978696,0.49760525,-10.1274105,2.94163559,1
2021-05-11,1,18.88,18.98,18.43,18.8,49722345.0,1161846399.0,19405754475.0,0.0025622474541794,65.99992093647161,71.86244633384989,54.27487014171507,18.588333333333328,0.052604166666665,0.4834994922967368,0.3688587632844728,0.1146407290122639,48.78048780487829,87.6106194690266,17.68,18.16,99.88192532214698,105.78023090858696,4.539669664145359,5.696109086203588,6.852548508261816,8.008987930320044,9.165427352378272,1.2562393742905285,456621255198.94,456617402796.75,14.96530071,15.78475025,1.50862897,0.49072303,-9.98734154,2.90095077,1
2021-05-12,1,18.61,18.89,18.28,18.82,53326526.0,1245517717.0,19405754475.0,0.0027479748890309,60.939838001363576,68.22157688968778,46.37636022471517,18.579791666666665,-0.0085416666666624,0.4710926382766622,0.3893055382829107,0.0817870999937515,68.3544303797468,88.20058997050151,17.73,18.25,97.23956873711802,99.88192532214698,4.540639652011702,5.697326169627657,6.854012687243612,8.010699204859566,9.167385722475522,1.2565077940303848,457009373562.9,457005517886.25,14.9780209,15.79816695,1.50991127,0.49114014,-9.99583057,2.90341652,1
2021-05-13,1,18.8,18.85,18.25,18.44,54965250.0,1271946299.0,19405754475.0,0.0028324201499514,47.18393571675608,61.20902983204388,19.13374748618048,18.5334375,-0.0463541666666671,0.4256902012150476,0.3965824708693381,0.0291077303457095,33.33333333333354,76.99115044247793,17.76,18.32,87.35969753939982,97.23956873711802,4.541524403574458,5.698436303577591,6.855348203580722,8.012260103583854,9.169172003586985,1.2567526267675282,447694532827.86,447690755738.25,14.67273639,15.4761661,1.47913601,0.48112964,-9.79209389,2.8442386,1
2021-05-14,1,18.64,18.87,18.2,18.78,56378536.0,1300250944.0,19405754475.0,0.0029052483412913,47.3029516800232,56.573670448036985,28.761514143995623,18.55083333333333,0.0173958333333317,0.4123898280047804,0.3997439422964265,0.0126458857083538,93.54838709677436,87.0206489675517,17.79,18.38,94.1870444246797,87.35969753939982,4.575677125822944,5.741289120172299,6.906901114521655,8.072513108871009,9.238125103220364,1.2662035334638049,452546012377.36,452542194357.0,14.83173874,15.64387487,1.49516479,0.48634344,-9.89820674,2.87506043,1
2021-05-17,1,18.65,19.19,18.48,19.01,52756465.0,1241605192.0,19405754475.0,0.002718599014945,53.66644866099909,55.60459651902435,49.79015294494859,18.590624999999992,0.0397916666666624,0.4156172868513792,0.4029186112074171,0.012698675643962,100.0,93.80530973451336,17.82,18.44,101.93227332513185,94.1870444246797,4.57676321203066,5.7426518769308,6.90854054183094,8.074429206731079,9.240317871631218,1.2665040804989305,457979669472.8,457975805610.0,15.00982136,15.83170871,1.51311703,0.4921829,-10.01705314,2.90958088,1
2021-05-18,1,19.21,19.42,18.85,19.25,39541498.0,939786732.0,19405754475.0,0.0020376171434581,64.46615703082996,58.55845002295956,76.28157104657079,18.70802083333333,0.1173958333333367,0.432554842507816,0.4088458574674969,0.0237089850403191,100.0,100.0,17.86,18.51,109.6186656176328,101.93227332513185,4.576370345470906,5.7421589311998895,6.907947516928873,8.073736102657858,9.23952468838684,1.2663953645619308,463801444932.2,463797531952.5,15.20062418,16.03295924,1.53235156,0.49843946,-10.14438856,2.94656708,1
2021-05-19,1,19.19,19.43,18.94,19.01,42942033.0,1022553739.0,19405754475.0,0.0022128504746012,64.92865753274849,60.681852526222535,73.42226754580038,18.76895833333333,0.0609375000000014,0.4217503081359908,0.4114267476011957,0.0103235605347951,68.83116883116902,92.98245614035092,17.9,18.57,110.5122026050505,109.6186656176328,4.57676321203066,5.7426518769308,6.90854054183094,8.074429206731079,9.240317871631218,1.2665040804989305,457979669472.8,457975805610.0,15.00982136,15.83170871,1.51311703,0.4921829,-10.01705314,2.90958088,1
2021-05-20,1,18.86,19.2,18.74,19.19,40578837.0,957478854.0,19405754475.0,0.0020910723699136,70.11503998118197,63.82624834454234,82.69262325446122,18.83333333333333,0.0643750000000018,0.4228379201451169,0.4137089821099799,0.0091289380351369,88.23529411764734,98.20359281437128,17.95,18.63,113.80745259495284,110.5122026050505,4.577428269516245,5.74348635174213,6.909544433968015,8.0756025161939,9.241660598419784,1.2666881184270988,462248971476.36,462245071594.5,15.14974343,15.97929243,1.52722235,0.49677104,-10.11043245,2.9367041,1
2021-05-21,1,19.23,19.4,18.55,18.92,53933574.0,1263058115.0,19405754475.0,0.0027792567441519,66.25555510940592,64.63601726616353,69.49463079589069,18.857291666666665,0.0239583333333328,0.397332910520987,0.4104337677921813,-0.0131008572711942,57.81250000000011,86.95652173913051,17.98,18.68,107.56052283023024,113.80745259495284,4.576426010215585,5.742228776030331,6.908031541845077,8.073834307659821,9.239637073474569,1.2664107683796533,455845018471.02,455841172617.75,14.93986033,15.75791684,1.50606436,0.48988882,-9.97036348,2.89601928,1
2021-05-24,1,18.91,19.01,18.68,18.91,34393563.0,806092207.0,19405754475.0,0.0017723383568677,63.41156248486141,64.22786567239616,61.77895610979192,18.884583333333328,0.0272916666666631,0.3720246219491336,0.4027519386235718,-0.0307273166744381,56.24999999999986,76.38888888888891,18.02,18.72,102.05077407183111,107.56052283023024,4.575955223180817,5.741638060294429,6.90732089740804,8.07300373452165,9.23868657163526,1.2662804899114528,455650959289.04,455647115073.0,14.93350024,15.75120849,1.50542321,0.48968027,-9.96611897,2.8947864,1
2021-05-25,1,18.96,19.92,18.89,19.81,97237462.0,2363145903.0,19405754475.0,0.0050107540072852,73.47592537750445,67.3105522407656,85.80667165098217,19.01958333333333,0.1350000000000015,0.4197514656954126,0.4061518440379399,0.0135996216574726,100.0,100.0,18.09,18.79,111.6040116826818,102.05077407183111,4.5754909264472845,5.741055488204776,6.906620049962268,8.07218461171976,9.237749173477251,1.2661520074708414,477385587670.8,477381560085.0,15.64583074,16.50254382,1.57723215,0.5130381,-10.44150454,3.03286821,1
2021-05-26,1,19.85,20.23,19.73,20.14,91926378.0,2286540249.0,19405754475.0,0.0047370679722051,80.83945107268771,71.82018518473963,98.87798284858386,19.214375,0.1947916666666671,0.4786855858305863,0.4206585923964692,0.058026993434117,100.0,100.0,18.17,18.88,120.35624661269296,111.6040116826818,4.575453061471406,5.741007977471814,6.906562893472223,8.07211780947263,9.237672725473038,1.266141529291343,485342014131.98,485337919419.75,15.90659459,16.77758622,1.60351936,0.52158874,-10.61552962,3.08341601,1
2021-05-27,1,20.06,20.26,19.75,19.97,50409136.0,1246712049.0,19405754475.0,0.0025976385543237,81.7955891046382,75.14531982470582,95.09612766450294,19.39458333333333,0.1802083333333328,0.5058426818244577,0.4376954102820669,0.0681472715423907,86.39999999999986,91.23711340206177,18.23,18.97,124.1475796059472,120.35624661269296,4.57709438208266,5.743067409531591,6.909040436980522,8.075013464429452,9.240986491878385,1.2665957234795184,481072712128.42,481068653435.25,15.76667253,16.63000249,1.58941403,0.51700059,-10.52215031,3.0562928,1
2021-05-28,1,19.88,19.9,19.46,19.73,49240073.0,1200523316.0,19405754475.0,0.0025373954443994,77.53234205416423,75.94099390119196,80.71503836010876,19.443333333333328,0.0487499999999982,0.502209720773223,0.4505982723802981,0.0516114483929248,39.70588235294113,78.86597938144331,18.29,19.06,121.76989454540116,124.1475796059472,4.575613478954333,5.741209259844693,6.906805040735053,8.072400821625413,9.237996602515771,1.2661859207940922,475444995851.0,475440984637.5,15.58222981,16.43546031,1.57082064,0.51095258,-10.3990594,3.02053948,1
2021-05-31,1,19.6,19.76,19.26,19.49,51535081.0,1244209046.0,19405754475.0,0.0026556597459991,70.01181478074881,73.96460086104425,62.10624262015793,19.446562499999995,0.0032291666666672,0.4744948969208558,0.4553775972884096,0.0191172996324461,32.394366197182784,66.49484536082466,18.34,19.13,109.20614601364542,121.76989454540116,4.575987222377748,5.741678210994782,6.907369199611815,8.07306018822885,9.238751176845884,1.266289344884194,469623220391.6,469619258295.0,15.39142699,16.23420978,1.5515861,0.50469602,-10.27172398,2.98355328,1
2021-06-01,1,19.49,19.53,18.93,19.27,62501796.0,1490476625.0,19405754475.0,0.0032207867043005,60.70963090646409,69.54627754285086,43.03633763369055,19.4203125,-0.0262499999999974,0.4298237967867102,0.4502668371880697,-0.0204430404013595,42.49999999999994,55.154639175257714,18.39,19.19,99.38638831102952,109.20614601364542,4.577294643150183,5.743318685278666,6.909342727407149,8.07536676953563,9.241390811664116,1.266651140691953,464189563296.16,464185647042.0,15.21334437,16.04637594,1.53363387,0.49885656,-10.15287759,2.94903283,1
2021-06-02,1,19.24,19.27,18.83,19.24,49752702.0,1176608127.0,19405754475.0,0.0025638117839785,53.923379668636834,64.33864491811285,33.0928491696848,19.37,-0.0503125000000004,0.387533632330765,0.4377201962166088,-0.0501865638858438,62.12121212121213,53.608247422680336,18.44,19.22,94.6157521104652,99.38638831102952,4.57590761779099,5.741578327865946,6.907249037940901,8.072919748015856,9.238590458090812,1.266267316317435,463607385750.22,463603474407.75,15.19426408,16.02625089,1.53171041,0.49823091,-10.14014405,2.94533421,1
2021-06-03,1,19.1,19.44,19.07,19.14,40090085.0,958876472.0,19405754475.0,0.0020658864385637,45.65356112930221,58.11028365517597,20.740116077554674,19.3053125,-0.0646875000000015,0.3420067669327373,0.4185775103598345,-0.0765707434270971,70.45454545454577,48.45360824742272,18.48,19.25,89.11782183668393,94.6157521104652,4.575105167244261,5.740571460364869,6.906037753485477,8.071504046606085,9.236970339726692,1.2660452583160162,461278675566.46,461274783870.75,15.11794296,15.94575068,1.5240166,0.49572828,-10.08920988,2.93053973,1
2021-06-04,1,19.32,20.1,19.17,19.77,75673942.0,1851425838.0,19405754475.0,0.0038995619622771,52.3471293309567,56.18923221376954,44.662923565331,19.366041666666664,0.0607291666666682,0.3526964676387507,0.4054013018156177,-0.052704834176867,100.0,80.92783505154635,18.53,19.28,95.688502625392,89.11782183668393,4.577416606403456,5.743471717557784,6.909526828712112,8.07558193986644,9.241637051020769,1.2666848909540451,476221232578.92,476217214816.5,15.60767018,16.46229371,1.57338525,0.51178679,-10.41603746,3.02547097,1
2021-06-07,1,19.72,19.72,19.27,19.57,44791410.0,1081738833.0,19405754475.0,0.0023081509176931,52.14750347005506,54.84198929919805,46.75853181176908,19.402291666666663,0.036249999999999,0.3410978403555589,0.392540609523606,-0.051442769168047,71.4285714285715,70.61855670103094,18.56,19.31,96.73500053066812,95.688502625392,4.575861615877391,5.741520607384629,6.907179598891867,8.072838590399105,9.238497581906342,1.266254586445125,471563812211.4,471559833742.5,15.45502793,16.30129329,1.55799762,0.50678154,-10.31416912,2.99588201,1
2021-06-08,1,19.45,19.79,19.29,19.76,57007792.0,1384120301.0,19405754475.0,0.0029376745992247,56.44332399169175,55.375767530029286,58.57843691501667,19.4946875,0.092395833333331,0.3432801370384659,0.3826885150265779,-0.039408377988112,98.33333333333366,80.41237113402069,18.61,19.35,99.9998284503792,96.73500053066812,4.576966375110362,5.742906793951175,6.908847212791987,8.0747876316328,9.240728050473612,1.2665603007702286,476027173396.94,476023157271.75,15.60131009,16.45558536,1.57274409,0.51157824,-10.41179294,3.0242381,1
2021-06-09,1,19.68,20.04,19.48,19.85,45383150.0,1116771375.0,19405754475.0,0.0023386439346363,64.40053620443494,58.38402375483117,76.43356110364248,19.55625,0.0615625000000044,0.3482573764676537,0.3758022873147931,-0.0275449108471393,100.0,85.05154639175264,18.66,19.39,104.42926108136275,99.9998284503792,4.575430021612302,5.740979068418845,6.906528115225386,8.072077162031928,9.23762620883847,1.2661351535899537,478355883580.7,478351847808.75,15.67763121,16.53608558,1.58043791,0.51408086,-10.46272711,3.03903258,1
2021-06-10,1,19.86,20.18,19.45,19.49,53021516.0,1294972567.0,19405754475.0,0.0027322573862462,59.22998709925292,58.666011536305085,60.35793822514857,19.55614583333333,-0.0001041666666701,0.3194702292800642,0.3645358757078473,-0.0450656464277831,35.714285714285445,66.49484536082466,18.7,19.42,94.56871226174526,104.42926108136275,4.575987222377748,5.741678210994782,6.907369199611815,8.07306018822885,9.238751176845884,1.266289344884194,469623220391.6,469619258295.0,15.39142699,16.23420978,1.5515861,0.50469602,-10.27172398,2.98355328,1
2021-06-11,1,19.58,19.61,18.62,18.82,83466504.0,1965393116.0,19405754475.0,0.0043011213043805,43.76016233967287,53.69739513742768,23.88569674416324,19.434375,-0.1217708333333327,0.2398282167623797,0.3395943439187538,-0.099766127156374,16.260162601625954,31.958762886597967,18.71,19.42,83.14865609079945,94.56871226174526,4.575612486792101,5.741208014938187,6.906803543084272,8.072399071230356,9.237994599376442,1.2661856462381549,453516308287.26,453512482080.75,14.86353921,15.67741663,1.49837055,0.4873862,-9.91942932,2.8812248,1
2021-06-15,1,18.81,18.87,18.36,18.7,66062259.0,1524503478.0,19405754475.0,0.0034042613022393,35.40054778688813,47.59844602058117,11.004751319502065,19.266458333333333,-0.1679166666666631,0.1651248939435383,0.3047004539237107,-0.1395755599801723,30.08849557522125,19.1011235955056,18.71,19.39,75.12946882894298,83.14865609079945,4.575807239014251,5.741452378511799,6.907097518009345,8.072742657506891,9.23838779700444,1.266239539016219,450605420557.56,450601618909.5,14.7681378,15.57679136,1.48875328,0.48425792,-9.8557616,2.8627317,1
2021-06-16,1,18.7,18.85,18.53,18.73,37820804.0,878470834.0,19405754475.0,0.0019489478777402,30.376921967815548,41.85793800299263,7.414889897461379,19.146354166666665,-0.1201041666666675,0.1071080467898184,0.2651819724969322,-0.1580739257071138,80.43478260869571,20.78651685393263,18.7,19.36,68.74209321844278,75.12946882894298,4.575266508700738,5.740773902085128,6.906281295469518,8.071788688853909,9.2372960822383,1.2660899055052008,451381657285.48,451377849088.5,14.79357818,15.60362477,1.49131788,0.48509213,-9.87273966,2.86766319,1
2021-06-17,1,18.54,19.08,18.54,18.61,45328209.0,1059121804.0,19405754475.0,0.0023358127641156,24.83003589063161,36.181970632205626,2.1261664074835807,19.064374999999995,-0.0819791666666702,0.0508599979167918,0.2223175775809041,-0.1714575796641123,67.56756756756738,14.04494382022471,18.69,19.31,63.15562577074823,68.74209321844278,4.577440662795856,5.743501902096631,6.909563141397407,8.075624380698182,9.241685619998956,1.266691547955451,448276710373.8,448272928372.5,14.69181667,15.49629115,1.48105946,0.48175529,-9.80482744,2.84793722,-1
2021-06-18,1,18.63,18.75,18.03,18.24,69409930.0,1574437730.0,19405754475.0,0.0035767704929699,19.809171213909405,30.724370826106888,-2.021228010485565,18.931875,-0.1324999999999967,-0.0233042568745176,0.1731932106898198,-0.1964974675643374,29.999999999999645,9.952606635070964,18.67,19.24,58.32863602408949,63.15562577074823,4.575567406049438,5.741151450287696,6.906735494525954,8.07231953876421,9.237903583002469,1.2661731712767268,439544047184.7,439540338858.75,14.40561245,15.19441535,1.45220765,0.47237045,-9.6138243,2.79245792,-1
2021-06-21,1,18.2,18.26,17.73,17.85,71827274.0,1600119860.0,19405754475.0,0.0037013389040108,14.838767203830775,25.42916961868152,-6.342037625870709,18.749166666666664,-0.1827083333333341,-0.1122556900372266,0.1161034305444105,-0.2283591205816371,13.636363636363765,4.979253112033236,18.64,19.15,51.055574079947306,58.32863602408949,4.576745826778124,5.742630062943822,6.90851429910952,8.074398535275218,9.240282771440915,1.266499269567655,430035147267.68,430031519166.0,14.09396786,14.86570614,1.42079124,0.4621514,-9.40584312,2.73204714,-1
2021-06-22,1,18.03,18.6,17.92,18.5,75775141.0,1720058047.0,19405754475.0,0.0039047768587209,20.36870194541099,23.74234706092468,13.62141171438362,18.70552083333333,-0.0436458333333327,-0.1288158648508925,0.0671195714653498,-0.1959354363162424,100.0,31.950207468879647,18.64,19.06,58.190799356695805,51.055574079947306,4.576137475283565,5.741866739457285,6.907596003631004,8.073325267804723,9.239054531978445,1.26633092359594,445753941008.06,445750180290.75,14.60913546,15.40908258,1.47272449,0.47904412,-9.74964875,2.83190987,-1
2021-06-23,1,18.4,18.86,18.3,18.64,44790778.0,1035835696.0,19405754475.0,0.0023081183500339,25.96008701122638,24.481593711025244,28.91707361162866,18.70895833333333,0.0034375000000004,-0.1291542825556035,0.0278648006611591,-0.1570190832167627,100.0,37.75933609958506,18.65,18.99,70.5945344617611,58.190799356695805,4.576894304798461,5.742816364384965,6.908738423971469,8.074660483557972,9.240582543144477,1.2665403571244955,449052947101.72,449049158551.5,14.71725705,15.52312455,1.48362407,0.4825895,-9.82180549,2.85286871,1
2021-06-24,1,18.55,18.62,18.27,18.59,39028349.0,894502109.0,19405754475.0,0.0020111740077037,32.55495162450553,27.17271301551867,43.31942884247925,18.738125,0.029166666666665,-0.1319361849447027,-0.0040953964600131,-0.1278407884846895,93.05555555555544,35.68464730290454,18.65,18.93,79.75947649247911,70.5945344617611,4.576483649532847,5.742301098437701,6.908118547342555,8.073935996247409,9.239753445152262,1.266426718610663,447888592009.84,447884813283.0,14.67909649,15.48287445,1.47977716,0.48133819,-9.79633841,2.84547147,1
2021-06-25,1,18.59,19.01,18.57,18.81,55997295.0,1310287390.0,19405754475.0,0.0028856025707292,48.36996774967034,34.238464593569226,76.63297406187259,18.751354166666665,0.0132291666666688,-0.1150623342815215,-0.0262887840243148,-0.0887735502572067,100.0,48.21428571428567,18.64,18.89,89.06095304520714,79.75947649247911,4.575138936155694,5.7406138315983455,6.906088727040997,8.071563622483648,9.2370385179263,1.2660546030127249,453322249105.28,453318424536.0,14.85717911,15.67070828,1.49772939,0.48717765,-9.9151848,2.87999193,1
2021-06-28,1,18.81,18.84,18.11,18.35,62625737.0,1425702202.0,19405754475.0,0.0032271735211676,47.55528714175559,38.67740544296468,65.31105053933742,18.6946875,-0.0566666666666648,-0.1372259859353626,-0.0484762244065244,-0.0887497615288381,34.285714285714604,29.24528301886796,18.62,18.84,81.71134141073352,89.06095304520714,4.576892150060899,5.742813660747672,6.908735171434444,8.074656682121216,9.240578192807988,1.2665397608550824,442066816550.44,442063086940.5,14.48829367,15.28162391,1.46054262,0.47508163,-9.66900299,2.80848528,1
2021-06-29,1,18.19,18.36,17.72,17.99,104974939.0,2341926371.0,19405754475.0,0.0054094747583886,38.32117181999392,38.55866090197443,37.846193656032895,18.6003125,-0.0943749999999994,-0.1817447900979409,-0.0751299375448077,-0.1066148525531332,24.770642201834825,12.676056338028134,18.59,18.78,74.06204445283677,81.71134141073352,4.575476449532807,5.741037323428438,6.90659819732407,8.072159071219701,9.237719945115332,1.266148001348958,433528212543.32,433524554971.5,14.20844955,14.98645646,1.43233196,0.46590533,-9.48224437,2.75423885,1
2021-06-30,1,18.01,18.47,18.0,18.22,40343546.0,913285187.0,19405754475.0,0.0020789475643409,38.46734452082279,38.52822210825722,38.34558934595394,18.506979166666667,-0.0933333333333337,-0.1962054510219246,-0.0993450402402311,-0.0968604107816935,79.36507936507904,23.47417840375584,18.56,18.72,72.62803448177394,74.06204445283677,4.576612073929696,5.742462237777764,6.908312401625832,8.074162565473898,9.240012729321966,1.266462256831696,438961869638.76,438958166224.5,14.38653217,15.17429029,1.42868445,0.47174479,-9.60109076,2.7887593,1
2021-07-01,1,18.37,18.93,18.14,18.69,66483330.0,1530548799.0,19405754475.0,0.0034259595567721,50.709495830419336,42.58864668231126,66.95119412663549,18.523854166666663,0.0168749999999988,-0.1678061916202367,-0.1130372705162322,-0.0547689211040044,100.0,45.53990610328644,18.56,18.68,82.91347970661946,72.62803448177394,4.577302835985271,5.743328965163732,6.909355094342192,8.075381223520653,9.241407352699111,1.2666534078529548,450217302193.6,450213503820.0,14.75541761,15.56337466,1.46531739,0.48384081,-9.84727258,2.86026595,1
2021-07-02,1,18.3,18.32,17.53,17.57,107067756.0,2360189794.0,19405754475.0,0.0055173199340398,34.70723145451377,39.96150827304543,24.198677817450445,18.3996875,-0.1241666666666674,-0.2329884676830715,-0.1370275099496001,-0.0959609577334714,3.448275862068892,1.7241379310344458,18.53,18.62,70.08027330678364,82.91347970661946,4.577247814142051,5.743259927008032,6.909272039874011,8.075284152739991,9.241296265605971,1.266638181942038,423243075898.38,423239505099.75,13.87136457,14.63091385,1.37752467,0.45485207,-9.25728512,2.68889657,-1
2021-07-05,1,17.47,17.84,16.99,17.77,85934129.0,1859394324.0,19405754475.0,0.0044282807509858,36.009441431722045,38.644152659270965,30.7400189766242,18.2834375,-0.1162499999999973,-0.2654476473028637,-0.1627115374202528,-0.1027361098826109,45.882352941176464,27.272727272727284,18.5,18.55,69.70585439670616,70.08027330678364,4.576887626342989,5.742807984653903,6.908728342964817,8.07464870127573,9.240569059586644,1.2665385090299548,428094555447.88,428090943718.5,14.03036692,14.79862263,1.39331472,0.46006588,-9.36339798,2.7197184,-1
2021-07-06,1,17.78,18.52,17.6,18.35,79195726.0,1784792786.0,19405754475.0,0.0040810433885487,46.44853851223715,41.24561461025969,56.85438631619206,18.2478125,-0.0356250000000031,-0.2415857778049499,-0.1784863854971922,-0.0630993923077576,100.0,47.5524475524476,18.49,18.49,77.65440537637438,69.70585439670616,4.576892150060899,5.742813660747672,6.908735171434444,8.074656682121216,9.240578192807988,1.2665397608550824,442066816550.44,442063086940.5,14.48829367,15.28162391,1.43879009,0.47508163,-9.66900299,2.80848528,-1
2021-07-07,1,18.27,18.57,18.12,18.16,46894487.0,1063910096.0,19405754475.0,0.0024165248024967,50.27262303456073,44.254617418360034,62.30863426696213,18.29927083333333,0.0514583333333327,-0.2352941617845907,-0.1898479407546719,-0.0454462210299187,86.02941176470581,40.90909090909093,18.48,18.45,85.40832950124626,77.65440537637438,4.575700895379005,5.741318944805868,6.906936994232731,8.072555043659593,9.238173093086456,1.26621011109047,437603455364.9,437599763411.25,14.34201152,15.12733184,1.42426324,0.47028493,-9.57137916,2.78012919,-1
2021-07-08,1,18.35,18.35,17.08,17.32,145705947.0,3140657440.0,19405754475.0,0.007508388668305,39.18518511582402,42.56480665084803,32.425942045776,18.180729166666666,-0.1185416666666654,-0.2946919650531434,-0.2108167456143662,-0.0838752194387771,18.8976377952757,11.538461538461592,18.44,18.38,77.19190781212794,85.40832950124626,4.5750496043373,5.740501743314377,6.905953882291453,8.07140602126853,9.236858160245603,1.2660298826793206,417421300438.98,417417778757.25,13.68056176,14.42966332,1.3585766,0.44859551,-9.1299497,2.65191037,-1
2021-07-09,1,17.16,17.42,16.93,17.13,76236474.0,1625461608.0,19405754475.0,0.0039285498586624,29.456790077216,38.19546779297068,11.979434645706633,17.95510416666667,-0.2256249999999973,-0.3530270876703518,-0.2392588140255633,-0.1137682736447884,16.260162601625954,7.812499999999976,18.41,18.29,67.92902762168825,77.19190781212794,4.575917679658045,5.741590952901818,6.907264226145591,8.072937499389363,9.238610772633136,1.2662701006860144,412763880071.46,412760397683.25,13.52791951,14.26866289,1.34341814,0.44359026,-9.02808137,2.62232142,-1
2021-07-12,1,17.32,17.32,16.83,17.04,87790102.0,1859059510.0,19405754475.0,0.004523921093256,22.971193384810675,33.12070965691735,2.6721608405973285,17.781041666666667,-0.1740625000000015,-0.40188763003232,-0.2717845772269147,-0.1301030528054053,42.85714285714285,10.55276381909551,18.37,18.19,60.09590259751505,67.92902762168825,4.575538951907957,5.741115747713319,6.90669254351868,8.072269339324041,9.237846135129402,1.2661652973088977,410629229069.68,410625764691.0,13.45795848,14.19487103,1.33647051,0.44129619,-8.98139171,2.60875981,1
2021-07-13,1,17.03,17.19,16.54,17.01,65761395.0,1382029130.0,19405754475.0,0.003388757447422,21.86921957871621,29.37021296418364,6.867232807781363,17.657395833333332,-0.1236458333333345,-0.4379819281218147,-0.3050240474058946,-0.13295788071592,79.66101694915297,20.70484581497809,18.32,18.09,57.304491042469294,60.09590259751505,4.576133964010815,5.741862333719841,6.907590703428869,8.073319073137895,9.239047442846925,1.26632995193954,409852992341.76,409849534512.0,13.4325181,14.16803762,1.33394411,0.44046198,-8.96441366,2.60382832,1
2021-07-14,1,16.91,16.91,16.44,16.72,84795055.0,1755810875.0,19405754475.0,0.0043695830074135,18.96132635451187,25.90058409429305,5.082810874949509,17.48875,-0.1686458333333327,-0.4844035926862666,-0.3408999564619691,-0.1435036362242975,46.66666666666643,11.814345991561092,18.26,17.97,55.58650628944396,57.304491042469294,4.576118411045507,5.7418428187785455,6.907567226511582,8.073291634244619,9.239016041977656,1.26632564804766,402866861790.48,402863462901.0,13.20355473,13.92653698,1.31120642,0.43295411,-8.81161115,2.55944488,1
2021-07-15,1,16.69,17.49,16.62,17.41,95600305.0,2040266259.0,19405754475.0,0.0049263894956086,27.820852937436698,26.540673708674262,30.381211394961568,17.454583333333336,-0.034166666666664,-0.4602108387958949,-0.3647621329287542,-0.0954487058671407,100.0,40.928270042194086,18.2,17.87,71.78089415003531,55.58650628944396,4.575424690714614,5.740972379523615,6.906520068332616,8.072067757141616,9.237615445950617,1.2661336783981287,419555951440.76,419552411749.5,13.75052279,14.50345518,1.36552422,0.45088959,-9.17663936,2.66547198,1
2021-07-16,1,17.24,17.57,17.16,17.19,57300261.0,1230180813.0,19405754475.0,0.0029527458504032,30.284324493502407,27.78855730361698,35.27585887327326,17.42572916666667,-0.0288541666666652,-0.4535616915735723,-0.3825220446577179,-0.0710396469158544,77.31958762886607,31.6455696202532,18.16,17.79,78.11471668247249,71.78089415003531,4.576882797369517,5.742801925543504,6.908721053717491,8.074640181891477,9.240559310065464,1.2665371727330297,414122294345.32,414118800496.5,13.57244017,14.31562135,1.34783936,0.44505013,-9.05779296,2.63095153,1
2021-07-19,1,17.2,17.26,16.74,17.08,52213595.0,1098434742.0,19405754475.0,0.0026906243231751,30.205199114604067,28.59410457394601,33.42738819592018,17.403229166666666,-0.0225000000000044,-0.4519583803130764,-0.3964093117887896,-0.0555490685242868,58.22784810126554,27.004219409282605,18.11,17.7,80.7906501471029,78.11471668247249,4.575468055846913,5.7410267915276565,6.906585527208399,8.072144262889143,9.237702998569883,1.2661456786075482,411599524979.58,411596052414.75,13.48975895,14.22841278,1.33962853,0.44233895,-9.00261428,2.61492418,1
2021-07-20,1,16.99,17.08,16.49,16.59,80403433.0,1665315546.0,19405754475.0,0.0041432778665514,22.75460045685644,26.64760320158281,14.968594967403682,17.2734375,-0.1297916666666658,-0.4846400210028534,-0.4140554536316023,-0.070584567371251,14.28571428571443,6.32911392405058,18.04,17.61,69.95912120972517,80.7906501471029,4.575804865007632,5.741449399748656,6.907093934489679,8.072738469230702,9.238383003971723,1.2662388820696104,399761914878.8,399758542185.0,13.10179322,13.81920336,1.30110078,0.42961727,-8.74369893,2.53971891,1
2021-07-21,1,16.58,16.75,16.27,16.47,75307652.0,1535327562.0,19405754475.0,0.0038806866332879,20.2979387661094,24.531048389758343,11.831719518811518,17.141562500000003,-0.1318749999999973,-0.514294981417887,-0.4341033591888593,-0.0801916222290277,24.691358024691308,7.8740157480314705,17.96,17.51,62.61789150397273,69.95912120972517,4.576027404439674,5.741728629070318,6.907429853700962,8.073131078331606,9.23883230296225,1.2663004642589646,396851027149.1,396847679013.75,13.00639182,13.7185781,1.29162675,0.42648899,-8.68003121,2.52122581,1
2021-07-22,1,16.47,16.64,16.3,16.41,86864809.0,1773999331.0,19405754475.0,0.0044762397211562,17.12170276714987,22.06126651555552,7.24257527033857,17.013333333333332,-0.1282291666666708,-0.5364543380801727,-0.454573554967122,-0.0818807831130507,43.75000000000014,5.511811023622071,17.9,17.41,56.08109960832964,62.61789150397273,4.575017201729384,5.7404610864377705,6.905904971146156,8.071348855854543,9.236792740562928,1.2660209160727378,395492612875.24,395489276200.5,12.96187116,13.67161964,1.28720553,0.42502913,-8.65031962,2.5125957,1
2021-07-23,1,16.41,16.41,16.11,16.19,72740433.0,1461467512.0,19405754475.0,0.0037483949976647,13.240952529698127,19.121161853603056,1.4805338818882705,16.870833333333334,-0.1424999999999983,-0.5652520752021353,-0.4767092590141246,-0.0885428161880106,22.22222222222277,2.962962962963032,17.83,17.3,48.88715509887868,56.08109960832964,4.576559588349198,5.74239638197457,6.908233175599941,8.074069969225311,9.239906762850682,1.2664477327676822,390058955779.8,390055664947.5,12.78378853,13.48378581,1.26952067,0.41918967,-8.53147322,2.47807524,1
2021-07-26,1,16.08,16.1,14.84,15.14,145130394.0,2770236696.0,19405754475.0,0.0074787297853823,12.49030534946909,16.910876352225067,3.649163343957136,16.594166666666663,-0.2766666666666708,-0.6651334695261575,-0.5143941011165312,-0.1507393684096263,19.10828025477711,7.792207792207808,17.72,17.16,44.82349946426184,48.88715509887868,4.57568749478683,5.741302130535118,6.9069167662834055,8.072531402031693,9.23814603777998,1.2662064028137066,364831262122.4,364828184130.0,11.95697634,12.61170016,1.18741237,0.3920779,-7.9796864,2.31780172,1
2021-07-27,1,15.2,15.3,14.18,14.3,135755148.0,2461708370.0,19405754475.0,0.0069956129855652,9.506811235929256,14.44285464679313,-0.3652755857984928,16.198333333333334,-0.3958333333333286,-0.8028168016087811,-0.5720786412149812,-0.2307381603937999,5.970149253731388,2.6607538802660966,17.58,16.97,38.29191374250077,44.82349946426184,4.574897895751844,5.74031138835113,6.905724880950415,8.0711383735497,9.236551866148986,1.265987901144855,344649107196.48,344646199476.0,11.29552659,11.91403164,1.12172572,0.37038848,-7.53825694,2.1895829,1
2021-07-28,1,14.38,14.55,14.24,14.3,106299421.0,1898562592.0,19405754475.0,0.0054777267813494,7.517815160236033,12.134508151274098,-1.715570821840096,15.843645833333332,-0.3546875000000007,-0.9015394486637264,-0.6379708027047302,-0.2635686459589961,12.500000000000092,2.6607538802660966,17.46,16.75,32.83432281584372,38.29191374250077,4.5774753055307285,5.743545369752095,6.909615433973461,8.075685498194828,9.241755562416191,1.2667011344608137,344455048014.5,344452141931.25,11.28916649,11.90732329,1.12109412,0.37017993,-7.53401242,2.18835003,1
2021-07-29,1,14.43,14.69,14.32,14.47,87237812.0,1566107824.0,19405754475.0,0.0044954609784631,8.150404912018836,10.80647373818901,2.838267259678485,15.606354166666668,-0.2372916666666658,-0.9550510445197258,-0.7013868510677292,-0.2536641934519965,100.0,6.430155210643034,17.35,16.53,30.82969017428537,32.83432281584372,4.577733740612793,5.743869638813073,6.910005537013352,8.07614143521363,9.242277333413911,1.2667726498682783,348530290836.08,348527350371.0,11.42272846,12.04819866,1.13435777,0.37455953,-7.62314722,2.21424037,1
2021-07-30,1,14.43,14.54,13.89,14.25,95015588.0,1679747318.0,19405754475.0,0.0048962583816262,9.195358760572637,10.269435412316886,7.047205457084136,15.418020833333337,-0.1883333333333325,-1.0036421689707795,-0.7618379146483394,-0.2418042543224403,62.06896551724128,8.071748878923753,17.23,16.31,31.92540671270393,30.82969017428537,4.57694149753239,5.742875579037225,6.908809660542059,8.074743742046893,9.240677823551728,1.2665534165263743,343290692922.62,343287796662.75,11.25100593,11.86707318,1.11730451,0.36892862,-7.50854534,2.18095279,1
2021-08-02,1,14.21,14.61,13.84,14.51,115992263.0,2056014243.0,19405754475.0,0.0059772096544574,13.804924167987714,11.44793166420716,18.51890917554882,15.268854166666667,-0.1491666666666677,-1.0095338799341906,-0.8113771077055096,-0.198156772228681,100.0,14.855875831485582,17.12,16.1,47.55789724478288,31.92540671270393,4.57764415455538,5.743757231525016,6.909870308494649,8.075983385464284,9.24209646243392,1.2667478591806218,349500586745.98,349497638094.75,11.45452893,12.08174042,1.13751578,0.37560229,-7.64436979,2.22040473,1
2021-08-03,1,14.49,14.62,14.22,14.41,89694857.0,1609422575.0,19405754475.0,0.004622075225962,15.988997064372764,12.961620130929028,22.043750931260234,15.135833333333334,-0.1330208333333331,-1.0106224411740783,-0.8512261743992233,-0.1593962667748549,85.07462686567169,12.63858093126386,17.01,15.9,57.38909434218377,47.55789724478288,4.576589606478633,5.74243404694856,6.908278487418486,8.074122927888412,9.239967368358338,1.266456039529832,347171876562.22,347168947557.75,11.37820781,12.0012402,1.12993655,0.37309966,-7.59343562,2.20561025,1
2021-08-04,1,14.53,14.55,14.18,14.34,72962008.0,1300164293.0,19405754475.0,0.003759813002581,17.144415682344487,14.35588531473418,22.7214764175651,15.042604166666669,-0.0932291666666671,-1.005542283271723,-0.8820893961737232,-0.1234528870979995,74.6268656716418,11.574074074074073,16.89,15.72,64.89988904886997,57.38909434218377,4.574815265058657,5.740207708242866,6.905600151427073,8.070992594611281,9.23638503779549,1.2659650351792702,345619403106.38,345616487199.75,11.32732706,11.94757339,1.12488374,0.37143125,-7.55947951,2.19574727,1
2021-08-05,1,14.26,14.54,14.16,14.24,62157388.0,1104903005.0,19405754475.0,0.003203038978983,17.32931546964559,15.347028699704651,21.29388900952746,14.933958333333337,-0.1086458333333322,-0.9980801392368672,-0.905287544786352,-0.0927925944505152,32.00000000000003,11.204481792717097,16.76,15.55,67.76630810840155,64.89988904886997,4.576316558352362,5.742091442303709,6.907866326255055,8.073641210206402,9.239416094157749,1.2663804803300056,343096633740.64,343093739118.0,11.24464584,11.86036483,1.11667291,0.36872007,-7.50430083,2.17971992,1
2021-08-06,1,14.14,14.42,14.05,14.38,56745413.0,1005870949.0,19405754475.0,0.00292415391904,23.88164410305141,18.19190050082024,35.26113130751375,14.84885416666667,-0.0851041666666656,-0.969691506283782,-0.918168337085838,-0.051523169197944,100.0,15.126050420168092,16.65,15.4,72.1421715915487,67.76630810840155,4.574733101050706,5.740104613703642,6.905476126356578,8.070847639009514,9.23621915166245,1.2659422983570838,346589699016.28,346586774923.5,11.35912752,11.98111515,1.12804175,0.37247401,-7.58070208,2.20191164,1
2021-08-09,1,14.43,15.5,14.37,15.35,175279800.0,3313803231.0,19405754475.0,0.0090323620360037,46.24238120926318,27.542060736967887,83.64302215385376,14.925520833333335,0.0766666666666662,-0.8590201670039139,-0.9063387030694532,0.0473185360655392,100.0,42.296918767507,16.59,15.29,84.75896444251475,72.1421715915487,4.575871429819915,5.7415329213394575,6.907194412859,8.072855904378542,9.238517395898086,1.266257302206827,369876800853.88,369873680293.5,12.12233878,12.78611729,1.20383403,0.39750025,-8.09004376,2.34985643,1
2021-08-10,1,15.38,16.09,15.22,15.89,130198844.0,2535427989.0,19405754475.0,0.0067092904925563,61.19862450987917,38.76091532793832,106.07404287376087,15.090625000000005,0.1651041666666675,-0.7194455260638026,-0.8689600676683231,0.1495145416045205,100.0,57.42296918767508,16.53,15.24,95.63694711618191,84.75896444251475,4.575990793283525,5.741682691556221,6.907374589828917,8.073066488101611,9.238758386374307,1.266290333042534,382878766046.54,382875535791.75,12.54846506,13.23557681,1.24615138,0.41147324,-8.3744262,2.43245893,1
2021-08-11,1,16.1,16.58,15.87,15.96,104830844.0,2104975145.0,19405754475.0,0.0054020493836017,66.58983726449368,48.03722264012344,103.69506651323418,15.289791666666668,0.1991666666666649,-0.5963093199020193,-0.8144299181150624,0.218120598213043,100.0,59.38375350140059,16.49,15.23,100.86527525632972,95.63694711618191,4.577588416997342,5.743687295332677,6.909786173668011,8.075885052003345,9.241983930338678,1.2667324352136342,384431239502.38,384427996149.75,12.59934581,13.28924362,1.2512042,0.41314166,-8.40838232,2.44232192,1
2021-08-12,1,15.94,16.35,15.81,16.02,66645800.0,1330388046.0,19405754475.0,0.0034343318156404,70.91390610820261,55.662783796149824,101.41615073230818,15.439895833333336,0.1501041666666669,-0.4882532117137046,-0.7491945768347908,0.2609413651210862,100.0,61.06442577030811,16.46,15.25,105.21453991526256,100.86527525632972,4.576316558352362,5.742091442303709,6.907866326255055,8.073641210206402,9.239416094157749,1.2663804803300056,385983712958.22,385980456507.75,12.65022657,13.34291043,1.25625702,0.41481008,-8.44233843,2.45218491,1
2021-08-13,1,15.93,16.04,15.71,16.02,56288502.0,1110191399.0,19405754475.0,0.0029006087896512,73.23114162154219,61.51890307128061,96.65561872206536,15.550104166666667,0.1102083333333325,-0.3980297285266925,-0.6789616071731712,0.2809318786464787,100.0,65.0746268656716,16.44,15.29,104.63768679220236,105.21453991526256,4.576316558352362,5.742091442303709,6.907866326255055,8.073641210206402,9.239416094157749,1.2663804803300056,385983712958.22,385980456507.75,12.65022657,13.34291043,1.25625702,0.41481008,-8.44233843,2.45218491,-1
2021-08-16,1,16.18,16.27,15.76,16.07,62705022.0,1247681171.0,19405754475.0,0.0032312591649441,75.43472682542868,66.15751098932996,93.98915849762612,15.653229166666668,0.1031250000000003,-0.3188172590379867,-0.6069327375461343,0.2881154785081475,100.0,68.82716049382721,16.43,15.34,99.44823173328916,104.63768679220236,4.57679337982179,5.7426897296914365,6.908586079561083,8.074482429430729,9.240378779300377,1.266512428676189,387148068050.1,387144801776.25,12.68838713,13.38316054,1.26004663,0.41606139,-8.46780551,2.45958215,-1
2021-08-17,1,15.99,16.29,15.79,15.84,47602194.0,947385521.0,19405754475.0,0.0024529937272639,73.87348059771664,68.72950085879218,84.16144007556554,15.68260416666667,0.0293750000000017,-0.2714705406746098,-0.5398402981718294,0.2683697574972196,36.111111111110894,72.72727272727273,16.42,15.39,89.32440637904602,99.44823173328916,4.575506190628693,5.7410746407971125,6.906643090965531,8.07221154113395,9.237779991302368,1.2661562314490429,381714410954.66,381711190523.25,12.5103045,13.19532671,1.24236177,0.41022193,-8.34895912,2.42506169,-1
2021-08-18,1,15.84,17.08,15.75,16.61,133273216.0,2732213549.0,19405754475.0,0.0068677162834195,77.4118033467726,71.62360168811898,88.98820666407983,15.797187500000003,0.1145833333333339,-0.1698573506101439,-0.4658437086594923,0.2959863580493483,100.0,100.0,16.43,15.47,93.44269117291876,89.32440637904602,4.576877634654078,5.7427954476734175,6.908713260692756,8.074631073712094,9.240548886731434,1.2665357440814111,400150033242.76,400146657274.5,13.11451341,13.83262007,1.30236399,0.43003438,-8.75218795,2.54218465,-1
2021-08-19,1,16.5,16.61,16.12,16.38,64997561.0,1315320352.0,19405754475.0,0.0033493962362419,76.33111613032072,73.1927731688529,82.60780205325639,15.873125000000002,0.0759374999999984,-0.1066577589572421,-0.3940065187190423,0.2873487597618001,73.2558139534883,91.69675090252706,16.45,15.55,91.77571758859672,93.44269117291876,4.575634001811098,5.741235010711946,6.906836019612793,8.072437028513642,9.238038037414489,1.2661915999784048,394716376147.32,394713046021.5,12.93643079,13.64478623,1.28467912,0.42419492,-8.63334156,2.5076642,-1
2021-08-20,1,16.08,16.16,15.06,15.64,161462793.0,3119152555.0,19405754475.0,0.0083203563771771,60.45836784925674,68.94797139565418,43.47916075646185,15.852708333333334,-0.0204166666666676,-0.1149582753664244,-0.3381968700485187,0.2232385946820942,37.41935483870971,64.98194945848378,16.44,15.6,85.18032473913594,91.77571758859672,4.9239739219004,6.178311346811755,7.432648771723111,8.686986196634466,9.94132362154582,1.3625859096149806,376862931405.16,376859751904.5,11.47817535,13.02761793,1.22657171,0.40500813,-3.53971589,2.3569548,-1
2021-08-23,1,15.71,16.15,15.39,15.54,119184935.0,2315871646.0,19405754475.0,0.0061417315752161,48.22637064537906,62.04077114556247,20.597569645012243,15.7596875,-0.093020833333334,-0.1281286711244291,-0.2961832302637008,0.1680545591392716,36.3636363636363,61.37184115523465,16.43,15.64,78.23297643828303,85.18032473913594,4.922910342633035,6.176976830431283,7.431043318229531,8.685109806027778,9.939176293826025,1.3622915908093864,374534221221.4,374531061367.5,11.40724945,12.94711771,1.21899248,0.4025055,-3.51784329,2.34239072,-1
2021-08-24,1,15.59,16.08,15.47,15.59,86895330.0,1690760837.0,19405754475.0,0.0044778125020568,40.89678835104478,54.99277688072325,12.704811291687848,15.689895833333336,-0.0697916666666653,-0.1329985974747245,-0.2635463037059055,0.130547706231181,91.37931034482746,63.176895306859215,16.42,15.66,75.22428963472908,78.23297643828303,4.92344378037501,6.17764615657036,7.431848532765709,8.68605090896106,9.940253285156407,1.3624392062846915,375698576313.28,375695406636.0,11.4427124,12.98736782,1.2227821,0.40375682,-3.52877959,2.34967276,-1
2021-08-25,1,15.64,15.68,15.26,15.43,69808397.0,1341330419.0,19405754475.0,0.0035973039383721,33.37013612841929,47.7852299632886,4.539948458680669,15.646770833333337,-0.0431249999999998,-0.1480619460685481,-0.240449432178434,0.0923874861098859,51.51515151515148,57.400722021660656,16.4,15.67,72.44905658756738,75.22428963472908,4.9237800271908805,6.178068059194293,7.432356091197704,8.686644123201114,9.940932155204528,1.3625322541319642,371817392673.68,371814255741.0,11.32450256,12.8532008,1.21015005,0.39958578,-3.49232525,2.32539928,-1
2021-08-26,1,15.46,15.51,14.83,14.87,95161900.0,1783725035.0,19405754475.0,0.0049037980008762,22.839350011538773,39.469936646038654,-10.421823257460986,15.483437500000004,-0.1633333333333322,-0.2028487639575154,-0.2329292985342503,0.0300805345767349,5.263157894736732,37.18411552346569,16.36,15.65,61.52710937096643,72.44905658756738,4.9250142634274825,6.179616705849655,7.434219148271826,8.688821590694,9.94342403311617,1.3628737979605474,358233249935.08,358230227608.5,10.91076813,12.38361622,1.16593789,0.38498713,-3.36473508,2.2404421,-1
2021-08-27,1,14.95,15.21,14.75,14.81,72882023.0,1354408977.0,19405754475.0,0.0037556912870299,16.0846024397383,31.67482524393854,-15.095843168662178,15.325625000000002,-0.1578125000000003,-0.2482475669878159,-0.2359929522249634,-0.0122546147628524,8.823529411764783,35.018050541516274,16.31,15.61,52.66646574306724,61.52710937096643,4.9238129963277775,6.178109426917968,7.432405857508157,8.686702288098346,9.940998718688537,1.36254137751119,356874835661.22,356871824795.25,10.86939468,12.33665776,1.16151667,0.38352727,-3.35197606,2.23194639,-1
2021-08-30,1,14.67,14.73,14.14,14.27,125221101.0,2221855859.0,19405754475.0,0.0064527818880383,12.196991195653188,25.182213894510088,-13.773454202060613,15.135104166666668,-0.1905208333333341,-0.3240643207353422,-0.2536072259270392,-0.0704570948083029,17.808219178082087,15.52346570397111,16.23,15.53,46.17519504089216,52.66646574306724,4.923664775253914,6.177923447878067,7.43218212050222,8.686440793126373,9.940699465750528,1.3625003610578217,343872870468.56,343869969297.0,10.47339172,11.88719823,1.11919932,0.36955428,-3.22985404,2.15063023,-1
2021-08-31,1,14.27,14.44,13.94,14.34,117486786.0,2072006842.0,19405754475.0,0.0060542240782936,13.125085266515365,21.163171018511846,-2.951086237477604,15.006354166666668,-0.1287500000000001,-0.3741878250020889,-0.2777233457420491,-0.0964644792600397,45.977011494252864,14.981273408239714,16.16,15.45,45.29835223831911,46.17519504089216,4.925579917212275,6.180326454774483,7.435072992336691,8.689819529898898,9.944566067461103,1.363030328415238,345425343924.4,345422429655.0,10.52067566,11.94086504,1.12425213,0.37122269,-3.24443578,2.16033962,-1
2021-09-01,1,14.08,14.43,13.7,14.4,231689409.0,4046284163.0,19405754475.0,0.0119392116033664,18.2351516952921,20.1871645774386,14.3311259309991,14.887083333333331,-0.1192708333333349,-0.4044078032737328,-0.3030602372483859,-0.1013475660253469,100.0,24.05498281786945,16.09,15.35,50.21531217787886,45.29835223831911,4.924058441067525,6.178417396465462,7.432776351863397,8.687135307261332,9.941494262659267,1.3626092981682192,346977817380.24,346974890013.0,10.56795959,11.99453185,1.12930495,0.37289111,-3.25901751,2.17004902,1
2021-09-02,1,14.5,15.13,14.34,14.82,242260354.0,4454545280.0,19405754475.0,0.0124839440956598,27.394863034956654,22.589730729944616,37.005127644980725,14.8921875,0.0051041666666655,-0.3899715149877139,-0.3204424927962515,-0.0695290221914624,100.0,38.4879725085911,16.04,15.27,63.12367809681439,50.21531217787886,4.924459854762439,6.178921066636219,7.433382278509999,8.687843490383779,9.942304702257555,1.362720379309852,357068894843.2,357065882340.0,10.87530518,12.34336611,1.16214827,0.38373582,-3.35379878,2.23316006,1
2021-09-03,1,14.9,14.9,14.26,14.53,139481871.0,2523273155.0,19405754475.0,0.0071876551452658,29.88789188324841,25.02245111437922,39.618773420986805,14.850729166666666,-0.0414583333333329,-0.397350816017326,-0.3358241574404664,-0.0615266585768596,74.10714285714279,28.52233676975945,15.99,15.19,68.30890257307526,63.12367809681439,4.924445119277147,6.17890257742051,7.433360035563875,8.68781749370724,9.942274951850605,1.3627163016350006,350082764291.92,350079810729.0,10.66252747,12.10186547,1.13941059,0.37622794,-3.28818098,2.1894678,1
2021-09-06,1,14.44,14.98,14.32,14.86,151522556.0,2780281081.0,19405754475.0,0.0078081249659838,39.45388078411847,29.83292767095897,58.69578701043746,14.864166666666668,0.0134375000000019,-0.3722793189206701,-0.3431151897365071,-0.029164129184163,100.0,39.86254295532646,15.96,15.13,79.13312838761753,68.30890257307526,4.924369804574542,6.178808076984671,7.4332463493948,8.687684621804928,9.942122894215055,1.36269546018576,358039190753.1,358036170063.75,10.90485764,12.37690787,1.16530628,0.38477858,-3.36291236,2.23922843,1
2021-09-07,1,14.98,15.75,14.78,15.5,162234416.0,3067365669.0,19405754475.0,0.0083601189641455,55.57087987233914,38.41224507141903,89.88814947417937,14.98125,0.1170833333333334,-0.2973397776749067,-0.333960107324187,0.0366203296492803,100.0,61.8556701030928,15.93,15.1,88.89951608786829,79.13312838761753,4.925551352903081,6.180290613968174,7.435029875033266,8.68976913609836,9.944508397163451,1.3630224239612658,373369866129.52,373366716099.0,11.3717865,12.90686761,1.21520287,0.40125419,-3.50690699,2.33510867,1
2021-09-08,1,15.5,15.75,15.38,15.49,102620105.0,1979771480.0,19405754475.0,0.0052881275568132,66.15294430513667,47.65914481599157,103.14054328342688,15.121145833333332,0.1398958333333322,-0.2360356951869171,-0.314375224896733,0.0783395297098158,99.15254237288138,61.51202749140896,15.92,15.09,97.05524842835064,88.89951608786829,4.924933313644339,6.1795151348479305,7.43409695605152,8.68867877725511,9.9432605984587,1.3628513971445304,373175806947.54,373172658554.25,11.36587601,12.90015926,1.21457127,0.40104564,-3.50508427,2.333895,1
2021-09-09,1,15.39,15.42,15.14,15.3,73950585.0,1399536021.0,19405754475.0,0.0038107554692227,70.11822303269275,55.14550422155863,100.063660654961,15.198854166666669,0.0777083333333337,-0.2004722608138536,-0.2915946320801571,0.0911223712663035,72.22222222222234,54.982817869415854,15.9,15.09,100.17688257364613,97.05524842835064,4.923410537483723,6.177604445355862,7.431798353228,8.68599226110014,9.94018616897228,1.3624300071508253,368712445762.0,368709335025.0,11.22993469,12.74586718,1.20004441,0.39624894,-3.46316178,2.3059805,1
2021-09-10,1,15.21,16.73,15.17,16.57,231494528.0,4668361828.0,19405754475.0,0.0119291691698062,78.31863933752675,62.869882593548006,109.21615282548424,15.397395833333333,0.1985416666666655,-0.0690140457259698,-0.2470785148093196,0.1780644690833498,100.0,98.62542955326464,15.93,15.14,109.42791684621446,100.17688257364613,4.92511570205716,6.179743985044606,7.434372268032051,8.689000551019497,9.943628834006942,1.3629018685494012,399179737332.86,399176369550.75,12.15788193,13.79907831,1.29920598,0.42899162,-3.74932831,2.49652731,1
2021-09-13,1,16.4,16.52,15.96,16.28,129722802.0,2606152379.0,19405754475.0,0.0066847595215696,80.59526450884623,68.77834323198074,104.2291070625772,15.569583333333332,0.1721874999999997,0.0116328640520144,-0.1953362390370528,0.2069691030890673,79.72027972027978,88.65979381443304,15.94,15.22,111.76851314235904,109.42791684621446,4.925114231343225,6.179742139679717,7.434370048016208,8.688997956352699,9.94362586468919,1.3629014615663189,392193606781.58,392190297939.75,11.94510422,13.55757767,1.27646829,0.42148374,-3.68371051,2.45283505,1
2021-09-14,1,16.25,16.33,15.52,15.6,115817315.0,2272080157.0,19405754475.0,0.0059681943904425,71.81384705448048,69.79017783948065,75.86118548448013,15.638125000000002,0.06854166666667,0.0204401823789019,-0.1521809547538618,0.1726211371327638,30.714285714285687,65.29209621993128,15.94,15.28,102.01399595016105,111.76851314235904,4.924058440709109,6.178417396015742,7.432776351322373,8.687135306629004,9.941494261935636,1.3626092980690363,375892635495.26,375889464180.75,11.44862289,12.99407617,1.2234137,0.40396537,-3.5306023,2.35088643,1
2021-09-15,1,15.55,16.91,15.46,15.72,84161841.0,1639298361.0,19405754475.0,0.0043369527893606,66.24067791053416,68.60701119649849,61.50801133860551,15.603541666666668,-0.0345833333333356,0.0366802160267027,-0.1144087205977489,0.1510889366244517,31.707317073170696,69.41580756013751,15.95,15.33,94.67333202158522,102.01399595016105,4.923806183240099,6.178100878258373,7.432395573276646,8.68669026829492,9.940984963313191,1.3625394921605731,378803523224.96,378800327352.0,11.53728027,13.09470144,1.23288773,0.40709365,-3.55794305,2.36909154,1
2021-09-16,1,15.54,15.71,15.09,15.37,117695356.0,2234474948.0,19405754475.0,0.0060649719211703,57.673965453869606,64.9626626156222,43.09657113036442,15.537395833333337,-0.0661458333333318,0.0210656530325099,-0.0873138458716971,0.1083794989042071,44.44444444444429,58.18815331010451,15.95,15.37,84.01607575301979,94.67333202158522,4.925198266303364,6.179847581779125,7.434496897254885,8.689146212730645,9.943795528206406,1.3629247161274551,370264919217.84,370261795383.0,11.27721863,12.79953399,1.20509723,0.39791736,-3.47774352,2.31568989,1
2021-09-17,1,15.22,15.3,14.83,14.92,112487963.0,2098715197.0,19405754475.0,0.0057966291980513,40.64023362026362,56.855186283836,8.210328293118877,15.46375,-0.0736458333333338,-0.0273054792624556,-0.0753121725498488,0.0480066932873932,10.112359550561775,42.50871080139373,15.93,15.38,71.9457439664773,84.01607575301979,4.922906923599966,6.1769725404307385,7.431038157261511,8.685103774092283,9.939169390923055,1.362290644677998,359591664208.94,359588630421.75,10.95214157,12.43057468,1.1703591,0.38644699,-3.3774941,2.24893782,-1
2021-09-22,1,14.39,14.54,14.03,14.48,147336521.0,2616707243.0,19405754475.0,0.0075924139507077,32.30182241350909,48.6707316603937,-0.4359960802601108,15.252083333333337,-0.2116666666666642,-0.0999916315817319,-0.0802480643562254,-0.0197435672255064,33.58208955223889,27.177700348432086,15.89,15.36,64.83428348525472,71.9457439664773,4.923875865396436,6.178188311308181,7.432500757219925,8.686813203131669,9.941125649043414,1.362558774944333,348918409200.04,348915465460.5,10.62706451,12.06161536,1.13562098,0.37497663,-3.27724468,2.18218576,-1
2021-09-23,1,14.58,14.76,14.22,14.24,137983759.0,2465683705.0,19405754475.0,0.0071104557762884,23.96510383122829,40.43552238400523,-8.975733274325577,15.042187500000002,-0.2098958333333342,-0.174945265090205,-0.0991875045030213,-0.0757577605871836,23.595505617977608,18.815331010452987,15.85,15.31,57.83698681010111,64.83428348525472,4.924429783704218,6.178883335250317,7.433336886796416,8.687790438342516,9.942243989888617,1.3627120579009924,343096633740.64,343093739118.0,10.44974976,11.86036483,1.11667291,0.36872007,-3.22256318,2.14577554,-1
2021-09-24,1,14.18,14.24,13.97,13.97,126569628.0,2209461934.0,19405754475.0,0.0065222729764543,15.97673588748553,32.282593551832,-16.634979441207413,14.851458333333335,-0.1907291666666655,-0.2532144051314269,-0.1299928846287024,-0.1232215205027244,0.0,9.407665505226523,15.8,15.23,48.324498830067085,57.83698681010111,4.92294686070066,6.177022651143405,7.431098441586149,8.685174232028894,9.939250022471638,1.3623016962659102,336692680735.3,336689840141.25,10.25470352,11.63898924,1.09583003,0.36183785,-3.16241352,2.1057243,-1
2021-09-27,1,13.86,14.24,13.74,14.15,114066759.0,1979196739.0,19405754475.0,0.0058779863028231,14.962408572729576,26.50919855879786,-8.131171399406988,14.714895833333337,-0.1365625000000001,-0.2972917723417136,-0.1634526621713047,-0.1338391101704089,82.00000000000003,15.679442508710832,15.75,15.14,51.32974781030586,48.324498830067085,4.923941668593518,6.178270877269259,7.432600085945,8.686929294620741,9.94125850329648,1.362576984323703,340961982738.86,340959106125.75,10.38473434,11.78657297,1.10972528,0.366426,-3.20251329,2.13242512,-1
2021-09-28,1,14.07,14.63,14.05,14.47,129316747.0,2311265536.0,19405754475.0,0.0066638350581316,17.651069437550532,23.55648885171541,5.840230609220768,14.66416666666667,-0.0507291666666667,-0.30291031619773,-0.1913441929765897,-0.1115661232211402,100.0,26.82926829268297,15.71,15.06,62.40318564713877,51.32974781030586,4.923213558784265,6.177357288130165,7.431501017476064,8.685644746821964,9.939788476167864,1.3623754982511778,348724350018.06,348721407915.75,10.62115402,12.05490701,1.13498937,0.37476808,-3.27542196,2.18097208,-1
2021-09-29,1,14.38,14.85,14.26,14.62,123012175.0,2225416488.0,19405754475.0,0.0063389534871459,21.02079708034388,22.71125826125824,17.63987471851516,14.681562500000004,0.0173958333333335,-0.2918945278661446,-0.2114542599545007,-0.0804402679116439,100.0,32.05574912891985,15.66,14.99,73.76087661887087,62.40318564713877,4.924917547866283,6.179495352881777,7.434073157897271,8.688650962912766,9.94322876792826,1.3628470343620755,352217415293.7,352214443721.25,10.72754288,12.17565733,1.14635822,0.37852202,-3.30823086,2.20281821,-1
2021-09-30,1,14.57,14.66,14.26,14.44,79561105.0,1424675917.0,19405754475.0,0.0040998717727,25.8581963615152,23.76023762801056,30.054113828524464,14.649375000000004,-0.0321875000000009,-0.2942964654654307,-0.2280227010566867,-0.066273764408744,68.42105263157892,25.78397212543554,15.61,14.92,78.81088737599704,73.76087661887087,4.9239668986646725,6.178302534470815,7.432638170276955,8.686973806083097,9.941309441889237,1.3625839661111778,347948113290.14,347945177736.75,10.59751205,12.02807361,1.09104057,0.37393387,-3.26813109,2.17611739,-1
2021-10-08,1,14.63,15.21,14.51,15.01,115920062.0,2146983882.0,19405754475.0,0.005973489057039,44.37554971109558,30.63200832237223,71.86263248854229,14.701458333333337,0.0520833333333321,-0.2473544340635562,-0.2318890476580606,-0.0154653864054956,100.0,45.64459930313589,15.59,14.88,88.60233412287333,78.81088737599704,4.923376010532257,6.177561122978572,7.431746235424886,8.6859313478712,9.940116460317514,1.3624204526856076,361726315210.72,361723263414.0,11.01715698,12.50436654,1.13424408,0.38874107,-3.39754398,2.26228824,-1
2021-10-11,1,15.3,15.9,15.3,15.63,145533835.0,2829310844.0,19405754475.0,0.0074995195465081,58.750366474063725,40.00479437293606,96.24151067631904,14.863958333333336,0.1625000000000014,-0.158298945824896,-0.2171710272914277,0.0588720814665317,100.0,66.78445229681981,15.56,14.88,97.1449753031841,88.60233412287333,4.925898615394005,6.180726338409861,7.435554061425715,8.69038178444157,9.945209507457424,1.363118520119486,376474813041.2,376471636815.0,11.46635437,13.01420123,1.18049008,0.40459102,-3.53607045,2.35452746,-1
2021-10-12,1,15.54,15.87,15.46,15.59,103123218.0,2004823968.0,19405754475.0,0.0053140535263831,67.71629369875852,49.24196081487688,104.66495946652178,15.030833333333335,0.166875000000001,-0.0899130340045797,-0.1917194286340581,0.1018063946294784,96.42857142857136,65.37102473498231,15.54,14.9,103.78248251750207,97.1449753031841,4.925988194928874,6.180838737513816,7.435689280098757,8.690539822683698,9.94539036526864,1.363143309002193,375504517131.3,375501349091.25,11.43680191,12.98065947,1.17744758,0.40354826,-3.52695687,2.34845909,-1
2021-10-13,1,15.54,16.04,15.44,15.77,80789668.0,1577612470.0,19405754475.0,0.0041631809834592,74.56448565424482,57.682802427999526,108.3278521067354,15.171562500000004,0.1407291666666665,-0.0209507038433098,-0.1575656836759084,0.1366149798325986,100.0,71.73144876325087,15.53,14.95,109.86299882053072,103.78248251750207,4.92433087787432,6.1787592340627775,7.433187590251234,8.68761594643969,9.942044302628148,1.3626846882007593,379967878316.84,379964672620.5,11.57274323,13.13495155,1.19144308,0.40834496,-3.56887936,2.37637359,-1
2021-10-14,1,15.78,16.04,15.21,15.47,84298987.0,1623970431.0,19405754475.0,0.0043440200744887,74.78212087094585,63.38257524231496,97.5812121282076,15.216250000000004,0.0446875000000002,0.0093867423382345,-0.1241751984730798,0.1335619408113144,46.428571428571495,61.13074204946998,15.52,14.99,100.9535931308909,109.86299882053072,4.923695309096714,6.177961759938698,7.432228210780679,8.686494661622662,9.940761112464644,1.3625088105306715,372787688583.58,372784543464.75,11.35405502,12.88674255,1.16892858,0.40062854,-3.50143884,2.33146765,-1
2021-10-15,1,15.3,16.03,15.3,15.83,99349378.0,1948647237.0,19405754475.0,0.0051195833755389,79.67049264093208,68.81188104185401,101.38771583908824,15.332812500000005,0.1165625000000005,0.0617663740492666,-0.0869868839686105,0.1487532580178772,100.0,73.85159010600707,15.53,15.05,105.64707145382744,100.9535931308909,4.922952237471363,6.177029397597381,7.431106557723399,8.685183717849416,9.939260877975434,1.362303184151938,381520351772.68,381517132978.5,11.62002716,13.18861835,1.19631108,0.41001338,-3.58346109,2.38608298,-1
2021-10-18,1,15.67,15.75,15.38,15.54,72962250.0,1408737777.0,19405754475.0,0.0037598254731087,77.0836992138049,71.56915376583764,88.11279010973945,15.373333333333337,0.040520833333332,0.0789667536057798,-0.0537961564537324,0.1327629100595123,53.2258064516127,63.604240282685474,15.54,15.11,99.9400665301414,105.64707145382744,4.925462394848402,6.1801789946608165,7.434895594473229,8.689612194285642,9.944328794098055,1.3629978070575668,374340162039.42,374337003822.75,11.40133896,12.94040936,1.17379658,0.40229695,-3.51602057,2.34117704,-1
2021-10-19,1,15.42,15.85,15.42,15.76,68241515.0,1330501302.0,19405754475.0,0.0035165607752027,79.47902044965271,74.205775993776,90.02550936140614,15.449583333333338,0.0762500000000017,0.10909278598076,-0.0212183679668339,0.130311153947594,86.79245283018861,71.3780918727915,15.56,15.17,102.5606641825177,99.9400665301414,4.923722956751014,6.177996450580642,7.432269944410271,8.686543438239898,9.940816932069527,1.3625164613234622,379773819134.86,379770615075.75,11.56683273,13.12824319,1.19083458,0.40813641,-3.56705664,2.37515991,-1
2021-10-20,1,15.91,15.93,15.46,15.5,66295555.0,1283356219.0,19405754475.0,0.0034162833032545,74.5546410840822,74.3220643572114,75.0197945378238,15.446458333333338,-0.0031250000000007,0.1107118394257646,0.0051676735116857,0.1055441659140789,31.57894736842093,69.29133858267713,15.59,15.22,93.97632212157124,102.5606641825177,4.925551352903081,6.180290613968174,7.435029875033266,8.68976913609836,9.944508397163451,1.3630224239612658,373369866129.52,373366716099.0,11.3717865,12.90686761,1.17075408,0.40125419,-3.50690699,2.33510867,-1
2021-10-21,1,15.72,16.16,15.5,16.11,162166101.0,3198266215.0,19405754475.0,0.0083565986166069,81.28204142447584,76.64205671296621,90.56201084749507,15.548750000000004,0.102291666666666,0.1593796238692775,0.0360100635832041,0.1233695602860734,100.0,100.0,15.63,15.28,105.15602756469448,93.97632212157124,5.3496507138390585,6.7124254171588245,8.07520012047859,9.437974823798356,10.80074952711812,1.480381252958689,388118363960.0,388115089500.0,10.88233181,13.41670229,1.21700008,0.41710415,-2.24778541,2.36415357,-1
2021-10-22,1,16.24,16.58,15.95,16.14,113496363.0,2287284921.0,19405754475.0,0.0058485931658166,76.81576484259463,76.69995942284235,77.04737568209919,15.648750000000003,0.1000000000000014,0.1980865247994447,0.0684253558264522,0.1296611689729925,100.0,100.0,15.68,15.35,105.7674548163034,105.15602756469448,5.348914991248239,6.711502275951526,8.074089560654812,9.436676845358098,10.799264130061385,1.480177660240381,388894600687.92,388891319679.0,10.90409647,13.4435357,1.21943408,0.41793836,-2.25228098,2.36888188,-1
2021-10-25,1,15.87,16.27,15.71,16.21,73082823.0,1458800090.0,19405754475.0,0.0037660387332093,75.54141013837214,76.31377632801895,73.99667775907852,15.756875000000004,0.1081249999999993,0.2317390936216643,0.1010881033854946,0.1306509902361697,100.0,100.0,15.72,15.43,107.67764519309574,105.7674548163034,5.350753213687665,6.713808768783456,8.076864323879246,9.439919878975036,10.802975434070826,1.48068634205601,390447074143.76,390443780037.0,10.9476258,13.49720251,1.22430208,0.41960677,-2.26127213,2.3783385,-1
2021-10-26,1,16.16,16.47,16.0,16.15,65280684.0,1313475883.0,19405754475.0,0.0033639858776993,73.23198632095854,75.28651299233213,69.12293297821137,15.808020833333336,0.051145833333333,0.2506778402074854,0.1310060507498928,0.1196717894575926,87.99999999999955,97.57085020242906,15.76,15.5,107.43067216196448,107.67764519309574,5.349559622033624,6.712311120547176,8.075062619060727,9.43781411757428,10.80056561608783,1.4803560455931477,389088659869.9,389085377223.75,10.90953764,13.45024405,1.22004258,0.41814691,-2.25340488,2.37006396,-1
2021-10-27,1,16.11,16.25,15.78,16.04,68760019.0,1365982834.0,19405754475.0,0.0035432798600323,68.09215754730569,72.88839451065665,58.49968362060375,15.824479166666672,0.0164583333333343,0.2538842332282005,0.1555816872455543,0.0983025459826461,65.99999999999966,93.11740890688252,15.79,15.57,101.07204322930836,107.43067216196448,5.347796990060105,6.710099474162574,8.072401958265042,9.43470444236751,10.797006926469978,1.479868281537316,386565890504.16,386562629142.0,10.83880248,13.36303548,1.21213208,0.41543573,-2.23879427,2.35469696,-1
2021-10-28,1,15.95,16.06,15.6,15.88,61901089.0,1211946109.0,19405754475.0,0.0031898316079256,59.283660587092704,68.353483202802,41.14401535567413,15.820520833333338,-0.0039583333333332,0.2407395641335679,0.172613262623157,0.0681263015104108,50.90909090909121,86.63967611336032,15.81,15.62,94.14331254851643,101.07204322930836,5.348148654260761,6.71054072160938,8.072932788958,9.435324856306618,10.797716923655235,1.47996559575797,382684706864.56,382681478247.0,10.72997916,13.22886846,1.19996208,0.41126469,-2.21631642,2.33105542,-1
2021-10-29,1,15.81,15.9,15.56,15.71,53992976.0,1052760273.0,19405754475.0,0.0027823177949385,47.8557737247285,61.52091337677749,20.525494420630523,15.76947916666667,-0.0510416666666682,0.2141363098385298,0.1809178720662316,0.0332184377722982,31.250000000000163,79.75708502024291,15.81,15.66,83.92382909262346,94.14331254851643,5.350587324454373,6.713600620781735,8.076613917109098,9.43962721343646,10.802640509763824,1.4806404363840004,378415404861.0,378412212262.5,10.61027351,13.08128474,1.18657508,0.40667655,-2.19159078,2.30504973,-1
2021-11-01,1,15.57,15.89,15.31,15.62,84149020.0,1626762030.0,19405754475.0,0.0043362921090446,40.04033208945153,54.3607196143355,11.399557039683586,15.723229166666671,-0.0462499999999987,0.1836735173300123,0.1814690011189877,0.0022045162110246,54.38596491228045,76.11336032388657,15.8,15.69,79.84064827572628,83.92382909262346,5.35011482420802,6.7130077554092304,8.07590068661044,9.438793617811651,10.80168654901286,1.4805096838275935,376280753859.22,376277579270.25,10.55042069,13.00749287,1.17988158,0.40438247,-2.17922796,2.29204689,-1
2021-11-02,1,15.6,15.7,14.49,14.64,199769050.0,3691356324.0,19405754475.0,0.010294320185147,29.085899223908683,45.93577948419323,-4.613861296660417,15.53135416666667,-0.1918750000000013,0.0795368734292658,0.1610825755810433,-0.0815457021517775,12.295081967213138,27.31481481481481,15.76,15.67,69.78622109633534,79.84064827572628,5.348193114887862,6.710596508175528,8.072999901463193,9.43540329475086,10.797806688038524,1.4799778991180164,352799592839.64,352796616355.5,9.89203961,12.19578239,1.10625307,0.37914767,-2.04323694,2.1490156,1
2021-11-03,1,14.58,14.69,14.38,14.52,111497204.0,2009325066.0,19405754475.0,0.0057455742905352,21.511811603817893,37.79445685740145,-11.053478903349216,15.345937500000003,-0.1854166666666667,-0.0125307179280635,0.126359916879222,-0.1388906348072855,11.290322580645078,13.333333333333314,15.73,15.62,61.12145080542065,69.78622109633534,5.348484874952064,6.7109625914537485,8.073440307955433,9.435918024457118,10.798395740958805,1.4800586363759254,349888705109.94,349885753184.25,9.81042213,12.09515712,1.09712557,0.37601939,-2.02637855,2.13128445,1
2021-11-04,1,14.56,14.58,14.34,14.39,98341098.0,1760671898.0,19405754475.0,0.0050676255915064,15.123680349337135,30.237531354713344,-15.10402166141528,15.150520833333337,-0.1954166666666683,-0.0948910163655387,0.0821097302302698,-0.1770007465958086,16.666666666666863,6.666666666666703,15.68,15.55,52.02634859268376,61.12145080542065,5.348058190444258,6.710427212961113,8.072796235477968,9.435165257994823,10.797534280511677,1.4799405621725668,346783758198.26,346780832468.25,9.72336347,11.9878235,1.08738957,0.37268256,-2.00839627,2.11237122,1
2021-11-05,1,14.38,14.5,14.15,14.21,109603988.0,1942415605.0,19405754475.0,0.0056480147752668,10.944522531742004,23.80652841372289,-14.77948923221978,15.018854166666667,-0.1316666666666659,-0.1726959109662313,0.0311486019909695,-0.2038445129572009,16.216216216216385,2.9126213592233245,15.64,15.45,44.39587311167956,52.02634859268376,5.350019678718109,6.712888372473976,8.075757066229842,9.438625759985708,10.801494453741574,1.4804833547068523,342320397012.72,342317508939.0,9.59821666,11.83353142,1.07339407,0.36788586,-1.98254673,2.08518345,1
2021-11-08,1,14.19,14.34,13.98,14.03,137681482.0,2406417772.0,19405754475.0,0.0070948791080177,8.03056274509671,18.5478731908475,-13.004058146404873,14.86010416666667,-0.1587499999999995,-0.2460450915113181,-0.0242901367094879,-0.2217549548018302,12.195121951219248,2.242152466367665,15.58,15.34,38.68721792856276,44.39587311167956,5.348960646383213,6.711559561315528,8.074158476247842,9.436757391180157,10.79935630611247,1.480190294150431,338051095009.16,338048242954.5,9.47851101,11.6859477,1.06000707,0.36329771,-1.95782109,2.05917776,1
2021-11-09,1,14.08,14.22,13.9,14.12,124057275.0,2163193119.0,19405754475.0,0.0063928086465187,8.748770225126187,15.281505535607062,-4.316700395835564,14.7278125,-0.1322916666666689,-0.2935289783599035,-0.078137905039571,-0.2153910733203324,70.96774193548339,9.523809523809472,15.54,15.23,40.746620702063,38.68721792856276,5.349493488046157,6.71222813952988,8.074962791013602,9.437697442497324,10.800432093981046,1.48033774467586,340185746010.94,340182875946.75,9.53836383,11.75973956,1.06670057,0.36559179,-1.97018391,2.07218061,1
2021-11-10,1,14.06,14.07,13.82,14.01,122085088.0,2109735147.0,19405754475.0,0.0062911796682411,8.877385278289244,13.146798783167789,0.3385582685321537,14.634583333333335,-0.0932291666666653,-0.3361613230035551,-0.1297425886323679,-0.2064187343711872,63.33333333333339,7.949790794979057,15.48,15.11,41.1011220168776,40.746620702063,5.347475084233527,6.709695565764093,8.07191604729466,9.434136528825226,10.796357010355791,1.4797792021980516,337662976645.2,337660127865.0,9.46762867,11.672531,1.05879007,0.36288061,-1.95557331,2.05681361,1
2021-11-11,1,13.97,14.84,13.95,14.78,208472900.0,3752413859.0,19405754475.0,0.010742839206204,21.37719405026045,15.890263872198672,32.351054406383994,14.676979166666667,0.042395833333332,-0.3043073329323,-0.1646555374923543,-0.1396517954399457,100.0,40.16736401673636,15.45,15.02,59.68689794483065,41.1011220168776,5.349315932222224,6.712005352980012,8.0746947737378,9.437384194495587,10.800073615253377,1.4802886105683897,356098598933.3,356095594616.25,9.98453943,12.30982435,1.11659757,0.38269306,-2.06234312,2.1691109,1
2021-11-12,1,14.75,15.01,14.59,14.72,95754646.0,1753072716.0,19405754475.0,0.0049343428581124,30.20890950868428,20.66314575102721,49.30043702399842,14.70375,0.0267708333333338,-0.2806689380567331,-0.18785821760523,-0.092810720451503,93.75000000000011,37.65690376569038,15.4,14.95,70.1322958598785,59.68689794483065,5.350928465276453,6.7140286641153,8.077128862954147,9.440229061792994,10.803329260631845,1.480734838524372,354546125477.46,354543134258.25,9.94101011,12.25615755,1.11172957,0.38102464,-2.05335198,2.15965429,1
2021-11-15,1,14.78,15.01,14.66,14.84,65508999.0,1203764096.0,19405754475.0,0.0033757512022732,48.71070157721809,30.01233102642417,86.10744267880591,14.769687500000003,0.0659375000000022,-0.2493776721222378,-0.2001621085086316,-0.0492155636136061,100.0,42.6778242677824,15.37,14.9,81.79929450444465,70.1322958598785,5.347717393034708,6.709999600521288,8.072281808007865,9.434564015494445,10.796846222981022,1.4798462550629738,357651072389.14,357648054974.25,10.02806876,12.36349116,1.12146558,0.38436147,-2.07133426,2.17856752,1
2021-11-16,1,14.79,14.93,14.63,14.67,60111048.0,1099113409.0,19405754475.0,0.0030975888145673,56.28332486100254,38.76932897128364,91.31131664044035,14.754062500000002,-0.0156250000000017,-0.235581065796099,-0.2072458999661251,-0.0283351658299739,32.00000000000003,35.56485355648533,15.32,14.86,86.80115574471904,81.79929450444465,5.347387095400677,6.709585162578981,8.071783229757283,9.433981296935588,10.796179364113891,1.4797548535021108,353575829567.56,353572846534.5,9.91380428,12.22261579,1.10868707,0.37998188,-2.04773251,2.15374391,1
2021-11-17,1,14.62,14.74,14.48,14.59,66464038.0,1203859180.0,19405754475.0,0.0034249654186661,59.09084402498208,45.543167322516446,86.18619742991335,14.7321875,-0.0218750000000014,-0.2284688407166886,-0.2114904881162378,-0.0169783526004507,30.555555555555447,32.2175732217573,15.28,14.83,78.0744615728622,86.80115574471904,5.350529024211906,6.713527469084496,8.076525913957084,9.439524358829674,10.802522803702262,1.4806243032585673,351441178565.78,351438213542.25,9.85395145,12.14882393,1.10199357,0.37768781,-2.03536969,2.14074106,1
2021-11-18,1,14.57,14.59,14.28,14.34,79984377.0,1430058312.0,19405754475.0,0.0041216834471982,53.959722347186926,48.34868566407327,65.18179571341425,14.6825,-0.0496874999999992,-0.2402359710309198,-0.2172395846991742,-0.0229963863317456,15.38461538461549,21.757322175732195,15.23,14.79,67.40186991452501,78.0744615728622,5.350434250732723,6.713408552926308,8.076382855119892,9.439357157313475,10.80233145950706,1.4805980770824363,345425343924.4,345422429655.0,9.68527531,11.94086504,1.08313007,0.37122269,-2.00052902,2.10409668,1
2021-11-19,1,14.34,14.69,14.26,14.62,78637156.0,1414506380.0,19405754475.0,0.0040522596584073,58.3821118168921,51.69316104834621,71.76001335398388,14.664166666666668,-0.0183333333333344,-0.2243813184733429,-0.2186679314540079,-0.0057133870193349,100.0,33.47280334728028,15.19,14.75,71.12084449583821,67.40186991452501,5.349714748098693,6.712505763561782,8.075296779024871,9.43808779448796,10.800878809951048,1.4803989728291218,352217415293.7,352214443721.25,9.87571612,12.17565733,1.10442757,0.37852202,-2.03986526,2.14546937,1
2021-11-22,1,14.52,14.7,14.42,14.59,73861780.0,1337768172.0,19405754475.0,0.0038061792493125,60.490035328908455,54.62545247520029,72.21920103632479,14.650729166666668,-0.0134374999999984,-0.2117956924698454,-0.2172934836571754,0.00549779118733,91.66666666666684,32.2175732217573,15.16,14.73,78.39944271971173,71.12084449583821,5.3475761914023465,6.709822429061559,8.07206866672077,9.43431490437998,10.796561142039192,1.479807181063452,351635237747.76,351632271087.0,9.85939262,12.15553228,1.10260207,0.37789636,-2.03649358,2.14192314,1
2021-11-23,1,14.59,14.78,14.24,14.4,123597796.0,2213817591.0,19405754475.0,0.0063691311852485,54.477633615498746,54.576179521966445,54.28054180256335,14.629895833333334,-0.0208333333333339,-0.2146782283079069,-0.2167704325873217,0.0020922042794148,42.10526315789488,24.89270386266097,15.13,14.7,73.66339318395208,78.39944271971173,5.348781535816717,6.7113348239666175,8.073888112116515,9.436441400266416,10.798994688416316,1.4801407298070692,346977817380.24,346974890013.0,9.72880464,11.99453185,1.08799807,0.37289111,-2.00952016,2.1135533,1
2021-11-24,1,14.31,14.46,14.22,14.39,74131084.0,1316774398.0,19405754475.0,0.0038200567824096,43.49141819092322,50.881259078285375,28.71173641619892,14.588645833333333,-0.0412500000000015,-0.2152878705934764,-0.2164739201885527,0.0011860495950762,45.94594594594602,25.675675675675706,15.11,14.67,69.92673091182604,73.66339318395208,5.348058190444258,6.710427212961113,8.072796235477968,9.435165257994823,10.797534280511677,1.4799405621725668,346783758198.26,346780832468.25,9.72336347,11.9878235,1.08738957,0.37268256,-2.00839627,2.11237122,1
2021-11-25,1,14.29,14.33,14.2,14.24,60353270.0,1068221305.0,19405754475.0,0.0031100707822389,30.64036932892828,44.13429582849968,3.652516329785456,14.527604166666666,-0.0610416666666662,-0.2252778994999076,-0.2182347160508236,-0.0070431834490839,20.000000000000355,20.3883495145631,15.08,14.63,60.26953666314948,69.92673091182604,5.349184914051372,6.711840959125688,8.074497004200003,9.437153049274318,10.799809094348634,1.4802523545856532,343096633740.64,343093739118.0,9.61998132,11.86036483,1.07582807,0.36872007,-1.98704231,2.08991176,1
2021-11-26,1,14.19,14.23,14.11,14.16,69449988.0,1219937313.0,19405754475.0,0.0035788347260329,22.45943321115546,36.90934162271827,-6.440383611970162,14.481875,-0.0457291666666659,-0.2369193420961171,-0.2219716412598823,-0.0149477008362347,17.85714285714304,17.989417989417976,15.06,14.59,52.27792963719149,60.26953666314948,5.349390044962571,6.712098345264677,8.074806645566783,9.43751494586889,10.800223246170995,1.4803091194048137,341156041920.84,341153163670.5,9.56556966,11.79328132,1.06974307,0.36663455,-1.97580338,2.07809099,1
2021-11-29,1,14.02,14.15,13.98,14.1,51259471.0,895105982.0,19405754475.0,0.0026414572577446,19.97295547410361,31.26387957318005,-2.6088927240492623,14.400520833333337,-0.0813541666666655,-0.2481265197188324,-0.2272026169516723,-0.0209239027671601,46.15384615384589,15.555555555555529,15.03,14.55,50.34735142930437,52.27792963719149,5.3480178613834095,6.71037661044002,8.07273535949663,9.43509410855324,10.79745285760985,1.4799294021195422,339797627646.98,339794760857.25,9.5274815,11.74632286,1.06548357,0.36517468,-1.96793613,2.06981645,1
2021-11-30,1,14.13,14.24,13.97,14.05,73361606.0,1280384552.0,19405754475.0,0.0037804047296646,16.607484719361263,26.37841462190712,-2.9343750857304585,14.3275,-0.0730208333333362,-0.2580680233295762,-0.2333756982272531,-0.024692325102323,42.10526315789488,22.54901960784319,15.0,14.51,47.845342373531466,50.34735142930437,5.350442806916044,6.713419288719252,8.076395770522462,9.439372252325668,10.802348734128875,1.480600444790921,338439213373.12,338436358044.0,9.48939334,11.6993644,1.06122407,0.36371482,-1.96006888,2.06154192,1
2021-12-01,1,14.04,14.31,13.99,14.21,70692519.0,1243666842.0,19405754475.0,0.0036428637232874,20.948199689450743,24.568342977754995,13.707913112842236,14.293229166666665,-0.0342708333333341,-0.2501524717615897,-0.2367310529341204,-0.0134214188274692,100.0,38.23529411764713,14.96,14.47,59.08538111345685,47.845342373531466,5.350019678718109,6.712888372473976,8.075757066229842,9.438625759985708,10.801494453741574,1.4804833547068523,342320397012.72,342317508939.0,9.59821666,11.83353142,1.07339407,0.36788586,-1.98254673,2.08518345,1
2021-12-02,1,14.19,14.34,13.99,14.17,99479835.0,1749164558.0,19405754475.0,0.0051263059690957,22.19591913453093,23.77753503001364,19.03268734356552,14.2634375,-0.0297916666666644,-0.2442909715671657,-0.2382430366607295,-0.0060479349064362,83.33333333333296,34.313725490196056,14.92,14.43,63.873104265835394,59.08538111345685,5.350124558703482,6.713019969678584,8.075915380653685,9.438810791628786,10.801706202603889,1.4805123776043203,341350101102.82,341347221215.25,9.57101083,11.79998967,1.07035157,0.3668431,-1.97692727,2.07927307,1
2021-12-03,1,14.21,14.26,14.02,14.22,70759974.0,1242375057.0,19405754475.0,0.0036463397540744,25.08534526664204,24.21347177555644,26.829092248813232,14.254479166666668,-0.0089583333333322,-0.2329260814254699,-0.2371796456136776,0.0042535641882077,100.0,39.215686274509856,14.88,14.4,71.6690099333883,63.873104265835394,5.350751344366412,6.713806423269671,8.07686150217293,9.439916581076188,10.802971659979448,1.4806858247683798,342514456194.7,342511566483.75,9.60365782,11.84023977,1.07400257,0.36809441,-1.98367063,2.08636553,1
2021-12-06,1,14.38,14.95,14.34,14.58,214562528.0,3896385172.0,19405754475.0,0.0110566444750404,37.4718628308226,28.63293546064516,55.14971757117746,14.3071875,0.0527083333333333,-0.1926495882212862,-0.2282736341351993,0.0356240459139131,100.0,74.50980392156863,14.85,14.38,76.57415120709999,71.6690099333883,5.349815830552379,6.712632595848159,8.075449361143937,9.438266126439716,10.801082891735495,1.4804269448552303,351247119383.8,351244155997.5,9.84851029,12.14211558,1.10138507,0.37747926,-2.0342458,2.13955898,1
2021-12-07,1,14.74,15.04,14.62,14.87,161644387.0,2979968977.0,19405754475.0,0.0083297141169256,53.01862506478515,36.761498662025154,85.53287787030514,14.406458333333337,0.0992708333333336,-0.1357645911157714,-0.2097718255313137,0.0740072344155423,100.0,100.0,14.84,14.39,86.99069305715187,76.57415120709999,5.349819807335959,6.712637585681067,8.075455364026174,9.438273142371282,10.801090920716389,1.4804280453300416,358233249935.08,358230227608.5,10.04439226,12.38361622,1.12329108,0.38498713,-2.07470594,2.18211375,1
2021-12-08,1,14.86,14.94,14.63,14.88,98028118.0,1798691053.0,19405754475.0,0.0050514973858031,63.69465970051101,45.73921900818711,99.6055410851588,14.5071875,0.1007291666666656,-0.0888516778152599,-0.185587795988103,0.096736118172843,100.0,100.0,14.83,14.41,95.9873746100428,86.99069305715187,5.3505190926134585,6.713515007501971,8.076510922390481,9.439506837278993,10.802502752167504,1.480621554938548,358427309117.06,358424285153.25,10.04983343,12.39032457,1.12389958,0.38519568,-2.07582983,2.18329583,1
2021-12-09,1,14.89,15.35,14.8,15.06,145588668.0,2726663443.0,19405754475.0,0.0075023451516692,68.79160888246629,53.42334896628017,99.52812871483854,14.605208333333335,0.0980208333333347,-0.0367250172200996,-0.1558152402345023,0.1190902230144026,100.0,100.0,14.82,14.45,100.07105685205174,95.9873746100428,5.348638522525524,6.711155379344501,8.073672236163478,9.436189092982454,10.79870594980143,1.480101154476542,362890670302.6,362887608682.5,10.17498024,12.54461664,1.13789508,0.38999238,-2.10167936,2.21048359,1
2021-12-10,1,14.91,15.06,14.72,14.8,98925513.0,1824076523.0,19405754475.0,0.0050977411430946,65.90938176705484,57.585359899871726,82.55742550142106,14.642187500000002,0.0369791666666667,-0.0162072629963105,-0.127893644786864,0.1116863817905534,39.53488372093024,76.1467889908257,14.81,14.48,90.70569632774615,100.07105685205174,5.347811502102049,6.710117683014779,8.07242386392751,9.434730044840238,10.797036225752969,1.4798722973798422,356680776479.24,356677767250.5,10.00086293,12.32994941,1.11842307,0.38331871,-2.06571479,2.17265713,1
2021-12-13,1,14.88,15.21,14.64,14.72,131449027.0,2427803722.0,19405754475.0,0.0067737138058374,61.83174470744834,59.00082150239727,67.49359111755051,14.665937500000004,0.0237500000000014,-0.0063291676586256,-0.1035807493612163,0.0972515817025906,19.04761904761907,68.80733944954129,14.81,14.51,79.57981291334661,90.70569632774615,5.350928465276453,6.7140286641153,8.077128862954147,9.440229061792994,10.803329260631845,1.480734838524372,354546125477.46,354543134258.25,9.94101011,12.25615755,1.11172957,0.38102464,-2.05335198,2.15965429,1
2021-12-14,1,14.63,14.63,14.11,14.16,193720890.0,3434156328.0,19405754475.0,0.0099826518082338,45.38782980496556,54.46315760325336,27.237174208389945,14.575000000000005,-0.090937499999999,-0.0431901565802839,-0.0915026308050298,0.0483124742247459,7.246376811594293,17.431192660550415,14.78,14.52,67.90095739392092,79.57981291334661,5.349390044962571,6.712098345264677,8.074806645566783,9.43751494586889,10.800223246170995,1.4803091194048137,341156041920.84,341153163670.5,9.56556966,11.79328132,1.06974307,0.36663455,-1.97580338,2.07809099,1
2021-12-15,1,14.1,14.22,14.01,14.14,129462741.0,2269821045.0,19405754475.0,0.0066713582904897,33.49238404908153,47.47289975186275,5.531352643519099,14.483750000000002,-0.0912500000000022,-0.0731730948342299,-0.0878367236108698,0.0146636287766399,18.309859154929665,15.596330275229354,14.77,14.52,59.91606845275838,67.90095739392092,5.35096575145781,6.714075448611119,8.077185145764428,9.440294842917735,10.803404540071046,1.4807451565370475,340573864374.9,340570991036.25,9.54924616,11.77315626,1.06791757,0.36600889,-1.9724317,2.07454476,1
2021-12-16,1,14.14,14.28,14.06,14.27,81947951.0,1445483375.0,19405754475.0,0.0042228685880557,28.795917724263305,41.24723907599627,3.893275020797376,14.42072916666667,-0.0630208333333328,-0.0854597490806643,-0.0873613287048287,0.0019015796241644,100.0,27.52293577981641,14.76,14.5,56.09710304196264,59.91606845275838,5.348353918073249,6.710798274505049,8.07324263093685,9.43568698736865,10.79813134380045,1.4800223973542186,343872870468.56,343869969297.0,9.64174598,11.88719823,1.07826207,0.36955428,-1.99153788,2.09464007,1
2021-12-17,1,14.26,14.3,14.15,14.15,60236967.0,1062875483.0,19405754475.0,0.003104077559963,22.67986554751884,35.05811456650379,-2.076632490451076,14.37354166666667,-0.0471874999999997,-0.1036847944409107,-0.0906260218520451,-0.0130587725888655,53.84615384615411,16.513761467889886,14.75,14.48,53.00641413999773,56.09710304196264,5.348654695121153,6.71117567176129,8.073696648401427,9.436217625041564,10.7987386016817,1.4801056298355253,340961982738.86,340959106125.75,9.56012849,11.78657297,1.06913457,0.366426,-1.97467949,2.07690891,1
2021-12-20,1,14.14,14.22,14.05,14.11,74643520.0,1309029269.0,19405754475.0,0.0038464631764851,17.607472554067275,29.24123389569161,-5.660050129181407,14.335208333333336,-0.0383333333333339,-0.1199729662252533,-0.0964954107266868,-0.0234775554985665,27.27272727272684,12.844036697247596,14.74,14.46,53.59128311985762,53.00641413999773,5.348756098646456,6.711302906909348,8.073849715172239,9.436396523435132,10.798943331698023,1.4801336907101268,339991686828.96,339988818402.0,9.53292266,11.75303121,1.06609207,0.36538323,-1.96906002,2.07099853,1
2021-12-21,1,14.09,14.26,14.08,14.17,89373404.0,1572895582.0,19405754475.0,0.0046055103971936,15.718414538532416,24.73362744330522,-2.3120112710131906,14.29854166666667,-0.0366666666666652,-0.1265808162987376,-0.1025124918410969,-0.0240683244576406,100.0,18.348623853210945,14.73,14.43,57.73163632352154,53.59128311985762,5.350124558703482,6.713019969678584,8.075915380653685,9.438810791628786,10.801706202603889,1.4805123776043203,341350101102.82,341347221215.25,9.57101083,11.79998967,1.07035157,0.3668431,-1.97692727,2.07927307,-1
2021-12-22,1,14.19,14.21,13.93,14.01,97692775.0,1701772584.0,19405754475.0,0.0050342167899658,12.56227635902161,20.67651041521068,-3.666191753356536,14.265312500000004,-0.0332291666666666,-0.1430789231506271,-0.1106257781030029,-0.0324531450476241,33.333333333333336,7.079646017699116,14.71,14.4,53.81572956880076,57.73163632352154,5.350550109696569,6.71355392590397,8.076557742111369,9.439561558318768,10.80256537452617,1.4806301381359963,337468917463.22,337466070320.25,9.46218751,11.66582264,1.05818157,0.36267206,-1.95444942,2.05563153,-1
2021-12-23,1,14.01,14.04,13.86,13.95,105957594.0,1831122716.0,19405754475.0,0.0054601120578178,10.597073128236625,17.316697986219328,-2.842176587728787,14.217916666666673,-0.0473958333333328,-0.1591605860898504,-0.1203327397003724,-0.0388278463894779,29.03225806451604,7.499999999999981,14.69,14.36,50.73749854988739,53.81572956880076,5.349167561778728,6.7118191865199295,8.074470811261131,9.437122436002332,10.799774060743532,1.4802475527807333,336110503189.36,336107667507.0,9.42409935,11.61886419,1.05392207,0.36121219,-1.94658217,2.047357,-1
2021-12-24,1,13.96,13.97,13.86,13.94,48825149.0,843109665.0,19405754475.0,0.0025160139515781,10.527918882027876,15.05377161815551,1.4762134097726085,14.158645833333336,-0.0592708333333344,-0.1707441045055961,-0.1304150126614172,-0.0403290918441789,53.33333333333326,6.666666666666667,14.66,14.32,47.4108227840365,50.73749854988739,5.348421038292739,6.7108824929879765,8.073343947683213,9.43580540237845,10.798266857073688,1.480040971186407,335916444007.38,335913609962.25,9.41865818,11.61215584,1.05331357,0.36100364,-1.94545828,2.04617492,-1
2021-12-27,1,13.96,13.97,13.82,13.87,73111899.0,1260455319.0,19405754475.0,0.003767537051661,10.49083481024073,13.532792682183915,4.406919066354355,14.105000000000006,-0.0536458333333307,-0.1834577544950768,-0.1410235610281491,-0.0424341934669277,38.461538461537934,4.032258064516042,14.62,14.28,42.56921503719995,47.4108227840365,5.34937688037284,6.71208182711584,8.07478677385884,9.43749172060184,10.80019666734484,1.4803054764357892,334169911369.56,334167092059.5,9.36968769,11.55178068,1.04783707,0.35912667,-1.93534324,2.03553623,-1
2021-12-28,1,13.87,13.96,13.76,13.83,112663891.0,1934461076.0,19405754475.0,0.0058056949625505,11.314877527814817,12.79348763072755,8.357657321989354,14.057291666666671,-0.0477083333333343,-0.1945187879113916,-0.1517226064047976,-0.042796181506594,38.88888888888911,5.384615384615404,14.59,14.24,41.82414261780994,42.56921503719995,5.349482453991087,6.712214294649967,8.074946135308846,9.437677975967729,10.800409816626606,1.480334691278705,333199615459.66,333196804335.75,9.34248186,11.51823892,1.04479457,0.35808391,-1.92972378,2.02962584,-1
2021-12-29,1,13.82,13.82,13.45,13.49,146937398.0,2480534593.0,19405754475.0,0.0075718467008997,9.111879136190304,11.566284799215136,4.203067810140642,13.958020833333338,-0.0992708333333336,-0.2280906085320229,-0.1669962068302427,-0.0610944017017802,9.523809523809746,2.4844720496894963,14.53,14.19,36.322487899928674,41.82414261780994,5.3488081482062615,6.711368215619557,8.073928283032851,9.436488350446146,10.799048417859442,1.480148094116383,325049129816.5,325046387456.25,9.11395289,11.23648817,1.01923757,0.34932473,-1.88252028,1.97997862,-1
2021-12-30,1,13.5,13.65,13.47,13.55,79666360.0,1342374249.0,19405754475.0,0.0041052956793116,10.189812428242153,11.107460675557476,8.354515933611506,13.893125000000005,-0.0648958333333329,-0.2470076690350016,-0.1829984992711944,-0.0640091697638071,26.31578947368453,6.211180124223686,14.49,14.13,34.84564144856793,36.322487899928674,5.350239043999919,6.713163619059599,8.07608819411928,9.43901276917896,10.801937344238638,1.4805440585299825,326407544090.36,326404790269.5,9.15204105,11.28344663,1.02349707,0.35078459,-1.89038753,1.98825316,-1
2021-12-31,1,13.58,13.61,13.21,13.27,175076089.0,2899617149.0,19405521950.0,0.0090219726864909,8.697970190256633,10.304297180457194,5.485316209855512,13.791354166666672,-0.1017708333333331,-0.28135000795859,-0.2026688010086735,-0.0786812069499164,17.647058823529044,3.2432432432431746,14.43,14.07,30.41365652240671,34.84564144856793,5.347780804906532,6.710079165988819,8.072377527071104,9.434675888153391,10.796974249235676,1.4798638027032374,319809531903.04,319803001736.0,8.96704141,8.80145123,0.98250569,0.34369382,-1.85217518,1.94806255,-1
2022-01-04,1,13.27,13.42,13.03,13.42,116925933.0,1918887051.0,19405521950.0,0.0060253949005478,16.8155959460468,12.474730102320397,25.497327633499605,13.739583333333336,-0.0517708333333342,-0.2930843189903616,-0.2207519046050111,-0.0723324143853504,74.99999999999991,19.21182266009854,14.39,14.0,38.11675160948758,30.41365652240671,5.349798210661722,6.71261048745114,8.075422764240557,9.438235041029971,10.80104731781939,1.4804220689937575,323302597178.68,323295995687.0,9.0649824,8.89758359,0.99323694,0.28115094,-1.87240525,1.96933993,-1
2022-01-05,1,13.35,13.87,13.33,13.81,196199817.0,3344124589.0,19405521950.0,0.0101105148063281,36.95297155479032,20.63414391981037,69.59062682475022,13.747500000000004,0.0079166666666665,-0.2678267641692091,-0.2301668765178507,-0.0376598876513583,100.0,38.42364532019708,14.36,13.95,56.61380537831687,38.11675160948758,5.347975839207494,6.710323883498245,8.072671927788996,9.435019972079749,10.797368016370498,1.4799177735395166,332811497095.7,332804701442.5,9.33159953,9.15927722,1.02244979,0.28942009,-1.92747599,2.02726169,-1
2022-01-06,1,13.78,13.91,13.69,13.79,110788519.0,1896535838.0,19405521950.0,0.0057091233766067,51.58566897978924,30.951318939803325,92.85436905976108,13.77854166666667,0.031041666666665,-0.2465813663558371,-0.233449774485448,-0.013131591870389,97.43589743589726,37.43842364532016,14.34,13.91,70.37958840217753,56.61380537831687,5.349588644277673,6.712347535943065,8.075106427608457,9.437865319273849,10.800624210939242,1.4803640767690702,332229319549.76,332222535784.0,9.31527603,9.14325516,1.02066125,0.28891381,-1.92410431,2.02371546,-1
2022-01-07,1,13.77,13.92,13.74,13.85,112663070.0,1937710958.0,19405521950.0,0.0058057222212464,63.468460170923294,41.79036601684332,106.82464847908324,13.81885416666667,0.0403125000000006,-0.2223397428113926,-0.231227768150637,0.0088880253392443,100.0,40.39408866995073,14.32,13.88,83.68680810893805,70.37958840217753,5.34787452252346,6.710196757313478,8.072518992103495,9.434841226893512,10.79716346168353,1.479889736696052,333781793005.6,333774977540.0,9.35880536,9.18598065,1.0254307,0.29026388,-1.93309546,2.03317207,-1
2022-01-10,1,13.93,14.03,13.72,13.85,90977401.0,1563414572.0,19405521950.0,0.0046882223129277,69.64564011394887,51.07545738254517,106.78600557675628,13.823750000000004,0.0048958333333342,-0.2008132315693185,-0.2251448608343733,0.0243316292650547,100.0,46.32768361581919,14.3,13.86,90.10267341091328,83.68680810893805,5.350985562981697,6.714100306939935,8.077215050898172,9.440329794856408,10.803444538814643,1.4807506388778815,333587733823.62,333580922320.5,9.35336419,9.18063997,1.02483451,0.29009512,-1.93197156,2.03199,-1
2022-01-11,1,13.9,14.13,13.81,14.02,158199940.0,2752485391.0,19405521950.0,0.0081523156350865,76.43042674263255,59.52711383590764,110.23705255608236,13.866770833333335,0.0430208333333332,-0.1680980078717464,-0.2137354902418479,0.0456374823701014,100.0,58.57988165680471,14.28,13.85,95.91155550816195,90.10267341091328,5.34821829194917,6.710628098863461,8.073037905777753,9.435447712692044,10.797857519606334,1.4799848662363495,337857035827.18,337850137149.5,9.47306984,9.29813507,1.03795049,0.2938078,-1.9566972,2.05799569,-1
2022-01-12,1,14.02,14.05,13.61,13.69,150216355.0,2561266412.0,19405521950.0,0.007740907736831,70.95361782842168,63.335948500078985,86.1889564851071,13.847083333333336,-0.0196874999999998,-0.1668755618651385,-0.204363504566506,0.0374879427013675,19.51219512195123,53.2258064516129,14.26,13.84,84.43410307279501,95.91155550816195,5.34828336514262,6.710709748859144,8.073136132575668,9.43556251629219,10.797988900008717,1.4800028736055792,329900609366.0,329893873150.0,9.24998204,9.07916692,1.01350708,0.28688871,-1.9106176,2.00953054,-1
2022-01-13,1,13.62,13.89,13.55,13.68,90942265.0,1550319159.0,19405521950.0,0.0046864116942755,66.99938158258414,64.55709286091404,71.88395902592433,13.80916666666667,-0.0379166666666677,-0.1648138100153442,-0.1964535656562736,0.0316397556409294,27.65957446808496,52.419354838709694,14.23,13.83,76.90176241509005,84.43410307279501,5.350671563733996,6.713706319249152,8.076741074764307,9.439775830279462,10.802810585794616,1.480663747485414,329512491002.04,329505762711.0,9.23909971,9.06848555,1.01231472,0.2865512,-1.90836982,2.00716638,-1
2022-01-14,1,13.69,13.71,13.13,13.15,210309491.0,3459950805.0,19405521950.0,0.0108376106317511,48.30261802475309,59.13893458219372,26.629984909871823,13.678645833333336,-0.1305208333333336,-0.2035994595915404,-0.197882744443327,-0.0057167151482134,3.571428571428504,9.677419354838788,14.19,13.8,64.9456773769377,76.90176241509005,5.448718099132951,6.836729314857779,8.224740530582606,9.612751746307431,11.00076296203226,1.507795659583279,316898644173.34,316892173443.5,8.72134093,8.72134093,0.97356298,0.27558192,-1.83531679,1.87089994,-1
2022-01-17,1,13.17,13.27,12.98,13.06,114368943.0,1855633790.0,19405521950.0,0.0058936287977556,34.52058592954554,50.932818364644326,1.6961210593479592,13.56697916666667,-0.1116666666666663,-0.2388463421986291,-0.2060754639943874,-0.0327708782042416,11.42857142857145,6.722689075630261,14.14,13.75,56.392848816358935,64.9456773769377,5.448125438573916,6.835985679429409,8.223845920284901,9.611706161140392,10.999566401995883,1.5076316556832314,314763993171.56,314757566029.0,8.66259338,8.66259338,0.96700499,0.27372559,-1.82295397,1.85829743,-1
2022-01-18,1,13.09,13.32,13.02,13.31,115297431.0,1891094610.0,19405521950.0,0.0059414753850514,32.57894134433471,44.81485935787445,8.107105317255233,13.49979166666667,-0.0671874999999992,-0.2437965055836848,-0.2136196723122469,-0.0301768332714378,100.0,27.73109243697481,14.11,13.71,57.10468970033594,56.392848816358935,5.451584942925432,6.840326460946194,8.229067978966956,9.617809496987716,11.006551015008478,1.508588986481159,320585768630.96,320579222614.0,8.82281398,8.82281398,0.98489041,0.27878833,-1.85667075,1.89266791,-1
2022-01-19,1,13.32,13.44,13.18,13.29,98839185.0,1630973587.0,19405521950.0,0.0050933535956758,30.704801475933248,40.11150673056071,11.891390966678316,13.47260416666667,-0.0271875000000001,-0.2464919725596264,-0.2201941323617228,-0.0262978401979035,93.93939393939353,26.05042016806713,14.08,13.67,59.30757493491747,57.10468970033594,5.449991286831067,6.8383268355040405,8.226662384177013,9.614997932849986,11.00333348152296,1.508147982248928,320197650267.0,320191112175.0,8.8121326,8.8121326,0.98369805,0.27845081,-1.85442297,1.89037654,-1
2022-01-20,1,13.27,14.06,13.23,13.96,303119377.0,5195805550.0,19405521950.0,0.0156202640558194,48.87566475207145,43.03289273773096,60.56120878075244,13.566875000000003,0.0942708333333346,-0.1923474868848274,-0.2146248032663437,0.0222773163815163,100.0,94.23076923076935,14.07,13.65,74.48657772884553,59.30757493491747,5.4505662969914725,6.839048324255792,8.22753035152011,9.61601237878443,11.004494406048746,1.5083071018451892,336304562371.34,336297695393.5,9.25540958,9.25540958,1.03318104,0.29245773,-1.94770606,1.98546821,-1
2022-01-21,1,14.05,14.14,13.86,13.97,148168295.0,2575115125.0,19405521950.0,0.0076353676743026,61.032052363449935,49.03261261297062,85.03093186440857,13.635416666666671,0.0685416666666665,-0.1469368785996163,-0.2010872183329982,0.0541503397333819,100.0,95.1923076923078,14.07,13.64,85.56870907773235,74.48657772884553,5.448183141478878,6.836058081622866,8.223933021766854,9.61180796191084,10.999682902054827,1.5076476235105376,336692680735.3,336685805832.5,9.26609095,9.26609095,1.0343734,0.29279525,-1.94995385,1.98775958,-1
2022-01-24,1,13.97,14.0,13.68,13.85,87477087.0,1501390339.0,19405521950.0,0.0045078450981835,65.6880349089666,54.58442004496928,87.89526463696126,13.709791666666671,0.0743749999999998,-0.1192569219248849,-0.1847211590513756,0.0654642371264906,83.78378378378365,83.65384615384615,14.07,13.65,90.7789743074868,85.56870907773235,5.448489241701157,6.836442158083579,8.224395074466,9.612347990848422,11.000300907230844,1.5077323290464366,333781793005.6,333774977540.0,9.18598065,9.18598065,1.0254307,0.29026388,-1.93309546,1.97057434,-1
2022-01-25,1,13.76,13.76,13.54,13.57,109328397.0,1851999025.0,19405521950.0,0.0056338807727869,60.74604626115015,56.6382954503629,68.96154788272463,13.686458333333336,-0.0233333333333352,-0.1185474752774453,-0.1714864222965895,0.0529389470191442,6.976744186046751,56.73076923076926,14.06,13.65,86.26738927565958,90.7789743074868,5.4492246613632,6.837364919193758,8.225505177024317,9.613645434854876,11.001785692685432,1.5079358379368262,326989721636.3,326983044857.5,8.99905663,8.99905663,1.00456437,0.28435734,-1.89375921,1.93047544,-1
2022-01-26,1,13.65,13.77,13.32,13.41,98497522.0,1646384984.0,19405521950.0,0.00507574711228,52.85368601318055,55.37675897130212,47.807540096937416,13.62854166666667,-0.0579166666666655,-0.1294042053938113,-0.1630699789160339,0.0336657735222225,16.98113207547169,41.346153846153854,14.03,13.64,75.25390101199702,86.26738927565958,5.449658785591654,6.83790963260799,8.226160479624326,9.614411326640662,11.002662173656995,1.508055970895712,323108537996.7,323101940467.5,8.8922429,8.8922429,0.99264076,0.28098218,-1.87128136,1.90756179,-1
2022-01-27,1,13.29,13.32,13.09,13.13,102464311.0,1677261296.0,19405521950.0,0.0052801625879483,39.54613550303991,50.09988448188138,18.43863754535697,13.53479166666667,-0.09375,-0.1587716810645378,-0.1622103193457347,0.0034386382811968,8.333333333333519,14.42307692307697,14.0,13.62,64.21068280074829,75.25390101199702,5.450444139193261,6.838895047873187,8.227345956553112,9.615796865233037,11.004247773912962,1.5082732977476794,316316466627.4,316310007785.0,8.70531887,8.70531887,0.97177444,0.27507565,-1.83194511,1.86746289,-1
2022-01-28,1,13.2,13.25,12.74,12.75,167556367.0,2695470331.0,19405521950.0,0.0086344684482964,26.602185573455174,42.267318179072646,-4.728079637779771,13.384062500000004,-0.1507291666666663,-0.2102844135009824,-0.1718251381767842,-0.0384592753241982,1.4925373134328042,0.7812499999999838,13.96,13.58,53.93459475980123,64.21068280074829,5.449843625910322,6.838141559311155,8.226439492711986,9.61473742611282,11.003035359513651,1.5081071208038432,307195685074.34,307189412468.5,8.45430661,8.45430661,0.94375395,0.26714402,-1.77912215,1.8136158,-1
2022-02-07,1,12.9,13.22,12.8,13.2,151547630.0,2451798486.0,19405521950.0,0.0078095106326166,28.687171334684376,37.74060256427656,10.580308875500007,13.317500000000004,-0.0665624999999998,-0.2123495524355068,-0.1799300210285287,-0.032419531406978,100.0,35.93749999999994,13.92,13.54,57.329327753040246,53.93459475980123,5.449413318336773,6.837601634809838,8.225789951282902,9.613978267755966,11.002166584229032,1.507988044008186,318062999265.22,318056504760.5,8.75338505,8.75338505,0.97714006,0.27659447,-1.84206015,1.87777403,-1
2022-02-08,1,13.13,13.67,13.1,13.56,175469528.0,2950309012.0,19405521950.0,0.0090422472764253,38.64859041359911,38.043265180717405,39.85924087936252,13.34697916666667,0.0294791666666665,-0.1828296521427788,-0.1805099472513787,-0.0023197048914,100.0,64.06250000000006,13.91,13.51,72.14084769062765,57.329327753040246,5.451679855386901,6.840445551491138,8.229211247595375,9.61797694369961,11.006742639803846,1.5086152511171411,326601603272.34,326594934418.5,8.98837526,8.98837526,1.00337201,0.28401983,-1.89151143,1.92818408,-1
2022-02-09,1,13.63,13.69,13.46,13.58,105116166.0,1774253637.0,19405521950.0,0.0054168172477319,45.7657269423994,40.61741910127807,56.062342624642056,13.428333333333336,0.0813541666666655,-0.1560225547380156,-0.1756124687487061,0.0195899140106905,100.0,65.62500000000003,13.89,13.49,84.60004223907579,72.14084769062765,5.450005881270915,6.838345147744264,8.226684414217612,9.61502368069096,11.00336294716431,1.5081520208930008,327183780818.28,327177100077.0,9.00439731,9.00439731,1.00516055,0.2845261,-1.8948831,1.93162112,-1
2022-02-10,1,13.51,13.72,13.43,13.68,78455735.0,1326848948.0,19405521950.0,0.004042959277372,55.37820949599112,45.53768256618242,75.05926335560854,13.488645833333337,0.0603125000000002,-0.1252646003070712,-0.1655428950603791,0.0402782947533079,100.0,73.43749999999999,13.89,13.49,97.131518356262,84.60004223907579,5.448130346035808,6.835991837022437,8.223853328009065,9.611714818995694,10.999576309982322,1.507633013699852,329706550184.02,329699817930.5,9.07382624,9.07382624,1.0129109,0.28671996,-1.90949371,1.946515,-1
2022-02-11,1,13.72,13.97,13.72,13.77,107813914.0,1852167493.0,19405521950.0,0.0055558368529221,64.83208546345206,51.96915019860563,90.5579559931449,13.548020833333336,0.0593749999999992,-0.0925594838690706,-0.1509462128221174,0.0583867289530468,100.0,80.46875,13.89,13.49,102.60568935567852,97.131518356262,5.44869628797163,6.83670194750214,8.224707607032649,9.612713266563158,11.000718926093668,1.5077896238930908,331841201185.8,331834425345.0,9.13257379,9.13257379,1.01946889,0.2885763,-1.92185653,1.95911751,-1
2022-02-14,1,13.77,13.81,13.3,13.35,115065851.0,1917613419.0,19405521950.0,0.0059295416684218,59.75255562062114,54.5636186726108,70.13042951664181,13.540416666666667,-0.0076041666666668,-0.0993852817154348,-0.1406340266007809,0.0412487448853461,10.638297872340225,47.65624999999998,13.87,13.49,88.04892775371576,102.60568935567852,5.448180792471628,6.836055134227453,8.223929475983278,9.611803817739103,10.999678159494929,1.5076469734818754,321750123722.84,321743553931.0,8.85485809,8.85485809,0.9884675,0.27980088,-1.86341411,1.89954201,-1
2022-02-15,1,13.29,13.43,12.97,13.11,120826437.0,1968985378.0,19405521950.0,0.0062263945958949,49.86213735141678,52.9964582322128,43.59349558982474,13.463958333333334,-0.0764583333333348,-0.1227458323732371,-0.1370563877552721,0.014310555382035,17.499999999999872,28.90624999999996,13.86,13.48,77.75997095842533,88.04892775371576,5.448827539457509,6.836866634106366,8.224905728755223,9.612944823404078,11.000983918052937,1.5078259444398916,315928348263.44,315921897346.0,8.6946375,8.6946375,0.97058208,0.27473813,-1.82969733,1.86517152,-1
2022-02-16,1,13.17,13.31,13.06,13.22,78239959.0,1282234150.0,19405521950.0,0.0040318399681076,46.24955498224534,50.74749048222365,37.253683982288734,13.384895833333337,-0.0790624999999991,-0.1308745164228177,-0.1358200134887812,0.0049454970659635,65.7894736842107,39.02439024390246,13.83,13.46,72.17197214129583,77.75997095842533,5.45101836148451,6.839615548053303,8.228212734622094,9.616809921190889,11.005407107759678,1.5084321993209722,318451117629.18,318444615199.5,8.76406643,8.76406643,0.97833242,0.27693199,-1.84430793,1.8800654,-1
2022-02-17,1,13.2,13.33,13.14,13.23,79450184.0,1306514350.0,19405521950.0,0.0040942049487104,43.08374890554247,48.19290995666325,32.865426803300906,13.346770833333336,-0.038124999999999,-0.134953975248866,-0.1356468058407982,0.0006928305919322,100.0,39.83739837398375,13.8,13.44,69.06818928080395,72.17197214129583,5.451819423035089,6.840620672724135,8.229421922413179,9.618223172102224,11.007024421791268,1.5086538729526495,318645176811.16,318638670419.0,8.76940711,8.76940711,0.97892861,0.27710075,-1.84543182,1.88121108,-1
2022-02-18,1,13.14,13.51,13.14,13.51,80249940.0,1330233366.0,19405521950.0,0.0041354177541202,46.72249927036162,47.70277306122937,44.7619516886261,13.371562500000003,0.0247916666666672,-0.1142760130727058,-0.1313726472871797,0.0170966342144738,100.0,62.601626016260106,13.79,13.43,85.55955202804755,69.06818928080395,5.451010986134665,6.839606293900384,8.228201601666104,9.616796909431825,11.005392217197542,1.5084301583784452,325437248180.46,325430603101.5,8.95633114,8.95633114,0.99979493,0.28300728,-1.88476807,1.92130998,-1
2022-02-21,1,13.42,13.43,13.14,13.3,80099455.0,1316023718.0,19405521950.0,0.0041276630026434,42.14833284690775,45.85129298978884,34.74241256114557,13.354687500000002,-0.0168750000000006,-0.1135251764609268,-0.1278031531219291,0.0142779766610023,43.24324324324337,45.52845528455287,13.77,13.42,86.40049913107975,85.55955202804755,5.450788597512156,6.839327253805608,8.227865910099059,9.616404566392507,11.00494322268596,1.5083686179218354,320391709448.98,320385167394.5,8.81747329,8.81747329,0.98429423,0.27861957,-1.85554686,1.89152223,-1
2022-02-22,1,13.14,13.24,13.02,13.07,89495673.0,1454156225.0,19405521950.0,0.0046118663146806,31.43222189793849,41.04493595917206,12.206793775471354,13.329895833333335,-0.0247916666666654,-0.1299907583011457,-0.1282406741577724,-0.0017500841433732,10.2040816326532,26.82926829268292,13.75,13.4,75.17344854950602,86.40049913107975,5.448937654090856,6.837004799437752,8.225071944784647,9.613139090131542,11.001206235478438,1.5078564158944971,314958052353.54,314951621248.5,8.66793407,8.66793407,0.96760117,0.27389434,-1.82407786,1.85944311,1
2022-02-23,1,13.13,13.14,12.92,13.04,88674244.0,1431289852.0,19405521950.0,0.0045695366622179,24.76433840814944,35.61807010883118,3.0568750067859582,13.277812500000003,-0.0520833333333321,-0.1438029291639821,-0.1313531251590144,-0.0124498040049677,31.57894736842078,24.39024390243893,13.74,13.38,68.57793231346805,75.17344854950602,5.449862107700744,6.838164749169038,8.226467390637332,9.614770032105628,11.00307267357392,1.5081122351743927,314181815625.62,314175400370.5,8.64657132,8.64657132,0.96521645,0.27321931,-1.81958229,1.85486038,1
2022-02-24,1,12.99,13.01,12.73,12.81,132408685.0,2112842553.0,19405521950.0,0.0068232478024122,18.97869474123544,30.07161165296593,-3.2071390822255594,13.20072916666667,-0.0770833333333342,-0.1713332290802895,-0.1393491459432694,-0.0319840831370201,23.529411764705912,6.451612903225811,13.72,13.34,60.51028647091658,68.57793231346805,5.447957630712023,6.83577512404596,8.223592617379897,9.611410110713834,10.99922760404777,1.5075852190790242,308748158530.18,308741854224.5,8.4970321,8.4970321,0.94852339,0.26849409,-1.7881133,1.82278126,1
2022-02-25,1,12.88,12.95,12.78,12.81,72639707.0,1157890268.0,19405521950.0,0.0037432493280604,16.071266579627046,25.40482996185297,-2.595860184824801,13.142916666666672,-0.0578124999999989,-0.1909500369454289,-0.1496693241437013,-0.0412807128017275,25.80645161290336,6.451612903225811,13.69,13.3,54.831200291557,60.51028647091658,5.451384015035252,6.840074348509475,8.228764681983698,9.61745501545792,11.006145348932142,1.5085333847423297,308554099348.2,308547799005.0,8.49169142,8.49169142,0.94792721,0.26832533,-1.7869894,1.82163558,1
2022-02-28,1,12.81,12.82,12.58,12.69,72399045.0,1137154095.0,19405521950.0,0.003730847600314,14.65683004950045,21.82216332440213,0.3261634996970883,13.052500000000002,-0.0904166666666697,-0.2137159116324127,-0.1624786416414436,-0.0512372699909691,47.8260869565214,8.661417322834604,13.66,13.25,51.04802562795979,54.831200291557,5.451748780424293,6.840532034552858,8.229315288681422,9.618098542809989,11.00688179693855,1.5086343243872802,305643211618.5,305636970712.5,8.41158112,8.41158112,0.9389845,0.26579396,-1.77013101,1.80445034,1
2022-03-01,1,12.72,12.85,12.58,12.82,93504034.0,1474693965.0,19405521950.0,0.0048184240671764,18.37337057063472,20.672565739812992,13.774980232278176,13.008645833333338,-0.043854166666664,-0.2187465438044658,-0.173732222074048,-0.0450143217304177,100.0,20.168067226890784,13.62,13.21,57.80182864231105,51.04802562795979,5.448785767390469,6.8368142209864216,8.224842674582373,9.612871128178323,11.000899581774275,1.5078143850712054,308942217712.16,308935909444.0,8.50237279,8.50237279,0.94911957,0.26866284,-1.78923719,1.82392694,1
2022-03-02,1,12.72,12.78,12.61,12.63,76076086.0,1196321949.0,19405521950.0,0.0039203318620347,14.041028409097008,18.462053296241,5.198978634809024,12.946458333333338,-0.0621875000000002,-0.2353517793375044,-0.1860561335267393,-0.049295645810765,20.83333333333361,4.201680672268969,13.59,13.16,51.63376467296392,57.80182864231105,5.450195277342149,6.83858279073639,8.22697030413063,9.61535781752487,11.00374533091911,1.508204431491045,304284797344.64,304278584176.0,8.37419632,8.37419632,0.93481124,0.26461265,-1.76226376,1.79643056,1
2022-03-03,1,12.67,12.73,12.59,12.65,57828505.0,908171588.0,19405521950.0,0.0029800025554066,12.10578364528037,16.34329674592079,3.630757443999535,12.90354166666667,-0.0429166666666684,-0.2440840661017098,-0.1976617200417334,-0.0464223460599764,29.16666666666676,5.882352941176497,13.55,13.11,49.85885091205772,51.63376467296392,5.44840159380929,6.836332182691055,8.224262771572818,9.61219336045458,11.000123949336343,1.507708074697336,304866974890.58,304860749834.5,8.39021838,8.39021838,0.93659978,0.26511892,-1.76563544,1.79986761,1
2022-03-04,1,12.58,12.59,12.31,12.35,99093566.0,1523793665.0,19405521950.0,0.0051064622871429,9.504214186459285,14.06360255943362,0.3854374405106107,12.811458333333336,-0.092083333333333,-0.2720756404485751,-0.2125445041231017,-0.0595311363254733,11.764705882352697,2.739726027397204,13.51,13.05,43.16224970791886,49.85885091205772,5.451042572568452,6.839645926689951,8.228249280811449,9.616852634932949,11.005455989054443,1.508438899129371,297492725975.34,297486651493.5,8.18727229,8.18727229,0.91394492,0.25870612,-1.72292752,1.75633166,1
2022-03-07,1,12.22,12.22,11.81,11.86,111315899.0,1655959942.0,19405521950.0,0.0057363001771771,7.58927562305303,11.90549358064009,-1.0431602921210903,12.66135416666667,-0.1501041666666669,-0.3299941030798958,-0.2360344239144605,-0.0939596791654353,5.952380952380826,2.551020408163212,13.45,12.97,36.84850029127564,43.16224970791886,5.451696245353944,6.840466116652724,8.229235987951505,9.618005859250284,11.006775730549064,1.508619786628195,285655115874.56,285649283104.0,7.86149042,7.86149042,0.8775779,0.24841188,-1.65437006,1.68644501,1
2022-03-08,1,11.78,11.97,11.48,11.53,100303269.0,1463145930.0,19405521950.0,0.0051688003681859,6.148841700771714,9.986609620683966,-1.5266941390527895,12.45885416666667,-0.2024999999999988,-0.3979359857331541,-0.2684147362781993,-0.1295212494549548,5.747126436781492,2.1834061135370724,13.37,12.87,31.136839713159134,36.84850029127564,5.451856854619467,6.840667639663066,8.229478424706665,9.618289209750264,11.007099994793863,1.5086642312019534,277698689413.38,277693019104.5,7.64252228,7.64252228,0.85313449,0.24149279,-1.60829046,1.63947202,1
2022-03-09,1,11.6,11.64,10.65,11.15,180076017.0,2492042993.0,19405521950.0,0.0092796275958967,11.345604612108682,10.439607951158871,13.157597934008304,12.22385416666667,-0.2350000000000012,-0.4769453127608276,-0.3101208515747249,-0.1668244611861026,41.32231404958681,16.02564102564103,13.28,12.75,32.28474084131331,31.136839713159134,5.451217978395189,6.839866015550454,8.22851405270572,9.617162089860985,11.00581012701625,1.5084874382792048,268577907860.32,268572423788.0,7.39151001,7.39151001,0.825114,0.23356117,-1.55546751,1.58562493,1
2022-03-10,1,11.42,11.88,11.35,11.74,224915816.0,3269867788.0,19405521950.0,0.0115902997393996,24.078887923223974,14.986034608513904,42.26459455264411,12.13854166666667,-0.0853124999999987,-0.4863464058707052,-0.345365962433921,-0.1409804434367841,100.0,34.93589743589744,13.21,12.63,45.27618707240427,32.28474084131331,5.452093766934496,6.840964903228504,8.22983603952251,9.618707175816516,11.007578312110525,1.5087297907250932,282744228144.86,282738454811.5,7.78138012,7.78138012,0.86863519,0.2458805,-1.46702551,1.66925977,1
2022-03-11,1,11.6,12.07,11.4,12.0,149364697.0,2187480611.0,19405521950.0,0.0076970203318854,36.50713740336144,22.15973554012975,65.20194112982483,12.116458333333338,-0.0220833333333327,-0.4674287847360432,-0.3697785268943455,-0.0976502578416977,100.0,43.26923076923077,13.16,12.53,63.27020897300761,45.27618707240427,5.44941332020442,6.837601637153252,8.225789954102083,9.613978271050913,11.002166587999744,1.507988044525011,289148181150.2,289142277055.0,7.95762277,7.95762277,0.88830915,0.25144952,-1.50025258,1.7070673,1
2022-03-14,1,11.78,12.03,11.64,11.67,111840734.0,1637278471.0,19405521950.0,0.0057633458295101,40.30053291679496,28.20666799901815,64.48826275234856,12.088020833333337,-0.0284375000000007,-0.4736052492631764,-0.3905438713681116,-0.0830613778950647,49.23076923076925,35.66433566433566,13.1,12.44,71.99671883432134,63.27020897300761,5.4495073380991546,6.837719605248748,8.225931872398341,9.614144139547934,11.002356406697526,1.5080140616121538,281191754689.02,281186013055.5,7.73865463,7.73865463,0.86386574,0.24453044,-1.45897047,1.66009431,1
2022-03-15,1,11.6,11.6,10.95,11.02,178140887.0,2479769555.0,19405521950.0,0.0091799070109526,32.79650912401714,29.736615040684484,38.91629729068245,11.929062500000002,-0.1589583333333344,-0.5248990006817191,-0.4174148972308331,-0.1074841034508859,6.666666666666689,12.937062937062912,13.02,12.33,61.26612585441839,71.99671883432134,5.450674755799228,6.839184411955127,8.227694068111024,9.616203724266922,11.00471338042282,1.5083371150917184,265472960948.64,265467540276.0,7.30605903,7.30605903,0.81557511,0.23086104,-1.37741311,1.56729401,-1
2022-03-16,1,11.16,11.6,10.88,11.53,153177906.0,2141637066.0,19405521950.0,0.0078935215653913,36.98461433010076,32.15261480382324,46.64861338265581,11.843333333333335,-0.0857291666666668,-0.518420897084491,-0.4376160972015647,-0.0808047998829263,82.27848101265813,30.76923076923074,12.97,12.23,65.83121384840518,61.26612585441839,5.451856854619467,6.840667639663066,8.229478424706665,9.618289209750264,11.007099994793863,1.5086642312019534,277698689413.38,277693019104.5,7.64252228,7.64252228,0.85313449,0.24149279,-1.44084661,1.63947202,-1
2022-03-17,1,11.81,11.85,11.47,11.64,173006142.0,2506504217.0,19405521950.0,0.0089153047491206,45.675517833655285,36.660249147100586,63.70605520676469,11.814479166666668,-0.028854166666667,-0.4986626005671812,-0.449825397874688,-0.0488372026924932,100.0,34.615384615384635,12.92,12.14,72.91008946432838,65.83121384840518,5.4505446799162085,6.839021200427862,8.227497720939514,9.615974241451166,11.004450761962818,1.5083011198634344,280415517961.1,280409792177.5,7.71729189,7.71729189,0.86148102,0.24385541,-1.45494294,1.65551158,1
2022-03-18,1,11.57,11.96,11.39,11.84,152880713.0,2222158762.0,19405521950.0,0.007878206697759,58.38461752290633,43.90170527236916,87.35044202398068,11.854791666666667,0.0403125000000006,-0.4615452730898912,-0.4521693729177286,-0.0093759001721626,100.0,41.6083916083916,12.87,12.07,85.26773755755266,72.91008946432838,5.449907592186311,6.838221820412255,8.226536048638197,9.61485027686414,11.003164505090082,1.5081248218615124,285266997510.6,285261172665.0,7.85080905,7.85080905,0.87638554,0.24807436,-1.48011496,1.68415365,1
2022-03-21,1,11.68,11.94,11.59,11.75,120886805.0,1765673892.0,19405521950.0,0.0062295054630055,64.74467459273568,50.84936171249134,92.53530035322434,11.829791666666669,-0.0250000000000003,-0.4343844578516744,-0.4486123899045178,0.0142279320528433,80.0,41.50943396226413,12.82,12.02,93.44503329105883,85.26773755755266,5.449257687455367,6.837406358381539,8.225555029307712,9.613703700233884,11.001852371160057,1.5079449770769904,283132346508.82,283126565250.5,7.7920615,7.7920615,0.86982755,0.24621802,-1.46903927,1.67155114,1
2022-03-22,1,11.75,12.26,11.68,12.23,162865658.0,2443174056.0,19405521950.0,0.008392748127035,75.77181204733104,59.15684515743791,109.00174582711732,11.88947916666667,0.0596875000000007,-0.3698637683305446,-0.4328626655897231,0.0629988972591785,100.0,65.2892561983471,12.79,11.99,104.91286782456828,93.44503329105883,5.451417660744188,6.840116565155744,8.228815469567298,9.617514373978851,11.006213278390408,1.508542695345847,294581838245.64,294575823201.0,8.10716199,8.10716199,0.90500221,0.25617475,-1.52844525,1.73914642,1
2022-03-23,1,12.17,12.23,12.0,12.08,105010238.0,1577561342.0,19405521950.0,0.0054113585952785,79.50004861126418,65.93791297538,106.62431988303254,11.94625,0.0567708333333314,-0.3270642108045241,-0.4117029746326833,0.0846387638281592,76.56249999999997,59.832635983263614,12.75,11.97,109.92842402480838,104.91286782456828,5.44917112013082,6.837297738820999,8.225424357511177,9.613550976201354,11.001677594891532,1.5079210217477113,291088772970.0,291082829250.0,8.01102964,8.01102964,0.89427096,0.2531371,-1.51032139,1.71852413,1
2022-03-24,1,12.02,12.33,11.93,12.24,100235995.0,1518870080.0,19405521950.0,0.0051653336229897,84.26440022360141,72.04674205812047,108.69971655456332,12.018229166666668,0.0719791666666669,-0.2770410337023197,-0.3847705864466106,0.1077295527442909,100.0,73.27188940092167,12.72,11.97,116.69875666255192,109.92842402480838,5.448696287225853,6.836701946566383,8.224707605906913,9.61271326524744,11.000718924587972,1.507789623686716,294969956609.6,294963933640.0,8.11784337,8.11784337,0.90619457,0.25651226,-1.53045901,1.74143779,1
2022-03-25,1,12.2,12.28,11.94,12.07,74293335.0,1116354595.0,19405521950.0,0.0038284636296525,83.53258865481473,75.8753575903519,98.8470507837404,12.029166666666669,0.0109374999999989,-0.2482531766142415,-0.3574671044801368,0.1092139278658952,45.161290322580754,65.43778801843318,12.7,11.97,114.82394802340424,116.69875666255192,5.451929454216123,6.840758733344493,8.229588012472862,9.618417291601231,11.0072465707296,1.5086843213139272,290700654606.04,290694718811.0,8.00034827,8.00034827,0.89307859,0.25279958,-1.50830763,1.71623277,1
2022-03-28,1,11.92,12.12,11.78,11.96,72713699.0,1078327303.0,19405521950.0,0.003747062263378,80.51597864343972,77.4222312747145,86.70347338089016,12.0171875,-0.0119791666666664,-0.2316444204727084,-0.3323025676786511,0.1006581472059427,39.130434782608944,60.36866359447007,12.69,11.97,105.8246576633863,114.82394802340424,5.449535640038423,6.837755116848787,8.225974593659151,9.614194070469514,11.00241354727988,1.5080218934618494,288177885240.3,288172000957.5,7.93091934,7.93091934,0.88532825,0.25060573,-1.49521818,1.70133889,-1
2022-03-29,1,11.98,12.04,11.76,11.82,61564315.0,909169631.0,19405521950.0,0.0031725152850114,68.9255460459811,74.5900028651367,57.59663240766989,11.968645833333335,-0.0485416666666651,-0.2271601309547222,-0.3112740803338653,0.0841139493791431,19.354838709677548,53.91705069124424,12.67,11.96,92.17997652609304,105.8246576633863,5.448114072254642,6.835971417644019,8.223828763033394,9.61168610842277,10.999543453812146,1.5076285103403169,284878879146.64,284873062226.0,7.84012767,7.84012767,0.87519317,0.24773684,-1.4781012,1.68186228,-1
2022-03-30,1,11.97,12.3,11.89,12.25,123679155.0,1859617041.0,19405521950.0,0.0063734000723438,76.44681793136328,75.20894122054555,78.92257135299874,11.990729166666668,0.0220833333333327,-0.1867560849682128,-0.2863704812607348,0.099614396292522,100.0,79.99999999999999,12.66,11.97,102.9873426400148,92.17997652609304,5.449562602240928,6.837788947426348,8.226015292611768,9.614241637797187,11.002467982982608,1.5080293545730998,295164015791.58,295157988859.5,8.12318405,8.12318405,0.90679075,0.25668102,-1.53146589,1.74258347,-1
2022-03-31,1,12.16,12.54,12.13,12.39,116374674.0,1789209947.0,19405521950.0,0.0059969875739415,79.03472072617205,76.48420105575438,84.1357600670074,12.063645833333332,0.0729166666666643,-0.1418041277426773,-0.2574572105571233,0.1156530828144459,100.0,87.00000000000001,12.64,11.99,109.23133052092014,102.9873426400148,5.45091917125852,6.839491090022361,8.2280630087862,9.61663492755004,11.00520684631388,1.508404750921275,298463021885.24,298456927591.0,8.21397572,8.21397572,0.88767253,0.25954991,-1.54858287,1.76206008,-1
2022-04-01,1,12.38,12.72,12.24,12.69,148487874.0,2319616863.0,19405521950.0,0.007651836131107,85.06160868924287,79.34333693358388,96.49815220056088,12.1790625,0.1154166666666665,-0.0810377324492499,-0.2221733149355486,0.1411355824862987,100.0,100.0,12.65,12.02,118.96251598326388,109.23133052092014,5.451748780424293,6.840532034552858,8.229315288681422,9.618098542809989,11.00688179693855,1.5086343243872802,305643211618.5,305636970712.5,8.41158112,8.41158112,0.90902746,0.26579396,-1.58583746,1.80445034,-1
2022-04-06,1,12.6,13.32,12.59,13.2,248854005.0,4064051492.0,19405521950.0,0.0128238758865231,87.47696989539266,82.05454792085347,98.32181384447104,12.341770833333332,0.1627083333333328,0.0081785343185263,-0.1761029450847336,0.1842814794032599,100.0,100.0,12.68,12.09,125.72691074920655,118.96251598326388,5.449413318336773,6.837601634809838,8.225789951282902,9.613978267755966,11.002166584229032,1.507988044008186,318062999265.22,318056504760.5,8.75338505,8.75338505,0.94596572,0.27659447,-1.65027784,1.87777403,-1
2022-04-07,1,13.19,13.42,13.05,13.11,165906455.0,2724002905.0,19405521950.0,0.0085494456385905,85.42641366520154,83.17850316896948,89.92223465766563,12.481145833333333,0.1393750000000011,0.0708046289734092,-0.126721430273105,0.1975260592465142,90.625,96.47058823529412,12.7,12.16,127.16052967411676,125.72691074920655,5.448827539457509,6.836866634106366,8.224905728755223,9.612944823404078,11.000983918052937,1.5078259444398916,315928348263.44,315921897346.0,8.6946375,8.6946375,0.93961695,0.27473813,-1.63920215,1.86517152,-1
2022-04-08,1,13.1,13.25,12.99,13.21,106677946.0,1741072072.0,19405521950.0,0.0054972984635437,86.06740830692154,84.14147154828684,89.9192818241909,12.618645833333332,0.1374999999999993,0.127040975167711,-0.0759689491849418,0.2030099243526529,100.0,100.0,12.72,12.25,130.20011727334594,127.16052967411676,5.450216329253393,6.838609205429922,8.22700208160645,9.61539495778298,11.003787833959509,1.508210257077875,318257058447.2,318250559980.0,8.75872574,8.75872574,0.94654288,0.27676323,-1.65128472,1.87891972,-1
2022-04-11,1,13.17,13.21,12.73,12.93,141673536.0,2277469056.0,19405521950.0,0.0073006815464708,80.87224810822882,83.05173040160084,76.5132835214848,12.645104166666666,0.0264583333333341,0.1473168478251523,-0.031311789782923,0.1786286376080753,41.66666666666648,87.9828326180257,12.73,12.33,121.38316855770256,130.20011727334594,5.451026074050422,6.839625225325003,8.228224376599583,9.616823527874162,11.005422679148742,1.5084343335795618,311464987077.9,311458627297.5,8.57180171,8.57180171,0.92634227,0.2708567,-1.61604389,1.83882082,-1
2022-04-12,1,12.93,13.1,12.61,12.82,103926142.0,1654820083.0,19405521950.0,0.0053554932594843,75.19997263440155,80.43447781253441,64.73096227813582,12.664270833333331,0.0191666666666669,0.1527487497895272,0.005500318131567,0.1472484316579602,35.00000000000006,83.26180257510727,12.74,12.4,109.85936415511024,121.38316855770256,5.448785767390469,6.8368142209864216,8.224842674582373,9.612871128178323,11.000899581774275,1.5078143850712054,308942217712.16,308935909444.0,8.50237279,8.50237279,0.91883918,0.26866284,-1.60295444,1.82392694,-1
2022-04-13,1,12.8,12.95,12.66,12.73,89062806.0,1415496126.0,19405521950.0,0.0045895599319347,68.43396868437227,76.43430810314703,52.43328984682276,12.648645833333337,-0.0156249999999982,0.1480842997640135,0.0340171144580563,0.1140671853059571,37.50000000000028,79.39914163090127,12.74,12.45,98.16349567730154,109.85936415511024,5.4516264245675385,6.840378509658104,8.229130594748668,9.617882679839232,11.006634764929796,1.508600465482051,306613507528.4,306607246810.0,8.43828455,8.43828455,0.91191326,0.26663775,-1.59087187,1.81017875,-1
2022-04-14,1,12.89,13.09,12.82,12.92,92961494.0,1493343952.0,19405521950.0,0.004790466045671,66.03608248208796,72.96823289612735,52.17178165400918,12.672291666666666,0.0236458333333313,0.157898940914805,0.058793479749406,0.0991054611653989,100.0,87.55364806866949,12.75,12.51,97.38595131189288,98.16349567730154,5.450206039541162,6.838596294507395,8.226986549473628,9.61537680443986,11.003767059406092,1.5082074096588751,311270927895.92,311264572078.0,8.56646103,8.56646103,0.92576511,0.27068794,-1.61503701,1.83767514,-1
2022-04-15,1,12.81,13.31,12.77,13.23,123176103.0,2014010094.0,19405521950.0,0.0063474769355533,71.9901566829739,72.64220749174287,70.68605506543597,12.7534375,0.0811458333333341,0.1885184011792162,0.0847384640353681,0.1037799371438481,100.0,100.0,12.77,12.57,106.85133139850488,97.38595131189288,5.451819423035089,6.840620672724135,8.229421922413179,9.618223172102224,11.007024421791268,1.5086538729526495,318645176811.16,318638670419.0,8.76940711,8.76940711,0.9476972,0.27710075,-1.65329848,1.88121108,-1
2022-04-18,1,13.01,13.05,12.73,12.81,108688756.0,1734236524.0,19405521950.0,0.0056009189693555,56.828779154111146,67.37106471253229,35.74420803726886,12.7725,0.0190625000000004,0.1768553754470119,0.1031618463176968,0.073693529129315,16.000000000000014,77.17391304347827,12.78,12.62,96.52224114507568,106.85133139850488,5.451384015035252,6.840074348509475,8.228764681983698,9.61745501545792,11.006145348932142,1.5085333847423297,308554099348.2,308547799005.0,8.49169142,8.49169142,0.91768486,0.26832533,-1.60094068,1.82163558,-1
2022-04-19,1,12.81,12.86,12.58,12.73,82177249.0,1294226951.0,19405521950.0,0.0042347353094514,43.83823372178839,59.52678771561765,12.46112573412988,12.769375,-0.0031250000000007,0.1593204649679691,0.1143935700477513,0.0449268949202178,23.07692307692312,72.82608695652175,12.8,12.65,87.10882530524776,96.52224114507568,5.448178208202903,6.836051891639853,8.223925575076802,9.611799258513752,10.9996729419507,1.5076462583505188,306807566710.38,306801302029.5,8.44362524,8.44362524,0.91249042,0.2668065,-1.59187875,1.81132443,-1
2022-04-20,1,12.73,12.93,12.65,12.77,71655528.0,1137697847.0,19405521950.0,0.0036925328875268,37.90128823461689,52.3182878886174,9.067288926615888,12.755104166666667,-0.0142708333333327,0.1469575525987139,0.1209063665579438,0.02605118604077,82.60869565217354,71.95121951219508,12.82,12.68,80.6318886102897,87.10882530524776,5.451504834231904,6.840225945293988,8.228947056356072,9.617668167418156,11.006389278480238,1.5085668184155334,307583803438.3,307577522907.5,8.46498799,8.46498799,0.91479906,0.26748154,-1.59590627,1.81590717,-1
2022-04-21,1,12.7,12.87,12.65,12.73,70989116.0,1124663651.0,19405521950.0,0.0036581915283139,32.11684055823776,45.58447211182419,5.181577451064911,12.761770833333332,0.0066666666666659,0.132405897009141,0.1232062726481832,0.0091996243609577,78.94736842105303,67.74193548387099,12.83,12.7,76.70251794592157,80.6318886102897,5.448178208202903,6.836051891639853,8.223925575076802,9.611799258513752,10.9996729419507,1.5076462583505188,306807566710.38,306801302029.5,8.44362524,8.44362524,0.91249042,0.2668065,-1.59187875,1.81132443,-1
2022-04-22,1,12.6,13.04,12.4,12.94,92127408.0,1468452958.0,19405521950.0,0.0047474841561785,41.19144681904492,44.120130347564434,35.334079762005885,12.788229166666667,0.0264583333333341,0.1362482648861522,0.1258146710957771,0.0104335937903751,100.0,80.27210884353737,12.84,12.72,87.84552754046999,76.70251794592157,5.451845080991077,6.840652866810279,8.22946065262948,9.618268438448682,11.007076224267884,1.5086609731464875,311659046259.88,311652682517.0,8.5771424,8.5771424,0.92691943,0.27102546,-1.61705077,1.8399665,-1
2022-04-25,1,12.62,12.81,11.9,11.96,166448098.0,2527610217.0,19405521950.0,0.0085773574361394,28.879404262342018,39.039888319156965,8.558436148712119,12.645104166666668,-0.1431249999999995,0.0595293421130289,0.1125576052992274,-0.0530282631861985,5.769230769230822,13.605442176870817,12.81,12.71,75.13683236952953,87.84552754046999,5.449535640038423,6.837755116848787,8.225974593659151,9.614194070469514,11.00241354727988,1.5080218934618494,288177885240.3,288172000957.5,7.93091934,7.93091934,0.85708303,0.25060573,-1.49521818,1.70133889,-1
2022-04-26,1,11.98,12.07,11.64,11.86,98820956.0,1456929632.0,19405521950.0,0.0050924142238802,23.64415373976492,33.90797679269295,3.116507633908853,12.506041666666668,-0.1390624999999996,-0.0092336810523878,0.0881993480289044,-0.0974330290812922,16.92307692307685,13.836477987421311,12.78,12.68,67.33282139174857,75.13683236952953,5.447995159209666,6.835822212585927,8.223649265962187,9.611476319338449,10.999303372714706,1.5075956041466358,285849175056.54,285843338323.5,7.86683111,7.86683111,0.85015711,0.24858063,-1.48313561,1.6875907,-1
2022-04-27,1,12.07,12.6,12.05,12.6,149029503.0,2296798759.0,19405521950.0,0.0076797472072118,34.92444580654985,34.246799797311915,36.27973782502572,12.469270833333333,-0.0367708333333354,-0.0039712783352374,0.069765222756076,-0.0737365010913135,100.0,60.37735849056599,12.78,12.65,75.36360719875734,67.33282139174857,5.855168251507052,7.346718934655986,8.838269617804919,10.329820300953854,11.821370984102789,1.620270514115422,303702619798.7,303696418517.5,7.77647923,8.35817426,0.90325586,0.26410638,-8.91852758,1.74740578,-1
2022-04-28,1,12.54,12.83,12.38,12.6,91177187.0,1426381926.0,19405521950.0,0.0046985176299264,45.97799933202612,38.157199642216646,61.619598711645054,12.516354166666668,0.0470833333333349,0.0001969434897119,0.0558515669028032,-0.0556546234130912,100.0,60.37735849056599,12.77,12.63,85.37746973855783,75.36360719875734,5.855168251507052,7.346718934655986,8.838269617804919,10.329820300953854,11.821370984102789,1.620270514115422,303702619798.7,303696418517.5,7.77647923,8.35817426,0.90325586,0.26410638,-8.91852758,1.74740578,1
2022-04-29,1,12.64,12.68,12.06,12.34,164501308.0,2503476828.0,19405521950.0,0.0084770359912942,47.318666221350746,41.21102183526134,59.53395499352955,12.533020833333332,0.0166666666666657,-0.0172803407612782,0.0412251853699869,-0.0585055261312651,52.72727272727268,44.02515723270436,12.76,12.61,87.71100699532673,85.37746973855783,5.85786785686838,7.350106239848977,8.842344622829575,10.334583005810172,11.82682138879077,1.6210175619847265,297298666793.36,297292596274.0,7.61250235,8.1819316,0.88420957,0.25853736,-8.73046917,1.71055953,1
2022-05-05,1,12.24,12.44,12.2,12.34,79019620.0,1208735142.0,19405521950.0,0.0040720172435248,48.21244414756717,43.54482927269661,57.547673897308286,12.477083333333333,-0.0559375000000006,-0.0307764427726091,0.0268248597414677,-0.0576013025140768,51.85185185185181,44.02515723270436,12.75,12.58,83.70912016952565,87.71100699532673,5.85786785686838,7.350106239848977,8.842344622829575,10.334583005810172,11.82682138879077,1.6210175619847265,297298666793.36,297292596274.0,7.61250235,8.1819316,0.88420957,0.25853736,-8.73046917,1.71055953,1
2022-05-06,1,12.1,12.24,12.01,12.05,83243182.0,1250995595.0,19405521950.0,0.0042896646745438,41.903534193616224,42.997730913003146,39.71514075484238,12.41135416666667,-0.0657291666666637,-0.0641334863111424,0.0086331905309456,-0.0727666768420881,12.121212121212398,25.78616352201259,12.72,12.55,71.41947628403625,83.70912016952565,5.857855166384596,7.350090316580252,8.842325466775906,10.334560616971562,11.826795767167216,1.621014050212596,290312536242.08,290306608372.0,7.43361848,7.98966689,0.8634318,0.25246207,-8.52531455,1.67036361,1
2022-05-09,1,12.03,12.03,11.65,11.72,81862135.0,1197104247.0,19405521950.0,0.0042184969417944,29.84045136717272,38.611971064393,12.297411972732164,12.33010416666667,-0.0812499999999989,-0.1158618425158497,-0.0162658160784134,-0.0995960264374363,10.144927536231933,5.031446540880508,12.68,12.5,61.623363823177485,71.41947628403625,5.8579787878725895,7.3502454295142545,8.84251207115592,10.334778712797585,11.827045354439248,1.6210482593494309,282356109780.9,282350344372.5,7.22988963,7.77069875,0.83976822,0.24554299,-8.29166622,1.62458493,1
2022-05-10,1,11.68,11.76,11.36,11.75,99228502.0,1425836927.0,19405521950.0,0.0051134157718442,28.73717165974781,35.32037126284461,15.570772453554213,12.219895833333336,-0.1102083333333343,-0.1526762316504104,-0.0435478991928128,-0.1091283324575976,56.52173913043476,20.85561497326205,12.63,12.44,61.45764991528371,61.623363823177485,5.8568722432712255,7.348857002773009,8.840841762274792,10.332826521776576,11.824811281278356,1.6207420509685388,283132346508.82,283126565250.5,7.24976562,7.7920615,0.84207687,0.24621802,-8.31446118,1.62905114,1
2022-05-11,1,11.71,11.95,11.63,11.78,84857362.0,1240700426.0,19405521950.0,0.00437284615269,28.681923963641395,33.10755549644354,19.83066089803711,12.136250000000002,-0.0836458333333336,-0.1773863515518439,-0.070315589664619,-0.1070707618872248,100.0,22.459893048128325,12.6,12.38,64.43871418780569,61.45764991528371,5.8557717575512935,7.347476178357953,8.839180599164612,10.330885019971271,11.82258944077793,1.620437519230659,283908583236.74,283902786128.5,7.2696416,7.81342424,0.84438551,0.24689305,-8.33725614,1.63351735,1
2022-05-12,1,11.66,11.73,11.54,11.58,68506423.0,987061607.0,19405521950.0,0.0035302540780151,24.10994477394688,30.108351922277983,12.113130477284678,12.057395833333334,-0.0788541666666677,-0.2106790511720344,-0.0983882819661021,-0.1122907692059323,52.38095238095254,11.764705882352969,12.56,12.31,62.73385610830383,64.43871418780569,5.856428551857585,7.348300285020466,8.840172018183347,10.332043751346228,11.82391548450911,1.620619270531836,279057103687.24,279051405641.0,7.1454167,7.67990708,0.8299565,0.2426741,-8.19478765,1.60560352,1
2022-05-13,1,11.68,11.81,11.67,11.77,67631191.0,985962932.0,19405521950.0,0.0034851518642094,25.3703486701596,28.529017504905188,19.053011000668413,11.996041666666668,-0.0613541666666659,-0.2192054790662343,-0.1225517213861285,-0.0966537576801057,95.83333333333344,21.92513368983957,12.53,12.25,71.44480427405188,62.73385610830383,5.858810121478224,7.351288537769933,8.84376695406164,10.336245370353348,11.828723786645057,1.6212783100107857,283520464872.78,283514675689.5,7.25970361,7.80274287,0.84323119,0.24655554,-8.32585866,1.63128425,1
2022-05-16,1,11.81,11.86,11.56,11.61,66822782.0,965652298.0,19405521950.0,0.0034434931547924,23.226697093237707,26.76157736768269,16.156936544347737,11.940625,-0.0554166666666677,-0.2361511934669184,-0.1452716158022865,-0.0908795776646319,30.43478260869572,13.368983957219244,12.49,12.19,64.18105549369339,71.44480427405188,5.859376633237093,7.351999363229904,8.844622093222714,10.337244823215526,11.829867553208336,1.6214350778882176,279639281233.18,279633571299.5,7.16032369,7.69592914,0.83168798,0.24318038,-8.21188386,1.60895318,1
2022-05-17,1,11.69,11.86,11.53,11.85,93140639.0,1357428407.0,19405521950.0,0.0047996976963559,30.6079215189486,28.043692084771333,35.736380387303136,11.954166666666667,0.0135416666666667,-0.2275912694963207,-0.1617355465410933,-0.0658557229552273,100.0,26.20320855614973,12.46,12.13,80.29144153803543,64.18105549369339,5.858532634385793,7.350940363372799,8.843348092359804,10.335755821346808,11.828163550333814,1.6212015224387466,285461056692.58,285455227884.5,7.30939358,7.85614973,0.84900279,0.24824312,-8.38284605,1.64244978,1
2022-05-18,1,11.96,11.99,11.82,11.88,77857833.0,1150500438.0,19405521950.0,0.0040121483565661,40.10225070960213,32.063211626381594,56.180328876043205,11.9428125,-0.0113541666666669,-0.2158979812629891,-0.1725680334854725,-0.0433299477775165,100.0,27.8074866310161,12.44,12.09,88.02988234463481,80.29144153803543,5.857436599016288,7.34956512299433,8.841693646972372,10.333822170950414,11.825950694928457,1.620898222223389,286237293420.5,286231448762.5,7.32926956,7.87751248,0.85131143,0.24891815,-8.40564101,1.64691599,1
2022-05-19,1,11.72,11.84,11.68,11.78,59092172.0,863214131.0,19405521950.0,0.0030451214944002,47.63035619446112,37.25225981574144,68.3865489519005,11.9290625,-0.0137499999999999,-0.2122534052253311,-0.1805051078334442,-0.0317482973918868,71.42857142857113,26.58227848101265,12.41,12.05,88.5906374594521,88.02988234463481,5.85977706830205,7.352501805473653,8.845226542645257,10.33795127981686,11.830676016988464,1.6215458882186295,283714524054.76,283708730909.0,7.26467261,7.80808356,0.84380835,0.24672429,-8.3315574,1.6324008,1
2022-05-20,1,11.84,12.11,11.82,12.1,94859778.0,1415164711.0,19405521950.0,0.0048882878927149,64.64245968519631,46.38232643889307,101.1627261778028,11.96,0.0309374999999985,-0.1814520604069329,-0.1806944983481419,-0.0007575620587909,100.0,46.8354430379747,12.38,12.03,101.37727949352842,88.5906374594521,5.858664300956238,7.351105570800596,8.843546840644953,10.33598811048931,11.828429380333668,1.6212379578497584,291476891333.96,291470939689.0,7.46343246,8.02171101,0.86689476,0.25347462,-8.55950698,1.67706293,1
2022-05-23,1,12.14,12.14,11.89,11.94,64772592.0,962683729.0,19405521950.0,0.003337843329692,65.49934470816363,52.754665861983256,90.9887024005244,11.953541666666666,-0.0064583333333327,-0.1680156556585359,-0.1781587298102207,0.0101430741516848,61.90476190476186,36.70886075949368,12.35,12.01,100.6273740138568,101.37727949352842,5.855262257918793,7.346836888343301,8.83841151876781,10.329986149192315,11.821560779616826,1.6202965280249355,287789766876.34,287783890518.5,7.36902153,7.92023797,0.85592871,0.25026821,-8.45123093,1.65584842,1
2022-05-24,1,11.98,11.98,11.6,11.6,93355706.0,1358693535.0,19405521950.0,0.0048107804696281,47.49136641746429,51.00023271381027,40.473633824772335,11.911770833333332,-0.0417708333333344,-0.182696356717102,-0.179066255191597,-0.003630101525505,0.0,15.189873417721532,12.32,11.98,84.4375881569436,100.6273740138568,5.858395307025654,7.350768053120788,8.843140799215922,10.335513545311056,11.82788629140619,1.6211635205465964,279445222051.2,279439516080.0,7.15535469,7.69058845,0.83111082,0.24301162,-8.20618512,1.60783663,1
2022-05-25,1,11.62,11.67,11.52,11.59,60322826.0,866228924.0,19405521950.0,0.0031085392165913,35.42435180519126,45.80827241093726,14.656510593699238,11.843020833333334,-0.0687499999999978,-0.1929140415155004,-0.1818358124563777,-0.0110782290591227,16.66666666666674,14.556962025316482,12.28,11.95,74.04561318220671,84.4375881569436,5.857412616912977,7.349535031669039,8.841657446425103,10.333779861181164,11.825902275937226,1.6208915857796196,279251162869.22,279245460860.5,7.15038569,7.68524777,0.83053366,0.24284286,-8.20048639,1.60672008,1
2022-05-26,1,11.61,11.62,11.33,11.43,101131756.0,1435689342.0,19405521950.0,0.0052114937315561,27.73146087424272,39.78266856537241,3.62904549198332,11.761562499999998,-0.0814583333333356,-0.2114844322662055,-0.1877655364183432,-0.0237188958478622,37.03703703703697,7.8740157480314705,12.25,11.91,65.5620735584456,74.04561318220671,5.857968214767182,7.350232163006725,8.842496111246268,10.33476005948581,11.827024007725353,1.6210453335084989,275369979229.62,275364356470.5,7.05100577,7.57843404,0.81899045,0.2394677,-8.08651159,1.58438901,1
2022-05-27,1,11.51,11.56,11.36,11.42,72306674.0,1029702186.0,19405521950.0,0.0037260875634422,22.19134428653217,33.918893805759,-1.263754751921482,11.71,-0.0515624999999992,-0.2244215255065995,-0.1950967342359945,-0.029324791270605,34.61538461538459,7.086614173228337,12.22,11.87,58.7498295810866,65.5620735584456,5.856970670222602,7.348980503092095,8.840990335961587,10.33300016883108,11.825010001700573,1.6207692881511886,275175920047.64,275170301251.0,7.04603677,7.57309335,0.81841329,0.23929894,-8.08081285,1.58327246,1
2022-05-30,1,11.49,11.5,11.31,11.34,89690123.0,1265573048.0,19405521950.0,0.0046218866584003,15.99904880146319,27.9456121376604,-7.89407787093122,11.638020833333332,-0.0719791666666669,-0.238381680888601,-0.2037537235665158,-0.0346279573220851,24.99999999999963,2.3255813953487894,12.18,11.82,51.36561599203576,58.7498295810866,5.857247500628117,7.349327853517312,8.841408206406507,10.333488559295702,11.8255689121849,1.620845894001644,273235328227.84,273229749056.0,6.99634681,7.51968649,0.81264169,0.23761136,-8.02382546,1.57210693,1
2022-05-31,1,11.33,11.42,11.28,11.4,93886855.0,1325012048.0,19405521950.0,0.004838151493266,15.3171953250065,23.73613986677576,-1.5206937585320262,11.589270833333332,-0.04875,-0.2418161994256262,-0.2113662187383379,-0.0304499806872883,85.71428571428608,9.090909090909165,12.15,11.78,52.50941771835997,51.36561599203576,5.854971345925306,7.346471869174072,8.837972392422836,10.329472915671602,11.820973438920364,1.620216025449262,274787801683.68,274782190812.0,7.03609878,7.56241198,0.81725897,0.23896142,-8.06941537,1.58103935,1
2022-06-01,1,11.39,11.39,11.28,11.34,84529898.0,1187423732.0,19405521950.0,0.0043559713682424,12.537044945353188,20.00310822630157,-2.395081616543578,11.559687499999995,-0.0295833333333348,-0.2465376461492141,-0.2184005042205131,-0.0281371419287009,50.0,5.66037735849061,12.12,11.74,49.47978392716816,52.50941771835997,5.857247500628117,7.349327853517312,8.841408206406507,10.333488559295702,11.8255689121849,1.620845894001644,273235328227.84,273229749056.0,6.99634681,7.51968649,0.81264169,0.23761136,-8.02382546,1.57210693,1
2022-06-02,1,11.29,11.3,11.18,11.24,97926822.0,1363740798.0,19405521950.0,0.0050463379574286,10.44136329690214,16.81585991650176,-2.3076299422970976,11.517604166666665,-0.0420833333333341,-0.2554044474722623,-0.2258012928708629,-0.0296031546013993,27.27272727272742,5.17241379310349,12.09,11.69,46.09098601453398,49.47978392716816,5.859698617341625,7.352403369846932,8.84510812235224,10.337812874857546,11.830517627362854,1.6215241788889363,270712558862.1,270707031202.5,6.93174986,7.45025756,0.80513861,0.2354175,-7.94974184,1.55759174,1
2022-06-06,1,11.2,11.41,10.99,11.41,171085175.0,2370807610.0,19405521950.0,0.0088163140079826,21.102323006015563,18.24468094633969,26.817607125367296,11.495416666666664,-0.0221874999999993,-0.2458795260305226,-0.2298169395027949,-0.0160625865277277,100.0,37.83783783783785,12.07,11.65,65.0761874460282,46.09098601453398,5.855971717710083,7.34772707654254,8.839482435374997,10.331237794207452,11.82299315303991,1.6204928531741714,274981860865.66,274976246031.5,7.04106777,7.56775267,0.81783613,0.23913018,-8.07511411,1.58215591,1
2022-06-07,1,11.29,11.48,11.27,11.4,131511262.0,1860366716.0,19405521950.0,0.0067770020481206,34.16625455303,23.5518721485698,55.3950193619504,11.479166666666664,-0.0162499999999994,-0.2364126556584409,-0.2311360827339241,-0.0052765729245168,97.61904761904766,36.936936936936966,12.04,11.61,77.08487045210484,65.0761874460282,5.854971345925306,7.346471869174072,8.837972392422836,10.329472915671602,11.820973438920364,1.620216025449262,274787801683.68,274782190812.0,7.03609878,7.56241198,0.81725897,0.23896142,-8.06941537,1.58103935,1
2022-06-08,1,11.4,11.41,11.28,11.4,114552124.0,1613524958.0,19405521950.0,0.0059030684304783,44.470624728475066,30.52478967520489,72.36229483501543,11.470624999999998,-0.008541666666666,-0.226301430658566,-0.2301691523188525,0.0038677216602864,97.61904761904766,36.936936936936966,12.01,11.58,87.25275731064266,77.08487045210484,5.854971345925306,7.346471869174072,8.837972392422836,10.329472915671602,11.820973438920364,1.620216025449262,274787801683.68,274782190812.0,7.03609878,7.56241198,0.81725897,0.23896142,-8.06941537,1.58103935,1
2022-06-09,1,11.39,11.65,11.36,11.56,163290134.0,2339986708.0,19405521950.0,0.0084146221070853,58.43496194019551,39.82818043020176,95.648524960183,11.473749999999995,0.0031249999999989,-0.2030370642836381,-0.2247427347118096,0.0217056704281715,100.0,51.35135135135141,12.0,11.56,96.6796075956748,87.25275731064266,5.85853608179155,7.350944688973715,8.843353296155879,10.335761903338042,11.828170510520206,1.621202476421563,278474926141.3,278469239982.5,7.13050971,7.66388502,0.82822502,0.24216783,-8.17769143,1.60225386,1
2022-06-10,1,11.49,11.54,11.38,11.53,134601231.0,1914639698.0,19405521950.0,0.0069362334776055,66.2293685661909,48.628576475531474,101.43095274750976,11.485624999999995,0.0118749999999998,-0.1848893463057468,-0.216772057030597,0.0318827107248502,89.28571428571392,48.6486486486486,11.98,11.55,99.7837946477131,96.6796075956748,5.8555738871829535,7.347227902318863,8.838881917454772,10.33053593259068,11.82218994772659,1.6203827635840804,277892748595.36,277887074324.0,7.11560272,7.64786296,0.82649354,0.24166155,-8.16059521,1.5989042,1
2022-06-13,1,11.42,11.43,11.18,11.2,154775285.0,2163340109.0,19405521950.0,0.0079758372590436,54.758972983521154,50.6720419781947,62.93283499417407,11.453749999999996,-0.0318750000000012,-0.1948888339720049,-0.2123954124188786,0.0175065784468736,5.263157894736719,18.918918918918845,11.94,11.53,84.74447616786318,99.7837946477131,5.855635955347663,7.347305781782154,8.838975608216645,10.330645434651135,11.822315261085627,1.620399939387204,269936322134.18,269930810324.5,6.91187387,7.42889482,0.80282997,0.23474247,-7.92694688,1.55312552,1
2022-06-14,1,11.04,11.38,11.04,11.37,115142939.0,1602169898.0,19405521950.0,0.0059335141459567,55.69790118093324,52.347328379107545,62.39904678458463,11.431041666666664,-0.0227083333333322,-0.1869409814715297,-0.2073045262294088,0.0203635447578791,67.3469387755102,34.234234234234165,11.92,11.51,86.07612090533567,84.74447616786318,5.856106203434854,7.347895821278503,8.839685439122151,10.3314750569658,11.823264674809447,1.620530068715221,274011564955.76,274005969934.0,7.01622279,7.54104923,0.81495033,0.23828639,-8.04662041,1.57657314,1
2022-06-15,1,11.36,12.17,11.32,11.87,341354371.0,5010292727.0,19405521950.0,0.0175905792113981,61.99069118276904,55.56178264699471,74.84850825431768,11.48927083333333,0.058229166666667,-0.138697610065499,-0.1935831429966268,0.0548855329311278,100.0,79.27927927927924,11.92,11.5,92.58375487076852,86.07612090533567,5.856476592380584,7.348360563428325,8.840244534476065,10.332128505523809,11.824012476571548,1.6206325645380122,286043234238.52,286037393543.0,7.32430056,7.87217179,0.85073427,0.24874939,-8.39994227,1.64579944,1
2022-06-16,1,11.87,11.94,11.61,11.63,133254631.0,1939976255.0,19405521950.0,0.0068668408581506,59.40622350037712,56.84326293145551,64.53214463822033,11.541249999999996,0.0519791666666655,-0.1184647964560383,-0.1785594736885091,0.0600946772324708,71.08433734939779,57.65765765765774,11.91,11.51,92.17492720430069,92.58375487076852,5.857276122218382,7.349363766196522,8.841451410174663,10.333539054152803,11.825626698130945,1.6208538143067113,280221458779.12,280215736958.0,7.17523067,7.7119512,0.83341946,0.24368665,-8.22898008,1.61230284,1
2022-06-17,1,11.53,11.7,11.44,11.64,105378794.0,1513925914.0,19405521950.0,0.0054303509213262,57.30326404449923,56.99659663580342,57.91659886189085,11.57072916666666,0.0294791666666647,-0.100465129993287,-0.1629406049494647,0.0624754749561776,58.18181818181834,58.558558558558616,11.91,11.51,92.12450577332368,92.17492720430069,5.85825550647953,7.350592639661231,8.842929772842933,10.335266906024634,11.827604039206332,1.6211248342624434,280415517961.1,280409792177.5,7.18019967,7.71729189,0.83399662,0.24385541,-8.23467882,1.6134194,1
2022-06-20,1,11.63,11.63,11.49,11.55,103216680.0,1479529787.0,19405521950.0,0.0053189334595558,53.24642381727681,55.74653902962788,48.24619339257467,11.54864583333333,-0.022083333333331,-0.0923974126222617,-0.1488319664840241,0.0564345538617623,55.00000000000031,50.45045045045052,11.9,11.52,84.87958291352086,92.12450577332368,5.85755006345336,7.349707491461374,8.841864919469387,10.3340223474774,11.826179775485414,1.6209296206519042,278280866959.32,278275184763.0,7.12554071,7.65854434,0.82764786,0.24199907,-8.17199269,1.60113731,1
2022-06-21,1,11.55,11.78,11.46,11.57,132179398.0,1905346057.0,19405521950.0,0.0068114322480256,51.131834167270114,54.20830407550863,44.97889435079309,11.56302083333333,0.0143749999999993,-0.0834281478714906,-0.1357512027615174,0.0523230548900267,65.00000000000004,61.05263157894742,11.9,11.53,78.50750363654745,84.87958291352086,5.855443125393944,7.347063830157317,8.838684534920688,10.330305239684058,11.82192594444743,1.6203465785485691,278863044505.26,278857350421.5,7.1404477,7.67456639,0.82937934,0.24250534,-8.18908891,1.60448697,1
2022-06-22,1,11.57,11.57,11.34,11.34,105604592.0,1498415784.0,19405521950.0,0.005441986681528,42.93744696697065,50.45135170599597,27.90963748892001,11.529687499999996,-0.0333333333333332,-0.0937977763673636,-0.1273605174826866,0.033562741115323,0.0,39.77272727272728,11.89,11.52,65.8898372983835,78.50750363654745,5.857247500628117,7.349327853517312,8.841408206406507,10.333488559295702,11.8255689121849,1.620845894001644,273235328227.84,273229749056.0,6.99634681,7.51968649,0.81264169,0.23761136,-8.02382546,1.57210693,1
2022-06-23,1,11.35,11.46,11.32,11.44,80602803.0,1140899092.0,19405521950.0,0.0041536013928241,40.424374674145625,47.10902602871252,27.05507196501184,11.499895833333332,-0.0297916666666644,-0.0928760006719109,-0.1204636141205315,0.0275876134486205,47.99999999999969,51.13636363636361,11.88,11.52,62.45145375685979,65.8898372983835,5.858964362621954,7.351482070437564,8.843999778253174,10.336517486068782,11.829035193884392,1.6213209923670415,275564038411.6,275558411690.0,7.05597476,7.58377473,0.81956761,0.23963646,-8.09221033,1.58550557,1
2022-06-24,1,11.44,11.48,11.36,11.46,86604061.0,1227798687.0,19405521950.0,0.0044628565633608,39.33896364707058,44.51900523483187,28.97888047154798,11.478229166666663,-0.0216666666666682,-0.089499954179212,-0.1142708821322676,0.0247709279530555,100.0,53.40909090909104,11.87,11.51,60.63838388929969,62.45145375685979,5.856833714069678,7.3488086586089505,8.840783603148221,10.332758547687494,11.824733492226764,1.6207313889812969,276146215957.54,276140577348.5,7.07088175,7.59979678,0.82129909,0.24014273,-8.10930655,1.58885523,1
2022-06-27,1,11.47,11.73,11.45,11.67,149727818.0,2166380438.0,19405521950.0,0.0077157325830135,39.95146596079214,42.99649214348529,33.86141359540584,11.506458333333333,0.0282291666666676,-0.0690828242583894,-0.1052332705574919,0.0361504462991025,100.0,77.27272727272732,11.87,11.52,74.25628537480148,60.63838388929969,5.857140561381267,7.349193672473159,8.841246783565047,10.33329989465694,11.825353005748829,1.6208163012553676,281191754689.02,281186013055.5,7.20007566,7.73865463,0.83630526,0.24453044,-8.25747378,1.61788561,1
2022-06-28,1,11.65,11.82,11.61,11.78,112511048.0,1638673242.0,19405521950.0,0.0057978882655099,51.365493436227005,45.78615924106586,62.52416182654929,11.55145833333333,0.0449999999999981,-0.0435242999698992,-0.0928914764399734,0.0493671764700741,100.0,89.77272727272728,11.87,11.53,87.46610859667412,74.25628537480148,5.8557717575512935,7.347476178357953,8.839180599164612,10.330885019971271,11.82258944077793,1.620437519230659,283908583236.74,283902786128.5,7.2696416,7.81342424,0.84438551,0.24689305,-8.33725614,1.63351735,1
2022-06-29,1,11.8,12.0,11.72,11.79,126654728.0,1865064678.0,19405521950.0,0.0065267364787371,57.28287797709246,49.618398819741394,72.6118362917946,11.602499999999996,0.0510416666666682,-0.0222060909123094,-0.0787543993344406,0.0565483084221312,100.0,90.90909090909088,11.87,11.54,91.70813208235472,87.46610859667412,5.856739458796599,7.348690392665142,8.840641326533683,10.332592260402226,11.824543194270769,1.6207053062056682,284102642418.72,284096841348.0,7.2746106,7.81876493,0.84496267,0.24706181,-8.34295488,1.63463391,1
2022-06-30,1,11.78,12.1,11.72,12.07,154874501.0,2304888692.0,19405546950.0,0.0079809397487763,70.23986736934371,56.49222166960883,97.73515876881348,11.687499999999996,0.084999999999999,0.0170854528326671,-0.059586428901019,0.0766718817336862,100.0,100.0,11.87,11.57,103.20634080614872,91.70813208235472,5.859743859591162,7.352460137146699,8.845176414702236,10.337892692257771,11.83060896981331,1.6215366985433286,290700654606.04,290695093311.0,7.44355648,8.00034827,0.84961934,0.25279958,-8.53671203,1.67259672,1
2022-07-01,1,12.08,12.14,11.95,12.02,77924332.0,1164030776.0,19405546950.0,0.0040155699914451,75.28186279907463,62.75543537943077,100.33471763836236,11.741041666666664,0.0535416666666677,0.0436861158484447,-0.0389319199511263,0.082618035799571,85.7142857142855,95.37037037037032,11.87,11.6,107.97419524751196,103.20634080614872,5.858936897147426,7.351447608384024,8.843958319620622,10.33646903085722,11.828979742093818,1.6213133919879197,289536299514.16,289530760494.0,7.4137425,7.96830415,0.84621632,0.25178704,-8.50251959,1.6658974,1
2022-07-04,1,12.04,12.07,11.88,12.03,83496807.0,1241453402.0,19405546950.0,0.0043027288648517,79.04969715060255,68.18685596982137,100.77537951216492,11.800312499999997,0.0592708333333327,0.0648269644693719,-0.0181801430670266,0.0830071075363986,88.5714285714283,96.2962962962962,11.88,11.64,111.144207346702,107.97419524751196,5.855961408543863,7.347714141210298,8.839466873876733,10.331219606543169,11.8229723392096,1.6204900003717695,289924417878.12,289918871433.0,7.42368049,7.97898552,0.84735066,0.25212455,-8.51391707,1.6681305,1
2022-07-05,1,12.07,12.3,11.94,12.01,111517210.0,1674719025.0,19405546950.0,0.0057466666766638,76.16918585550371,70.84763259838215,86.81229236974684,11.823541666666664,0.0232291666666668,0.07905609698469,0.0012671049433166,0.0777889920413733,86.66666666666683,94.17475728155335,11.88,11.68,107.33227299972944,111.144207346702,5.857988842498695,7.35025804546461,8.842527248430525,10.33479645139644,11.827065654362356,1.6210510417142594,289342240332.18,289336705024.5,7.4087735,7.96296346,0.84564915,0.25161828,-8.49682085,1.66478084,1
2022-07-06,1,11.94,12.03,11.65,11.7,104333523.0,1520022515.0,19405546950.0,0.0053764793782326,62.836194825654935,68.17715334080641,52.15427779535199,11.800416666666662,-0.023125000000002,0.0645740088188038,0.0139284857184141,0.0506455231003897,13.15789473684186,64.07766990291256,11.87,11.7,92.48783328696594,107.33227299972944,5.856031763115799,7.347802417967443,8.839573072819086,10.331343727670728,11.823114382522371,1.6205094692296305,281967991416.94,281962597183.5,7.21995164,7.76001738,0.82409673,0.24520547,-8.28026874,1.62235182,1
2022-07-07,1,11.71,11.8,11.58,11.61,73016098.0,1057696547.0,19405546950.0,0.0037626405577813,48.16530635435819,61.50653767865701,21.482843705760544,11.762604166666662,-0.0378124999999993,0.0453122701267982,0.0202052426000909,0.0251070275267073,6.976744186046368,55.339805825242685,11.86,11.72,79.07358595134603,92.48783328696594,5.8553132704134,7.346900895805416,8.838488521197432,10.330076146589448,11.821663771981465,1.620310644449488,279833340415.16,279827987019.0,7.16529268,7.70126983,0.81785787,0.24334913,-8.2175826,1.61006974,-1
2022-07-08,1,11.68,11.8,11.57,11.71,63969823.0,928850349.0,19405546950.0,0.0032964710123772,38.50289830016576,53.83865788582659,7.831379128844077,11.733437499999996,-0.0291666666666667,0.0376819931444369,0.0237005927089601,0.0139814004354768,100.0,65.04854368932048,11.86,11.72,71.90184753942084,79.07358595134603,5.85700594098152,7.349024758754998,8.841043576528476,10.333062394301953,11.82508121207543,1.6207790484464064,282162050598.92,282156652653.0,7.22492064,7.76535806,0.8246639,0.24537423,-8.28596748,1.62346838,-1
2022-07-11,1,11.68,11.74,11.57,11.65,61169194.0,883613754.0,19405546950.0,0.0031521499578243,29.32156690330685,45.66629422498668,-3.367887740052808,11.72083333333333,-0.0126041666666658,0.0264881066979221,0.0242580955067525,0.0022300111911695,57.14285714285696,59.22330097087384,11.86,11.73,65.24601414139943,71.90184753942084,5.85923353612797,7.351819813438006,8.84440609074804,10.336992368058077,11.82957864536811,1.6213954793631866,280609577143.08,280604208897.0,7.18516867,7.72263257,0.82012654,0.24402417,-8.24037756,1.61453595,-1
2022-07-12,1,11.61,11.86,11.58,11.61,74288242.0,1078431990.0,19405546950.0,0.0038281962467437,21.37419528713604,37.568927912369794,-11.015269963331493,11.70864583333333,-0.0121874999999995,0.0142252257874275,0.0222515215628875,-0.0080262957754599,28.571428571427845,55.339805825242685,11.85,11.73,58.507906773143205,65.24601414139943,5.8553132704134,7.346900895805416,8.838488521197432,10.330076146589448,11.821663771981465,1.620310644449488,279833340415.16,279827987019.0,7.16529268,7.70126983,0.81785787,0.24334913,-8.2175826,1.61006974,-1
2022-07-13,1,11.61,11.65,11.19,11.25,217599606.0,3056913118.0,19405546950.0,0.011213268379431,16.05126532655917,30.39637371709959,-12.638951454521669,11.626666666666663,-0.0819791666666667,-0.0242625039947252,0.0129487164513649,-0.0372112204460902,13.04347826086965,6.818181818181869,11.84,11.71,51.3509181221995,58.507906773143205,5.8565154366599765,7.348409302933436,8.840303169206894,10.332197035480354,11.824090901753811,1.620643313715122,271100677226.06,271095490891.5,6.94168785,7.46093894,0.79233526,0.23575502,-7.96113932,1.55982484,-1
2022-07-14,1,11.03,11.04,10.7,10.77,263212087.0,3534578702.0,19405546950.0,0.013563755130334,12.159176884372783,24.31730810619065,-12.157085559262953,11.485624999999995,-0.1410416666666663,-0.0924308107585787,-0.0081271889906237,-0.0843036217679549,7.692307692307723,5.109489051094908,11.81,11.67,44.37072543558605,51.3509181221995,5.858244212147321,7.350578468200954,8.842912724254585,10.335246980308218,11.827581236361851,1.621121708840138,259457126307.26,259452162721.5,6.64354807,7.14049775,0.75830511,0.22562954,-7.61921494,1.49283165,-1
2022-07-15,1,10.86,10.92,10.65,10.66,159863740.0,2139915274.0,19405546950.0,0.0082380435043599,8.308138124935388,18.9809181124389,-13.037421850071638,11.33770833333333,-0.1479166666666671,-0.1535606145107895,-0.0372138740946569,-0.1163467404161325,1.666666666666632,0.7042253521126611,11.76,11.61,36.90010013760636,44.37072543558605,5.855343739595986,7.346939126734233,8.838534513872478,10.330129901010723,11.821725288148969,1.62031907602925,256934356941.52,256929441618.0,6.57895112,7.07106883,0.75093191,0.22343568,-7.54513132,1.47831646,-1
2022-07-18,1,10.67,10.82,10.64,10.78,115350581.0,1536340973.0,19405546950.0,0.0059442066382983,8.896072898637954,15.619303041171918,-4.550387386429975,11.22677083333333,-0.1109375000000003,-0.1901317073136805,-0.0677974407384616,-0.1223342665752189,100.0,9.790209790209708,11.72,11.54,34.083347110385205,36.90010013760636,5.854925321478768,7.346414120419754,8.83790291936074,10.329391718301729,11.820880517242712,1.6202032893415277,259845244671.22,259840273660.5,6.65348606,7.15117912,0.75943945,0.22596705,-7.63061242,1.49506476,-1
2022-07-19,1,10.74,10.82,10.7,10.81,75559710.0,1008562417.0,19405546950.0,0.0038937171003056,10.575524008928037,13.93804336375729,3.8504852992695326,11.158854166666664,-0.067916666666667,-0.2142243674035402,-0.0970828260714773,-0.1171415413320628,100.0,11.888111888111885,11.69,11.47,39.515104123926136,34.083347110385205,5.858094244699629,7.350390297914428,8.842686351129228,10.334982404344029,11.827278457558824,1.6210802091217464,260427422217.16,260422440069.0,6.66839305,7.16720118,0.76114095,0.22647333,-7.64770864,1.49841442,-1
2022-07-20,1,10.82,10.85,10.75,10.78,80145866.0,1073936300.0,19405546950.0,0.004130049320769,10.875485951307184,12.917190892940589,6.79207606804038,11.099374999999997,-0.0594791666666658,-0.2330522422043852,-0.1242767092980589,-0.1087755329063263,82.35294117646991,9.790209790209708,11.65,11.4,46.04486950002936,39.515104123926136,5.854925321478768,7.346414120419754,8.83790291936074,10.329391718301729,11.820880517242712,1.6202032893415277,259845244671.22,259840273660.5,6.65348606,7.15117912,0.75943945,0.22596705,-7.63061242,1.49506476,-1
2022-07-21,1,10.73,10.74,10.46,10.48,197038789.0,2588696130.0,19405546950.0,0.0101537353988365,7.72651444372859,11.186965409869922,0.8056125114459256,10.99833333333333,-0.1010416666666671,-0.2690791840887581,-0.1532372042561987,-0.1158419798325593,5.714285714285598,1.2422360248446944,11.6,11.32,39.02267131748624,46.04486950002936,5.858240033689608,7.350573225319268,8.842906416948926,10.335239608578586,11.827572800208245,1.6211205525570842,252470995755.98,252466165819.5,6.4646642,6.94823304,0.73788702,0.21955425,-7.41406031,1.45263573,-1
2022-07-22,1,10.53,10.6,10.35,10.5,137650974.0,1755555714.0,19405546950.0,0.0070933828536072,8.462267907298097,10.278732909012646,4.829337903868996,10.925312499999997,-0.0730208333333326,-0.292643549564108,-0.1811184733177806,-0.1115250762463273,34.88372093023266,8.720930232558157,11.55,11.24,40.02695864371201,39.02267131748624,5.961057968647396,7.479583090984901,8.998108213322405,10.51663333565991,12.035158457997415,1.6495728294479253,248589812116.38,248585056429.5,6.36528428,6.84141931,0.72654364,0.21617908,-7.30008552,1.43030467,-1
2022-07-25,1,10.49,10.53,10.39,10.51,76395581.0,976071707.0,19405546950.0,0.0039367909184337,9.744076040762836,10.100513952929376,9.031200216429752,10.862604166666664,-0.0627083333333331,-0.3069729692434944,-0.2062893725029233,-0.100683596740571,100.0,9.302325581395351,11.5,11.17,41.39308319321498,40.02695864371201,5.962080933023876,7.480866646201651,8.999652359379425,10.5184380725572,12.037223785734971,1.649855909104223,248783871298.36,248779111899.0,6.37025327,6.84676,0.72711081,0.21634784,-7.30578426,1.43142122,-1
2022-07-26,1,10.45,10.58,10.42,10.58,102404881.0,1314310442.0,19405546950.0,0.0052770932591518,17.60716180495303,12.602729903603928,27.616025607651235,10.83114583333333,-0.0314583333333331,-0.3091174095137425,-0.2268549799050872,-0.0822624296086553,100.0,13.372093023255834,11.45,11.09,50.02027249156441,41.39308319321498,5.95994979658718,7.478192622204512,8.996435447821844,10.514678273439175,12.032921099056509,1.6492661707087384,250530403936.18,250525611124.5,6.41497424,6.89482618,0.73221533,0.21786667,-7.35707291,1.4414702,-1
2022-07-27,1,10.53,10.56,10.44,10.49,92391408.0,1182889761.0,19405546950.0,0.0047610823976285,19.925242372892694,15.04356739336685,29.688592331944378,10.782916666666663,-0.0482291666666672,-0.3144543081925555,-0.2443748455625808,-0.0700794626299746,52.631578947368375,8.13953488372096,11.41,11.03,56.45575566568069,50.02027249156441,5.964693335388171,7.484144534229849,9.003595733071526,10.523046931913203,12.04249813075488,1.6505788257378795,248201693752.42,248196945490.5,6.35534628,6.83073794,0.7254093,0.21584157,-7.28868804,1.42807156,-1
2022-07-28,1,10.5,10.58,10.48,10.56,75034652.0,964903658.0,19405546950.0,0.0038666599912557,27.28349491526185,19.12354323399852,43.60339827778853,10.746666666666664,-0.036249999999999,-0.3094680686025359,-0.2573934901705719,-0.052074578431964,87.50000000000028,12.20930232558144,11.37,10.97,71.22718233534711,56.45575566568069,5.962538980758366,7.481441377416776,9.000343774075185,10.519246170733595,12.038148567392003,1.6499826622915563,249948226390.24,249943444716.0,6.40006725,6.87880412,0.73051382,0.21736039,-7.33997669,1.43812054,-1
2022-07-29,1,10.56,10.58,10.37,10.39,83149747.0,1059518585.0,19405546950.0,0.0042848442877823,20.85566327684129,19.700916581612777,23.16515666729834,10.695833333333333,-0.0508333333333332,-0.3155960225579051,-0.2690339966480385,-0.0465620259098665,10.526315789474324,2.3809523809524364,11.32,10.91,61.53526790879707,71.22718233534711,5.959083493195788,7.477105635929257,8.995127778662726,10.513149921396192,12.031172064129663,1.649026443038916,246067042750.64,246062335326.0,6.30068732,6.77199039,0.71917044,0.21398523,-7.2260019,1.41578948,-1
2022-08-01,1,10.38,10.38,10.17,10.18,102573271.0,1277987010.0,19405546950.0,0.0052857706749667,14.393971596325562,17.931934919850374,7.318044949275936,10.62770833333333,-0.0681250000000002,-0.3335527269667224,-0.2819377427117753,-0.0516149842549471,2.5641025641025057,0.5376344086021393,11.27,10.84,51.564214820577206,61.53526790879707,5.96086598967807,7.479342207124965,8.997818424571859,10.516294642018751,12.034770859465649,1.649519704097813,241021504019.16,241016893119.0,6.17149342,6.63313254,0.70442404,0.20959752,-7.07783467,1.38675909,-1
2022-08-02,1,10.02,10.12,9.79,10.05,137300930.0,1664397666.0,19405546950.0,0.0070753445060717,18.718788081760945,18.194219307153897,19.76792563097504,10.53520833333333,-0.0925000000000011,-0.3541905697147509,-0.2963883081123704,-0.0578022616023805,43.33333333333349,11.71171171171178,11.23,10.77,51.69029733306351,51.564214820577206,5.961544191307436,7.480193174430762,8.998842157554087,10.517491140677413,12.036140123800738,1.649707379337103,237916557107.48,237912005607.0,6.09198948,6.54768156,0.69534934,0.20689739,-6.98665484,1.36889424,-1
2022-08-03,1,9.99,10.06,9.85,9.86,74613653.0,905653325.0,19405546950.0,0.0038449652149588,15.359850490721298,17.249429701676366,11.58069206881116,10.418854166666664,-0.1163541666666656,-0.3814801551188793,-0.3134066775136722,-0.0680734776052071,17.948717948717995,3.645833333333345,11.18,10.7,45.09289363394586,51.69029733306351,5.960661563194272,7.479085704859828,8.997509846525384,10.51593398819094,12.034358129856496,1.6494631342112145,233453195921.94,233448729808.5,5.97770256,6.42484577,0.68230445,0.20301596,-6.85558382,1.34321352,-1
2022-08-04,1,9.92,9.98,9.85,9.97,60267562.0,729351710.0,19405546950.0,0.003105687366364,17.834837036008345,17.444565479787027,18.61538014845098,10.34083333333333,-0.0780208333333334,-0.3897386034540915,-0.3286730627017561,-0.0610655407523353,69.23076923076938,9.37500000000007,11.14,10.62,45.53649852760306,45.09289363394586,5.962724711336389,7.481674421164742,9.000624130993096,10.519573840821447,12.0385235506498,1.6500340585565676,235975965287.68,235971450912.0,6.04229952,6.49427469,0.68967765,0.20520981,-6.92966744,1.35772871,-1
2022-08-05,1,9.94,10.11,9.82,10.09,76529787.0,930836354.0,19405546950.0,0.0039437067760669,24.548119205440177,19.81241672167141,34.01952417297771,10.289999999999996,-0.050833333333335,-0.3821947825947394,-0.3393774066803527,-0.0428173759143866,100.0,15.625000000000025,11.09,10.55,62.63411316306326,45.53649852760306,5.9609611237378495,7.479461575718366,8.997962027698883,10.5164624796794,12.034962931659914,1.649546030055553,238886853017.38,238882282954.5,6.11683446,6.57438499,0.69818518,0.20774118,-7.01514853,1.37447701,-1
2022-08-08,1,10.04,10.13,9.97,10.0,55199969.0,674950921.0,19405546950.0,0.0028445458992847,25.22617229729769,21.61700191354684,32.4445130647994,10.254479166666664,-0.0355208333333312,-0.3791083727180986,-0.3473235998879019,-0.0317847728301966,66.66666666666667,11.2903225806452,11.05,10.49,67.86415692957236,62.63411316306326,5.961057973329871,7.479583096860194,8.998108220390517,10.51663334392084,12.03515846745116,1.6495728307436823,236752202015.6,236747672790.0,6.0621755,6.51563744,0.69194632,0.20588484,-6.9524624,1.36219492,-1
2022-08-09,1,10.01,10.02,9.9,9.94,55844757.0,677098633.0,19405546950.0,0.0028777728936931,23.146562122249104,22.1268553164476,25.185975733852125,10.211979166666662,-0.0425000000000022,-0.3771562467723761,-0.3532901292647968,-0.0238661175075793,44.44444444444422,8.24175824175826,11.0,10.43,66.96848728316766,67.86415692957236,5.964402460814641,7.483779562012969,9.003156663211296,10.522533764409625,12.04191086560795,1.6504983335172376,235199728559.76,235195229034.0,6.02242353,6.47291195,0.68740897,0.20453478,-6.90687248,1.3532625,-1
2022-08-10,1,9.94,10.03,9.85,9.89,68302321.0,825806008.0,19405546950.0,0.0035197318156497,19.650450697533213,21.3013871101428,16.34857787231404,10.157812499999997,-0.0541666666666671,-0.3753173304699171,-0.3576955695058209,-0.0176217609640962,26.66666666666722,6.849315068493244,10.95,10.37,61.82470245659656,66.96848728316766,5.963924818762805,7.483180245006952,9.0024356712511,10.521691097495246,12.040946523739391,1.6503661580955162,234035373467.88,234030896217.0,5.99260955,6.44086783,0.68400595,0.20352223,-6.87268004,1.34656318,-1
2022-08-11,1,9.9,10.16,9.87,10.12,139930361.0,1710719478.0,19405546950.0,0.0072108434439154,31.744368261632264,24.78238082730596,45.66834313028489,10.152499999999996,-0.0053124999999987,-0.3512518851563673,-0.3564068326359301,0.0051549474795628,100.0,32.35294117647055,10.92,10.32,75.4768336346603,61.82470245659656,5.959320331823705,7.477402807036464,8.995485282249222,10.51356775746198,12.031650232674735,1.6490919821710015,239663089745.3,239658504832.5,6.13671045,6.59574774,0.70045386,0.20841621,-7.03794349,1.37894322,-1
2022-08-12,1,10.05,10.17,10.0,10.15,82050356.0,1010612433.0,19405546950.0,0.0042281908472566,52.741859542842604,34.10220706581817,90.02116449689147,10.154791666666664,0.0022916666666681,-0.3260011586553659,-0.3503256978398173,0.0243245391844513,100.0,35.2941176470589,10.88,10.29,88.82692582007677,75.4768336346603,5.96250249814381,7.481395601189069,9.000288704234327,10.519181807279583,12.038074910324845,1.6499725666457774,240245267291.24,240240671241.0,6.15161743,6.6117698,0.70215537,0.20892249,-7.05503971,1.38229288,-1
2022-08-15,1,10.08,10.13,9.91,9.93,117201000.0,1425087455.0,19405546950.0,0.0060395617965305,45.63743017141884,37.94728143435173,61.01772764555305,10.12083333333333,-0.0339583333333344,-0.3200525705573689,-0.3442710723833276,0.0242185018259587,21.42857142857152,13.72549019607847,10.84,10.25,81.05749171364768,88.82692582007677,5.963322292491008,7.48242423066552,9.001526168840032,10.520628107014543,12.039730045189057,1.650199424107655,235005669377.78,235001173564.5,6.01745453,6.46757126,0.6868418,0.20436602,-6.90117374,1.35214594,1
2022-08-16,1,9.93,10.0,9.92,9.94,63122370.0,765907219.0,19405546950.0,0.0032528003545913,41.85352487618392,39.24936258162913,47.06184946529351,10.080312499999996,-0.0405208333333337,-0.3109469522976003,-0.3376062483661822,0.0266592960685819,12.499999999999725,14.705882352941192,10.8,10.21,74.20356765736638,81.05749171364768,5.959485390011591,7.477609912291542,8.995734434571492,10.513858956851443,12.031983479131394,1.649137657872101,235393787741.74,235389284503.5,6.02739253,6.47825263,0.68797614,0.20470354,-6.91257122,1.35437905,1
2022-08-17,1,9.96,10.18,9.89,10.17,134850658.0,1656961619.0,19405546950.0,0.0069490779284631,60.30975732486337,46.26949416270721,88.39028364917569,10.085104166666664,0.0047916666666676,-0.2819217875379802,-0.3264693562005418,0.0445475686625615,100.0,38.38383838383845,10.77,10.19,88.83216852059134,74.20356765736638,5.964615375244624,7.484046714451127,9.003478053657629,10.52290939286413,12.042340732070633,1.65055725222941,240633385655.2,240628782180.0,6.16155543,6.62245117,0.7032897,0.20926,-7.06643719,1.38452599,1
2022-08-18,1,10.23,10.28,9.97,10.04,126970094.0,1560630568.0,19405546950.0,0.0065429794031133,54.93518705378485,49.15805845973309,66.48944424188836,10.093854166666665,0.0087499999999991,-0.2663388603042271,-0.3144432570212788,0.0481043967170516,53.571428571428186,31.645569620253127,10.74,10.17,85.00655438008316,88.83216852059134,6.233208372914888,7.82106132734329,9.408914281771692,10.996767236200096,12.584620190628495,1.724883607293756,237722497925.5,237717950137.5,5.8206826,6.54234087,0.69478217,0.20672863,3.22458015,1.34515489,1
2022-08-19,1,10.06,10.45,10.03,10.3,210641724.0,2653471090.0,19405546950.0,0.0108547171869329,61.62345803585665,53.31319165177428,78.2439908040214,10.13552083333333,0.0416666666666678,-0.2303540727529469,-0.2976254201676124,0.0672713474146655,100.0,64.55696202531658,10.72,10.16,91.52658973436564,85.00655438008316,6.231835323871531,7.819338506585331,9.406841689299132,10.994344872012933,12.58184805472673,1.724503650513041,243932391748.86,243927725161.5,5.97273308,6.71324284,0.71293158,0.21212889,3.30881408,1.38029363,1
2022-08-22,1,10.31,10.39,10.17,10.25,113807658.0,1423361879.0,19405546950.0,0.0058646972586361,63.30452757946002,56.64363696100286,76.62630881637433,10.146354166666663,0.0108333333333341,-0.2035243494833913,-0.2788052060307682,0.0752808565473768,84.84848484848463,58.22784810126586,10.71,10.15,94.5715116190786,91.52658973436564,6.236312561208723,7.824956279278991,9.41359999734926,11.002243715419526,12.590887433489792,1.7257426133114686,242573977475.0,242569336875.0,5.93947204,6.67585803,0.7089614,0.21094758,3.29038791,1.37260703,1
2022-08-23,1,10.21,10.24,10.07,10.12,92146307.0,1137300431.0,19405546950.0,0.0047484519368313,56.5708344782607,56.61936946675547,56.47376450127115,10.154687499999996,0.008333333333331,-0.1905549155886312,-0.2611551479423408,0.0706002323537096,33.333333333333115,41.77215189873414,10.7,10.15,88.02284471653023,94.5715116190786,6.237052130361274,7.825884246924521,9.414716363487768,11.003548480051014,12.59238059661426,1.725947270468967,239469030563.32,239464449363.0,5.8634468,6.59040705,0.69988669,0.20824746,3.24827094,1.35503766,1
2022-08-24,1,10.11,10.28,10.11,10.17,129537533.0,1613309589.0,19405546950.0,0.0066752837904421,54.38055631884047,55.87309841745047,51.39547212162047,10.153749999999995,-0.0009374999999991,-0.1742335082284771,-0.2437708199995681,0.0695373117710909,55.55555555555544,49.35064935064936,10.69,10.15,83.15379950391768,88.02284471653023,6.237539219817631,7.826495417975151,9.41545161613267,11.00440781429019,12.593364012447708,1.726082060222219,240633385655.2,240628782180.0,5.89195626,6.62245117,0.7032897,0.20926,3.26406481,1.36162617,1
2022-08-25,1,10.17,10.38,10.08,10.35,106401061.0,1329230362.0,19405546950.0,0.0054830230384204,63.634656593512695,58.46028447613788,73.98340082826233,10.176562499999998,0.0228125000000005,-0.1451015394052408,-0.2240369638807026,0.0789354244754618,100.0,72.72727272727266,10.68,10.15,94.10582693170664,83.15379950391768,6.237276779556295,7.82616612345203,9.415055467347765,11.003944811243498,12.592834155139233,1.72600943648215,244902687658.76,244898002509.0,5.99649097,6.73994627,0.71576743,0.21297268,3.32197563,1.38578406,-1
2022-08-26,1,10.39,10.45,10.21,10.34,92763426.0,1168951099.0,19405546950.0,0.004780253101807,69.20881868138945,62.04312921122173,83.54019762172486,10.214999999999998,0.0384375000000005,-0.1214214893083429,-0.2035138689662307,0.0820923796578877,96.29629629629638,91.66666666666656,10.68,10.16,98.72511014838877,94.10582693170664,6.236191942653901,7.824804934247983,9.413417925842063,11.002030917436144,12.590643909030227,1.7257092351608436,244708628476.78,244703947039.5,5.99173939,6.73460558,0.71520026,0.21280392,3.31934332,1.38468597,-1
2022-08-29,1,10.25,10.3,10.09,10.18,92449065.0,1145189174.0,19405546950.0,0.0047640535584079,63.40111721616438,62.49579187953594,65.21176788942125,10.207916666666664,-0.0070833333333339,-0.1142485555935852,-0.1856608062917016,0.0714122506981163,37.03703703703697,69.64285714285718,10.67,10.17,90.42713225807384,98.72511014838877,6.233618265361215,7.821575636150015,9.409533006938815,10.997490377727615,12.585447748516414,1.7249970347165413,241021504019.16,241016893119.0,5.90145942,6.63313254,0.70442404,0.20959752,3.26932943,1.36382235,-1
2022-08-30,1,10.19,10.28,10.07,10.23,79971238.0,991447627.0,19405546950.0,0.0041210504504744,60.32296703299851,61.77151693069013,57.42586723761527,10.196041666666664,-0.0118749999999998,-0.1033381539014683,-0.1691962758136549,0.0658581219121866,59.25925925925941,78.57142857142873,10.66,10.18,87.6900820640669,90.42713225807384,6.234118741412351,7.82220360390829,9.410288466404229,10.998373328900168,12.586458191396106,1.7251355288731298,242185859111.04,242181225936.0,5.92996888,6.66517666,0.70782706,0.21061007,3.28512329,1.37041086,-1
2022-08-31,1,10.15,10.48,10.13,10.45,165304158.0,2091408315.0,19405546950.0,0.0085183972616654,71.32642246644338,64.95648544260787,84.06629651411438,10.22864583333333,0.0326041666666654,-0.076062618058339,-0.1505695442625917,0.0745069262042527,100.0,100.0,10.66,10.19,99.42566636849146,87.6900820640669,6.233330107435377,7.821214072622036,9.409098037808697,10.996982002995352,12.584865968182012,1.7249172942598048,247425457024.5,247420723612.5,6.05826148,6.80937519,0.72314062,0.21516654,3.35619567,1.40005917,-1
2022-09-01,1,10.37,10.49,10.31,10.34,86198195.0,1092666277.0,19405546950.0,0.0044419358661776,68.97951973953364,66.29749687491646,74.34356546876799,10.256874999999996,0.0282291666666676,-0.0626010145566482,-0.132975838321403,0.0703748237647548,71.05263157894744,82.5396825396826,10.66,10.21,101.3887472068326,99.42566636849146,6.236191942653901,7.824804934247983,9.413417925842063,11.002030917436144,12.590643909030227,1.7257092351608436,244708628476.78,244703947039.5,5.99173939,6.73460558,0.71520026,0.21280392,3.31934332,1.38468597,-1
2022-09-02,1,10.35,10.4,10.19,10.26,78636281.0,983433863.0,19405546950.0,0.0040522579035062,61.06571157238747,64.55356844074014,54.08999783568214,10.25833333333333,0.001458333333332,-0.0577225387127988,-0.1179251783996822,0.0602026396868833,40.62499999999988,69.84126984126988,10.65,10.22,97.80174013792126,101.3887472068326,6.237406851119451,7.826329329558987,9.41525180799852,11.004174286438056,12.59309676487759,1.7260454305150206,242768036656.98,242763392344.5,5.94422361,6.68119872,0.70952857,0.21111634,3.29302022,1.37370512,-1
2022-09-05,1,10.21,10.33,10.14,10.3,63203998.0,788451089.0,19405546950.0,0.0032570067807338,58.96444263555994,62.69052650568008,51.51227489531966,10.252187499999996,-0.006145833333333,-0.050051681129009,-0.1043504789455476,0.0542987978165385,80.00000000000036,75.00000000000023,10.64,10.23,95.38272967883393,97.80174013792126,6.231835323871531,7.819338506585331,9.406841689299132,10.994344872012933,12.58184805472673,1.724503650513041,243932391748.86,243927725161.5,5.97273308,6.71324284,0.71293158,0.21212889,3.30881408,1.38029363,-1
2022-09-06,1,10.31,10.38,10.19,10.25,73129499.0,914692184.0,19405546950.0,0.0037684842992791,53.59534270942089,59.658798573593685,41.4684309810753,10.250624999999998,-0.0015624999999985,-0.0474599644336866,-0.0929723760431754,0.0455124116094887,68.74999999999959,66.66666666666677,10.63,10.23,88.97190255711057,95.38272967883393,6.236312561208723,7.824956279278991,9.41359999734926,11.002243715419526,12.590887433489792,1.7257426133114686,242573977475.0,242569336875.0,5.93947204,6.67585803,0.7089614,0.21094758,3.29038791,1.37260703,-1
2022-09-07,1,10.18,10.18,10.07,10.11,97981281.0,1208329759.0,19405546950.0,0.0050491378188131,38.90483164755037,52.74080959824591,11.23287574615928,10.231666666666664,-0.0189583333333338,-0.0560566540378228,-0.0855892316421049,0.029532577604282,17.391304347825685,43.33333333333332,10.62,10.24,78.20550229547999,88.97190255711057,6.235942475874346,7.824491918082742,9.413041360291135,11.001590802499534,12.590140244707928,1.725640201505481,239274971381.34,239270393893.5,5.85869522,6.58506636,0.69931952,0.2080787,3.24563863,1.35393957,-1
2022-09-08,1,10.1,10.2,10.08,10.13,62111692.0,768913484.0,19405546950.0,0.0032007184420019,30.698459193605046,45.39335946336562,1.3086586540838994,10.204791666666663,-0.0268750000000004,-0.0605576882970417,-0.0805829229730922,0.0200252346760504,33.33333333333366,44.82758620689682,10.61,10.23,71.10665471676148,78.20550229547999,6.233112940933543,7.820941584935524,9.408770228937504,10.996598872939485,12.584427516941464,1.724857198893718,239857148927.28,239852560302.0,5.87294995,6.60108842,0.70102103,0.20858497,3.25353557,1.35723383,-1
2022-09-09,1,10.17,10.44,10.13,10.43,195129731.0,2469131334.0,19405546950.0,0.0100553584757372,49.03706803383189,46.607928986854375,53.89534612778692,10.233437499999996,0.0286458333333321,-0.0394623996021614,-0.0723588182989061,0.0328964186967446,100.0,96.4285714285715,10.61,10.24,86.68080032426666,71.10665471676148,6.236073399951117,7.824656193873377,9.413238987795635,11.001821781717895,12.590404575640154,1.7256764314500477,246843279478.56,246838557204.0,6.04400675,6.79335313,0.72143912,0.21466026,3.34829874,1.39676491,-1
2022-09-13,1,10.56,10.67,10.38,10.62,172268989.0,2223707380.0,19405546950.0,0.0088773065476518,63.24693424477677,52.15426407282851,85.4322745886733,10.30364583333333,0.0702083333333352,-0.0073283426520163,-0.0593527231695281,0.0520243805175118,100.0,100.0,10.61,10.25,98.10608172910727,86.68080032426666,6.236899843399787,7.825693166249226,9.414486489098666,11.003279811948104,12.592073134797545,1.7259051288834848,251306640664.1,251301833002.5,6.15329303,6.91618892,0.73448401,0.2185417,3.40884187,1.42202088,-1
2022-09-14,1,10.45,10.55,10.41,10.44,85803584.0,1095054829.0,19405546950.0,0.0044216009072601,62.72017838540671,55.67623551035458,76.80806413551097,10.343124999999995,0.0394791666666662,0.0035724523106548,-0.0467676880734915,0.0503401403841463,63.26530612244892,75.34246575342465,10.62,10.27,99.21806842517996,98.10608172910727,6.2371489662030335,7.826005750813333,9.414862535423632,11.00371932003393,12.59257610464423,1.7259740673520576,247037338660.54,247032612673.5,6.04875832,6.79869382,0.72200629,0.21482902,3.35093105,1.397863,-1
2022-09-15,1,10.49,10.74,10.47,10.66,184101788.0,2393239453.0,19405546950.0,0.0094870702935791,71.16668608778357,60.83971903616424,91.82062019102224,10.394999999999996,0.051874999999999,0.0296221070271567,-0.0314897290533619,0.0611118360805186,100.0,100.0,10.62,10.29,107.41842818232402,99.21806842517996,6.236312562824073,7.824956281305837,9.4135999997876,11.002243718269362,12.590887436751126,1.7257426137584762,252276936574.0,252272110350.0,6.17705092,6.94289235,0.73731985,0.21938549,3.42200343,1.42751131,-1
2022-09-16,1,10.59,10.62,10.3,10.3,135744781.0,1719252822.0,19405546950.0,0.0069951535687068,58.88724346150749,60.18889384461199,56.28394269529848,10.379270833333328,-0.0157291666666683,0.0209758580782359,-0.0209966116270423,0.0419724697052783,0.0,47.826086956521785,10.61,10.31,90.25113343813676,107.41842818232402,6.236796978676963,7.825564097676913,9.414331216676862,11.003098335676812,12.59186545467676,1.725876663659229,243738332566.88,243733669692.0,5.9679815,6.70790215,0.71236441,0.21196013,3.30618177,1.37919554,-1
2022-09-19,1,10.28,10.39,10.23,10.3,63212104.0,793491306.0,19405546950.0,0.0032574244963499,50.70094837732342,57.026245355515805,38.05035442093866,10.37541666666666,-0.0038541666666667,0.0139626902911551,-0.0140047512434028,0.0279674415345579,16.279069767441936,42.85714285714302,10.6,10.32,79.71347522703815,90.25113343813676,6.231835323871531,7.819338506585331,9.406841689299132,10.994344872012933,12.58184805472673,1.724503650513041,243932391748.86,243927725161.5,5.97273308,6.71324284,0.71293158,0.21212889,3.30881408,1.38029363,-1
2022-09-20,1,10.34,10.35,10.1,10.12,88998853.0,1102212204.0,19405546950.0,0.0045862584151486,36.288194440603625,50.11356171721175,8.63745988738738,10.31479166666666,-0.0606249999999999,-0.0060500501721278,-0.0124138110291478,0.0063637608570199,9.999999999999734,8.474576271186262,10.59,10.32,67.86561283091892,79.71347522703815,6.237052130361274,7.825884246924521,9.414716363487768,11.003548480051014,12.59238059661426,1.725947270468967,239469030563.32,239464449363.0,5.8634468,6.59040705,0.69988669,0.20824746,3.24827094,1.35503766,-1
2022-09-21,1,10.09,10.23,10.0,10.19,68419739.0,845477182.0,19405546950.0,0.0035257825598159,32.75068818562762,44.325937206683705,9.600190143515448,10.286458333333329,-0.0283333333333324,-0.0160765556613426,-0.0131463599555868,-0.0029301957057558,63.333333333333016,28.787878787878707,10.57,10.32,65.44697163864056,67.86561283091892,6.234721765739019,7.822960243179528,9.411198720620035,10.999437198060544,12.587675675501051,1.7253024006851472,241215563201.14,241210948588.5,5.90621099,6.63847323,0.70499121,0.20976628,3.27196174,1.36492043,-1
2022-09-22,1,10.11,10.13,10.04,10.08,58613338.0,720058210.0,19405546950.0,0.0030204424616849,25.43739572735535,38.02975671357425,0.2526737549175522,10.248958333333327,-0.0374999999999996,-0.0325238000684322,-0.0170218479781559,-0.0155019520902763,42.10526315789488,12.12121212121213,10.55,10.31,60.456096103055344,65.44697163864056,6.237673958012261,7.826664479495364,9.415655000978468,11.004645522461573,12.593636043944676,1.7261193456279509,238498734653.42,238494172015.5,5.83968891,6.56370362,0.69705084,0.20740366,3.23510939,1.34954723,-1
2022-09-23,1,10.03,10.19,10.03,10.08,58644106.0,722703128.0,19405546950.0,0.0030220279877244,20.561867421840507,32.207126949663,-2.728651633804475,10.215624999999996,-0.0333333333333332,-0.0450391761700732,-0.0226253136165393,-0.0224138625535338,42.10526315789488,12.12121212121213,10.53,10.29,56.788870844436886,60.456096103055344,6.237673958012261,7.826664479495364,9.415655000978468,11.004645522461573,12.593636043944676,1.7261193456279509,238498734653.42,238494172015.5,5.83968891,6.56370362,0.69705084,0.20740366,3.23510939,1.34954723,-1
2022-09-26,1,9.97,10.07,9.83,9.84,90372904.0,1094060839.0,19405546950.0,0.004657065540737,14.074211980860696,26.16282196006223,-10.103007977542376,10.157395833333329,-0.058229166666667,-0.0734767024471985,-0.0327955913826712,-0.0406811110645273,3.9999999999999134,1.204819277108408,10.51,10.27,47.93169118560479,56.788870844436886,6.23631255945876,7.824956277083241,9.413599994707722,11.002243712332202,12.590887429956682,1.7257426128272104,232871018376.0,232866563400.0,5.70189316,6.40882371,0.68060294,0.20250968,3.15877239,1.31770275,-1
2022-09-27,1,9.84,9.97,9.68,9.96,78962229.0,946732994.0,19405546950.0,0.0040690545442214,18.187839433781377,23.504494451301948,7.554529398740236,10.128020833333329,-0.0293749999999999,-0.0853468247162023,-0.0433058380493774,-0.0420409866668249,70.00000000000023,28.57142857142868,10.49,10.24,54.92749240748907,47.93169118560479,6.234434722535872,7.822600078339673,9.410765434143476,10.998930789947272,12.587096145751074,1.725222968699872,235781906105.7,235777395442.5,5.77316682,6.48893401,0.68911048,0.20504105,3.19825705,1.33417403,-1
2022-09-28,1,9.91,10.04,9.77,9.93,78092558.0,946211767.0,19405546950.0,0.0040242389560681,20.990474516137944,22.66648780624728,17.638447935919274,10.094687499999996,-0.0333333333333332,-0.0960673270669474,-0.0538581358528914,-0.0422091912140559,89.28571428571392,25.510204081632644,10.47,10.21,59.052221690856456,54.92749240748907,6.236186960797866,7.824798683309583,9.4134104058213,11.002022128333016,12.590633850844732,1.7257078565575157,235005669377.78,235001173564.5,5.75416051,6.46757126,0.6868418,0.20436602,3.18772781,1.32978169,-1
2022-09-29,1,10.04,10.07,9.69,9.72,91771804.0,1100405198.0,19405546950.0,0.0047291531764839,15.871583949725805,20.40151985407345,6.811712141030512,10.039791666666662,-0.0548958333333331,-0.1201239334435477,-0.0671112953710227,-0.053012638072525,14.285714285714558,4.081632653061317,10.44,10.18,51.70779339575057,59.052221690856456,6.232978047921165,7.820772329159153,9.40856661039714,10.996360891635128,12.584155172873114,1.7248198706460691,230154189828.28,230149786827.0,5.63537107,6.3340541,0.67266257,0.20014707,3.12192005,1.30232955,-1
2022-09-30,1,9.73,9.8,9.7,9.71,53723019.0,638906948.0,19405546950.0,0.0027684362176661,12.073593279916762,17.625544329354558,0.9696911810411706,9.98177083333333,-0.058020833333332,-0.1384004890554884,-0.0813691341079158,-0.0570313549475725,8.333333333333888,3.061224489796033,10.41,10.14,44.80750428097201,51.70779339575057,6.2370833714793,7.825923446432286,9.414763521385272,11.003603596338255,12.592443671291242,1.7259559156624422,229766071464.32,229761675888.0,5.62586791,6.32337273,0.64642716,0.19980955,3.11665543,1.30013338,-1
2022-10-10,1,9.59,9.65,9.39,9.4,96608018.0,1119089731.0,19405546950.0,0.0049783713001709,8.445887583436564,14.565658747381894,-3.7936547444540976,9.87489583333333,-0.1068750000000005,-0.1758718589616474,-0.1002696790786621,-0.0756021798829853,3.030303030302965,0.7874015748031331,10.36,10.09,37.2247525485344,44.80750428097201,6.232732060024431,7.820463678090388,9.408195296156345,10.9959269142223,12.583658532288252,1.7247517996840087,222585881731.06,222581623516.5,5.45005954,6.12576733,0.62622632,0.1935655,3.01925995,1.25950421,-1
2022-10-11,1,9.46,9.49,9.35,9.41,41525337.0,476749227.0,19405546950.0,0.0021398694459369,8.011544103243443,12.38095386600241,-0.7272754222744915,9.804062499999995,-0.0708333333333328,-0.2024278113501001,-0.1207013055329497,-0.0817265058171503,16.66666666666675,4.580152671755761,10.33,10.03,32.6749386091431,37.2247525485344,6.233927638469726,7.821963819234863,9.41,10.998036180765135,12.586072361530272,1.7250826459413686,222779940913.04,222775678986.0,5.45481112,6.13110802,0.62677228,0.19373426,3.02189226,1.2606023,-1
2022-10-12,1,9.39,9.53,9.3,9.51,55957243.0,641776509.0,19405546950.0,0.0028835694837243,13.206197941488114,12.656035224497645,14.306523375469055,9.742395833333331,-0.0616666666666656,-0.2129496793313663,-0.139150980292633,-0.0737986990387332,100.0,15.441176470588172,10.29,9.98,38.09913506491259,32.6749386091431,6.235001313148252,7.823311002740368,9.411620692332484,10.9999303819246,12.588240071516717,1.7253797583980297,225108651096.8,225104344620.0,5.51183005,6.19519625,0.63332391,0.19575936,3.05347998,1.27377932,-1
2022-10-13,1,9.44,9.46,9.27,9.3,85261597.0,970021739.0,19405546950.0,0.0043936714187795,10.05413196099212,11.78873413666247,6.584927609651423,9.679895833333331,-0.0625,-0.2355186678713163,-0.1584245178083697,-0.0770941500629466,12.500000000000462,2.1582733812950448,10.24,9.92,33.09371833463304,38.09913506491259,6.237117355970788,7.825966088162869,9.41481482035495,11.00366355254703,12.592512284739112,1.7259653200155078,220063112365.32,220058902413.0,5.38828903,6.05633841,0.61912872,0.19137165,2.98503991,1.2452291,-1
2022-10-14,1,9.39,9.53,9.35,9.45,109606158.0,1265486550.0,19405546950.0,0.0056481869994393,14.202754640661396,12.593407637995446,17.421448645993298,9.648124999999997,-0.0317708333333346,-0.2385511384610641,-0.1744498419389086,-0.0641012965221555,74.99999999999982,12.94964028776976,10.21,9.86,45.88429795930988,33.09371833463304,6.233278372448575,7.821149158619432,9.40901994479029,10.996890730961146,12.584761517132003,1.7249029779037135,223750236822.94,223745956333.5,5.47856901,6.15781145,0.62950213,0.19457805,3.03505381,1.26609272,1
2022-10-17,1,9.36,9.44,9.3,9.41,102482271.0,1171523550.0,19405546950.0,0.0052810812941296,15.301836427107617,13.49621723436617,18.91307481259051,9.604062499999998,-0.044062499999999,-0.2413993574306818,-0.1878397450372632,-0.0535596123934186,77.77777777777821,10.071942446043202,10.18,9.81,52.32365138452339,45.88429795930988,6.233927638469726,7.821963819234863,9.41,10.998036180765135,12.586072361530272,1.7250826459413686,222779940913.04,222775678986.0,5.45481112,6.13110802,0.62677228,0.19373426,3.02189226,1.2606023,1
2022-10-18,1,9.47,9.54,9.39,9.41,94683709.0,1091646644.0,19405546950.0,0.0048792084677623,16.034557618071762,14.342330695601367,19.41901146301256,9.590937499999995,-0.0131250000000004,-0.2408798781911461,-0.1984477716680398,-0.0424321065231062,73.33333333333366,10.071942446043202,10.14,9.76,57.2332759780588,52.32365138452339,6.233927638469726,7.821963819234863,9.41,10.998036180765135,12.586072361530272,1.7250826459413686,222779940913.04,222775678986.0,5.45481112,6.13110802,0.62677228,0.19373426,3.02189226,1.2606023,1
2022-10-19,1,9.36,9.42,9.25,9.26,92398968.0,1049700767.0,19405546950.0,0.0047614719769596,11.2957656847751,13.326809025325945,7.233679003673412,9.547916666666664,-0.0430208333333332,-0.249693620915826,-0.208696941517597,-0.0409966793982289,6.249999999999861,0.7092198581560132,10.11,9.71,47.99512648344495,57.2332759780588,6.237794550224197,7.826815791472877,9.415837032721557,11.004858273970235,12.593879515218918,1.7261527164888448,219092816455.42,219088625065.5,5.36453114,6.02963498,0.61639888,0.19052786,2.97187836,1.23973867,1
2022-10-20,1,9.21,9.27,9.15,9.18,78192323.0,876967151.0,19405546950.0,0.0040293800118836,9.53051045651669,12.061376169056194,4.468779031437684,9.488854166666664,-0.0590624999999995,-0.260135229934697,-0.218984599201017,-0.04115063073368,11.538461538461302,1.9867549668873752,10.07,9.66,41.48616542291596,47.99512648344495,6.233596394671135,7.82154819410121,9.409499993531284,10.997451792961357,12.585403592391431,1.7249909825532663,217346283817.6,217342125840.0,5.32176695,5.9815688,0.61148516,0.18900904,2.94818757,1.2298559,1
2022-10-21,1,9.19,9.22,9.08,9.09,78557429.0,876648491.0,19405546950.0,0.0040481945292451,7.0783113188372,10.40035455231653,0.4342248518785396,9.421979166666665,-0.0668750000000013,-0.2725309608761517,-0.2296938715360439,-0.0428370893401077,5.555555555555446,0.8196721311475231,10.03,9.61,34.48329086000038,41.48616542291596,6.233706615849647,7.821686493119169,9.409666370388692,10.997646247658214,12.585626124927735,1.7250214834915665,215211632815.82,215207515675.5,5.26949959,5.92282125,0.6054795,0.1871527,2.91923215,1.21777696,1
2022-10-24,1,9.09,9.1,8.7,8.71,138339065.0,1496043940.0,19405546950.0,0.0071288413233825,5.115699609383593,8.638802904672218,-1.930506981193659,9.304374999999997,-0.1176041666666662,-0.3094503402647426,-0.2456451652817837,-0.0638051749829589,2.083333333333657,0.6250000000000971,9.98,9.55,28.337500786431647,34.48329086000038,6.237458369382418,7.826393971629335,9.415329573876251,11.004265176123168,12.593200778370084,1.7260596868982423,206090851262.76,206086908609.0,5.04617544,5.67180898,0.57981896,0.17922107,2.79551357,1.16616693,1
2022-10-25,1,8.77,8.86,8.69,8.73,131697940.0,1406437766.0,19405546950.0,0.006786613144135,4.979093857236157,7.4188998888601985,0.0994817939880743,9.200312499999995,-0.1040624999999995,-0.3332538387570611,-0.2631668999768392,-0.0700869387802219,10.000000000000222,2.666666666666728,9.93,9.48,24.62709121284216,28.337500786431647,6.695005181460891,8.400496658930114,10.105988136399336,11.811479613868558,13.51697109133778,1.852674256555988,206673028808.7,206669075017.5,4.71210736,5.68783104,0.58145687,0.17972734,8.0753733,1.14526942,1
2022-10-26,1,8.72,8.8,8.7,8.74,114382988.0,1220733278.0,19405546950.0,0.0058943449671744,5.280180218549623,6.705993332090007,2.4285539914688563,9.109479166666665,-0.0908333333333324,-0.3473078180458344,-0.2799950835906382,-0.0673127344551962,100.0,3.333333333333381,9.89,9.4,22.122029795387576,24.62709121284216,6.696386463810749,8.402229810354276,10.108073156897802,11.813916503441328,13.519759849984856,1.8530564916971504,206867087990.68,206863130487.0,4.71653187,5.69317173,0.58200284,0.1798961,8.08295581,1.14634479,1
2022-10-27,1,8.77,8.83,8.74,8.76,95738346.0,1024868047.0,19405546950.0,0.004933555660486,6.265218184915447,6.55906828303182,5.677517988682702,9.063229166666664,-0.0462500000000005,-0.3527654050322422,-0.294549147878959,-0.0582162571532831,100.0,5.035971223021601,9.84,9.34,22.0499610271644,22.122029795387576,6.699141254327244,8.405686358617142,10.112231462907042,11.81877656719694,13.52532167148684,1.8538188106698448,207255206354.64,207251241426.0,4.7253809,5.7038531,0.58309477,0.18023362,8.09812083,1.14849553,1
2022-10-28,1,8.71,8.77,8.53,8.54,105794701.0,1114999302.0,19405546950.0,0.0054517763025483,4.506845126577288,5.874993897546976,1.770547584637912,8.982187499999997,-0.0810416666666675,-0.3705710312462962,-0.3097535245524264,-0.0608175066938697,4.347826086956421,0.6451612903225666,9.8,9.26,18.011814982126253,22.0499610271644,6.693857043546911,8.399056043359407,10.104255043171902,11.809454042984395,13.51465304279689,1.8523565382722,202209667623.16,202205799219.0,4.61034354,5.56499526,0.56889958,0.17584591,7.90097556,1.1205359,1
2022-10-31,1,8.47,8.57,8.38,8.48,98309569.0,1016230012.0,19405546950.0,0.005066055043607,6.209691622846388,5.9865598059801135,6.655955256578936,8.900937499999998,-0.0812499999999989,-0.3850846012858397,-0.3248197398991091,-0.0602648613867306,26.315789473684188,6.32911392405061,9.75,9.19,19.889471021531,18.011814982126253,6.6982537328959,8.404572749199875,10.11089176550385,11.817210781807823,13.5235297981118,1.8535732114412515,200657194167.32,200653355463.0,4.57494743,5.52226976,0.56453183,0.17449584,7.84031548,1.11193294,1
2022-11-01,1,8.51,8.76,8.49,8.75,138123413.0,1459758367.0,19405546950.0,0.0071177284183685,17.997472317852637,9.99019730993762,34.012022333682665,8.872187499999997,-0.0287500000000004,-0.3705287419004595,-0.3339615402993792,-0.0365672016010802,100.0,23.41772151898729,9.71,9.12,38.07375876514739,19.889471021531,6.697765142880297,8.403959695336225,10.11015424779215,11.816348800248075,13.522543352704004,1.853438006445978,207061147172.66,207057185956.5,4.72095639,5.69851242,0.5825488,0.18006486,8.09053832,1.14742016,1
2022-11-02,1,8.7,8.76,8.59,8.71,130298818.0,1377816220.0,19405546950.0,0.0067145140683602,25.093552973806524,15.024649197893922,45.23136052563173,8.856666666666664,-0.0155208333333334,-0.3580929119899707,-0.3387878146374975,-0.0193050973524732,89.18918918918939,21.29032258064518,9.67,9.07,54.01161963939607,38.07375876514739,6.6922348344833535,8.397020591339707,10.10180634819606,11.806592105052411,13.511377861908766,1.851907632724057,206284910444.74,206280964078.5,4.70325833,5.67714967,0.58036493,0.17938983,8.06020828,1.14311868,1
2022-11-03,1,8.64,8.67,8.51,8.56,98353561.0,1028904286.0,19405546950.0,0.0050683220242859,25.06236864920435,18.37055568166406,38.445994584284925,8.822291666666663,-0.0343750000000007,-0.3562347214676222,-0.3422771960035224,-0.0139575254640997,26.92307692307705,13.432835820895503,9.62,9.01,57.1710046789928,54.01161963939607,6.696680008211912,8.402598132513017,10.108516256814122,11.814434381115223,13.52035250541633,1.8531377227254244,202597785987.12,202593910158.0,4.61919257,5.57567663,0.56999152,0.17618342,7.91614058,1.12268664,1
2022-11-04,1,8.53,8.89,8.52,8.87,177611223.0,1903720944.0,19405546950.0,0.0091526007206923,48.73438955698581,28.491833640104645,89.21950139074815,8.818645833333331,-0.0036458333333317,-0.3259898745174325,-0.3390197317063045,0.0130298571888719,100.0,36.84210526315778,9.59,8.97,73.22890365078794,57.1710046789928,6.695494233448702,8.401110292449177,10.106726351449652,11.812342410450126,13.5179584694506,1.8528095893904488,209972034902.36,209968017999.0,4.7873241,5.77862271,0.59073834,0.18259623,8.20427597,1.16355071,1
2022-11-07,1,8.86,8.94,8.8,8.92,98808204.0,1070554833.0,19405546950.0,0.0050917505316695,64.6324501808477,40.53870582035233,112.81993890183846,8.835729166666663,0.017083333333332,-0.2945901810434392,-0.3301338215737314,0.0355436405302921,100.0,47.78761061946899,9.56,8.94,86.98481005554746,73.22890365078794,6.6961047767796735,8.401876366122453,10.10764795546523,11.81341954480801,13.519191134150788,1.8529785418977496,211136389994.24,211132350816.0,4.81387118,5.81066683,0.59401415,0.18360878,8.24977103,1.17000294,1
2022-11-08,1,8.93,8.95,8.84,8.89,58322205.0,632835805.0,19405546950.0,0.0030054398956273,72.91286152407396,51.33009105492621,116.07840246236948,8.865312499999998,0.0295833333333348,-0.2690252909308395,-0.3179121154451531,0.0488868245143135,92.50000000000016,45.13274336283188,9.53,8.92,96.27093707217884,86.98481005554746,6.692036549099333,8.39677179456348,10.101507040027624,11.80624228549177,13.510977530955914,1.851852762232329,210554212448.3,210550184407.5,4.80059764,5.79464477,0.59237624,0.1831025,8.2270235,1.16677683,1
2022-11-09,1,8.89,9.08,8.87,8.93,83210685.0,911153622.0,19405546950.0,0.0042879845239301,74.79905053985881,59.15307754990374,106.09099651976896,8.874166666666664,0.0088541666666657,-0.2427391201482525,-0.302877516385773,0.0601383962375204,100.0,48.67256637168136,9.51,8.91,100.66729393936755,96.27093707217884,6.697455876312149,8.403571645931924,10.1096874155517,11.815803185171475,13.52191895479125,1.853352424703516,211330449176.22,211326406285.5,4.81829569,5.81600752,0.59456012,0.18377754,8.25735354,1.17107831,1
2022-11-10,1,8.85,8.94,8.76,8.91,55202119.0,596916589.0,19405546950.0,0.0028446566923484,75.10412893133444,64.47009467704731,96.37219743990867,8.87708333333333,0.0029166666666657,-0.220973725715762,-0.2864967582517708,0.0655230325360087,88.2352941176473,49.53271028037384,9.48,8.9,97.27644148574174,100.66729393936755,6.694751191325717,8.400177967125687,10.105604742925657,11.811031518725624,13.516458294525592,1.852603971175753,210942330812.26,210938295346.5,4.80944667,5.80532615,0.59346818,0.18344002,8.24218852,1.16892757,1
2022-11-11,1,9.12,9.56,9.03,9.37,254507055.0,2878557392.0,19405546950.0,0.0131151704023472,77.4837495056248,68.80797961990648,94.83528927706143,8.96364583333333,0.0865625000000012,-0.1647076904684734,-0.2621389446951113,0.0974312542266379,100.0,92.52336448598128,9.48,8.91,102.77022053670667,97.27644148574174,6.695448006552295,8.401052289672736,10.106656572793176,11.812260855913616,13.517865139034056,1.8527967972598065,221809645003.14,221805401638.5,5.05721945,6.10440459,0.62404244,0.19289047,8.66680909,1.22914831,1
2022-11-14,1,9.59,10.07,9.59,9.8,387208410.0,4637823414.0,19405546950.0,0.0199534911846429,79.21993556785243,72.27863160255514,93.10254349844703,9.100624999999996,0.1369791666666664,-0.0844456094004453,-0.2266002776361781,0.1421546682357328,100.0,100.0,9.5,8.94,108.37762288404708,102.77022053670667,6.6979893437629565,8.404241009347889,10.11049267493282,11.81674434051775,13.522996006102682,1.853500048399993,231900722466.1,231896286052.5,5.28729417,6.38212028,0.65243282,0.20166589,9.06109962,1.28506756,1
2022-11-15,1,9.72,9.99,9.7,9.85,157390134.0,1891249648.0,19405546950.0,0.008110574487054,81.44576901104692,75.33434407205239,93.66861888903595,9.248541666666664,0.1479166666666671,-0.0166112654365999,-0.1846024751962625,0.1679912097596625,100.0,100.0,9.51,9.0,114.26702556981282,108.37762288404708,6.698529964367057,8.404919348117673,10.11130873186829,11.817698115618905,13.52408749936952,1.8536496515516911,233065077557.98,233060618869.5,5.31384126,6.4141644,0.65570864,0.20267844,9.10659468,1.29151979,1
2022-11-16,1,9.81,9.88,9.67,9.69,127869288.0,1519133932.0,19405546950.0,0.0065893163603925,79.45846966327859,76.70905260246111,84.95730378491353,9.337812499999997,0.089270833333332,0.0239610697537244,-0.1428897662062651,0.1668508359599895,38.46153846153835,89.11564625850339,9.52,9.06,113.84837959082827,114.26702556981282,6.695647509029111,8.401302613585043,10.106957718140974,11.812612822696904,13.518267927252836,1.8528520045513464,229377953100.36,229373564949.0,5.22977549,6.31269136,0.64533523,0.19947204,8.96252698,1.27108775,1
2022-11-17,1,9.68,9.71,9.49,9.58,109104716.0,1273790881.0,19405546950.0,0.0056223468620141,73.83745305796181,75.75185275429469,70.00865366529607,9.36520833333333,0.0273958333333332,0.0467005224555023,-0.1049717084739116,0.1516722309294139,25.0,81.6326530612245,9.54,9.11,100.28858373760696,113.84837959082827,6.69325358900731,8.398298864282417,10.103344139557525,11.80838941483263,13.513434690107736,1.8521895474095764,226855183734.62,226850843845.5,5.17225681,6.24326243,0.63823763,0.19727818,8.86395435,1.25710794,1
2022-11-18,1,9.62,9.66,9.49,9.5,86809329.0,1011078680.0,19405546950.0,0.0044734286141829,68.05448524474808,73.18606358444582,57.791328565352586,9.37802083333333,0.0128125000000007,0.05760236690897,-0.0724568933973352,0.1300592603063053,4.999999999999911,76.19047619047619,9.55,9.16,85.19347241411923,100.28858373760696,6.694628021390598,8.400023420773532,10.105418820156467,11.8108142195394,13.516209618922334,1.8525698869948164,224914591914.82,224910289150.5,5.12801167,6.18985557,0.63277794,0.1955906,8.78812925,1.24635423,1
2022-11-21,1,9.41,9.43,9.2,9.39,104773707.0,1189388618.0,19405546950.0,0.0053991627893796,61.40019118097711,69.25743944995625,45.68569464301882,9.370937499999997,-0.0070833333333339,0.0567123320288214,-0.0466230483121039,0.1033353803409253,50.00000000000024,68.70748299319732,9.55,9.2,79.65785775140253,85.19347241411923,6.692174490985738,8.396944875886714,10.101715260787689,11.806485645688664,13.51125603058964,1.851890934179164,222391822549.08,222387568047.0,5.07049299,6.12042664,0.62568035,0.19339675,8.68955662,1.23237442,1
2022-11-22,1,9.39,9.78,9.38,9.69,149132388.0,1748727407.0,19405546950.0,0.0076850391480462,64.59758292472264,67.70415394154504,58.38444089107784,9.397083333333333,0.0261458333333344,0.0793003408033037,-0.0214383704890223,0.1007387112923261,100.0,89.11564625850339,9.57,9.25,90.57932103497038,79.65785775140253,6.695647509029111,8.401302613585043,10.106957718140974,11.812612822696904,13.518267927252836,1.8528520045513464,229377953100.36,229373564949.0,5.22977549,6.31269136,0.64533523,0.19947204,8.96252698,1.27108775,1
2022-11-23,1,9.66,9.88,9.61,9.69,124765653.0,1483352652.0,19405546950.0,0.0064293809044119,64.21890143699457,66.54240310669489,59.57189809759393,9.42760416666666,0.0305208333333304,0.0960937910875472,0.0020680618262915,0.0940257292612557,100.0,89.11564625850339,9.58,9.29,96.19015653245592,90.57932103497038,6.695647509029111,8.401302613585043,10.106957718140974,11.812612822696904,13.518267927252836,1.8528520045513464,229377953100.36,229373564949.0,5.22977549,6.31269136,0.64533523,0.19947204,8.96252698,1.27108775,-1
2022-11-24,1,9.77,9.83,9.58,9.65,79671882.0,941002373.0,19405546950.0,0.0041056241395968,60.05398026834123,64.37959549391034,51.40274981720299,9.46927083333333,0.0416666666666678,0.1049650835770545,0.0226474661764441,0.0823176174006104,87.09677419354861,86.39455782312929,9.59,9.33,99.24809598299906,96.19015653245592,6.696334385126419,8.402164465100336,10.10799454507425,11.813824625048166,13.519654705022084,1.8530420802314145,228407657190.46,228403287601.5,5.20765292,6.28598792,0.64260538,0.19862825,8.92461443,1.2657109,-1
2022-11-25,1,9.67,10.03,9.65,9.98,176072817.0,2130171605.0,19405546950.0,0.0090733241095273,71.36128805038014,66.70682634606693,80.67021145900654,9.54520833333333,0.0759375000000002,0.1370441294468722,0.0455267988305297,0.0915173306163425,100.0,100.0,9.61,9.38,109.0916894729372,99.24809598299906,6.697708539449189,8.403888672697553,10.110068805945916,11.81624893919428,13.52242907244264,1.853422342870401,236170024469.66,236165506381.5,5.38463348,6.49961538,0.66444414,0.20537857,9.22791484,1.30872571,-1
2022-11-28,1,9.76,9.77,9.58,9.68,133156295.0,1568351120.0,19405546950.0,0.0068617645945815,66.8513004673217,66.75498438648519,67.04393262899472,9.577812499999997,0.0326041666666672,0.1366839046503258,0.063758219994489,0.0729256846558368,24.99999999999989,81.24999999999994,9.62,9.43,97.9348530519913,109.0916894729372,6.6944012730796505,8.399738910399469,10.105076547719287,11.810414185039104,13.515751822358922,1.852507140104108,229183893918.38,229179509479.5,5.22535098,6.30735067,0.64478926,0.19930328,8.95494447,1.27001238,-1
2022-11-29,1,9.97,10.65,9.94,10.65,474927650.0,6026006642.0,19405546950.0,0.0244738090208789,77.90086697821447,70.47027858372827,92.76204376718684,9.76020833333333,0.1823958333333326,0.2122229432894951,0.0934511646534902,0.1187717786360048,100.0,100.0,9.66,9.49,110.22885636172086,97.9348530519913,6.696174128629382,8.401963384723032,10.107752640816685,11.813541896910332,13.519331153003982,1.85299773327746,252082877392.02,252078054880.5,5.74744362,6.93755167,0.70921359,0.21921673,9.84968067,1.39690608,-1
2022-11-30,1,10.58,10.94,10.51,10.68,320962830.0,4206404173.0,19405546950.0,0.0165397466418744,80.28640174026559,73.74231963590738,93.374565948982,9.898124999999997,0.1379166666666673,0.2713806180832669,0.1290370553394455,0.1423435627438214,100.0,100.0,9.71,9.58,115.2542329374597,110.22885636172086,6.694422505987745,8.399765552197149,10.105108598406552,11.810451644615956,13.515794690825356,1.852513015777264,252859114119.94,252854276758.5,5.76514168,6.95891441,0.71139746,0.21989176,9.88001071,1.40120756,-1
2022-12-01,1,10.97,11.2,10.71,10.74,200268883.0,2658203027.0,19405546950.0,0.0103201874966992,79.1909344935104,75.55852458844173,86.45575430364775,10.071666666666664,0.1735416666666669,0.3194228918609134,0.1671142226437391,0.1523086692171743,100.0,100.0,9.75,9.68,116.97303163488584,115.2542329374597,6.696058930442437,8.401818840849156,10.107578751255875,11.813338661662597,13.519098572069314,1.852965855077284,254217528393.8,254212665045.0,5.79611328,6.99629922,0.71521924,0.22107307,9.93308828,1.40873515,-1
2022-12-02,1,10.77,10.78,10.4,10.58,140420278.0,1803658762.0,19405546950.0,0.0072360896789873,74.77197830702892,75.29634249463746,73.72324993181184,10.144999999999998,0.0733333333333341,0.3406591702694861,0.2018232121688885,0.1388359581005975,52.941176470588175,92.7927927927928,9.78,9.77,112.7172760954511,116.97303163488584,6.698572140591627,8.40497226835059,10.111372396109552,11.817772523868516,13.52417265162748,1.853661322760806,250336344754.2,250331555655.0,5.707623,6.88948549,0.70429987,0.21769791,9.78143808,1.38722775,-1
2022-12-05,1,10.73,11.12,10.67,11.09,228762742.0,3057231973.0,19405546950.0,0.0117885232809683,80.91794438575592,77.17020979167694,88.41341357391389,10.281249999999996,0.1362499999999986,0.3940988850309654,0.2402783467413039,0.1538205382896615,100.0,100.0,9.83,9.88,119.05107048992043,112.7172760954511,6.694529057854115,8.39989924717918,10.105269436504246,11.81063962582931,13.516009815154376,1.8525425013257373,262562073218.94,262557050233.5,5.98636738,7.22594873,0.73869591,0.22832967,10.25913622,1.45497608,-1
2022-12-06,1,10.94,11.2,10.86,11.01,125257891.0,1680593516.0,19405546950.0,0.0064547467444611,83.36916456992782,79.2365280510939,91.63443760759566,10.41458333333333,0.1333333333333328,0.4250946856557043,0.277241614524184,0.1478530711315203,88.40579710144925,96.5665236051502,9.87,9.98,121.6250268487758,119.05107048992043,6.6957246809517,8.40139944435071,10.10707420774972,11.81274897114873,13.51842373454774,1.8528733599394955,260621481399.14,260616495538.5,5.94212224,7.17254187,0.73323622,0.22664208,10.18331112,1.44422238,-1
2022-12-07,1,10.93,10.96,10.68,10.78,137737690.0,1815667663.0,19405546950.0,0.0070978514728233,80.2708010713099,79.58128572449924,81.64983176493124,10.488749999999996,0.0741666666666667,0.4261871826049361,0.3070307281403344,0.1191564544646017,26.19047619047606,86.69527896995706,9.92,10.08,115.85767578718809,121.6250268487758,6.695442572820419,8.401045471747247,10.106648370674076,11.812251269600903,13.51785416852773,1.8527952936112069,255187824303.7,255182942392.5,5.81823585,7.02300265,0.71794909,0.22191686,9.97100083,1.41411201,-1
2022-12-08,1,10.78,11.08,10.76,10.95,106572280.0,1422047905.0,19405546950.0,0.0054918462372945,81.7031677923959,80.28857974713146,84.53234388292478,10.536249999999995,0.0475000000000012,0.4357475470796359,0.3327740919281947,0.1029734551514411,81.81818181818167,93.99141630901283,9.96,10.18,112.53646868193108,115.85767578718809,6.694126925853475,8.399394675720867,10.10466242558826,11.809930175455651,13.515197925323044,1.8524312214110648,259263067125.28,259258107252.0,5.91115064,7.13515707,0.72941444,0.22546078,10.13023355,1.43669478,-1
2022-12-09,1,10.99,11.27,10.94,11.23,161583192.0,2197501649.0,19405546950.0,0.0083266497159978,86.79960559593313,82.45892169673202,95.48097339433534,10.631145833333331,0.094895833333334,0.4606082594506429,0.3583409254326843,0.1022673340179585,100.0,100.0,10.02,10.28,120.9613233825495,112.53646868193108,6.694921209936125,8.400391296425662,10.105861382915196,11.811331469404733,13.516801555894268,1.852651019548996,265861079312.6,265855993215.0,6.06158412,7.3167404,0.74797738,0.23119855,10.38803889,1.47325737,-1
2022-12-12,1,11.13,11.13,10.71,10.75,139258428.0,1848277967.0,19405546950.0,0.0071762176226627,71.27636541644584,78.73140293663663,56.366290376064256,10.678020833333331,0.046875,0.4365463302888894,0.3739820064039253,0.062564323884964,7.692307692307534,76.35467980295564,10.06,10.36,105.43128210042352,120.9613233825495,6.6971812746348816,8.403227091983139,10.109272909331391,11.81531872667965,13.521364544027906,1.8532764355975344,254411587575.78,254406720514.5,5.80053779,7.0016399,0.71576521,0.22124183,9.94067079,1.40981052,-1
2022-12-13,1,10.78,10.95,10.77,10.85,90228513.0,1194285343.0,19405546950.0,0.0046496248331717,64.75895625464204,74.0739207093051,46.12902734531593,10.697812499999998,0.0197916666666664,0.4206967125092937,0.383324947624999,0.0373717648842947,26.92307692307672,81.28078817733987,10.1,10.43,96.04306682247206,105.43128210042352,6.69311111403472,8.398120095110656,10.103129076186592,11.808138057262529,13.513147038338465,1.85215012104518,256934356941.52,256929441618.0,5.85805647,7.07106883,0.72286281,0.22343568,10.03924342,1.42379034,-1
2022-12-14,1,10.85,10.99,10.72,10.85,97406110.0,1287867945.0,19405546950.0,0.0050194983038084,60.41401681343951,69.52061941068324,42.20081161895206,10.704062499999996,0.0062499999999978,0.4034846562716137,0.3873568893543219,0.0161277669172917,100.0,81.28078817733987,10.14,10.49,88.06901173114196,96.04306682247206,6.698170150417178,8.404467874847397,10.110765599277611,11.817063323707831,13.523361048138048,1.853550082092964,256740297759.54,256735386148.5,5.85363196,7.06572814,0.72231684,0.22326692,10.03166091,1.42271497,-1
2022-12-15,1,10.77,10.89,10.61,10.74,83534926.0,1094434006.0,19405546950.0,0.0043046932001058,46.84166777461628,61.96096886532758,16.603065593193676,10.717708333333327,0.0136458333333315,0.3766263825096523,0.385210787985388,-0.0085844054757356,54.16666666666694,75.86206896551724,10.17,10.54,81.24516340053464,88.06901173114196,6.696058930442437,8.401818840849156,10.107578751255875,11.813338661662597,13.519098572069314,1.852965855077284,254217528393.8,254212665045.0,5.79611328,6.99629922,0.71521924,0.22107307,9.93308828,1.40873515,-1
2022-12-16,1,10.67,10.99,10.67,10.94,92425167.0,1225269166.0,19405546950.0,0.0047628220548558,47.89444518307752,57.27212763791089,29.139080273410755,10.74208333333333,0.0243750000000027,0.3672459528384895,0.3816178209560082,-0.0143718681175187,100.0,85.71428571428568,10.21,10.59,92.54797083943068,81.24516340053464,6.698040577157154,8.404305293981748,10.110570010806342,11.816834727630935,13.52309944445553,1.8535142259529496,258874948761.32,258869996313.0,5.90230161,7.12447569,0.7283225,0.22512326,10.11506853,1.43454404,-1
2022-12-19,1,10.93,11.04,10.62,10.69,103086606.0,1355435567.0,19405546950.0,0.0053122236783952,35.97003416245572,50.171429812759165,7.567242861848825,10.713958333333329,-0.028125000000001,0.3357684543458283,0.3724479476339722,-0.0366794932881439,24.24242424242426,73.3990147783251,10.23,10.62,82.96775968569801,92.54797083943068,6.695552129960052,8.401182937568482,10.106813745176911,11.812444552785344,13.518075360393771,1.852825610793452,253053173301.92,253048332228.0,5.76956619,6.9642551,0.71194343,0.22006052,9.88759322,1.40228293,-1
2022-12-20,1,10.63,10.72,10.39,10.46,89621223.0,1150630681.0,19405546950.0,0.0046183301728581,26.631537926485645,42.32479918400133,-4.7549845885457245,10.684062499999994,-0.0298958333333345,0.2889325970727086,0.3557448775217195,-0.0668122804490109,12.727272727272805,58.37837837837839,10.23,10.64,72.69767103968599,82.96775968569801,6.695257613015886,8.400813395120283,10.10636917722468,11.811924959329078,13.517480741433474,1.852744110638368,247619516206.48,247614779082.0,5.6456798,6.81471588,0.6966563,0.21533529,9.67528294,1.37217256,-1
2022-12-21,1,10.53,10.65,10.44,10.57,61458964.0,791782473.0,19405546950.0,0.0031670822862325,24.57254043583892,36.407379601280525,0.9028621049556876,10.64104166666666,-0.0430208333333332,0.257720086706902,0.336139919358756,-0.0784198326518539,60.00000000000012,60.00000000000001,10.24,10.65,68.67542827134105,72.69767103968599,6.697432590532195,8.403542428312011,10.109652266091828,11.815762103871643,13.521871941651462,1.853345980949718,250142285572.22,250137500185.5,5.70319849,6.8841448,0.7037539,0.21752915,9.77385557,1.38615238,-1
2022-12-22,1,10.66,10.78,10.58,10.62,67239430.0,876159828.0,19405546950.0,0.0034649592806246,26.742053984252905,33.18560439560465,13.854953161549416,10.62916666666666,-0.0118750000000016,0.2343174636373159,0.315775428214468,-0.081457964577152,100.0,63.03030303030297,10.25,10.65,67.30752169265246,68.67542827134105,6.697936560418684,8.404174779928317,10.110412999437946,11.816651218947577,13.522889438457208,1.8534854419373457,251306640664.1,251301833002.5,5.72974557,6.91618892,0.70702971,0.2185417,9.81935063,1.3926046,-1
2022-12-23,1,10.53,10.71,10.49,10.64,56442641.0,730705959.0,19405546950.0,0.0029085828472358,30.648548810014784,32.339919200408026,27.265808029228296,10.650104166666662,0.0209375000000022,0.2149072323020302,0.2956017890319805,-0.0806945567299502,100.0,64.24242424242426,10.25,10.66,74.0236281126633,67.30752169265246,6.695040632452293,8.400541140738083,10.10604164902387,11.811542157309658,13.517042665595447,1.852684066726012,251888818210.04,251883999411.0,5.74301911,6.93221098,0.70866762,0.21904797,9.84209816,1.39583071,-1
2022-12-26,1,10.65,10.69,10.42,10.47,79711987.0,1021903963.0,19405546950.0,0.0041076908167228,24.534929975907303,29.73825612557445,14.128277676573006,10.620312499999994,-0.0297916666666679,0.1836894472695167,0.2732193206794877,-0.0895298734099709,22.727272727272982,53.93939393939396,10.25,10.65,65.64224327308416,74.0236281126633,6.696410455161296,8.402259913282451,10.108109371403604,11.81395882952476,13.519808287645915,1.8530631306998595,247813575388.46,247808834551.5,5.65010432,6.82005657,0.69720227,0.21550405,9.68286545,1.37324793,-1
2022-12-27,1,10.55,10.84,10.55,10.75,88600412.0,1160090119.0,19405546950.0,0.0045657260899827,34.81815844547668,31.4315568988752,41.59136153867963,10.634687499999997,0.0143750000000011,0.1794739239845633,0.2544702413405028,-0.0749963173559395,100.0,62.7906976744186,10.26,10.65,76.53729277678978,65.64224327308416,6.6971812746348816,8.403227091983139,10.109272909331391,11.81531872667965,13.521364544027906,1.8532764355975344,254411587575.78,254406720514.5,5.80053779,7.0016399,0.71576521,0.22124183,9.94067079,1.40981052,-1
2022-12-28,1,10.79,10.97,10.66,10.77,79119198.0,1042402080.0,19405546950.0,0.0040771434169754,42.69928511749726,35.18746630508255,57.72292274232669,10.670520833333327,0.0358333333333327,0.1757213182885504,0.2387204567301123,-0.0629991384415619,100.0,45.23809523809513,10.28,10.66,81.4972128193458,76.53729277678978,6.694322333504414,8.39963986168777,10.104957389871128,11.810274918054484,13.51559244623784,1.852485295562558,254993765121.72,254988886923.0,5.81381133,7.01766196,0.71740312,0.2217481,9.96341832,1.41303664,-1
2022-12-29,1,10.71,10.76,10.53,10.68,66689009.0,865144967.0,19405546950.0,0.0034365951741442,43.33798495012636,37.904305853430486,54.20534314351812,10.69635416666666,0.0258333333333329,0.1635992332755655,0.223696212039203,-0.0600969787636374,62.50000000000009,34.523809523809426,10.28,10.66,81.15180711955843,81.4972128193458,6.694422505987745,8.399765552197149,10.105108598406552,11.810451644615956,13.515794690825356,1.852513015777264,252859114119.94,252854276758.5,5.76514168,6.95891441,0.71139746,0.21989176,9.88001071,1.40120756,-1
2022-12-30,1,10.69,10.89,10.62,10.79,81803598.0,1074756754.0,19405546950.0,0.0042154749985029,51.88049571387726,42.56303580691274,70.5154155278063,10.717083333333328,0.0207291666666673,0.1610124232707992,0.2111594542855222,-0.050147031014723,100.0,47.61904761904746,10.3,10.67,84.19631863064149,81.15180711955843,6.6965611211436,8.402448960048908,10.108336798954214,11.81422463785952,13.520112476764826,1.853104823720132,255381883485.68,255376997862.0,5.82266036,7.02834334,0.71849506,0.22208562,9.97858334,1.41518738,-1
2023-01-03,1,10.82,11.35,10.7,11.29,219412794.0,2971546989.0,19405546950.0,0.011306704962521,65.76979284150956,50.29862148511168,96.71213555430528,10.805624999999996,0.0885416666666678,0.1970368607511581,0.2083349355786494,-0.0112980748274912,100.0,100.0,10.33,10.69,96.12855440069067,84.19631863064149,6.696475487525743,8.402341512048315,10.108207536570887,11.814073561093458,13.519939585616031,1.8530811267706897,267219493586.46,267214381501.5,6.09255571,5.87089141,0.73263811,2.78826578,10.44111646,1.48078497,-1
2023-01-04,1,11.24,11.82,11.17,11.74,218968253.0,3110729449.0,19405546950.0,0.011283797027942,75.2750999895778,58.62411431993372,108.57707132886596,10.974583333333326,0.1689583333333306,0.2589131367172381,0.2184505758063671,0.040462560910871,100.0,100.0,10.38,10.74,106.5301359052262,96.12855440069067,6.6959370256113,8.40166588187468,10.10739473813806,11.81312359440144,13.518852450664818,1.852932120982048,277892748595.36,277887432324.0,6.33590398,6.10538599,0.76190107,2.89963442,10.85815452,1.53993034,-1
2023-01-05,1,11.81,12.08,11.78,11.87,166542518.0,2417272356.0,19405546950.0,0.0085822120051091,79.29986585650566,65.51603149879104,106.8675345719349,11.14760416666666,0.173020833333334,0.3148114938220896,0.2377227594095116,0.0770887344125779,100.0,100.0,10.43,10.82,113.1225301355578,106.5301359052262,6.695275294183607,8.40083558040414,10.106395866624672,11.811956152845204,13.517516439065735,1.8527490034567269,280997695507.04,280992319836.0,6.4066962,6.17360259,0.77041393,2.93203257,10.97947468,1.55713626,-1
2023-01-06,1,11.89,12.07,11.87,11.99,119574471.0,1747915169.0,19405546950.0,0.0061618706913076,84.39268165534112,71.80824821764107,109.56154853074123,11.303333333333327,0.1557291666666671,0.3645915571512788,0.263096518957865,0.1014950381934137,100.0,100.0,10.48,10.9,121.00069494733968,113.1225301355578,6.698199708025153,8.404504961986287,10.11081021594742,11.817115469908554,13.523420723869688,1.8535582614173856,283714524054.76,283709096409.0,6.4686394,6.23329212,0.77786268,2.96038095,11.08562982,1.57219145,1
2023-01-09,1,12.09,12.2,11.9,12.13,105765911.0,1561368487.0,19405546950.0,0.0054502927061275,88.19791551473843,77.27147065000685,110.05080524420156,11.439583333333328,0.1362500000000004,0.4106062328974964,0.2925984617457913,0.118007771151705,100.0,100.0,10.54,11.0,127.70228792039802,121.00069494733968,6.693994744223433,8.39922882202674,10.104462899830049,11.809696977633356,13.514931055436664,1.852394643470268,287207589330.4,287202094860.0,6.54828065,6.3100358,0.78743965,2.99682887,11.22211501,1.59154811,1
2023-01-10,1,12.1,12.21,11.8,11.84,126942339.0,1851093717.0,19405546950.0,0.006541549141958,84.79067383522244,79.77787171174538,94.81627808217657,11.514895833333329,0.0753125000000007,0.4188444405858718,0.3178476575138074,0.1009967830720643,12.12121212121186,83.33333333333329,10.59,11.09,111.48363033082576,127.70228792039802,6.696853378553569,8.402815667367191,10.108777956180813,11.814740244994434,13.520702533808056,1.85318569860597,280221458779.12,280216097958.0,6.38899815,6.15654844,0.76828572,2.92393303,10.94914464,1.55283478,1
2023-01-11,1,11.85,12.12,11.8,12.03,83056612.0,1217450812.0,19405546950.0,0.0042800448868564,86.28902065205303,81.94825469184792,94.97055257246323,11.59104166666666,0.0761458333333315,0.4356824159475803,0.341414609200562,0.0942678067470182,69.69696969696928,94.25287356321832,10.64,11.19,109.69197650991352,111.48363033082576,6.697639916504286,8.403802568683627,10.109965220862966,11.816127873042303,13.522290525221644,1.8534033531967584,284684819964.66,284679373756.5,6.49076197,6.25460981,0.78052295,2.97050537,11.12354237,1.5775683,1
2023-01-12,1,12.11,12.11,11.91,12.03,62569484.0,914367700.0,19405546950.0,0.0032243092225751,87.08576219570828,83.66075719313471,93.9357722008554,11.63854166666666,0.0474999999999994,0.4439095201090595,0.3619135913822615,0.081995928726798,100.0,94.25287356321832,10.7,11.28,108.1920571785546,109.69197650991352,6.697639916504286,8.403802568683627,10.109965220862966,11.816127873042303,13.522290525221644,1.8534033531967584,284684819964.66,284679373756.5,6.49076197,6.25460981,0.78052295,2.97050537,11.12354237,1.5775683,1
2023-01-13,1,12.03,12.26,11.93,12.26,94908583.0,1407181074.0,19405546950.0,0.0048907965977222,91.3905081304722,86.23734083891388,101.69684271358884,11.73197916666666,0.0934375000000002,0.463644037385329,0.3822596805828749,0.081384356802454,100.0,100.0,10.75,11.37,119.11560717430544,108.1920571785546,6.697852187807002,8.404068914163716,10.110285640520429,11.81650236687714,13.522719093233851,1.8534620939396391,290118477060.1,290112926902.5,6.61464836,6.37398886,0.79542046,3.02720214,11.33585266,1.60767867,1
2023-01-16,1,12.26,12.53,12.17,12.36,156003989.0,2356399993.0,19405546950.0,0.0080391441375992,90.09367208698148,87.52278458826974,95.23544708440492,11.82479166666666,0.092812499999999,0.4817990690133431,0.4021675582689686,0.0796315107443745,100.0,100.0,10.82,11.47,121.82142847209504,119.11560717430544,6.694272867844747,8.399577795102683,10.10488272236062,11.810187649618554,13.51549257687649,1.8524716071856613,292641246425.84,292635648006.0,6.67216704,6.42941485,0.80233716,3.05352563,11.43442529,1.62165848,1
2023-01-17,1,12.4,12.44,12.11,12.27,93583454.0,1396151515.0,19405546950.0,0.0048225105038845,81.84022583576542,85.62859833743498,74.26348083242632,11.89854166666666,0.0737500000000004,0.4833530217815784,0.4184046509714906,0.0649483708100878,79.06976744186048,95.43147208121827,10.88,11.56,118.96941194935884,121.82142847209504,6.9471152733541,8.716829496206476,10.486543719058847,12.256257941911224,14.025972164763598,1.9224393821098704,290506595424.06,290501037841.5,6.38251594,6.38251594,0.79648457,3.0312519,11.35101768,1.61486754,1
2023-01-18,1,12.26,12.44,12.22,12.39,71843403.0,1083362998.0,19405546950.0,0.0037022096406306,81.50078982658339,84.25266216715112,75.99704514544791,11.981666666666658,0.083124999999999,0.4886348591722864,0.4324506926116497,0.0561841665606366,100.0,100.0,10.94,11.64,121.7877520415201,118.96941194935884,6.9500604929324,8.720524983596961,10.490989474261522,12.261453964926082,14.031918455590642,1.9232543975347625,293223423971.78,293217814414.5,6.44220547,6.44220547,0.80393332,3.05960029,11.45717282,1.62996984,1
2023-01-19,1,12.4,12.5,12.19,12.37,64187520.0,963744633.0,19405546950.0,0.0033076892996308,80.36125714466287,82.95552715965503,75.17271711467853,12.036145833333324,0.0544791666666668,0.4856091208411044,0.4430823782575407,0.0425267425835637,92.8571428571424,98.984771573604,11.01,11.73,120.07717277397164,121.7877520415201,6.94803828470512,8.717987636276609,10.487936987848096,12.257886339419583,14.027835690991072,1.922694802280908,292835305607.82,292829703475.5,6.43367839,6.43367839,0.80286921,3.05555052,11.4420078,1.62781237,1
2023-01-20,1,12.43,12.49,12.3,12.4,60859008.0,920144806.0,19405546950.0,0.0031361655590954,80.97143170374788,82.29416200768598,78.32597109587167,12.09135416666666,0.0552083333333346,0.4800976834495394,0.4504854392959404,0.0296122441535989,100.0,100.0,11.07,11.81,122.12511868711162,120.07717277397164,6.946475369446957,8.716026582618166,10.485577795789377,12.255129008960584,14.024680222131794,1.9222623048017429,293611542335.74,293605925353.5,6.45073254,6.45073254,0.80499743,3.06365005,11.47233784,1.63212731,1
2023-01-30,1,12.79,12.9,12.21,12.42,137431750.0,2096867649.0,19405546950.0,0.0070820858775124,72.76883325704402,79.11905242413866,60.068394922854736,12.12999999999999,0.0386458333333301,0.4719038486447573,0.4547691211657038,0.0171347274790535,100.0,100.0,11.13,11.88,112.1999488917206,122.12511868711162,6.948494301766431,8.718559819523092,10.488625337279752,12.258690855036416,14.028756372793076,1.9228209935305247,293999660699.7,293994036292.5,6.45925962,6.45925962,0.80606154,3.06769982,11.48750286,1.63428478,1
2023-01-31,1,12.49,12.71,12.26,12.29,103049784.0,1568639326.0,19405546950.0,0.0053103261797009,61.30716829930878,73.18175771586203,37.55798946620226,12.145729166666658,0.0157291666666683,0.4497359854940619,0.4537624940313754,-0.0040265085373135,38.09523809523745,93.49999999999996,11.17,11.94,98.77671187650938,112.1999488917206,6.949154912415462,8.719388714706835,10.489622516998208,12.25985631928958,14.030090121580953,1.9230038009085468,290894713788.02,290889148780.5,6.39104301,6.39104301,0.79754868,3.03530167,11.3661827,1.61702501,1
2023-02-01,1,12.32,12.36,11.9,12.05,165342148.0,2426471973.0,19405546950.0,0.0085203549493357,45.871445532872535,64.0783203215322,9.457695955553191,12.121145833333326,-0.0245833333333322,0.4080975059829015,0.4446294964216806,-0.0365319904387791,28.84615384615394,80.42328042328047,11.21,11.98,87.68214691767002,98.77671187650938,6.947866340092564,8.717771890343014,10.487677440593462,12.257582990843911,14.02748854109436,1.922647220935024,285266997510.6,285261540165.0,6.26740042,6.26740042,0.78211911,2.97658003,11.1462899,1.58574167,1
2023-02-02,1,12.08,12.12,11.7,11.97,157790039.0,2280744883.0,19405546950.0,0.0081311822545666,38.080963688581726,55.41253477721538,3.417821511314415,12.08291666666666,-0.0382291666666656,0.3644423154145215,0.4285920602202488,-0.0641497448057272,45.76271186440702,76.19047619047623,11.23,12.01,80.30567114487448,87.68214691767002,6.949011617826462,8.719208917128862,10.489406216431265,12.259603515733662,14.029800815036062,1.922964147735928,283326405690.8,283320985470.0,6.22476504,6.22476504,0.77679858,2.95633118,11.0704648,1.57495431,1
2023-02-03,1,11.85,11.93,11.61,11.74,124638298.0,1782105891.0,19405546950.0,0.0064228180901646,28.74648225233616,46.52385060225564,-6.808254447502804,12.016249999999994,-0.0666666666666664,0.3077387636539459,0.4044214009069882,-0.0966826372530423,29.54545454545464,64.02116402116404,11.25,12.03,70.9712019787096,80.30567114487448,6.948752154227025,8.718883357545097,10.489014560863168,12.25914576418124,14.02927696749931,1.922892347712155,277892748595.36,277887432324.0,6.10538599,6.10538599,0.76190107,2.89963442,10.85815452,1.54474971,1
2023-02-06,1,11.56,11.58,11.36,11.48,131761010.0,1838428709.0,19405546950.0,0.0067898632457767,21.76172409896005,38.26980843449044,-11.254444572100724,11.92947916666666,-0.0867708333333343,0.2390651688141343,0.3713501544884174,-0.1322849856742831,19.67213114754111,47.77777777777782,11.27,12.01,63.00351341879092,70.9712019787096,6.950172686874564,8.720665757922111,10.49115882896966,12.261651900017206,14.032144971064753,1.9232854443857736,271682854772.0,271677657300.0,5.96895278,5.96895278,0.74487535,2.83483812,10.61551419,1.51023016,1
2023-02-07,1,11.53,11.74,11.5,11.65,86946046.0,1235297763.0,19405546950.0,0.0044804738678081,20.784872343029665,32.44149640400352,-2.528375778918033,11.867395833333328,-0.0620833333333319,0.1960979344659712,0.3362997104839282,-0.1402017760179569,76.31578947368429,55.23255813953493,11.29,12.0,63.38876240621083,63.00351341879092,6.948860457665383,8.719019250296098,10.489178042926811,12.259336835557528,14.029495628188242,1.922922317964112,275758097593.58,275752822159.5,6.05848707,6.05848707,0.75604848,2.87736069,10.77474691,1.53288361,1
2023-02-08,1,11.67,11.74,11.5,11.51,65789257.0,928708934.0,19405546950.0,0.0033902294622002,17.10333480877303,27.32877587226002,-3.347547318200945,11.80572916666666,-0.0616666666666692,0.1490313214072589,0.2988460326685943,-0.1498147112613354,51.72413793103444,27.19999999999999,11.3,11.97,60.24881888214897,63.38876240621083,6.94848235326049,8.718544827244294,10.488607301228097,12.2586697752119,14.028732249195704,1.922817687082096,272459091499.92,272453879178.0,5.98600693,5.98600693,0.74700356,2.84293766,10.64584423,1.5145451,1
2023-02-09,1,11.49,11.72,11.44,11.58,83035002.0,1174361963.0,19405546950.0,0.0042789312877367,16.164127967753462,23.607226570757835,1.2779307617447202,11.789479166666656,-0.0162500000000012,0.1160414528124569,0.2622851166973668,-0.1462436638849099,66.66666666666667,20.754716981132127,11.31,11.93,66.25584103417556,60.24881888214897,6.946213705085479,8.715698261648313,10.485182818211143,12.254667374773978,14.024151931336812,1.92218989577244,274205624137.74,274200378403.5,6.02437877,6.02437877,0.75179205,2.86116162,10.71408683,1.52425373,1
2023-02-10,1,11.56,11.58,11.36,11.46,84728366.0,1184283386.0,19405546950.0,0.0043661931414924,13.24522111430481,20.15322475194016,-0.5707861609658949,11.739999999999991,-0.0494791666666643,0.0792996303770721,0.2256880194333079,-0.1463883890562358,45.454545454545965,9.433962264151074,11.31,11.9,62.43526713954205,66.25584103417556,6.947990065897492,8.717927134167738,10.487864202437985,12.257801270708228,14.027738338978471,1.9226814589389456,271294736408.04,271289546361.0,5.96042571,5.96042571,0.74381124,2.83078835,10.60034917,1.50807269,1
2023-02-13,1,11.43,11.43,11.15,11.33,180005416.0,2473405203.0,19405546950.0,0.0092759774544772,13.78882509548695,18.03175819978909,5.302958886882664,11.68666666666666,-0.0533333333333327,0.0392392323963335,0.188398262025913,-0.1491590296295795,41.86046511627903,14.173228346456677,11.31,11.85,60.34938582231944,62.43526713954205,6.948700766033575,8.718818878678288,10.488936991323,12.259055103967713,14.029173216612422,1.9228781273224,268189789496.36,268184658849.0,5.8922091,5.8922091,0.73529838,2.7983902,10.47902901,1.49081292,1
2023-02-14,1,11.35,11.46,11.31,11.44,90993709.0,1263892078.0,19405546950.0,0.0046890566514024,19.15818580248957,18.407234067355915,20.660089272756863,11.650208333333326,-0.0364583333333339,0.0161806387373921,0.1539547373682088,-0.1377740986308167,93.54838709677377,22.83464566929128,11.31,11.81,64.20727848954046,60.34938582231944,6.94580120266598,8.715180678001568,10.484560153337156,12.25393962867274,14.023319104008326,1.9220757461052391,270906618044.08,270901435422.0,5.95189863,5.95189863,0.74274713,2.82673858,10.58518415,1.50591522,1
2023-02-15,1,11.44,11.44,11.17,11.21,125024398.0,1713566673.0,19405546950.0,0.0064427144631447,15.336226432428964,17.383564855713598,11.2415495858597,11.578958333333324,-0.0712500000000027,-0.0204171840864209,0.1190803530772829,-0.1394975371637038,20.689655172414025,4.724409448818938,11.3,11.76,57.15651500675048,64.20727848954046,6.9505447004349525,8.721132538542353,10.491720376649754,12.262308214757152,14.032896052864553,1.9233883897798008,265278901766.66,265273826806.5,5.82825604,5.82825604,0.72731757,2.76801694,10.36529136,1.47463188,1
2023-02-16,1,11.21,11.4,11.07,11.15,127912329.0,1757431084.0,19405546950.0,0.0065915343344651,14.20425045744021,16.32379338962247,9.965164593075691,11.516458333333324,-0.0624999999999982,-0.0536443423206183,0.0845354139977026,-0.1381797563183209,21.621621621621685,5.925925925925933,11.29,11.71,53.04170874711218,57.15651500675048,6.948926245102308,8.719101796482263,10.48927734786222,12.259452899242174,14.029628450622129,1.922940522982255,263920487492.8,263915438520.0,5.79841127,5.79841127,0.72359319,2.75384275,10.31221379,1.46708073,1
2023-02-17,1,11.17,11.25,11.01,11.01,91836369.0,1246777397.0,19405546950.0,0.0047324803179536,9.46950030496014,14.03902902806836,0.330442858743698,11.42354166666666,-0.0929166666666656,-0.0902337757825026,0.0495815760416615,-0.1398153518241642,0.0,0.0,11.27,11.65,43.83865170704908,53.04170874711218,6.948531799683032,8.718606869691776,10.48868193970052,12.258757009709264,14.028832079718008,1.9228313701356023,260621481399.14,260616495538.5,5.72593113,5.72593113,0.71454828,2.71941971,10.18331112,1.44874222,1
2023-02-20,1,11.07,11.6,11.06,11.6,211619117.0,2945969773.0,19405546950.0,0.0109050838683008,33.25363947271313,20.443899176283285,58.87312006557283,11.45166666666666,0.028125000000001,-0.0708068786283373,0.0255038851076617,-0.0963107637359991,100.0,41.84397163120566,11.27,11.61,63.81757974436441,43.83865170704908,6.948375687977959,8.71841098995437,10.488446291930778,12.258481593907186,14.028516895883596,1.922788170148553,274593742501.7,274588489342.5,6.03290585,6.03290585,0.75285615,2.86521139,10.72925185,1.5264112,1
2023-02-21,1,11.53,11.64,11.41,11.56,99049499.0,1393153377.0,19405546950.0,0.005104184862978,47.99068922594021,29.62616252616893,84.71974262548278,11.486770833333326,0.0351041666666649,-0.0579703423550945,0.0088090396151105,-0.0667793819702051,93.220338983051,39.00709219858161,11.27,11.58,77.01310361918036,63.81757974436441,6.948970439385523,8.71915724885585,10.489344058326177,12.259530867796505,14.029717677266833,1.9229527526383312,273623446591.8,273618211995.0,6.01158816,6.01158816,0.75019589,2.85508696,10.6913393,1.52101752,1
2023-02-22,1,11.48,11.58,11.43,11.49,63892239.0,895742534.0,19405546950.0,0.0032924729802578,57.39061821411886,38.880981088818906,94.40989246471877,11.523437499999996,0.0366666666666688,-0.0528366419432355,-0.0035200966965586,-0.0493165452466768,79.6296296296297,34.04255319148939,11.26,11.56,85.09135872708652,77.01310361918036,6.946303548131068,8.71581099138994,10.48531843464881,12.254825877907685,14.024333321166552,1.9222147575751096,272070973135.96,272065768239.0,5.97747986,5.97747986,0.74593946,2.83888789,10.63067921,1.51238763,1
2023-02-23,1,11.48,11.74,11.46,11.52,82449068.0,1165539851.0,19405546950.0,0.0042487371375018,61.5480833756226,46.4366818510868,91.7708864246942,11.519270833333328,-0.0041666666666664,-0.0458192226240505,-0.011979921882057,-0.0338393007419935,73.33333333333277,36.17021276595743,11.26,11.54,89.64489124974861,85.09135872708652,6.949569423899487,8.71990881920896,10.490248214518434,12.260587609827908,14.03092700513738,1.9231185065338128,272653150681.9,272647934647.5,5.99027047,5.99027047,0.74753562,2.84496254,10.65342674,1.51562384,1
2023-02-24,1,11.49,11.5,11.31,11.36,72998904.0,1012652972.0,19405546950.0,0.0037617545224614,57.01379074356573,49.962384815246445,71.1166026002043,11.497812499999991,-0.0214583333333351,-0.0525626209053253,-0.0200964616867107,-0.0324661592186146,23.809523809523405,24.822695035460963,11.26,11.53,78.06206917163979,89.64489124974861,6.94699272800209,8.716675733544278,10.486358739086464,12.256041744628652,14.02572475017084,1.9224054707665963,268966026224.28,268960880727.0,5.90926325,5.90926325,0.73742659,2.80648974,10.50935905,1.49512786,-1
2023-02-27,1,11.27,11.38,11.21,11.22,62146193.0,854854041.0,19405546950.0,0.0032024963357191,47.59823492493427,49.17433485180905,44.446035071184696,11.465624999999994,-0.0321874999999991,-0.0684149970982854,-0.0297601687690256,-0.0386548283292597,3.225806451612848,14.893617021276654,11.25,11.5,65.74286427429928,78.06206917163979,6.946581763803111,8.716160079965693,10.485738396128276,12.255316712290854,14.024895028453436,1.922291746763227,265667020130.62,265661937745.5,5.83678311,5.83678311,0.72838168,2.7720667,10.38045638,1.47678935,-1
2023-02-28,1,11.27,11.35,11.16,11.3,60793592.0,833316018.0,19405546950.0,0.0031327945641851,44.974165749042974,47.77427848422036,39.3739402786882,11.42010416666666,-0.0455208333333327,-0.0736735254876634,-0.0385428401127532,-0.0351306853749102,70.00000000000054,22.65625000000008,11.25,11.48,61.58230023887339,65.74286427429928,6.950418720105417,8.72097446587345,10.491530211641482,12.262085957409514,14.032641703177546,1.923353527892912,267413552768.44,267408436971.0,5.87515495,5.87515495,0.73317016,2.79029066,10.44869897,1.48649797,-1
2023-03-01,1,11.31,11.63,11.26,11.62,122345178.0,1719710647.0,19405546950.0,0.0063046498156033,57.83665844456741,51.128405137669375,71.25316505836349,11.442499999999994,0.0223958333333325,-0.0514268052743531,-0.0411196331450732,-0.0103071721292799,100.0,58.65384615384605,11.25,11.47,78.50463505115776,61.58230023887339,6.95053157938564,8.721116075025458,10.491700570665277,12.262285066305097,14.032869561944912,1.9233847588594923,274981860865.66,274976600281.5,6.04143292,6.04143292,0.75392026,2.86926115,10.74441687,1.52856867,-1
2023-03-02,1,11.58,11.84,11.53,11.67,101587684.0,1447565980.0,19405546950.0,0.0052349817431968,64.62614836475434,55.62765288003103,82.62313933420099,11.484687499999994,0.0421875000000007,-0.0294223742778925,-0.038780181371637,0.0093578070937445,100.0,68.74999999999996,11.25,11.47,86.32482347600268,78.50463505115776,6.946125238623371,8.715587259162248,10.485049279701125,12.254511300239995,14.023973320778872,1.922165414904618,276340275139.52,276334988568.0,6.07127769,6.07127769,0.75764464,2.88343535,10.79749444,1.53611982,-1
2023-03-03,1,11.76,11.78,11.59,11.71,69095439.0,985552121.0,19405546950.0,0.0035606025008225,70.04488322356177,60.43339632787461,89.26785701493607,11.52979166666666,0.0451041666666665,-0.0086562545595487,-0.0327553960092194,0.0240991414496706,100.0,95.8904109589042,11.26,11.48,94.59386042726122,86.32482347600268,6.945546280648538,8.714860816926368,10.484175353204195,12.253489889482026,14.022804425759851,1.9220052028500296,277310571049.42,277305265915.5,6.09259537,6.09259537,0.76030491,2.89355977,10.83540699,1.5415135,-1
2023-03-06,1,11.72,11.72,11.25,11.35,145582414.0,2023954547.0,19405546950.0,0.0075021031035664,56.010314305903904,58.95903565388437,50.11287160994297,11.501249999999995,-0.0285416666666655,-0.0210058045858101,-0.0304054777245375,0.0093996731387274,21.73913043478249,48.57142857142848,11.26,11.48,83.88151632391506,94.59386042726122,6.945888872286009,8.715290680657304,10.4846924890286,12.254094297399895,14.02349610577119,1.922100006467062,268771967042.3,268766825257.5,5.90499972,5.90499972,0.73689454,2.80446485,10.50177654,1.49404912,-1
2023-03-07,1,11.35,11.56,11.19,11.22,127926629.0,1773654737.0,19405546950.0,0.006592271237168,40.28138600785753,52.733152438542085,15.37785314648842,11.45947916666666,-0.0417708333333362,-0.0408123659501367,-0.0324868553696574,-0.0083255105804793,5.7692307692309726,30.000000000000075,11.25,11.47,71.55365360947795,83.88151632391506,6.946581763803111,8.716160079965693,10.485738396128276,12.255316712290854,14.024895028453436,1.922291746763227,265667020130.62,265661937745.5,5.83678311,5.83678311,0.72838168,2.7720667,10.38045638,1.47678935,-1
2023-03-08,1,11.17,11.18,10.99,11.09,109689791.0,1479838980.0,19405546950.0,0.0056524967465552,30.77582596602265,45.41404361436894,1.4993906693300687,11.379270833333326,-0.0802083333333332,-0.0662355993159184,-0.0392366041589096,-0.0269989951570088,27.77777777777772,13.888888888888829,11.24,11.46,63.42829940389463,71.55365360947795,6.947291030956666,8.717050026454492,10.486809021952316,12.256568017450142,14.026327012947966,1.922488018604816,262562073218.94,262557050233.5,5.76856651,5.76856651,0.71986882,2.73966855,10.25913622,1.45952958,-1
2023-03-09,1,11.1,11.13,10.76,10.82,173606476.0,2305765842.0,19405546950.0,0.0089462294697135,22.36906916253364,37.732385463757176,-8.357563439913449,11.276770833333323,-0.1025000000000009,-0.1069377268894982,-0.0527768287050273,-0.0541608981844708,13.04347826086965,6.315789473684256,11.22,11.42,54.74343866075958,63.42829940389463,6.947604261403519,8.717443049499426,10.487281837595331,12.257120625691236,14.02695941378714,1.9225746972509896,256158120213.6,256153219740.0,5.62786976,5.62786976,0.70231104,2.67284737,1.90350236,1.42393129,-1
2023-03-10,1,10.66,10.88,10.66,10.77,85699610.0,1128558360.0,19405546950.0,0.004416242954698,18.02005740779077,31.161609445101707,-8.263046666831109,11.179374999999991,-0.0973958333333335,-0.1415967986136479,-0.0705408226867514,-0.0710559759268964,25.58139534883709,10.476190476190414,11.19,11.38,48.99244046288956,54.74343866075958,6.947076494064335,8.716780838246507,10.486485182428678,12.25618952661085,14.025893870793022,1.9224286509170048,254993765121.72,254988886923.0,5.60228854,5.60228854,0.69911872,2.66069806,1.89485008,1.41745888,-1
2023-03-13,1,10.76,10.9,10.66,10.7,100063496.0,1309490079.0,19405546950.0,0.0051564378091388,13.14331510801868,25.15551133274069,-10.881077341425351,11.077812499999991,-0.1015625,-0.172721748840674,-0.0909770079175359,-0.081744740923138,24.99999999999945,3.809523809523726,11.16,11.33,42.76577235456452,48.99244046288956,6.949523196851599,8.71985081624245,10.4901784356333,12.26050605502415,14.030833674415,1.923105714361252,253247232483.9,253242387697.5,5.5639167,5.5639167,0.69433023,2.6424741,1.88187166,1.40775026,-1
2023-03-14,1,10.65,10.66,10.44,10.55,114907558.0,1474124199.0,19405546950.0,0.0059213769287755,11.3812576910601,20.564093452180497,-6.984413831180689,10.99510416666666,-0.0827083333333327,-0.2071048665531236,-0.1142025796446535,-0.0929022869084701,33.33333333333369,8.661417322834732,11.13,11.27,39.68739360900567,42.76577235456452,6.9479335422887765,8.717856211685486,10.487778881082193,12.2577015504789,14.027624219875609,1.922665817452208,249754167208.26,249749389246.5,5.48717302,5.48717302,0.68475327,2.60602619,1.85591481,1.38833301,-1
2023-03-15,1,10.7,10.8,10.61,10.7,97936372.0,1278262225.0,19405546950.0,0.0050468235836042,14.055166818915684,18.394451241092227,5.3765979745626,10.94760416666666,-0.0474999999999994,-0.2197172252560033,-0.1353055087669234,-0.0844117164890798,100.0,20.47244094488185,11.11,11.21,48.236522102852334,39.68739360900567,6.949523196851599,8.71985081624245,10.4901784356333,12.26050605502415,14.030833674415,1.923105714361252,253247232483.9,253242387697.5,5.5639167,5.5639167,0.69433023,2.6424741,1.88187166,1.40775026,-1
2023-03-16,1,10.57,10.68,10.49,10.51,91679249.0,1182054434.0,19405546950.0,0.0047243836639193,11.19302787927713,15.993976787153862,1.5911300635236645,10.881249999999994,-0.0663541666666649,-0.2422514980259968,-0.1566947066187381,-0.0855567914072587,26.92307692307705,5.511811023622064,11.09,11.15,43.844786246233184,48.236522102852334,6.948585951615372,8.718674816334739,10.488763681054104,12.25885254577347,14.028941410492836,1.922846355320568,248783871298.36,248779111899.0,5.46585533,5.46585533,0.682093,2.59590176,1.84870457,1.38293933,-1
2023-03-17,1,10.65,10.69,10.37,10.45,155681414.0,2000832408.0,19405546950.0,0.008022521313165,9.70291494472817,13.896956173011963,1.314832488160576,10.823958333333326,-0.0572916666666678,-0.2619321789936446,-0.1777422010937194,-0.0841899778999251,24.24242424242426,5.970149253731341,11.06,11.08,41.06144318169788,43.844786246233184,6.946848832562149,8.71649518205407,10.486141531545991,12.255787881037913,14.025434230529832,1.922365651323596,247425457024.5,247420723612.5,5.43601057,5.43601057,0.67836862,2.58172757,1.83861024,1.37538818,-1
2023-03-20,1,10.46,10.53,10.29,10.3,118881633.0,1505893659.0,19405546950.0,0.0061261676007539,6.843141798358164,11.54568471479403,-2.5619440345135693,10.730624999999993,-0.0933333333333337,-0.2863323458031281,-0.1994602300356011,-0.0868721157675269,4.545454545455243,0.7042253521127853,11.03,11.01,34.0510719993154,41.06144318169788,6.945182942363224,8.714404921528363,10.4836269006935,12.25284887985864,14.02207085902378,1.9219046581201336,243932391748.86,243927725161.5,5.35926689,5.35926689,0.66879165,2.54527966,1.81265339,1.35597094,-1
2023-03-21,1,10.37,10.48,10.25,10.41,84074317.0,1060914056.0,19405546950.0,0.0043324889124034,10.622700592844836,11.238023340810964,9.392055096912582,10.67479166666666,-0.055833333333334,-0.2934113101603799,-0.2182504460605569,-0.0751608640998229,80.00000000000036,10.958904109589044,11.0,10.94,37.66014066114124,34.0510719993154,6.947503135874994,8.717316163165288,10.48712919045558,12.256942217745872,14.026755245036169,1.922546713305003,246455161114.6,246450446265.0,5.41469288,5.41469288,0.67570835,2.57160315,1.8314,1.3699945,-1
2023-03-22,1,10.45,10.56,10.42,10.49,87669077.0,1121080753.0,19405546950.0,0.0045177328536983,19.3894927029222,13.955179794848044,30.25811851907052,10.650833333333326,-0.0239583333333328,-0.2892320222903013,-0.2324467613065058,-0.0567852609837954,100.0,16.438356164383567,10.97,10.89,45.67337310866954,37.66014066114124,6.951630605330501,8.722495067801065,10.49335953027163,12.264223992742192,14.035088455212756,1.9236888866413453,248201693752.42,248196945490.5,5.45306472,5.45306472,0.68049684,2.58982711,1.84437843,1.37970313,1
2023-03-23,1,10.41,10.58,10.35,10.58,80430604.0,1029380497.0,19405546950.0,0.0041447223418765,29.84940539169172,19.25325499379593,51.041706187483285,10.65135416666666,0.0005208333333328,-0.2754820728503215,-0.2410538236152689,-0.0344282492350525,100.0,22.602739726027387,10.95,10.84,65.01425089842624,45.67337310866954,6.951486771340705,8.722314593414866,10.493142415489029,12.263970237563187,14.034798059637348,1.923649084203126,250336344754.2,250331555655.0,5.49996363,5.49996363,0.68634943,2.61210084,1.86024095,1.39156922,1
2023-03-24,1,10.53,10.54,10.46,10.51,62151875.0,796319542.0,19405546950.0,0.0032027891385973,35.65717935203687,24.72122977987625,57.5290784963581,10.636249999999992,-0.0151041666666653,-0.2671539691825284,-0.2462738527287208,-0.0208801164538075,69.56521739130429,17.808219178082165,10.93,10.79,75.43108963168031,65.01425089842624,6.948585951615372,8.718674816334739,10.488763681054104,12.25885254577347,14.028941410492836,1.922846355320568,248783871298.36,248779111899.0,5.46585533,5.46585533,0.682093,2.59590176,1.84870457,1.38293933,1
2023-03-27,1,10.49,10.5,10.21,10.33,100842214.0,1266945056.0,19405546950.0,0.005196566438443,30.551113918307024,26.664524492686507,38.32429276954806,10.594895833333323,-0.0413541666666681,-0.2719435863182173,-0.2514077994466202,-0.0205357868715971,32.43243243243229,7.999999999999948,10.9,10.75,71.4666170630316,75.43108963168031,6.94882732115209,8.718977672558418,10.489128023964746,12.259278375371071,14.029428726777398,1.92291314826768,244514569294.8,244509891570.0,5.3720575,5.3720575,0.67038781,2.55135431,1.81697953,1.35920714,1
2023-03-28,1,10.38,10.44,10.29,10.36,67386843.0,851797869.0,19405546950.0,0.003472555716859,30.784075945537943,28.037708310303653,36.27681121600653,10.558749999999993,-0.0361458333333324,-0.2702039007542325,-0.2551670197081426,-0.0150368810460898,49.9999999999997,9.999999999999906,10.88,10.7,70.554318100846,71.4666170630316,6.946954024528328,8.716627170713748,10.486300316899166,12.255973463084583,14.025646609270003,1.922394760553903,245290806022.72,245286113448.0,5.38911165,5.38911165,0.67251603,2.55945385,1.82274772,1.36352209,1
2023-03-29,1,10.44,10.44,10.25,10.27,59606433.0,750687551.0,19405546950.0,0.0030716182931396,24.689383963691885,26.9216001947664,20.22495150154286,10.510937499999994,-0.0478124999999991,-0.272941139691234,-0.2587218437047609,-0.014219295986473,39.99999999999952,3.9999999999999134,10.87,10.66,63.6778550545213,70.554318100846,6.947061050436565,8.716761460495487,10.48646187055441,12.25616228061333,14.025862690672252,1.922424377281538,243156155020.94,243151503283.5,5.34221274,5.34221274,0.66666344,2.53718012,1.8068852,1.35165599,1
2023-03-30,1,10.29,10.42,10.17,10.39,82454624.0,1035422932.0,19405546950.0,0.0042490234473911,34.345768170916585,29.396322853483127,44.2446588057835,10.498333333333326,-0.0126041666666676,-0.2624026102009509,-0.2594579970039989,-0.0029446131969519,100.0,14.285714285714318,10.85,10.62,71.42643336937192,63.6778550545213,6.945092546810163,8.714291498533028,10.483490450255893,12.252689401978754,14.021888353701618,1.9218796434249208,246067042750.64,246062335326.0,5.4061658,5.4061658,0.67464424,2.56755338,1.82851591,1.36783703,1
2023-03-31,1,10.4,10.47,10.26,10.27,86549166.0,1092263437.0,19405546950.0,0.0044600219835597,31.027260081424032,29.939968596130097,33.2018430520119,10.459062499999993,-0.0392708333333331,-0.2607282339883241,-0.2597120444008639,-0.0010161895874601,45.45454545454516,6.493506493506467,10.82,10.59,68.69480585220609,71.42643336937192,6.947061050436565,8.716761460495487,10.48646187055441,12.25616228061333,14.025862690672252,1.922424377281538,243156155020.94,243151503283.5,5.34221274,5.34221274,0.64531717,2.53718012,1.8068852,1.35165599,1
2023-04-03,1,10.29,10.4,10.21,10.39,74042886.0,934285179.0,19405546950.0,0.0038155526453739,38.57101891607135,32.81698536944385,50.07908600932636,10.452083333333324,-0.0069791666666674,-0.2468724892748603,-0.2571441333756632,0.0102716441008028,100.0,18.64406779661023,10.81,10.56,77.55715432106038,68.69480585220609,6.9505740621997605,8.721169379948817,10.491764697697873,12.262360015446928,14.032955333195984,1.9233965149095529,245872983568.66,245868279856.5,5.40190227,5.40190227,0.65252742,2.5655285,1.82707386,1.3667583,1
2023-04-04,1,10.36,10.43,10.32,10.37,64745722.0,817726527.0,19405546950.0,0.0033364543739386,41.974175212340185,35.86938198374263,54.1837616695353,10.437395833333326,-0.014687499999999,-0.2347989287241443,-0.2526750924453594,0.0178761637212151,88.88888888888812,19.04761904761897,10.79,10.53,83.18282338759849,77.55715432106038,6.948162611546406,8.71814363424622,10.488124656946033,12.258105679645844,14.028086702345655,1.9227292066065216,245484865204.7,245480168917.5,5.39337519,5.39337519,0.65149738,2.56147873,1.82418977,1.36460082,1
2023-04-06,1,10.33,10.34,10.25,10.31,56332130.0,706480660.0,19405546950.0,0.0029028880322283,40.59539608750615,37.444720018330464,46.89674822585751,10.424687499999994,-0.0127083333333324,-0.2274501399311432,-0.2476301019425162,0.0201799620113729,55.55555555555544,15.217391304347888,10.77,10.5,80.14947666456746,83.18282338759849,6.946399662283636,8.715931589745825,10.485463517208013,12.2549954446702,14.024527372132386,1.922241354748872,244126450930.84,244121780631.0,5.36353043,5.36353043,0.64789226,2.54730454,1.81409544,1.35704967,1
2023-04-07,1,10.3,10.4,10.25,10.35,60792526.0,767354797.0,19405546950.0,0.0031327396314382,45.24541557348891,40.04495187004995,55.64634298036684,10.409270833333323,-0.0154166666666686,-0.2159096342963842,-0.2412860084132898,0.0253763741169056,83.33333333333358,27.69230769230764,10.75,10.48,84.67123745740075,80.14947666456746,6.951247272466444,8.722014084387835,10.492780896309226,12.263547708230616,14.034314520152009,1.923582808914789,244902687658.76,244898002509.0,5.38058458,5.38058458,0.64995233,2.55540408,1.81986362,1.36136462,1
2023-04-10,1,10.36,10.41,10.31,10.39,64018181.0,809943148.0,19405546950.0,0.003298962980273,54.6080548267704,44.89931952229009,74.02552543573101,10.39885416666666,-0.010416666666666,-0.2012165357586504,-0.2332721138823619,0.0320555781237115,100.0,36.66666666666679,10.74,10.46,92.44449713003574,84.67123745740075,6.945092546810163,8.714291498533028,10.483490450255893,12.252689401978754,14.021888353701618,1.9218796434249208,246067042750.64,246062335326.0,5.4061658,5.4061658,0.65304244,2.56755338,1.82851591,1.36783703,1
2023-04-11,1,10.41,10.43,10.26,10.28,77777962.0,978302908.0,19405546950.0,0.0040080273027295,48.62759210673573,46.14207705043864,53.598622219329926,10.38072916666666,-0.0181249999999995,-0.1961867117104709,-0.2258550334479837,0.0296683217375127,21.428571428570883,20.754716981131992,10.72,10.45,82.0661459763785,92.44449713003574,6.948280153746422,8.718291119249105,10.488302084751789,12.258313050254472,14.028324015757155,1.9227617334533464,243350214202.92,243345558753.0,5.34647628,5.34647628,0.64583219,2.539205,1.80832725,1.35273473,1
2023-04-12,1,10.31,10.32,10.21,10.23,90995706.0,1136997696.0,19405546950.0,0.0046891595601225,39.08506140449053,43.78973850178927,29.675707209893048,10.349270833333328,-0.0314583333333331,-0.1939988243597845,-0.2194837916303439,0.0254849672705593,11.111111111110892,11.32075471698124,10.7,10.43,71.31238347746941,82.0661459763785,6.947727738174427,8.717597980850986,10.487468223527545,12.257338466204102,14.02720870888066,1.922608866341012,242185859111.04,242181225936.0,5.32089505,5.32089505,0.64274208,2.5270557,1.79967496,1.34626231,1
2023-04-13,1,10.17,10.39,10.08,10.3,113159146.0,1413919037.0,19405546950.0,0.005831278360335,44.86012640641252,44.146534469997015,46.28731027924353,10.332812499999994,-0.0164583333333325,-0.1844898092062852,-0.2124849951455321,0.0279951859392469,100.0,35.483870967742085,10.68,10.41,77.1927150677165,71.31238347746941,6.950712549600928,8.721343145751721,10.491973741902514,12.26260433805331,14.033234934204105,1.923434837813874,243738332566.88,243733669692.0,5.35500335,5.35500335,0.64686222,2.54325477,1.81121134,1.3548922,1
2023-04-14,1,10.33,10.58,10.31,10.4,129799484.0,1653539531.0,19405546950.0,0.0066887825596691,51.2400842709417,46.51105107031191,60.69815067220128,10.34354166666666,0.0107291666666657,-0.1669600701634443,-0.2033800101491146,0.0364199399856702,100.0,64.00000000000006,10.66,10.4,82.38771628732643,77.1927150677165,6.946298791141777,8.715805022601034,10.48531125406029,12.254817485519547,14.024323716978804,1.922213441197996,246261101932.62,246256390795.5,5.41042934,5.41042934,0.65355745,2.56957827,1.82995796,1.36891577,1
2023-04-17,1,10.38,10.61,10.33,10.6,130421259.0,1669357649.0,19405546950.0,0.0067208236560423,66.8644586963511,53.29552027899164,94.00233553107,10.390624999999991,0.0470833333333331,-0.1353688493160501,-0.1897777779825017,0.0544089286664516,100.0,100.0,10.66,10.4,96.21771307746218,82.38771628732643,6.948468340666555,8.71852724506992,10.488586149473283,12.25864505387665,14.028703958280015,1.922813809449242,250918522300.14,250913722063.5,5.51275425,5.51275425,0.66591788,2.61817549,1.86456709,1.39480543,1
2023-04-18,1,10.6,10.82,10.57,10.66,153893615.0,2009934875.0,19405546950.0,0.0079303930673286,70.70243192369351,59.09782416055893,93.91164744996269,10.438645833333329,0.048020833333334,-0.1042889030758846,-0.1726800030011783,0.0683910999252936,100.0,100.0,10.66,10.4,102.39347416838616,96.21771307746218,6.950172686874565,8.720665757922113,10.49115882896966,12.261651900017208,14.032144971064756,1.9232854443857736,252276936574.0,252272110350.0,5.54259901,5.54259901,0.669523,2.63234968,1.87466142,1.40235658,1
2023-04-19,1,10.67,10.71,10.52,10.53,101437815.0,1309536002.0,19405546950.0,0.0052272587452115,67.40522488606591,61.86695773572793,78.48175918674185,10.46354166666666,0.024895833333332,-0.0891204106874266,-0.1559680845384279,0.0668476738510013,60.606060606060375,77.58620689655159,10.65,10.41,97.8995181762381,102.39347416838616,6.945555501501242,8.714872386707157,10.48418927191307,12.253506157118984,14.022823042324898,1.9220077544890448,249366048844.3,249361278307.5,5.47864595,5.47864595,0.66179774,2.60197642,1.85303071,1.38617554,1
2023-04-20,1,10.58,10.58,10.35,10.45,81178841.0,1033330704.0,19405546950.0,0.0041832802347269,61.60348325737724,61.77913290961103,61.25218395290965,10.460833333333326,-0.0027083333333326,-0.0826024133951897,-0.1412949503097803,0.0586925369145906,32.25806451612887,63.79310344827572,10.65,10.42,89.04577969696552,97.8995181762381,6.946848832562149,8.71649518205407,10.486141531545991,12.255787881037913,14.025434230529832,1.922365651323596,247425457024.5,247420723612.5,5.43601057,5.43601057,0.65664756,2.58172757,1.83861024,1.37538818,1
2023-04-21,1,10.41,10.52,10.23,10.25,91866839.0,1160509766.0,19405546950.0,0.0047340504875591,48.72664649590914,57.428304105043736,31.32333127763997,10.419999999999996,-0.0408333333333317,-0.0925087982699874,-0.1315377199018217,0.0390289216318342,6.666666666666548,29.310344827586192,10.64,10.42,75.7829462351191,89.04577969696552,6.950172680353996,8.720665749740489,10.49115881912698,12.261651888513471,14.032144957899964,1.9232854425813704,242573977475.0,242569336875.0,5.32942213,5.32942213,0.64377212,2.53110546,1.80255906,1.34841979,1
2023-04-24,1,10.23,10.25,9.86,9.92,146767192.0,1798133967.0,19405546950.0,0.0075631566777353,34.56776433060611,49.8081241802312,4.087044631355937,10.337083333333329,-0.0829166666666676,-0.1255407659266527,-0.1303383291067879,0.0047975631801351,10.169491525423815,7.500000000000055,10.62,10.4,65.61909274299113,75.7829462351191,6.948771720792408,8.718907908514463,10.48904409623652,12.259180283958576,14.029316471680632,1.922897762266885,234811610195.8,234807118095.0,5.15888062,5.15888062,0.62317141,2.45011009,1.74487717,1.30527035,-1
2023-04-25,1,9.95,10.14,9.94,10.07,130190082.0,1595320170.0,19405546950.0,0.0067089107220448,30.33684288707076,43.31769708251105,4.375134496190185,10.273958333333326,-0.0631250000000012,-0.1380240367012284,-0.131875470625676,-0.0061485660755523,53.84615384615399,26.25000000000008,10.6,10.38,63.10666217378862,65.61909274299113,7.217985158258212,9.056701012578516,10.895416866898818,12.734132721219122,14.572848575539425,1.9973958084361352,238304675471.44,238300116546.0,5.0415646,5.2356243,0.63244173,2.48655801,2.46689657,1.33290456,-1
2023-04-26,1,10.04,10.04,9.83,9.94,99126040.0,1197555724.0,19405546950.0,0.0051081291475786,23.928265628417524,36.85455326447988,-1.924309643707176,10.203020833333326,-0.0709374999999994,-0.1566018239268789,-0.1368207412859166,-0.0197810826409623,45.83333333333306,13.2530120481927,10.58,10.35,57.181563775905815,63.10666217378862,7.218860438187003,9.05779926208216,10.896738085977317,12.735676909872474,14.57461573376763,1.9976380201368584,235199728559.76,235195229034.0,4.97587646,5.16740769,0.62420144,2.45415986,2.43475459,1.31553773,-1
2023-04-27,1,9.89,10.12,9.84,10.05,100409337.0,1222755932.0,19405546950.0,0.0051742595691176,23.35958449301911,32.35623034065962,5.366292797738083,10.18354166666666,-0.0194791666666667,-0.1605975053837056,-0.1415760941054744,-0.0190214112782312,91.66666666666686,26.506024096385616,10.57,10.32,62.20005331178167,57.181563775905815,7.215401008645215,9.0534585744322,10.89151614021918,12.729573706006164,14.567631271793148,1.9966807100406407,237916557107.48,237912005607.0,5.03335358,5.22709722,0.63141169,2.48250824,2.46287882,1.33073371,-1
2023-04-28,1,10.05,10.48,10.02,10.29,144525434.0,1816868033.0,19405546950.0,0.0074476351721691,31.061271816894862,31.924577499404705,29.334660451875187,10.19416666666666,0.0106249999999992,-0.1427525548967914,-0.1418113862637378,-0.0009411686330535,100.0,55.42168674698784,10.57,10.3,71.41041884505162,62.20005331178167,7.216997089866624,9.05546124278038,10.893925395694136,12.732389548607893,14.570853701521647,1.997122385365772,243544273384.9,243539614222.5,5.15241333,5.35073981,0.64634721,2.54122989,2.52113615,1.3622111,-1
2023-05-04,1,10.17,10.52,9.99,10.44,147826438.0,1863146144.0,19405546950.0,0.0076177413798687,43.81357515065714,35.887576716488844,59.66557201899373,10.247812499999991,0.0536458333333325,-0.1151788466247438,-0.136484878335939,0.0213060317111951,100.0,73.49397590361438,10.57,10.29,84.00501575758537,71.41041884505162,7.218666464086612,9.057555874849726,10.896445285612838,12.73533469637595,14.574224107139065,1.9975843426844155,247037338660.54,247032612673.5,5.22631249,5.42748349,0.65561752,2.57767781,2.55729587,1.38174879,-1
2023-05-05,1,10.48,10.75,10.45,10.58,176218865.0,2283981032.0,19405546950.0,0.0090808502050492,56.38296314391636,42.71937219229801,83.71014504715305,10.325520833333323,0.0777083333333337,-0.081094843316162,-0.1254068713319836,0.0443120280158216,100.0,90.36144578313252,10.57,10.29,92.65447923608048,84.00501575758537,7.213471275045161,9.05103725880652,10.888603242567877,12.726169226329231,14.563735210090591,1.996146704813471,250530403936.18,250525611124.5,5.30021164,5.50422717,0.66488784,2.61412572,2.5934556,1.40128648,-1
2023-05-08,1,10.61,11.06,10.53,10.92,263071861.0,3478891629.0,19405546950.0,0.0135565290521223,67.12793748889816,50.85556062449806,99.67269121769831,10.426874999999992,0.1013541666666668,-0.0263441872388838,-0.1055943345133636,0.0792501472744798,100.0,100.0,10.59,10.32,101.58221731867344,92.65447923608048,7.216112484041665,9.05435129169362,10.892590099345574,12.730828906997528,14.56906771464948,1.9968775929578977,258486830397.36,258481885374.0,5.4685375,5.67903222,0.68600357,2.69714598,2.67581941,1.44578899,-1
2023-05-09,1,10.99,11.15,10.76,10.79,242253445.0,3238716471.0,19405546950.0,0.0124837215680746,68.99438256835633,56.90183460578415,93.17947849350068,10.498333333333324,0.0714583333333322,0.0064814742146968,-0.0831791727677515,0.0896606469824483,72.34042553191476,88.07339449541277,10.59,10.35,104.23347507401034,101.58221731867344,7.216895824835656,9.055334181406826,10.893772537977997,12.732210894549166,14.570649251120336,1.9970943628159936,255381883485.68,255376997862.0,5.40284936,5.61081561,0.67776328,2.66474783,2.64367743,1.42842216,-1
2023-05-10,1,10.8,10.87,10.49,10.53,123705339.0,1600189994.0,19405546950.0,0.0063747411664683,63.673022722338544,59.15889731130229,72.70127354441105,10.516874999999992,0.0185416666666675,0.0113849813453992,-0.0642663419451214,0.0756513232905206,9.302325581395158,64.22018348623847,10.59,10.38,90.62865893354666,104.23347507401034,7.218521073961361,9.057373447916763,10.896225821872166,12.735078195827567,14.57393056978297,1.9975441096248563,249171989662.32,249167222838.0,5.27147308,5.47438241,0.66128272,2.59995153,2.57939348,1.39368849,-1
2023-05-11,1,10.62,10.76,10.49,10.53,90375844.0,1166479365.0,19405546950.0,0.0046572170438102,60.12544949166002,59.48108137142153,61.414185732137,10.497499999999992,-0.0193750000000001,0.015097017059249,-0.0483936701442473,0.0634906872034963,13.333333333333096,64.22018348623847,10.59,10.4,77.80992194799008,90.62865893354666,7.212903545959685,9.050324905917096,10.887746265874505,12.725167625831917,14.562588985789324,1.9959896000715247,249366048844.3,249361278307.5,5.27557859,5.47864595,0.66179774,2.60197642,2.58140235,1.39477391,-1
2023-05-12,1,10.51,10.55,10.34,10.35,88560368.0,1124579091.0,19405546950.0,0.0045636625562878,53.060732231081225,57.34096499130809,44.500266710627486,10.458958333333324,-0.0385416666666671,0.00347428701102,-0.0380200787131938,0.0414943657242138,5.263157894736744,47.70642201834859,10.59,10.41,65.68484574308158,77.80992194799008,7.218814402679093,9.057741499448689,10.896668596218282,12.735595692987877,14.57452278975747,1.9976252809681672,244902687658.76,244898002509.0,5.18115189,5.38058458,0.64995233,2.55540408,2.53519827,1.36980909,-1
2023-05-15,1,10.39,10.53,10.21,10.52,92832563.0,1173804243.0,19405546950.0,0.0047838158460151,50.60370654485873,55.09521217582497,41.62069528292625,10.470312499999991,0.0113541666666669,0.0078898200272394,-0.0288380989651071,0.0367279189923466,96.87500000000006,63.30275229357794,10.59,10.42,68.10571420622512,65.68484574308158,7.217286820027256,9.05582477905562,10.894362738083986,12.732900697112347,14.571438656140714,1.9972025608989348,248977930480.34,248973167368.5,5.26736757,5.47011887,0.6607677,2.59792665,2.57738461,1.39260306,-1
2023-05-16,1,10.49,10.59,10.3,10.35,99830169.0,1267712090.0,19405546950.0,0.0051444140820777,44.08063194944603,51.42368543369866,29.394524980940773,10.437395833333326,-0.0329166666666651,-0.0023018828236107,-0.0235308557368079,0.0212289729131971,45.16129032258044,47.70642201834859,10.59,10.43,64.03285408628143,68.10571420622512,7.218814402679093,9.057741499448689,10.896668596218282,12.735595692987877,14.57452278975747,1.9976252809681672,244902687658.76,244898002509.0,5.18115189,5.38058458,0.64995233,2.55540408,2.53519827,1.36980909,-1
2023-05-17,1,10.31,10.36,10.2,10.24,75462120.0,945315193.0,19405546950.0,0.0038886881258453,30.790596738227208,44.54598920187484,3.279811810931946,10.409999999999991,-0.027395833333335,-0.0190355316916726,-0.0226317909277808,0.0035962592361082,12.500000000000275,37.61467889908258,10.59,10.43,56.29902184636464,64.03285408628143,7.216429934552501,9.054749609825327,10.893069285098152,12.731388960370976,14.569708635643805,1.9969654394006136,242379918293.02,242375281405.5,5.12778028,5.32515859,0.6432571,2.52908058,2.50908291,1.35569854,-1
2023-05-18,1,10.3,10.36,10.19,10.24,68718687.0,861347534.0,19405546950.0,0.0035411878457772,22.263175603262606,37.118384669004094,-7.447242528220372,10.378124999999992,-0.0318749999999994,-0.0319290112128971,-0.0244912349848041,-0.007437776228093,31.250000000000416,37.61467889908258,10.59,10.42,50.32638065314418,56.29902184636464,7.216429934552501,9.054749609825327,10.893069285098152,12.731388960370976,14.569708635643805,1.9969654394006136,242379918293.02,242375281405.5,5.12778028,5.32515859,0.6432571,2.52908058,2.50908291,1.35569854,-1
2023-05-19,1,10.19,10.2,10.1,10.12,68841368.0,851165594.0,19405546950.0,0.0035475098010571,15.477037703762358,29.90460234725685,-13.378091583226627,10.337187499999992,-0.0409375,-0.051239526379522,-0.0298408932637476,-0.0213986331157743,14.285714285713922,26.605504587155888,10.58,10.41,42.85065256469359,50.32638065314418,7.218554403458775,9.05741526779951,10.896276132140242,12.735136996480977,14.57399786082171,1.9975533327247896,239469030563.32,239464449363.0,5.06619765,5.26120552,0.63553183,2.49870731,2.47894981,1.33941713,-1
2023-05-22,1,10.09,10.21,10.09,10.15,54932785.0,679754868.0,19405546950.0,0.0028307774648938,12.882127699944158,24.23044413148596,-9.81450516313943,10.313749999999992,-0.0234375,-0.0633917587593053,-0.0365510663628592,-0.0268406923964461,40.00000000000024,29.357798165137645,10.58,10.39,41.48134152678054,42.85065256469359,7.2165608546643005,9.054913880640951,10.8932669066176,12.731619932594247,14.569972958570895,1.997001668247974,240245267291.24,240240671241.0,5.08261969,5.27825967,0.6375919,2.50680685,2.4869853,1.34375884,-1
2023-05-23,1,10.15,10.17,10.01,10.01,69436436.0,852871175.0,19405546950.0,0.0035781746414521,8.588085133296106,19.01632446542267,-12.26839353095702,10.257395833333325,-0.0563541666666669,-0.0833584165068934,-0.045912536391666,-0.0374458801152273,0.0,16.513761467889886,10.56,10.36,34.02669096192882,41.48134152678054,7.216112486440881,9.054351294704016,10.892590102967146,12.730828911230278,14.56906771949341,1.9968775936218204,236946261197.58,236941728259.5,5.01282604,5.20577953,0.6288366,2.47238382,2.45283446,1.32530657,-1
2023-05-24,1,10.0,10.01,9.85,9.85,82425088.0,996600578.0,19405546950.0,0.0042475014083537,5.725390088864071,14.586013006569804,-11.9958557465474,10.183958333333324,-0.0734375000000007,-0.1108153886281435,-0.0588931068389615,-0.0519222817891819,0.0,1.834862385321062,10.54,10.33,27.65185642472403,34.02669096192882,7.219017652704454,9.057996525563336,10.896975398422216,12.735954271281097,14.574933144139976,1.9976815252994893,233065077557.98,233060618869.5,4.93071587,5.12050878,0.61853625,2.43188613,2.41265699,1.30359803,-1
2023-05-25,1,9.83,9.84,9.68,9.78,88274430.0,1050002542.0,19405546950.0,0.0045489276971912,7.47993038891303,12.217318800684213,-1.9948464346293344,10.103749999999993,-0.0802083333333332,-0.1366484535250975,-0.0744441761761887,-0.0622042773489088,30.303030303030187,8.064516129032228,10.51,10.29,27.411042792392365,27.65185642472403,7.215780137160797,9.053934282477544,10.892088427794292,12.730242573111038,14.568396718427785,1.9967856243195257,231512604102.14,231508175113.5,4.8978718,5.08640048,0.61441611,2.41568706,2.396586,1.29491461,-1
2023-05-26,1,9.78,9.94,9.71,9.92,51142864.0,613772897.0,19405546950.0,0.0026354765537798,13.77782905048415,12.73748888395086,15.858509383550732,10.063854166666658,-0.0398958333333325,-0.144162695783109,-0.0883878800975728,-0.0557748156855362,100.0,19.35483870967744,10.48,10.25,35.451592660839296,27.411042792392365,7.216243564743764,9.054515764008457,10.892787963273143,12.731060162537837,14.569332361802523,1.996913866244584,234811610195.8,234807118095.0,4.96766544,5.15888062,0.62317141,2.45011009,2.43073685,1.31336688,-1
2023-05-29,1,9.93,9.94,9.8,9.82,56607382.0,680275578.0,19405546950.0,0.0029170722240323,16.04796446502868,13.840980744310135,20.461931906465768,10.027499999999993,-0.0363541666666673,-0.1563842508766146,-0.1019871542533812,-0.0543970966232334,58.33333333333352,11.290322580645205,10.44,10.21,40.31184041957965,35.451592660839296,7.215053417602322,9.053022437742928,10.890991457883532,12.728960478024137,14.56692949816474,1.9965845229639283,232482900012.04,232478452461.0,4.91839934,5.10771817,0.6169912,2.42581148,2.40663037,1.30034175,-1
2023-05-30,1,9.82,9.83,9.67,9.73,76399692.0,906316374.0,19405546950.0,0.0039370027650779,13.597193701323496,13.75971839664792,13.272144310674644,9.987499999999992,-0.0399999999999991,-0.1713568738031341,-0.1158610981633317,-0.0554957756398023,24.0000000000002,4.80000000000004,10.41,10.17,38.781625989500895,40.31184041957965,7.215177206493322,9.053177760724324,10.891178314955328,12.72917886918633,14.56717942341733,1.996618778425334,230348249010.26,230343842296.5,4.87323875,5.06081925,0.611326,2.40353775,2.38453276,1.28840205,-1
2023-05-31,1,9.69,9.71,9.49,9.51,117958671.0,1376758357.0,19405546950.0,0.0060786058390382,9.990721726808236,12.503386173368026,4.965392833688654,9.907187499999992,-0.0803124999999997,-0.1986846339443868,-0.1324258053195428,-0.066258828624844,6.06060606060593,1.398601398601369,10.37,10.11,32.58294315840821,38.781625989500895,7.216180851933209,9.05443707568167,10.892693299430132,12.730949523178593,14.569205746927054,1.9968965120519395,225108651096.8,225104344620.0,4.76239001,4.94570373,0.59742052,2.34886587,2.33029318,1.25909552,-1
2023-06-01,1,9.51,9.58,9.43,9.5,74302293.0,861646489.0,19405546950.0,0.003828920318064,9.65193414265849,11.552902163131517,5.8499981017124405,9.84229166666666,-0.0648958333333329,-0.2186287806767719,-0.1496664003909886,-0.0689623802857833,23.33333333333337,4.697986577181227,10.34,10.06,29.95813983981239,32.58294315840821,7.214812527498093,9.052720183082789,10.890627838667486,12.72853549425218,14.566443149836877,1.9965178626876976,224914591914.82,224910289150.5,4.7582845,4.94144019,0.59690551,2.34684099,2.3282843,1.25801009,-1
2023-06-02,1,9.58,9.81,9.54,9.78,122184253.0,1446502669.0,19405546950.0,0.0062963570836121,22.20038852753807,15.102064284600369,36.39703701341348,9.835208333333323,-0.0070833333333339,-0.2094268582514118,-0.1616184919630732,-0.0478083662883385,100.0,23.48993288590601,10.31,10.02,48.21691498521625,29.95813983981239,7.215780137160797,9.053934282477544,10.892088427794292,12.730242573111038,14.568396718427785,1.9967856243195257,231512604102.14,231508175113.5,4.8978718,5.08640048,0.61441611,2.41568706,2.396586,1.29491461,-1
2023-06-05,1,9.74,9.84,9.69,9.76,52184619.0,620531416.0,19405546950.0,0.002689159915691,33.765776259738026,21.32330160964625,58.65072555992156,9.836354166666656,0.0011458333333322,-0.2014261856018979,-0.1695800306908382,-0.0318461549110597,94.2857142857144,22.14765100671141,10.29,9.98,61.60470449036336,48.21691498521625,7.213116344156701,9.050591912513,10.888067480869296,12.725543049225593,14.563018617581893,1.996048486619148,231124485738.18,231120064174.5,4.88966078,5.0778734,0.61338607,2.41163729,2.39256825,1.29274376,-1
2023-06-06,1,9.76,9.91,9.69,9.71,83327347.0,997039312.0,19405546950.0,0.0042939963101632,40.81117110126334,27.819258106851947,66.79499709008613,9.834687499999992,-0.0016666666666651,-0.196851001211515,-0.1750342247949735,-0.0218167764165414,70.83333333333398,20.58823529411774,10.27,9.94,66.81016028325064,61.60470449036336,7.218590547947505,9.057460619766925,10.89633069158634,12.735200763405754,14.57407083522517,1.9975633348027528,229766071464.32,229761675888.0,4.86092222,5.04802864,0.60978095,2.3974631,2.37850614,1.28514577,-1
2023-06-07,1,9.75,9.89,9.74,9.79,64369784.0,770386878.0,19405546950.0,0.0033170816656626,50.73685916554808,35.45845845975066,81.29366057714293,9.823749999999992,-0.0109375000000007,-0.1846413724018258,-0.176955654316344,-0.0076857180854818,100.0,32.727272727272684,10.26,9.91,73.90822895704582,66.81016028325064,7.217108687188108,9.055601268501178,10.894093849814247,12.732586431127316,14.571079012440384,1.99715326711702,231706663284.12,231702230583.0,4.90197731,5.09066401,0.61493113,2.41771194,2.39859487,1.29600004,-1
2023-06-08,1,9.8,10.0,9.72,9.94,86939712.0,1048266236.0,19405546950.0,0.0044801474662892,63.649134180540806,44.85535036668071,101.236701808261,9.848541666666655,0.0247916666666654,-0.1610054367543281,-0.1737656108039408,0.0127601740496127,100.0,46.36363636363636,10.25,9.9,83.65940737992028,73.90822895704582,7.218860438187003,9.05779926208216,10.896738085977317,12.735676909872474,14.57461573376763,1.9976380201368584,235199728559.76,235195229034.0,4.97587646,5.16740769,0.62420144,2.45415986,2.43475459,1.31553773,-1
2023-06-09,1,9.89,9.91,9.71,9.74,131528476.0,1566929274.0,19405546950.0,0.0067778803833199,60.56141109112079,50.09070394149407,81.50282539037423,9.846458333333324,-0.0020833333333332,-0.1566068497170647,-0.1703338585865656,0.0137270088695009,13.043478260869364,28.440366972477115,10.23,9.88,74.09470138683804,83.65940737992028,7.216512988682314,9.054853821236836,10.893194653791353,12.731535486345871,14.56987631890039,1.996988422541632,230542308192.24,230537897766.0,4.87734425,5.06508279,0.61184102,2.40556263,2.38654163,1.28948748,-1
2023-06-12,1,9.69,9.76,9.64,9.67,75874703.0,896015709.0,19405546950.0,0.0039099492117123,54.40936178004544,51.530256554344525,60.16757223144727,9.817916666666658,-0.0285416666666655,-0.1569600154318351,-0.1676590899556195,0.0106990745237844,9.999999999999822,22.01834862385323,10.22,9.86,64.04703139828963,74.09470138683804,7.219340897465824,9.058402113978028,10.89746333049023,12.736524547002434,14.575585763514637,1.997770975155274,228795775554.42,228791398540.5,4.84039468,5.02671095,0.60720586,2.38733867,2.36846177,1.27971863,-1
2023-06-13,1,9.64,9.71,9.58,9.65,84998805.0,1000183567.0,19405546950.0,0.0043801293114286,49.13840492938704,50.7329726793587,45.94926942944373,9.774374999999992,-0.0435416666666661,-0.1570434356877736,-0.1655359591020503,0.0084925234142766,43.75000000000014,23.913043478260946,10.2,9.84,57.96665670071154,64.04703139828963,7.216651470155421,9.05502757960156,10.893403689047696,12.731779798493834,14.57015590793997,1.997026743805512,228407657190.46,228403287601.5,4.83218366,5.01818387,0.60617583,2.38328891,2.36444402,1.27754778,1
2023-06-14,1,9.7,9.85,9.63,9.64,106920004.0,1237376776.0,19405546950.0,0.0055097650313844,40.005313431185655,47.15708626330102,25.70176776695493,9.75010416666666,-0.0242708333333325,-0.1561168454531074,-0.1636521363722617,0.0075352909191543,66.66666666666733,25.925925925926016,10.18,9.82,53.2495583676766,57.96665670071154,7.397730349577739,9.2822346511961,11.166738952814455,13.051243254432814,14.935747556051172,2.047135768252679,222585881731.06,222581623516.5,4.7090184,4.89027774,0.59072529,2.32254237,2.30417782,1.24498496,1
2023-06-15,1,9.65,9.77,9.57,9.75,92530056.0,1064567231.0,19405546950.0,0.0047682271588845,40.62369732621678,44.9792899509396,31.91251207677112,9.749270833333323,-0.0008333333333361,-0.1448368463182205,-0.1598890783614535,0.0150522320432329,100.0,39.506172839506185,10.17,9.81,62.03021168933773,53.2495583676766,7.391920324305686,9.274944575002978,11.15796882570027,13.04099307639756,14.924017327094852,2.0455279899224577,225302710278.78,225298400089.5,4.76649552,4.94996727,0.59793554,2.35089076,2.33230205,1.26018094,1
2023-06-16,1,9.75,9.8,9.72,9.77,84203365.0,978869317.0,19405546950.0,0.0043391389697469,42.586340853136726,44.18164025167198,39.39574205606621,9.74979166666666,0.0005208333333364,-0.1327532362117605,-0.1544619099315149,0.0217086737197544,100.0,47.22222222222216,10.15,9.79,71.3321172859844,62.03021168933773,7.394345343200925,9.277987345333267,11.161629347465611,13.045271349597956,14.9289133517303,2.0461990528950915,225690828642.74,225686511028.5,4.77470654,4.95849435,0.59896558,2.35494052,2.3363198,1.2623518,1
2023-06-19,1,9.77,9.77,9.59,9.62,95399707.0,1096351097.0,19405546950.0,0.0049161050315049,32.266862894339134,40.2100477992277,16.38049308456199,9.738020833333325,-0.011770833333335,-0.1337389748894715,-0.1503173229231062,0.0165783480336347,24.99999999999956,26.3888888888888,10.13,9.78,64.27960410772445,71.3321172859844,7.395277356631447,9.279156780680513,11.16303620472958,13.046915628778644,14.930795052827708,2.046456964165164,222197763367.1,222193512577.5,4.70080738,4.88175067,0.58969526,2.31849261,2.30016007,1.24281411,1
2023-06-20,1,9.61,9.63,9.54,9.54,54455079.0,620374308.0,19405546950.0,0.0028061604828922,21.51124192955942,33.97711250933828,-3.420499229998285,9.702812499999991,-0.0352083333333332,-0.1393689527721289,-0.1481276488929107,0.0087586961207818,0.0,18.96551724137921,10.12,9.76,53.43951077657718,64.27960410772445,7.391880272267563,9.27489432007362,11.157908367879678,13.040922415685737,14.923936463491794,2.045516906528503,220451230729.28,220447013352.0,4.66385781,4.84337883,0.5850601,2.30026865,2.28208021,1.23304526,1
2023-06-21,1,9.54,9.64,9.53,9.54,61658296.0,703681564.0,19405546950.0,0.0031773541945953,15.218020935495735,27.72408198472409,-9.794101162960985,9.66718749999999,-0.0356250000000013,-0.142191653930654,-0.1469404499004594,0.0047487959698054,11.111111111110892,21.56862745098029,10.11,9.74,45.34129247299683,53.43951077657718,7.398392944277317,9.283066035849158,11.167739127421,13.05241221899284,14.93708531056468,2.047319124666777,220257171547.3,220252957882.5,4.6597523,4.83911529,0.58454508,2.29824376,2.28007134,1.23195984,1
2023-06-26,1,9.49,9.49,9.37,9.39,67657743.0,757975992.0,19405546950.0,0.0034865156428894,11.534236179219471,22.32746671622256,-10.052224894786695,9.623333333333324,-0.0438541666666658,-0.1547485661895482,-0.1485020731582771,-0.006246493031271,11.76470588235374,3.508771929824797,10.08,9.72,38.81488706880074,45.34129247299683,7.392795105986413,9.27604219933441,11.159289292682407,13.042536386030406,14.925783479378405,2.045770063745564,216958165453.64,216954014901.0,4.58995865,4.76663515,0.57578978,2.26382073,2.24592049,1.21350758,-1
2023-06-27,1,9.41,9.51,9.38,9.48,46170178.0,519520687.0,19405546950.0,0.0023792258017236,15.32837967503528,19.994437702493464,5.99626362011891,9.593645833333325,-0.0296874999999996,-0.1556435992563223,-0.1499303783778862,-0.0057132208784361,64.70588235294191,19.29824561403529,10.06,9.7,43.14725234700727,38.81488706880074,7.397485428492812,9.281927338699711,11.166369248906612,13.050811159113511,14.93525306932041,2.047067992503948,218898757273.44,218894569596.0,4.63101374,4.80927053,0.58093996,2.28406957,2.26600923,1.22436185,-1
2023-06-28,1,9.48,9.52,9.43,9.49,36539644.0,412039354.0,19405546950.0,0.0018829484216109,18.55225311669025,19.513709507225727,16.62934033561929,9.563020833333326,-0.0306249999999987,-0.1537733989609879,-0.1506989824945065,-0.0030744164664814,100.0,21.052631578947533,10.04,9.67,47.70682975055688,43.14725234700727,7.392181989113591,9.275272896532982,11.158363803952373,13.041454711371763,14.924545618791154,2.045600399075298,219286875637.4,219282680535.0,4.63922475,4.8177976,0.58196999,2.28811934,2.27002697,1.2265327,-1
2023-06-29,1,9.49,9.49,9.38,9.39,48590630.0,544534826.0,19405546950.0,0.0025039557053041,13.91855634135949,17.64865845193698,6.458352120204509,9.541354166666656,-0.0216666666666682,-0.1585329468895899,-0.1522657753735232,-0.0062671715160667,9.090909090908944,3.508771929824797,10.02,9.65,42.84523943085904,47.70682975055688,7.392795105986413,9.27604219933441,11.159289292682407,13.042536386030406,14.925783479378405,2.045770063745564,216958165453.64,216954014901.0,4.58995865,4.76663515,0.57578978,2.26382073,2.24592049,1.21350758,-1
2023-06-30,1,9.39,9.5,9.37,9.43,51905258.0,583494655.0,19405546950.0,0.0026747639803061,13.930200351604023,16.409172418492663,8.972256217826747,9.523958333333326,-0.0173958333333317,-0.1572644109716598,-0.1532655024931505,-0.0039989084785093,50.0,10.526315789473768,9.99,9.62,46.14851408971967,42.84523943085904,7.391231717972026,9.274080552489412,11.156929387006796,13.03977822152418,14.922627056041565,2.045337435443007,217928461363.54,217924292248.5,4.61048619,4.78795284,0.57030077,2.27394515,2.25596486,1.21893471,-1
2023-07-03,1,9.44,9.69,9.43,9.65,88509071.0,1009887429.0,19405546950.0,0.0045610191368504,32.62013356773609,21.81282613490714,54.23474843339399,9.539062499999991,0.0151041666666653,-0.1369284992300166,-0.1499981018405237,0.0130696026105071,100.0,49.122807017544034,9.98,9.61,62.08584324449323,46.14851408971967,7.392514166504118,9.2756896930826,11.15886521966108,13.04204074623956,14.92521627281804,2.045692320811482,222974000095.02,222969734455.5,4.71722942,4.89880482,0.58350452,2.32659214,2.30819557,1.24715582,-1
2023-07-04,1,9.63,9.65,9.51,9.58,61630056.0,701885270.0,19405546950.0,0.0031758989405861,43.62175571182413,29.08246932721281,72.70032848104677,9.559062499999992,0.0200000000000013,-0.1250194116919178,-0.1450023638108026,0.0199829521188847,75.0,36.842105263158025,9.97,9.6,69.41793375886508,62.08584324449323,7.396828318026386,9.281102835338157,11.16537735264992,13.04965186996169,14.933926387273456,2.046886153713407,221227467457.2,221223235230.0,4.68027984,4.86043298,0.57893399,2.30836818,2.29011571,1.23738697,-1
2023-07-05,1,9.54,9.58,9.49,9.53,42348240.0,479726282.0,19405546950.0,0.0021822750015299,45.74783714121609,34.637591931880564,67.96832755988714,9.56281249999999,0.0037499999999983,-0.1182528113507643,-0.1396524533187949,0.0213996419680305,45.45454545454516,28.070175438596504,9.95,9.59,71.34491941913822,69.41793375886508,7.397155134872249,9.281512905793267,11.165870676714286,13.050228447635304,14.934586218556325,2.046976592053712,220063112365.32,220058902413.0,4.65564679,4.83485175,0.57588697,2.29621888,2.27806247,1.23087441,-1
2023-07-06,1,9.49,9.53,9.42,9.44,59709591.0,672396816.0,19405546950.0,0.0030769341958691,37.79022476081075,35.688469541523965,41.99373519938432,9.535624999999992,-0.0271874999999983,-0.1187832206407364,-0.1354786067831832,0.0166953861424468,12.499999999999725,12.280701754386008,9.93,9.58,61.25256975702203,71.34491941913822,7.392486911117184,9.27565549463455,11.158824078151918,13.041992661669283,14.925161245186649,2.0456847785688166,218122520545.52,218118347718.0,4.6145917,4.79221638,0.5708086,2.27597003,2.25797373,1.22002014,-1
2023-07-07,1,9.41,9.47,9.39,9.41,48444083.0,543212456.0,19405546950.0,0.0024964038954851,29.36014984054059,33.57902964119617,20.92239023922943,9.516979166666658,-0.0186458333333341,-0.1202382909318462,-0.1324305436129158,0.0121922526810696,14.285714285714104,7.017543859649281,9.91,9.56,52.935329937677,61.25256975702203,7.395311666174336,9.279199830266377,11.163087994358415,13.046976158450454,14.930864322542492,2.046466458468028,217346283817.6,217342125840.0,4.59816967,4.77516222,0.56877726,2.2678705,2.24993824,1.21567843,-1
2023-07-10,1,9.45,9.48,9.38,9.41,49588228.0,556581582.0,19405546950.0,0.0025553635838128,23.74009989369382,30.299386392028723,10.621526897024012,9.499583333333325,-0.0173958333333335,-0.1200080663344884,-0.1299460481572303,0.0099379818227419,50.0,7.017543859649281,9.89,9.55,47.97370863437908,52.935329937677,7.395311666174336,9.279199830266377,11.163087994358415,13.046976158450454,14.930864322542492,2.046466458468028,217346283817.6,217342125840.0,4.59816967,4.77516222,0.56877726,2.2678705,2.24993824,1.21567843,-1
2023-07-11,1,9.43,9.46,9.4,9.42,57080909.0,640131787.0,19405546950.0,0.002941473855237,21.03506659579595,27.211279793284465,8.682640200818916,9.482291666666658,-0.0172916666666669,-0.1176623568484167,-0.1274893098954676,0.0098269530470508,100.0,12.500000000000169,9.88,9.54,46.992189673370646,47.97370863437908,7.396566578880666,9.280774420533454,11.164982262186244,13.04919010383903,14.933397945491818,2.0468137239894464,217540342999.58,217536181309.5,4.60227518,4.77942576,0.56928509,2.26989538,2.25194711,1.21676386,-1
2023-07-12,1,9.43,9.54,9.43,9.44,73608367.0,830230821.0,19405546950.0,0.0037931611610668,21.31504439719732,25.24586799458875,13.453397202414465,9.477187499999992,-0.0051041666666655,-0.1128882271160431,-0.1245690933395827,0.0116808662235395,100.0,17.500000000000057,9.86,9.52,49.10967593078206,46.992189673370646,7.392486911117184,9.27565549463455,11.158824078151918,13.041992661669283,14.925161245186649,2.0456847785688166,218122520545.52,218118347718.0,4.6145917,4.79221638,0.5708086,2.27597003,2.25797373,1.22002014,-1
2023-07-13,1,9.51,9.64,9.47,9.6,112422973.0,1281848379.0,19405546950.0,0.0057933421454013,37.865943576626144,29.45255985526788,54.69271101934268,9.496458333333324,0.0192708333333317,-0.0950978037973335,-0.1186748354311329,0.0235770316337993,100.0,57.50000000000006,9.85,9.52,63.92475218214484,49.10967593078206,7.39281576352581,9.276068119193468,11.159320474861124,13.04257283052878,14.925825186196436,2.0457757801999064,221809645003.14,221805401638.5,4.69259637,4.87322359,0.5804575,2.31444284,2.29614233,1.24064326,-1
2023-07-14,1,9.6,9.7,9.58,9.63,71914699.0,825295738.0,19405546950.0,0.0037058836416873,51.28562905108422,36.73024958720666,80.39638797883936,9.521562499999993,0.0251041666666669,-0.0776825399003673,-0.1104763763249798,0.0327938364246124,100.0,65.00000000000033,9.85,9.52,74.15914000116456,63.92475218214484,7.396504923346201,9.280697058814196,11.16488919428219,13.049081329750187,14.933273465218182,2.0467966623713623,222391822549.08,222387568047.0,4.70491289,4.8860142,0.58198101,2.32051749,2.30216895,1.24389954,-1
2023-07-17,1,9.59,9.59,9.46,9.5,60834258.0,687262894.0,19405546950.0,0.003134890150571,46.69041936738946,40.05030618060093,59.97064574096652,9.53010416666666,0.0085416666666677,-0.07352320163465,-0.1030857413869138,0.0295625397522637,23.52941176470539,32.50000000000016,9.83,9.52,68.7506767821874,74.15914000116456,7.393428573396371,9.27683703678661,11.160245500176847,13.043653963567088,14.927062426957324,2.0459453599150192,219480934819.38,219476736004.5,4.64333026,4.82206114,0.57436346,2.29014422,2.27203585,1.22761813,-1
2023-07-18,1,9.49,9.51,9.43,9.45,47196618.0,531299773.0,19405546950.0,0.0024321199562994,38.41861291159285,39.5064084242649,36.24302188624877,9.517395833333325,-0.0127083333333342,-0.07341519357308,-0.097151631824147,0.023736438251067,9.999999999999734,20.0,9.82,9.52,59.17126641087239,68.7506767821874,7.39373987280712,9.277227636881612,11.160715400956104,13.044203165030597,14.92769092910509,2.0460315041955304,218316579727.5,218312403187.5,4.61869721,4.79647991,0.57131644,2.27799492,2.25998261,1.22110557,-1
2023-07-19,1,9.43,9.51,9.43,9.5,38219596.0,430771279.0,19405546950.0,0.0019695191327755,38.11240860772855,39.041741818752776,36.25374218568008,9.505208333333323,-0.0121874999999995,-0.0685053275012173,-0.0914223709595611,0.0229170434583438,100.0,46.42857142857152,9.81,9.51,56.304619656784766,59.17126641087239,7.393428573396371,9.27683703678661,11.160245500176847,13.043653963567088,14.927062426957324,2.0459453599150192,219480934819.38,219476736004.5,4.64333026,4.82206114,0.57436346,2.29014422,2.27203585,1.22761813,-1
2023-07-20,1,9.52,9.61,9.49,9.51,55406957.0,629696111.0,19405546950.0,0.0028552123340177,38.94993907181899,39.01114090310818,38.82753540924061,9.506145833333324,0.0009374999999991,-0.0630801580431921,-0.0857539283762873,0.0226737703330952,100.0,50.0,9.8,9.51,59.01377384590624,56.304619656784766,7.394672955232687,9.278398413540634,11.16212387184858,13.045849330156528,14.929574788464471,2.0462897112830887,219674994001.36,219670791474.0,4.64743577,4.82632468,0.5748713,2.29216911,2.27404472,1.22870356,-1
2023-07-21,1,9.5,9.57,9.48,9.53,37710256.0,427375950.0,19405546950.0,0.001943271998319,40.41107049232371,39.47778409951335,42.27764327794442,9.507604166666658,0.0014583333333337,-0.056515365356212,-0.0799062157722722,0.0233908504160602,100.0,57.14285714285696,9.79,9.51,64.34524406709329,59.01377384590624,7.397155134872249,9.281512905793267,11.165870676714286,13.050228447635304,14.934586218556325,2.046976592053712,220063112365.32,220058902413.0,4.65564679,4.83485175,0.57588697,2.29621888,2.27806247,1.23087441,-1
2023-07-24,1,9.52,9.52,9.44,9.46,42685218.0,480713396.0,19405546950.0,0.0021996400364278,30.64441736525299,36.53332852142656,18.86659505290585,9.494374999999993,-0.013229166666667,-0.056312005098821,-0.075187373637582,0.0188753685387609,22.22222222222376,32.14285714285759,9.78,9.51,58.02022576757906,64.34524406709329,7.394990608987096,9.27879698669036,11.162603364393624,13.04640974209689,14.930216119800154,2.0463776139683505,218510638909.48,218506458657.0,4.62280272,4.80074345,0.57182428,2.2800198,2.26199148,1.22219099,-1
2023-07-25,1,9.62,9.85,9.61,9.85,203295819.0,2358815160.0,19405546950.0,0.0104761705260773,53.76294491016866,42.2765339843406,76.73576676182479,9.548854166666658,0.0544791666666668,-0.0243998338988831,-0.0650298656898422,0.0406300317909591,100.0,100.0,9.78,9.52,75.87008441432783,58.02022576757906,7.397645221994792,9.28212783813819,11.16661045428159,13.051093070424988,14.935575686568388,2.047112211335668,227437361280.56,227433010254.0,4.81165612,4.99686619,0.59518477,2.37316448,2.35439966,1.27212064,-1
2023-07-26,1,9.79,9.86,9.71,9.8,75166268.0,875260135.0,19405546950.0,0.0038734423818958,64.52413381608153,49.69240059492091,94.18760025840275,9.596770833333323,0.0479166666666674,-0.0031079637690307,-0.0526454853056799,0.0495375215366491,87.80487804878075,89.58333333333357,9.78,9.53,86.90456639954213,75.87008441432783,7.391627982966027,9.27457776237468,11.157527541783336,13.040477321191988,14.92342710060064,2.045447091811189,226467065370.66,226462732906.5,4.79112857,4.9755485,0.59264559,2.36304006,2.34435529,1.26669351,-1
2023-07-27,1,9.81,9.97,9.79,9.87,111519586.0,1314228294.0,19405546950.0,0.0057467891158821,70.17658303788143,56.52046140924108,97.48882629516214,9.65916666666666,0.0623958333333334,0.0191931648371959,-0.0382777552771047,0.0574709201143006,100.0,100.0,9.79,9.56,95.01364876711942,86.90456639954213,7.393739875191331,9.27722763987318,11.160715404555027,13.044203169236877,14.927690933918724,2.046031504855301,228019538826.5,228015176662.5,4.82397264,5.0096568,0.59670828,2.37923914,2.36042628,1.27537692,-1
2023-07-28,1,9.82,10.33,9.8,10.3,234701346.0,2839828237.0,19405546950.0,0.0120945493886221,79.0066109141432,64.01584457754178,108.988143587346,9.75697916666666,0.0978124999999998,0.0707488278211379,-0.0164724386574562,0.0872212664785941,100.0,100.0,9.8,9.6,106.0597029974574,95.01364876711942,7.394888595924947,9.278668986731509,11.162449377538069,13.046229768344626,14.930010159151186,2.046349384419761,237916557107.48,237912005607.0,5.03335358,5.22709722,0.62260796,2.48250824,2.46287882,1.33073371,-1
2023-07-31,1,10.33,10.5,10.27,10.35,185495239.0,2288940411.0,19405546950.0,0.0095588771333239,81.33151007983378,69.78773307830578,104.41906408288978,9.861666666666656,0.1046874999999989,0.1143237908105945,0.0096868072361539,0.1046369835744406,100.0,100.0,9.82,9.65,111.38962280690116,106.0597029974574,7.394597222571147,9.278303388674637,11.162009554778122,13.045715720881608,14.929421886985097,2.0462687541742275,239080912199.36,239076338424.0,5.05798663,5.25267845,0.62565498,2.49465755,2.47493206,1.33724627,-1
2023-08-01,1,10.3,10.39,10.19,10.22,95773478.0,1169570705.0,19405546950.0,0.004935366070679,78.74930860668167,72.77492492109774,90.69807597784953,9.942395833333324,0.0807291666666678,0.1367905134854048,0.0351075484860041,0.1016829649994007,76.3636363636365,86.59793814432999,9.84,9.7,110.3712960506528,111.38962280690116,7.397793451493336,9.282313827748885,11.166834204004427,13.051354580259972,14.93587495651552,2.0471532301203546,235975965287.68,235971450912.0,4.9922985,5.18446184,0.61752959,2.4622594,2.44279009,1.31987944,1
2023-08-02,1,10.13,10.28,10.02,10.11,111590004.0,1343864165.0,19405546950.0,0.0057504178721435,73.5687214610582,73.03952376775122,74.62711684767217,9.95760416666666,0.0152083333333337,0.1440588516097083,0.0568978091107449,0.0871610424989633,27.272727272727224,75.25773195876283,9.85,9.75,105.1517113464058,110.3712960506528,7.397251926029729,9.281634353614889,11.166016781200048,13.050399208785208,14.934781636370364,2.047003376571552,233453195921.94,233448729808.5,4.93892688,5.12903585,0.61092771,2.4359359,2.41667473,1.30576889,1
2023-08-03,1,10.07,10.39,10.04,10.36,117584771.0,1433255493.0,19405546950.0,0.0060593381522802,77.97663191743501,74.68522648431248,84.55944278368008,10.01041666666666,0.0528124999999999,0.1680547421445961,0.0791291957175151,0.0889255464270809,100.0,100.0,9.87,9.8,108.23939031430292,105.1517113464058,7.395738724265892,9.279735677509814,11.163732630753731,13.047729583997654,14.931726537241572,2.046584636051291,239274971381.34,239270393893.5,5.06209214,5.25694198,0.62616282,2.49668243,2.47694094,1.3383317,1
2023-08-04,1,10.43,10.53,10.26,10.33,130313102.0,1611435431.0,19405546950.0,0.0067152501465566,78.07137780002917,75.81394358955139,82.58624622098475,10.063124999999992,0.0527083333333333,0.1825466251318186,0.0998126816003758,0.0827339435314427,91.17647058823547,96.93877551020414,9.89,9.86,108.08813376628623,108.23939031430292,7.39230863623996,9.275431805859128,11.158554975478294,13.041678145097462,14.92480131471663,2.045635445481437,238692793835.4,238688227485.0,5.04977562,5.24415137,0.62463931,2.49060778,2.47091432,1.33507542,1
2023-08-07,1,10.26,10.29,10.18,10.22,64691326.0,786506452.0,19405546950.0,0.0033336512578945,72.77929251709264,74.80239323206514,68.73309108714764,10.090416666666655,0.0272916666666649,0.1830454323140387,0.1164592317431084,0.0665862005709302,56.25000000000042,85.71428571428582,9.9,9.9,102.01436550868804,108.08813376628623,7.397793451493336,9.282313827748885,11.166834204004427,13.051354580259972,14.93587495651552,2.0471532301203546,235975965287.68,235971450912.0,4.9922985,5.18446184,0.61752959,2.4622594,2.44279009,1.31987944,1
2023-08-08,1,10.18,10.26,10.08,10.17,72570456.0,877489188.0,19405546950.0,0.0037396758868473,65.63664546184557,71.74714397532529,53.41564843488615,10.087083333333323,-0.0033333333333338,0.1773616438406886,0.1286397141626244,0.0487219296780641,35.99999999999994,80.20833333333337,9.92,9.94,93.40638967829896,102.01436550868804,7.398104541677831,9.282704165319153,11.167303788960472,13.051903412601792,14.936503036243112,2.047239316502764,234811610195.8,234807118095.0,4.96766544,5.15888062,0.61448257,2.45011009,2.43073685,1.31336688,1
2023-08-09,1,10.13,10.25,10.12,10.22,57760774.0,702060797.0,19405546950.0,0.0029765084255973,62.93584583301124,68.81004459455393,51.187448309925855,10.101874999999993,0.0147916666666692,0.174875921887601,0.1378869557076198,0.0369889661799812,100.0,84.9462365591399,9.94,9.98,87.41263422198253,93.40638967829896,7.391714751489272,9.274686634387454,11.157658517285633,13.040630400183812,14.923602283081992,2.0454711028171464,236170024469.66,236165506381.5,4.996404,5.18872538,0.61803743,2.46428428,2.44479896,1.32096487,1
2023-08-10,1,10.21,10.26,10.13,10.22,47559453.0,577123920.0,19405546950.0,0.0024508174452665,55.0291259801775,64.21640505642846,36.65456782767558,10.122604166666658,0.0207291666666655,0.170935530934182,0.1444966707529322,0.0264388601812497,100.0,84.9462365591399,9.95,10.01,92.17234017546488,87.41263422198253,7.397793451493336,9.282313827748885,11.166834204004427,13.051354580259972,14.93587495651552,2.0471532301203546,235975965287.68,235971450912.0,4.9922985,5.18446184,0.61752959,2.4622594,2.44279009,1.31987944,1
2023-08-11,1,10.22,10.31,9.99,9.99,94353857.0,1132867239.0,19405546950.0,0.0048622106474561,36.686083986785,55.0396313665473,-0.0210107727396149,10.102187499999992,-0.0204166666666658,0.1475527684386648,0.1451078902900787,0.002444878148586,0.0,60.215053763440935,9.96,10.03,77.56731807331137,92.17234017546488,7.395516577108029,9.279456940390595,11.163397303673165,13.047337666955729,14.931278030238294,2.046523162413947,230736367374.22,230731953235.5,4.88144976,5.06934633,0.603818,2.40758752,2.38855051,1.2905729,1
2023-08-14,1,9.88,9.9,9.74,9.8,97592018.0,1139185249.0,19405546950.0,0.0050290784512002,26.98903489414361,45.68943254241274,-10.411760402394648,10.04760416666666,-0.0545833333333334,0.1123947320853275,0.1385652586491285,-0.0261705265638009,12.500000000000092,39.78494623655926,9.96,10.04,68.15859934219802,77.56731807331137,7.391627982966027,9.27457776237468,11.157527541783336,13.040477321191988,14.92342710060064,2.045447091811189,226467065370.66,226462732906.5,4.79112857,4.9755485,0.59264559,2.36304006,2.34435529,1.26669351,-1
2023-08-15,1,9.82,9.91,9.75,9.85,71281277.0,834163040.0,19405546950.0,0.0036732423560986,22.63404014039952,38.00430174174166,-8.106483062284767,9.996249999999993,-0.0513541666666679,0.0875570143488335,0.1283636097890695,-0.0408065954402359,43.99999999999977,45.161290322580655,9.96,10.04,62.555839955153786,68.15859934219802,7.391338632330394,9.27421470230497,11.157090772279544,13.039966842254122,14.922842912228695,2.045367021302022,227631420462.54,227627065723.5,4.81576162,5.00112972,0.59569261,2.37518937,2.35640853,1.27320607,-1
2023-08-16,1,9.8,9.96,9.75,9.85,57290437.0,671706045.0,19405546950.0,0.0029522711803802,19.730710304570124,31.913104596017817,-4.634078278325262,9.963437499999992,-0.0328124999999985,0.0670994632521626,0.1161107804816881,-0.0490113172295254,100.0,45.161290322580655,9.96,10.03,57.693552706183766,62.555839955153786,7.391338632330394,9.27421470230497,11.157090772279544,13.039966842254122,14.922842912228695,2.045367021302022,227631420462.54,227627065723.5,4.81576162,5.00112972,0.59569261,2.37518937,2.35640853,1.27320607,-1
2023-08-17,1,9.8,9.83,9.63,9.72,96505775.0,1116292662.0,19405546950.0,0.004973102548908,17.565571575595765,27.130593589210463,-1.564472451633641,9.926458333333326,-0.0369791666666667,0.039936430760445,0.1008759105374395,-0.0609394797769944,40.909090909091056,30.434782608695777,9.95,10.01,55.674943489927074,57.693552706183766,7.39465278698246,9.2783731076127,11.162093428242938,13.045813748873178,14.929534069503417,2.046284130227215,224526473550.86,224522178211.5,4.75007349,4.93291312,0.58756722,2.34279122,2.32426656,1.25583924,-1
2023-08-18,1,9.73,9.86,9.69,9.71,65981885.0,767047287.0,19405546950.0,0.0034001559023308,15.631949677848162,23.29771228542303,0.3004244626984231,9.887395833333324,-0.0390625000000017,0.0174020157796341,0.0841811315858784,-0.0667791158062442,36.36363636363659,29.347826086956672,9.93,9.99,53.00239489767873,55.674943489927074,7.393435299072542,9.276845475767413,11.160255652462284,13.043665829157154,14.927076005852024,2.0459472210767005,224332414368.88,224328122742.0,4.74596798,4.92864958,0.58705938,2.34076633,2.32225768,1.25475381,-1
2023-08-21,1,9.71,9.73,9.51,9.51,70149785.0,799641424.0,19405546950.0,0.0036149346978339,10.421299785232108,19.00557478535939,-6.747250215022454,9.821979166666658,-0.0654166666666657,-0.0164058821771782,0.0640637288332671,-0.0804696110104453,0.0,7.608695652173944,9.92,9.96,43.91257746334617,53.00239489767873,7.394672955232687,9.278398413540634,11.16212387184858,13.045849330156528,14.929574788464471,2.0462897112830887,219674994001.36,219670791474.0,4.64743577,4.82632468,0.5748713,2.29216911,2.27404472,1.22870356,-1
2023-08-22,1,9.56,9.62,9.5,9.55,60680809.0,689991238.0,19405546950.0,0.0031269826692516,9.005146358879047,15.672098643199275,-4.328758209761407,9.78166666666666,-0.0403124999999988,-0.0395157067054263,0.0433478417255284,-0.0828635484309548,23.80952380952405,5.81395348837218,9.9,9.93,40.02877298093836,43.91257746334617,7.393120559467294,9.276450559119755,11.159780558772216,13.043110558424676,14.926440558077136,2.0458601248089074,220645289911.26,220641068821.5,4.66796331,4.84764237,0.57741048,2.30229353,2.28408909,1.23413069,-1
2023-08-23,1,9.54,9.59,9.44,9.45,69180998.0,783102827.0,19405546950.0,0.0035650114979109,6.386572668371464,12.57692331825667,-5.994128631398947,9.72666666666666,-0.0549999999999997,-0.0651485811169543,0.0216485571570318,-0.0867971382739861,9.090909090908797,1.0869565217391073,9.88,9.89,33.4438126402334,40.02877298093836,7.39373987280712,9.277227636881612,11.160715400956104,13.044203165030597,14.92769092910509,2.0460315041955304,218316579727.5,218312403187.5,4.61869721,4.79647991,0.57131644,2.27799492,2.25998261,1.22110557,-1
2023-08-24,1,9.49,9.51,9.28,9.35,129127070.0,1439197084.0,19405546950.0,0.0066541319516892,7.689087661267256,10.947644765926864,1.1719734519480376,9.673541666666658,-0.0531250000000014,-0.0924660914836277,-0.0011743725711,-0.0912917189125276,25.925925925925903,6.481481481481508,9.86,9.85,31.4533202662076,33.4438126402334,7.636377582006229,9.581675088408874,11.526972594811518,13.472270101214162,15.417567607616803,2.113175386137205,215987869543.74,215983737553.5,4.42462091,4.74531746,0.5652224,2.25369631,7.62399822,1.22384518,-1
2023-08-25,1,9.33,9.52,9.31,9.43,84534992.0,946760251.0,19405546950.0,0.0043562282587453,12.478999617315424,11.458096383056386,14.520806085833506,9.634687499999991,-0.0388541666666668,-0.1064331883067062,-0.0222261357182212,-0.0842070525884849,88.2352941176473,13.88888888888892,9.84,9.81,37.596358186264055,31.4533202662076,7.633133966071859,9.577605190913502,11.522076415755144,13.466547640596785,15.411018865438429,2.11227779702758,217928461363.54,217924292248.5,4.46437491,4.78795284,0.57030077,2.27394515,7.69249775,1.2348411,-1
2023-08-28,1,9.95,10.02,9.65,9.68,199760987.0,2336205801.0,19405546950.0,0.0102940147739561,26.33735109622832,16.417847954113697,46.176357380457546,9.639583333333324,0.0048958333333342,-0.096220136663172,-0.0370249359072114,-0.0591952007559606,100.0,37.03703703703707,9.83,9.77,45.43422367114189,37.596358186264055,7.638249251315304,9.584023548395288,11.529797845475274,13.475572142555258,15.421346439635242,2.11369332353258,223556177640.96,223551900864.0,4.57966153,4.91159543,0.58502803,2.3326668,7.8911464,1.26672925,-1
2023-08-29,1,9.64,9.65,9.35,9.5,196496143.0,2217588610.0,19405546950.0,0.0101257719509936,27.468143974062144,20.10127996076318,42.20187200066008,9.638333333333325,-0.0012500000000006,-0.1014809066101118,-0.0499161300477915,-0.0515647765623203,51.351351351351326,20.370370370370427,9.81,9.74,45.24898281682909,45.43422367114189,7.635402713983227,9.580451881652769,11.525501049322308,13.470550216991848,15.415599384661387,2.112905615936764,219480934819.38,219476736004.5,4.49617812,4.82206114,0.57436346,2.29014422,7.74729738,1.24363783,-1
2023-08-30,1,9.47,9.47,9.35,9.35,137563829.0,1537573551.0,19405546950.0,0.00708889212731,21.46524913586126,20.55593635246254,23.283874702658707,9.60854166666666,-0.0297916666666662,-0.1164119268635826,-0.0632152894109497,-0.0531966374526328,0.0,6.481481481481508,9.79,9.71,38.43417185667377,45.24898281682909,7.636377582006229,9.581675088408874,11.526972594811518,13.472270101214162,15.417567607616803,2.113175386137205,215987869543.74,215983737553.5,4.42462091,4.74531746,0.5652224,2.25369631,7.62399822,1.22384518,1
2023-08-31,1,9.36,9.43,9.34,9.35,80647403.0,900123575.0,19405546950.0,0.0041558943537017,17.463319243727337,19.52506398288413,13.339829765413732,9.556562499999991,-0.0519791666666655,-0.1267833880095938,-0.0759289091306785,-0.0508544788789153,6.249999999999861,6.481481481481508,9.77,9.67,31.570004082890264,38.43417185667377,7.636377582006229,9.581675088408874,11.526972594811518,13.472270101214162,15.417567607616803,2.113175386137205,215987869543.74,215983737553.5,4.42462091,4.74531746,0.5652224,2.25369631,7.62399822,1.22384518,1
2023-09-01,1,9.4,9.54,9.4,9.51,113870483.0,1285169019.0,19405546950.0,0.0058679347350217,22.00257318951193,20.350900385093404,25.305918798349,9.548229166666658,-0.0083333333333346,-0.1207008189586371,-0.0848832910962702,-0.0358175278623668,100.0,21.90476190476193,9.76,9.65,40.59870424260493,31.570004082890264,7.636687825618892,9.58206436375086,11.52744090188283,13.4728174400148,15.41819397814677,2.1132612382521563,219674994001.36,219670791474.0,4.50015352,4.82632468,0.5748713,2.29216911,7.75414734,1.24473742,1
2023-09-04,1,9.54,9.74,9.52,9.71,141002923.0,1621769196.0,19405546950.0,0.0072661143416006,34.03775149571072,24.91318408863251,52.28688630986715,9.584374999999993,0.0361458333333342,-0.0986053495431171,-0.0876277027856396,-0.0109776467574775,100.0,45.744680851063926,9.76,9.63,58.60581124078279,40.59870424260493,7.635409676463307,9.580460617761114,11.525511559058922,13.470562500356728,15.415613441654536,2.112907542627969,224332414368.88,224328122742.0,4.59556313,4.92864958,0.58705938,2.34076633,7.91854622,1.27112761,1
2023-09-05,1,9.66,9.67,9.54,9.57,80417716.0,917888859.0,19405546950.0,0.004144058201874,35.754897393536915,28.527088523600643,50.210515133409466,9.589583333333325,0.0052083333333321,-0.0913384678125179,-0.0883698557910153,-0.0029686120215026,54.838709677419246,30.85106382978729,9.75,9.62,64.05835536121717,58.60581124078279,7.63763960872524,9.583258604918448,11.528877601111656,13.474496597304864,15.420115593498071,2.1135246202826647,221033408275.22,221029179760.5,4.52798132,4.85616944,0.57842616,2.3063433,7.80209701,1.25243456,1
2023-09-06,1,9.52,9.63,9.49,9.6,63484051.0,721905682.0,19405546950.0,0.0032714383760257,37.451621736536325,31.50193292791253,49.3509993537839,9.595208333333323,0.0056250000000002,-0.0822109853419625,-0.0871380817012047,0.0049270963592421,49.9999999999996,34.04255319148935,9.74,9.61,69.14253133993296,64.05835536121717,7.634769854424926,9.579657806896888,11.524545759368849,13.46943371184081,15.414321664312771,2.112730487974962,221809645003.14,221805401638.5,4.54388293,4.87322359,0.5804575,2.31444284,7.82949682,1.25683292,1
2023-09-07,1,9.58,9.61,9.51,9.52,54004157.0,613812176.0,19405546950.0,0.0027829237248064,33.79127723612225,32.26504769731577,36.84373631373519,9.577395833333323,-0.0178125000000015,-0.0805047129181151,-0.0858114079445868,0.0053066950264717,27.27272727272684,25.53191489361701,9.72,9.6,60.54385343939862,69.14253133993296,7.637970668743646,9.583673999455591,11.529377330167536,13.47508066087948,15.420783991591426,2.113616232814224,219869053183.34,219864846943.5,4.50412892,4.83058821,0.57537913,2.29419399,7.76099729,1.24583701,1
2023-09-08,1,9.48,9.51,9.43,9.47,47902967.0,539624963.0,19405546950.0,0.0024685192910782,33.36085149074822,32.63031562845992,34.821923215324816,9.56666666666666,-0.010729166666664,-0.0822390611567733,-0.0850969385870241,0.0028578774302507,23.529411764706435,26.76056338028184,9.71,9.59,54.72905399848321,60.54385343939862,7.638305253801612,9.584093817003955,11.5298823802063,13.475670943408645,15.421459506610988,2.113708820811801,218704698091.46,218700514126.5,4.48027652,4.80500699,0.57233211,2.28204469,7.71989757,1.23923946,-1
2023-09-11,1,9.49,9.58,9.47,9.53,65448558.0,741764911.0,19405546950.0,0.0033726726780045,38.07390099383209,34.44484408358397,45.33201481432832,9.558749999999993,-0.0079166666666683,-0.0778743589374126,-0.0836524226571018,0.0057780637196891,100.0,43.85964912280699,9.7,9.58,59.1327894370519,54.72905399848321,7.639251249358843,9.5852807962971,11.531310343235356,13.477339890173612,15.423369437111868,2.1139706012836896,220063112365.32,220058902413.0,4.50810432,4.83485175,0.57588697,2.29621888,7.76784724,1.2469366,-1
2023-09-12,1,9.54,9.54,9.45,9.48,49548506.0,559058536.0,19405546950.0,0.0025533166433116,37.04926732922143,35.312985165463125,40.52183165673803,9.53916666666666,-0.0195833333333315,-0.0775558673531566,-0.0824331115963128,0.0048772442431561,50.00000000000089,35.08771929824579,9.7,9.57,56.65723882119087,59.1327894370519,7.63959234939682,9.585708788457184,11.531825227517547,13.47794166657791,15.424058105638274,2.1140649921380867,218898757273.44,218894569596.0,4.48425192,4.80927053,0.57283995,2.28406957,7.72674752,1.24033905,-1
2023-09-13,1,9.49,9.51,9.42,9.45,49021797.0,551747628.0,19405546950.0,0.002526174455495,29.601472337127905,33.40914755601805,21.986121899347623,9.519687499999993,-0.0194791666666684,-0.0788156717546293,-0.0817096236279761,0.0028939518733467,27.27272727272684,29.824561403508746,9.69,9.56,52.08484109226448,56.65723882119087,7.635724215175732,9.580855282340336,11.525986349504942,13.471117416669545,15.41624848383415,2.112994583303728,218316579727.5,218312403187.5,4.47232571,4.79647991,0.57131644,2.27799492,7.70619766,1.23704028,-1
2023-09-14,1,9.48,9.52,9.45,9.49,55165017.0,622906053.0,19405546950.0,0.00284274476479,27.02598155808529,31.28142555670713,18.515093560841628,9.506354166666656,-0.0133333333333336,-0.075713630510716,-0.080510425004524,0.004796794493808,100.0,47.72727272727278,9.68,9.55,55.17813529443032,52.08484109226448,7.640877164929339,9.587320899022558,11.533764633115776,13.480208367208991,15.426652101302212,2.1144205325143828,219092816455.42,219088625065.5,4.48822732,4.81353406,0.57334779,2.28609446,7.73359747,1.24143865,-1
2023-09-15,1,9.54,9.58,9.41,9.43,89047613.0,1005529161.0,19405546950.0,0.0045887710987708,20.58142360282604,27.714758238746768,6.314754330984592,9.496249999999993,-0.0101041666666645,-0.077206747706958,-0.0798496895450108,0.0026429418380528,24.99999999999945,34.88372093023252,9.67,9.54,48.86539391327159,55.17813529443032,7.639937114691324,9.586141379564449,11.532345644437576,13.4785499093107,15.424754174183825,2.11416039726002,217734402181.56,217730236779.0,4.46039951,4.7836893,0.56979293,2.27192026,7.6856478,1.23374151,-1
2023-09-18,1,9.43,9.44,9.36,9.43,50132501.0,561449770.0,19405546950.0,0.0025834108736625,22.362924377192662,25.930813618228736,15.227145895120522,9.490208333333326,-0.0060416666666665,-0.0774967198953877,-0.0793790956150862,0.0018823757196984,53.84615384615374,34.88372093023252,9.66,9.53,49.117660301645216,48.86539391327159,7.633133966071859,9.577605190913502,11.522076415755144,13.466547640596785,15.411018865438429,2.11227779702758,217928461363.54,217924292248.5,4.46437491,4.78795284,0.57030077,2.27394515,7.69249775,1.2348411,-1
2023-09-19,1,9.43,9.43,9.38,9.42,50366432.0,564044044.0,19405546950.0,0.0025954657258449,22.908616251461847,24.923414495973105,18.879019762439327,9.473437499999992,-0.016770833333334,-0.0776384733775419,-0.0790309711675773,0.0013924977900354,85.71428571428608,32.55813953488374,9.65,9.52,48.02414527611961,49.117660301645216,7.638643437641755,9.584518150091418,11.53039286254108,13.476267574990745,15.422142287440408,2.113802404681811,217540342999.58,217536181309.5,4.45642411,4.77942576,0.56928509,2.26989538,7.67879785,1.23264191,-1
2023-09-20,1,9.41,9.43,9.37,9.37,55887241.0,624785495.0,19405546950.0,0.0028799621646325,16.787562349459375,22.21146378046853,5.939759487441059,9.453124999999991,-0.020312500000001,-0.0808533688592589,-0.0793954507059137,-0.0014579181533452,14.285714285713922,20.93023255813943,9.64,9.51,40.76009114038354,48.02414527611961,7.638985243895806,9.584947028369678,11.530908812843547,13.476870597317417,15.422832381791288,2.11389699096374,216375987907.7,216371848492.5,4.43257171,4.75384454,0.56623807,2.25774607,7.63769813,1.22604437,-1
2023-09-21,1,9.36,9.36,9.28,9.28,84393011.0,934673194.0,19405546950.0,0.0043489117424747,11.191708232972916,18.538211931303326,-3.501299163687904,9.423020833333323,-0.0301041666666659,-0.0896302428821496,-0.0814424091411608,-0.0081878337409887,0.0,0.0,9.63,9.49,33.35437574734672,40.76009114038354,7.634078934985168,9.578790882034552,11.523502829083936,13.46821477613332,15.412926723182702,2.11253929340159,214435396087.9,214431293797.5,4.3928177,4.71120916,0.5611597,2.23749723,7.56919859,1.21504845,-1
2023-09-22,1,9.27,9.45,9.27,9.44,91148430.0,1017137922.0,19405546950.0,0.0046970296809902,25.740708714455025,20.939044192353894,35.34403775865729,9.41854166666666,-0.0044791666666661,-0.0827217511008573,-0.0816982775331001,-0.0010234735677571,100.0,38.63636363636351,9.62,9.48,53.28973804091933,33.35437574734672,7.634430242869656,9.579231682396898,11.52403312192414,13.46883456145138,15.413636000978622,2.1126365090207084,218122520545.52,218118347718.0,4.46835031,4.79221638,0.5708086,2.27597003,7.69934771,1.23594069,-1
2023-09-25,1,9.44,9.51,9.4,9.43,76121125.0,856022502.0,19405546950.0,0.0039226477458291,34.36477355157215,25.41428731209331,52.26574603052983,9.42041666666666,0.001875,-0.0771641378693512,-0.0807914496003504,0.0036273117309991,94.11764705882364,36.36363636363629,9.61,9.47,62.25886896651576,53.28973804091933,7.639937114691324,9.586141379564449,11.532345644437576,13.4785499093107,15.424754174183825,2.11416039726002,217734402181.56,217730236779.0,4.46039951,4.7836893,0.56979293,2.27192026,7.6856478,1.23374151,-1
2023-09-26,1,9.43,9.46,9.36,9.38,44498035.0,497885811.0,19405546950.0,0.0022930575012728,34.737806023628856,28.52212688260516,47.169164305676254,9.424062499999993,0.0036458333333335,-0.0759191230826239,-0.0798169842968051,0.0038978612141811,64.70588235294191,25.000000000000203,9.6,9.46,64.07626648878846,62.25886896651576,7.640285569919261,9.58657860058202,11.532871631244776,13.479164661907532,15.42545769257029,2.1142568234782027,216570047089.68,216565903962.0,4.43654711,4.75810807,0.56674591,2.25977096,7.64454808,1.22714396,-1
2023-09-27,1,9.37,9.43,9.37,9.38,49031061.0,547905821.0,19405546950.0,0.0025266518447706,34.98649433833333,30.67691603451455,43.605650945970886,9.414583333333326,-0.0094791666666669,-0.0740785089553277,-0.0786692892285096,0.0045907802731818,28.571428571430385,25.000000000000203,9.59,9.45,65.70338736488137,64.07626648878846,7.633445566026419,9.577996168113108,11.522546770199796,13.467097372286489,15.411647974373174,2.1123640244760296,216764106271.66,216759959431.5,4.44052251,4.76237161,0.56725374,2.26179584,7.65139803,1.22824355,-1
2023-09-28,1,9.4,9.44,9.39,9.41,52069678.0,583649730.0,19405546950.0,0.0026832368154405,42.76877400333339,34.70753535745416,58.89125129509185,9.41291666666666,-0.0016666666666669,-0.0693990704344518,-0.076815245469698,0.0074161750352462,100.0,31.818181818181856,9.59,9.44,63.68406961995338,65.70338736488137,7.637347450454967,9.582892021994793,11.528436593534618,13.473981165074443,15.419525736614268,2.113443772831243,217346283817.6,217342125840.0,4.45244871,4.77516222,0.56877726,2.2678705,7.67194789,1.23154232,-1
2023-10-09,1,9.38,9.38,9.29,9.33,69582809.0,772959353.0,19405546950.0,0.0035857174847627,36.845849335555656,35.42030668348799,39.69693463969098,9.404687499999994,-0.0082291666666645,-0.0713237374573054,-0.0757169438672195,0.004393206409914,33.333333333333826,13.63636363636371,9.58,9.44,59.33220525109513,63.68406961995338,7.633760531596507,9.578391368288088,11.523022204979668,13.46765304167125,15.41228387836283,2.112451183273908,215599751179.78,215595626614.5,4.41667011,4.73679039,0.54455933,2.24964654,7.61029831,1.221646,-1
2023-10-10,1,9.4,9.41,9.26,9.26,82074851.0,910160342.0,19405546950.0,0.0042294531152083,24.563899557037104,31.801504308004365,10.088690055102582,9.379895833333324,-0.0247916666666689,-0.0776029069201413,-0.0760941364778039,-0.0015087704423374,0.0,0.0,9.57,9.42,49.1722387383133,59.33220525109513,7.638363814671055,9.584167295720516,11.52997077676998,13.475774257819438,15.4215777388689,2.113725026059193,213853218541.96,213849127389.0,4.3808915,4.69841855,0.54014796,2.23142258,7.54864873,1.21174968,-1
2023-10-11,1,9.32,9.32,9.21,9.22,72411569.0,797663827.0,19405546950.0,0.0037314881763742,17.487044149135826,27.030017588381515,-1.598902729355551,9.349583333333324,-0.0303125000000008,-0.084829003713871,-0.0778411099250173,-0.0069878937888537,8.33333333333321,2.564102564102517,9.56,9.41,41.82899423415837,49.1722387383133,7.633074979440388,9.577531177975922,11.521987376511454,13.466443575046988,15.41089977358252,2.112261473961257,213076981814.04,213072905511.0,4.3649899,4.6813644,0.53818735,2.22332304,7.52124892,1.20735131,1
2023-10-12,1,9.33,9.38,9.28,9.33,85305750.0,947562325.0,19405546950.0,0.0043959466960553,24.99136276609052,26.35046598095118,22.273156336369176,9.345208333333323,-0.0043749999999995,-0.0807488344928462,-0.0784226548385831,-0.002326179654263,100.0,30.769230769230663,9.55,9.4,51.04351039661989,41.82899423415837,7.633760531596507,9.578391368288088,11.523022204979668,13.46765304167125,15.41228387836283,2.112451183273908,215599751179.78,215595626614.5,4.41667011,4.73679039,0.54455933,2.24964654,7.61029831,1.221646,1
2023-10-13,1,9.27,9.3,9.2,9.24,68448308.0,753110726.0,19405546950.0,0.0035272547677405,20.96198377954431,24.55430524714889,13.777340844335145,9.331145833333323,-0.0140624999999996,-0.0838113932570809,-0.0795004025222826,-0.0043109907347983,30.769230769231296,12.121212121212398,9.54,9.38,47.33014966605259,51.04351039661989,7.635724205086979,9.580855269681566,11.525986334276151,13.47111739887074,15.416248463465324,2.1129945805119195,213465100178.0,213461016450.0,4.3729407,4.68989147,0.53916765,2.22737281,7.53494882,1.2095505,1
2023-10-16,1,9.24,9.27,9.2,9.25,50162432.0,550988720.0,19405546950.0,0.0025849532677047,20.384912263286,23.16450758586126,14.82572161813549,9.319687499999992,-0.0114583333333317,-0.0844579974939367,-0.0804919215166135,-0.0039660759773232,38.46153846153878,15.151515151515364,9.53,9.37,46.61801980142848,47.33014966605259,7.637045208611607,9.58251278679982,11.527980364988032,13.473447943176245,15.418915521364458,2.113360135004644,213659159359.98,213655071919.5,4.3769161,4.69415501,0.5396578,2.22939769,7.54179878,1.21065009,1
2023-10-17,1,9.25,9.28,9.21,9.26,49352505.0,543170901.0,19405546950.0,0.0025432163869001,21.92327484219073,22.750763337971083,20.268297850630027,9.30729166666666,-0.0123958333333344,-0.0832043911553608,-0.0810344154443629,-0.0021699757109978,100.0,18.18181818181833,9.53,9.36,47.53066717828253,46.61801980142848,7.638363814671055,9.584167295720516,11.52997077676998,13.475774257819438,15.4215777388689,2.113725026059193,213853218541.96,213849127389.0,4.3808915,4.69841855,0.54014796,2.23142258,7.54864873,1.21174968,1
2023-10-18,1,9.23,9.26,9.17,9.2,65182492.0,713979896.0,19405546950.0,0.0033589618560068,18.31922026516412,21.273582313702097,12.410496168088166,9.29229166666666,-0.0149999999999987,-0.0860603475435937,-0.0820396018642091,-0.0040207456793845,33.333333333332675,9.374999999999792,9.52,9.34,45.42298073692805,47.53066717828253,7.637384518028957,9.582938532195012,11.528492546361065,13.47404656052712,15.419600574693174,2.1134540303498293,212494804268.1,212490739102.5,4.35306369,4.66857378,0.53671689,2.21724839,7.50069906,1.20405254,1
2023-10-19,1,9.17,9.17,8.9,8.91,118896083.0,1271914677.0,19405546950.0,0.0061269122332055,12.866408281351228,18.47119096958514,1.6568429048834048,9.23385416666666,-0.0584375000000001,-0.1104510786449903,-0.0877218972203653,-0.022729181424625,2.777777777777723,1.6949152542372523,9.5,9.32,37.95633547931206,45.42298073692805,7.640869580044012,9.587311381956908,11.5337531838698,13.480194985782694,15.426636787695587,2.114418433588183,205702732898.8,205698797670.0,4.21392467,4.51934996,0.51956156,2.14637743,7.26095068,1.16556684,1
2023-10-20,1,8.86,8.96,8.83,8.91,52613912.0,557618632.0,19405546950.0,0.0027112820955556,13.175306670326108,16.705896203165462,6.1141276046474005,9.171562499999991,-0.0622916666666668,-0.1283019240532645,-0.0958379025869452,-0.0324640214663193,21.621621621621685,12.12121212121213,9.48,9.29,35.857047869318805,37.95633547931206,7.640869580044012,9.587311381956908,11.5337531838698,13.480194985782694,15.426636787695587,2.114418433588183,205702732898.8,205698797670.0,4.21392467,4.51934996,0.51956156,2.14637743,7.26095068,1.16556684,1
2023-10-23,1,8.9,8.91,8.76,8.82,53040448.0,557032229.0,19405546950.0,0.0027332622026404,12.009344231830331,15.140378879387086,5.7472749367168205,9.103333333333326,-0.0682291666666667,-0.1480049861360619,-0.1062713192967685,-0.0417336668392933,40.00000000000024,8.823529411764783,9.45,9.26,32.42355384214844,35.857047869318805,7.635724201761017,9.580855265508346,11.525986329255677,13.471117393003002,15.41624845675033,2.1129945795915432,203762141079.0,203758242975.0,4.17417067,4.47671459,0.51466003,2.12612859,7.19245115,1.15457093,1
2023-10-24,1,8.86,8.91,8.77,8.86,76065269.0,801528404.0,19405546950.0,0.003919769393565,13.382573573908363,14.554443777560849,11.0388331666034,9.064999999999992,-0.0383333333333339,-0.1585643084386969,-0.1167299171251542,-0.0418343913135427,66.66666666666627,14.70588235294113,9.43,9.22,32.918074271866644,32.42355384214844,7.634000956789317,9.578693039604865,11.523385122420413,13.46807720523596,15.412769288051509,2.1125177148976,204732436988.9,204728520322.5,4.19404767,4.49803227,0.51711079,2.13625301,7.22670092,1.16006888,1
2023-10-25,1,8.83,8.86,8.7,8.72,141144968.0,1470971924.0,19405546950.0,0.0072734341558973,10.032826827050094,13.047238127390594,4.004004226369094,9.006354166666657,-0.058645833333335,-0.1761983722548521,-0.1286236081510938,-0.0475747641037583,12.500000000000831,2.7027027027028843,9.4,9.18,28.63389099198342,32.918074271866644,7.585895968075509,9.518333743978443,11.450771519881382,13.383209295784315,15.315647071687252,2.0992058694566462,201433430895.24,201429577341.0,4.1539518,4.42555213,0.5087782,2.10182998,1.27502425,1.19005477,1
2023-10-26,1,8.66,8.75,8.65,8.75,59999147.0,621915277.0,19405546950.0,0.0030918554965027,11.979556509038678,12.69134425460662,10.555981017902791,8.96343749999999,-0.0429166666666667,-0.1856131131677383,-0.1400215091544227,-0.0455916040133156,47.619047619047656,12.658227848101234,9.37,9.14,33.53404207399859,28.63389099198342,7.590057634890151,9.523555557438543,11.457053479986936,13.390551402535328,15.32404932508372,2.1003575060518203,202015608441.18,202011743749.5,4.16595745,4.43834275,0.51024866,2.10790463,1.27870929,1.19349424,1
2023-10-27,1,8.72,8.8,8.68,8.78,91977136.0,957587534.0,19405546950.0,0.0047397342747919,14.864677884332622,13.41578879784862,17.762456057300625,8.93541666666666,-0.0280208333333309,-0.1884809231346125,-0.1497133919504606,-0.0387675311841518,100.0,16.455696202531538,9.34,9.1,40.808635441784205,33.53404207399859,7.586928230247705,9.519628965519525,11.452329700791346,13.385030436063165,15.317731171334986,2.099491522044002,202791845169.1,202787965627.5,4.18196497,4.4553969,0.51220927,2.11600417,1.28362268,1.19808019,1
2023-10-30,1,8.74,8.8,8.7,8.78,80568955.0,837646002.0,19405546950.0,0.0041518517982302,17.013610392833723,14.615062662843656,21.810705852813854,8.916770833333327,-0.0186458333333323,-0.1885798520472956,-0.1574866839698276,-0.0310931680774679,100.0,16.455696202531538,9.32,9.06,50.230167466312494,40.808635441784205,7.586928230247705,9.519628965519525,11.452329700791346,13.385030436063165,15.317731171334986,2.099491522044002,202791845169.1,202787965627.5,4.18196497,4.4553969,0.51220927,2.11600417,1.28362268,1.19808019,1
2023-10-31,1,8.76,8.81,8.75,8.79,65285523.0,682212138.0,19405546950.0,0.0033642712142158,20.31676590291472,16.515630409534012,27.919036889676136,8.902916666666659,-0.0138541666666682,-0.185710581513959,-0.1631314634786539,-0.022579118035305,100.0,17.94871794871781,9.29,9.03,65.31064937588224,50.230167466312494,7.588307840612737,9.521360019035985,11.45441219745923,13.38746437588248,15.320516554305724,2.099873294505426,202985904351.08,202982021097.0,4.18596685,4.45966043,0.51269942,2.11802905,1.28485103,1.19922668,1
2023-11-01,1,8.86,8.87,8.78,8.8,56730035.0,595211885.0,19405546950.0,0.0029233927364258,29.673542860007675,20.901601226358565,47.2174261273059,8.886770833333326,-0.0161458333333328,-0.1805484968338344,-0.16661487014969,-0.0139336266841443,100.0,19.73684210526321,9.27,9.0,71.33153880184817,65.31064937588224,7.582442750594287,9.514000850854794,11.4455589511153,13.377117051375809,15.308675151636312,2.098250278391913,203374022715.04,203370132036.0,4.19397061,4.46818751,0.51367973,2.12207882,1.28730772,1.20151965,1
2023-11-02,1,8.82,8.91,8.8,8.8,61942995.0,652316670.0,19405546950.0,0.0031920252059682,39.01313113744107,26.938777863386065,63.16183768555109,8.877187499999994,-0.0095833333333317,-0.1744465957672538,-0.1681812152732028,-0.006265380494051,100.0,19.73684210526321,9.25,8.97,72.24285259798879,71.33153880184817,7.582442750594287,9.514000850854794,11.4455589511153,13.377117051375809,15.308675151636312,2.098250278391913,203374022715.04,203370132036.0,4.19397061,4.46818751,0.51367973,2.12207882,1.28730772,1.20151965,1
2023-11-03,1,8.81,8.84,8.76,8.8,70546347.0,738879704.0,19405546950.0,0.0036353701950152,45.23952332239668,33.03902634972294,69.64051726774416,8.86510416666666,-0.0120833333333347,-0.1676779086550652,-0.1680805539495753,0.00040264529451,100.0,19.73684210526321,9.22,8.95,68.61755493885299,72.24285259798879,7.582442750594287,9.514000850854794,11.4455589511153,13.377117051375809,15.308675151636312,2.098250278391913,203374022715.04,203370132036.0,4.19397061,4.46818751,0.51367973,2.12207882,1.28730772,1.20151965,1
2023-11-06,1,8.83,8.98,8.83,8.98,100706221.0,1069206838.0,19405546950.0,0.0051895584937377,63.49301554826445,43.19035608257011,104.09833447965312,8.885208333333326,0.0201041666666661,-0.1461049724998719,-0.1636854376596346,0.0175804651597626,100.0,48.52941176470591,9.21,8.93,84.78126383263034,68.61755493885299,7.585537883793215,9.517884440992788,11.45023099819236,13.382577555391933,15.314924112591504,2.0991067786399102,207449265536.62,207445296895.5,4.2780101,4.5577218,0.52397293,2.16460139,1.31310301,1.22559591,1
2023-11-07,1,8.96,8.96,8.89,8.91,64086612.0,679815569.0,19405546950.0,0.0033024893431308,68.59130329480253,51.65733848664758,102.45923291111244,8.894895833333326,0.0096875,-0.1331221310962345,-0.1575727763469546,0.0244506452507201,68.18181818181814,38.23529411764704,9.19,8.92,89.60903543748904,84.78126383263034,7.590311330840733,9.52387388011754,11.457436429394344,13.39099897867115,15.324561527947957,2.10042771002387,205702732898.8,205698797670.0,4.24199317,4.51934996,0.51956156,2.14637743,1.30204788,1.21527751,1
2023-11-08,1,8.89,8.91,8.78,8.82,87781875.0,923622008.0,19405546950.0,0.0045235455216066,61.28309108542393,54.865922686239706,74.11742788379239,8.891979166666658,-0.0029166666666675,-0.1286128151122305,-0.1517807841000097,0.0231679689877792,20.000000000000355,25.0,9.17,8.91,82.45112239568203,89.60903543748904,7.585200003778224,9.517460489127163,11.4497209744761,13.381981459825038,15.314241945173976,2.099013278845868,203762141079.0,203758242975.0,4.20197437,4.47671459,0.51466003,2.12612859,1.28976441,1.20381263,1
2023-11-09,1,8.79,8.84,8.76,8.81,63913648.0,669639052.0,19405546950.0,0.0032935762215143,53.950632152187474,54.56082584155563,52.73024477345116,8.870937499999993,-0.0210416666666652,-0.1244119229297506,-0.1463070118659579,0.0218950889362072,33.33333333333373,23.529411764705912,9.16,8.9,75.29520836182111,82.45112239568203,7.583822691415495,9.515732319008125,11.447641946600752,13.37955157419338,15.311461201786008,2.09863214229877,203568081897.02,203564187505.5,4.19797249,4.47245105,0.51416988,2.12410371,1.28853607,1.20266614,1
2023-11-10,1,8.78,8.8,8.65,8.65,104504417.0,1080649734.0,19405546950.0,0.0053852858293179,35.96708810145832,48.3629132615232,11.175437781328554,8.83447916666666,-0.0364583333333321,-0.1324663587078109,-0.1435388812343285,0.0110725225265175,0.0,0.0,9.14,8.89,63.00761039537807,75.29520836182111,7.583446611150823,9.515260435727791,11.44707426030476,13.378888084881728,15.310701909458697,2.098528071546639,199880957439.4,199877133585.0,4.12193676,4.39144383,0.50485698,2.0856309,1.26519747,1.18088287,1
2023-11-13,1,8.66,8.68,8.59,8.61,77004310.0,789007118.0,19405546950.0,0.0039681597328025,25.687460443707213,40.80442898891787,-4.546476646714098,8.799374999999994,-0.0351041666666667,-0.1404581091469428,-0.1429227268168514,0.0024646176699086,9.090909090908871,2.9850746268656083,9.12,8.87,54.38893107041409,63.00761039537807,7.585200005979628,9.517460491889354,11.449720977799078,13.381981463708804,15.314241949618529,2.099013279455051,198910661529.5,198906856237.5,4.10192736,4.37012614,0.50240622,2.07550648,1.25905574,1.17515042,1
2023-11-14,1,8.6,8.68,8.59,8.63,59685888.0,613377698.0,19405546950.0,0.0030757127409902,20.543777047941635,34.05087834192579,-6.470425540026668,8.760520833333327,-0.0388541666666668,-0.143523348275643,-0.1430428511086097,-0.0004804971670333,66.66666666666765,5.970149253731482,9.11,8.85,49.75422033982535,54.38893107041409,7.588013639216418,9.520990872518563,11.453968105820714,13.386945339122862,15.319922572425009,2.0997918816702703,199298779893.46,199294967176.5,4.10993112,4.37865322,0.50338653,2.07955625,1.26151243,1.1774434,1
2023-11-15,1,8.71,8.78,8.69,8.71,110914015.0,1152154780.0,19405546950.0,0.0057155830384878,23.95226162170475,30.684672768518777,10.487439328076697,8.749270833333327,-0.0112500000000004,-0.1379075288092313,-0.142015786648734,0.0041082578395027,100.0,19.672131147541165,9.09,8.83,57.16043780493682,49.75422033982535,7.58450338880234,9.516586417842843,11.448669446883349,13.380752475923853,15.312835504964356,2.0988205081761566,201239371713.26,201235521871.5,4.14994992,4.4212886,0.50828805,2.09980509,1.2737959,1.18890828,1
2023-11-16,1,8.72,8.73,8.59,8.6,92262194.0,948395097.0,19405546950.0,0.0047544237860299,16.82287526917067,26.06407360206941,-1.6595213966268076,8.728645833333326,-0.0206250000000007,-0.1407110032579499,-0.1417548299705772,0.0010438267126273,8.333333333333087,2.5641025641025057,9.08,8.81,48.86351949331549,57.16043780493682,7.583789067828535,9.515690130119204,11.447591192409872,13.37949225470054,15.311393316991207,2.0986228378169534,198716602347.52,198712800768.0,4.09792548,4.36586261,0.50191607,2.0734816,1.25782739,1.17400394,1
2023-11-17,1,8.59,8.61,8.5,8.53,90336217.0,917616681.0,19405546950.0,0.0046551749988165,13.389163222925324,21.83910347568805,-3.510717282600126,8.695520833333328,-0.0331249999999982,-0.1468879589854879,-0.1427814557735593,-0.0041065032119285,14.285714285713922,6.249999999999861,9.06,8.78,43.35217106633908,48.86351949331549,7.588758620110345,9.521925630497206,11.455092640884066,13.388259651270925,15.321426661657783,2.0999980363910504,196970069709.7,196966301542.5,4.06190856,4.32749077,0.4975047,2.05525764,1.24677227,1.16368554,1
2023-11-20,1,8.53,8.59,8.49,8.56,63952831.0,650077370.0,19405546950.0,0.0032955953864521,14.481664370839129,19.38662377407174,4.671745564373907,8.66697916666666,-0.0285416666666673,-0.1476603549659163,-0.1437572356120307,-0.0039031193538855,63.63636363636422,14.285714285714338,9.04,8.76,42.36041039635886,43.35217106633908,7.585554467221898,9.517905248898602,11.450256030575304,13.382606812252009,15.314957593928712,2.099111367686606,197746306437.62,197742523420.5,4.07791608,4.34454492,0.49946531,2.06335717,1.25168565,1.1682715,1
2023-11-21,1,8.59,8.7,8.59,8.64,104116573.0,1072311504.0,19405546950.0,0.0053652995851271,23.94015719960709,20.90446824925019,30.01153510032088,8.662395833333328,-0.0045833333333327,-0.1402010030421401,-0.1430459890980526,0.0028449860559125,100.0,30.612244897959243,9.03,8.74,52.08851645167577,42.36041039635886,7.589416350339202,9.52275091150002,11.456085472660831,13.389420033821647,15.322754594982465,2.1001800466852525,199492839075.44,199489022646.0,4.113933,4.38291676,0.50387668,2.08158113,1.26274078,1.17858989,1
2023-11-22,1,8.62,8.66,8.52,8.54,73748951.0,753064758.0,19405546950.0,0.0038004056876119,21.33644888575944,21.04846179475328,21.91242306777177,8.646458333333328,-0.0159374999999997,-0.1407362571982453,-0.1425840427180911,0.0018477855198458,33.33333333333255,10.20408163265284,9.01,8.72,49.455769947368935,52.08851645167577,7.590177165437024,9.523705537301506,11.457233909165987,13.390762281030469,15.324290652894948,2.1003905831236165,197164128891.68,197160357012.0,4.06591044,4.3317543,0.49799485,2.05728252,1.24800061,1.16483203,1
2023-11-23,1,8.53,8.54,8.46,8.53,84665587.0,855904312.0,19405546950.0,0.0043629580355631,21.515965923839502,21.20429650444868,22.139304762621144,8.624583333333328,-0.0218749999999996,-0.1403495046744165,-0.1421371351093562,0.0017876304349397,38.88888888888812,13.461538461538186,8.99,8.7,48.73625542783867,49.455769947368935,7.588758620110345,9.521925630497206,11.455092640884066,13.388259651270925,15.321426661657783,2.0999980363910504,196970069709.7,196966301542.5,4.06190856,4.32749077,0.4975047,2.05525764,1.24677227,1.16368554,-1
2023-11-24,1,8.49,8.51,8.47,8.49,68469456.0,691423444.0,19405546950.0,0.0035283445592343,17.468977282559617,19.959190097152327,12.488551653374197,8.597187499999995,-0.0273958333333332,-0.141637952073987,-0.1420372985022824,0.0003993464282953,37.5,5.769230769230651,8.97,8.68,43.49290369957177,48.73625542783867,7.590564371305504,9.524191380331692,11.457818389357882,13.391445398384072,15.32507240741026,2.100497732606713,195999773799.8,195996024195.0,4.04189915,4.30617308,0.49505394,2.04513322,1.24063053,1.1579531,-1
2023-11-27,1,8.48,8.48,8.38,8.41,83618785.0,836268369.0,19405546950.0,0.0043090145933763,14.1459848550397,18.02145501644812,6.395044532222862,8.568333333333328,-0.028854166666667,-0.1474150780756566,-0.1431128544169572,-0.0043022236586994,19.99999999999976,4.999999999999896,8.95,8.66,38.57499867324245,43.49290369957177,7.586643365598894,9.519271534200843,11.451899702802796,13.384527871404744,15.317156040006696,2.099412692918833,194253241161.98,194249524969.5,4.00588223,4.26780124,0.49064256,2.02690926,1.22957541,1.14763471,-1
2023-11-28,1,8.39,8.42,8.36,8.36,78617469.0,784405805.0,19405546950.0,0.0040512884899644,9.430656570026466,15.157855534307568,-2.023741358535734,8.536041666666662,-0.0322916666666657,-0.1542499764749632,-0.1453402788285584,-0.0089096976464047,0.0,0.0,8.92,8.64,31.422261524279065,38.57499867324245,7.587015080335539,9.51973793987472,11.452460799413902,13.385183658953084,15.317906518492263,2.099515555620908,193088886070.1,193085192152.5,3.98187095,4.24222001,0.48770165,2.01475995,1.22220533,1.14075578,-1
2023-11-29,1,8.36,8.38,8.15,8.17,146759662.0,1438320264.0,19405546950.0,0.007562768644354,7.499225592138832,12.604978886917989,-2.71228099741948,8.474583333333328,-0.0614583333333342,-0.173003814520289,-0.1508729859669045,-0.0221308285533844,7.692307692307534,2.409638554216816,8.9,8.6,26.888850864503222,31.422261524279065,7.590030872884163,9.523521978055737,11.45701308322731,13.39050418839888,15.323995293570452,2.10035010033992,188625524884.56,188621916354.0,3.8898277,4.14415864,0.47642814,1.96818761,1.19395334,1.11438655,-1
2023-11-30,1,8.14,8.17,8.08,8.13,90176457.0,871481712.0,19405546950.0,0.0046469423012063,7.687655771103349,10.965871181646442,1.1312249500171632,8.416979166666662,-0.0576041666666657,-0.1889163222250847,-0.1584816532185405,-0.0304346690065441,17.857142857143153,5.555555555555633,8.87,8.57,24.918137323209592,26.888850864503222,7.584080584452942,9.516055907943564,11.448031231434184,13.380006554924806,15.311981878415429,2.098703507709024,187849288156.64,187845694476.0,3.87382018,4.12710449,0.47446753,1.96008807,1.18903995,1.1098006,-1
2023-12-01,1,8.11,8.13,8.05,8.12,77805699.0,749668364.0,19405546950.0,0.004009456636315,8.714847437145755,10.215529933479546,5.713482444478171,8.360729166666662,-0.0562500000000003,-0.2000282149029164,-0.1667909655554157,-0.0332372493475006,58.33333333333247,7.526881720429949,8.85,8.53,24.954505599879056,24.918137323209592,7.590434787174916,9.524028785826308,11.457622784477694,13.391216783129083,15.32481078178047,2.1004618734585434,187461169792.68,187457583537.0,3.86581642,4.11857742,0.47348723,1.9560383,1.18658326,1.10750762,-1
2023-12-04,1,8.12,8.13,8.07,8.09,60543785.0,583664338.0,19405546950.0,0.0031199215954075,7.995690641157235,9.475583502705442,5.035904918060819,8.31947916666666,-0.0412500000000015,-0.2088477523011835,-0.1752023229045693,-0.0336454293966142,49.99999999999889,4.301075268817114,8.82,8.49,23.02229101426096,24.954505599879056,7.585950158248299,9.518401738603265,11.450853318958227,13.383304899313192,15.315756479668156,2.0992208652236943,186878992246.74,186875417128.5,3.85381078,4.10578681,0.47201677,1.94996365,1.18289822,1.10406816,-1
2023-12-05,1,8.07,8.08,7.96,7.96,78737848.0,750961220.0,19405546950.0,0.0040574918193686,5.330460427438156,8.093875810949681,-0.1963703395848934,8.265937499999994,-0.0535416666666659,-0.2237479852792994,-0.1849114553795153,-0.038836529899784,0.0,0.0,8.79,8.44,17.977032038708415,23.02229101426096,7.5821519106193795,9.513635922050218,11.445119933481058,13.376603944911896,15.308087956342732,2.098169795745569,183968104517.04,183964585086.0,3.79378257,4.04183374,0.46466449,1.91959038,1.16447301,1.08687083,-1
2023-12-06,1,7.93,8.04,7.9,7.98,75305592.0,714029469.0,19405546950.0,0.0038806219785523,7.925224984412331,8.037658868770565,7.700357215695863,8.217812499999996,-0.0481249999999988,-0.231276680800283,-0.1941845004636689,-0.0370921803366141,42.10526315789488,8.695652173913052,8.76,8.4,23.345057196699813,17.977032038708415,7.585200013279022,9.517460501048202,11.44972098881738,13.38198147658656,15.31424196435574,2.0990132814749747,184356222881.0,184352696025.0,3.80178633,4.05036082,0.46564479,1.92364015,1.16692971,1.08916381,-1
2023-12-07,1,7.97,7.97,7.88,7.93,58538019.0,552224831.0,19405546950.0,0.0030165611487698,8.06126110071932,8.04552627942015,8.092730743317656,8.170624999999994,-0.0471875000000014,-0.2385282037207083,-0.2030532411150767,-0.0354749626056316,49.99999999999956,5.376344086021483,8.73,8.35,23.69360008233791,23.345057196699813,7.585582636213346,9.517940593683576,11.450298551153807,13.382656508624038,15.315014466094269,2.099119162746337,183191867789.12,183188363208.0,3.77777505,4.02477959,0.46270388,1.91149085,1.15955962,1.08228488,-1
2023-12-08,1,7.91,7.94,7.81,7.81,102115150.0,957664581.0,19405546950.0,0.0052621629404782,5.374174067146213,7.1550755419955046,1.812371117447629,8.117395833333328,-0.0532291666666662,-0.251063975766959,-0.2126553880454532,-0.0384085877215058,0.0,0.0,8.7,8.3,18.420829401889502,23.69360008233791,7.583258063636123,9.515023857454237,11.446789651272343,13.378555445090456,15.310321238908568,2.0984758957652683,180475039241.4,180471586635.0,3.72174873,3.96509006,0.45584174,1.88314247,1.14236277,1.06623404,-1
2023-12-11,1,7.75,7.88,7.67,7.86,113366281.0,1044765735.0,19405546950.0,0.0058419523702216,12.502970504858046,8.93770719628302,19.63349712200809,8.071666666666662,-0.0457291666666659,-0.2540357176747978,-0.2209314539713221,-0.0331042637034756,73.0769230769233,18.26923076923079,8.67,8.26,28.244263559788067,18.420829401889502,7.590994655124863,9.524731275027657,11.45846789493045,13.392204514833244,15.325941134736036,2.100616802828996,181445335151.3,181441863982.5,3.74175813,3.98640775,0.4582925,1.89326689,1.1485045,1.07196649,-1
2023-12-12,1,7.82,7.98,7.81,7.91,85501642.0,805067628.0,19405546950.0,0.0044060413355161,24.33531366990538,14.070242687490472,44.8654556347352,8.040937499999995,-0.0307291666666671,-0.2494804075721077,-0.2266412446914792,-0.0228391628806285,100.0,23.07692307692308,8.64,8.21,43.72104549212334,28.244263559788067,7.582515931251629,9.514092673616814,11.445669415981998,13.377246158347182,15.308822900712366,2.098270529297813,182803749425.16,182800252269.0,3.76977129,4.01625251,0.46172357,1.90744108,1.15710293,1.0799919,-1
2023-12-13,1,7.88,7.89,7.69,7.7,106130165.0,981001231.0,19405546950.0,0.0054690633185167,18.39745549008186,15.512646955020935,24.16707256020371,7.994583333333328,-0.0463541666666671,-0.2598204876047916,-0.2332770932741417,-0.0265433943306498,12.500000000000092,2.884615384615406,8.6,8.17,37.96912113054592,43.72104549212334,7.590720533557042,9.524387323491815,11.458054113426591,13.391720903361366,15.32538769329614,2.100540946581225,177758210693.68,177754810062.0,3.6657224,3.90540053,0.44897961,1.85479408,1.12516591,1.05018321,-1
2023-12-14,1,7.74,7.8,7.69,7.69,74290056.0,683211466.0,19405546950.0,0.0038282897251705,13.714245689040112,14.91317986636066,11.316377334399018,7.944374999999995,-0.0502083333333329,-0.2657584934696597,-0.2397733733132453,-0.0259851201564144,0.0,2.061855670103139,8.56,8.12,32.35800104417696,37.96912113054592,7.5891475497971665,9.522413636472727,11.455679723148288,13.388945809823849,15.32221189649941,2.1001056628975063,177564151511.7,177560754592.5,3.66172052,3.901137,0.44848946,1.8527692,1.12393756,1.04903672,-1
2023-12-15,1,7.73,7.86,7.72,7.74,98893942.0,915126127.0,19405546950.0,0.0050961687529245,14.8338873699292,14.88674903421684,14.728164041353924,7.904270833333328,-0.0401041666666666,-0.2633935864581502,-0.2444974159422263,-0.0188961705159239,100.0,7.216494845360849,8.53,8.08,30.6906104313299,32.35800104417696,7.588729654827299,9.521889286572614,11.45504891831793,13.388208550063244,15.32136818180856,2.099990020977652,178728506603.58,178725087409.5,3.6857318,3.92671822,0.45143037,1.86491851,1.13130764,1.05591565,-1
2023-12-18,1,7.71,7.76,7.64,7.67,65442562.0,599379044.0,19405546950.0,0.0033723636941859,12.389258246619493,14.054252105017724,9.059270529823024,7.876354166666662,-0.0279166666666661,-0.2641231483555923,-0.2484225624248995,-0.0157005859306928,30.00000000000009,3.000000000000022,8.5,8.03,27.83930311495228,30.6906104313299,7.585991245035644,9.518453291874764,11.450915338713884,13.383377385553004,15.315839432392124,2.0992322349584644,177176033147.74,177172643653.5,3.65371676,3.89260992,0.44750915,1.84871943,1.12148087,1.04674374,-1
2023-12-19,1,7.66,7.7,7.62,7.65,64407088.0,586716664.0,19405546950.0,0.0033190040026158,11.037283275524125,13.048595828519858,7.014658169532659,7.843437499999995,-0.0329166666666669,-0.2632802336216171,-0.251394096664243,-0.011886136957374,25.000000000000185,2.941176470588258,8.47,7.99,25.573549474325773,27.83930311495228,7.591153851324704,9.524931025006728,11.458708198688752,13.392485372370777,15.3262625460528,2.1006608563723748,176593855601.8,176590477245.0,3.64171112,3.87981931,0.44603869,1.84264478,1.11779582,1.04330428,-1
2023-12-20,1,7.65,7.69,7.59,7.59,71563363.0,650511343.0,19405546950.0,0.0036877787152502,7.358188850349417,11.151793502463043,-0.2290204538778368,7.796666666666661,-0.0467708333333334,-0.2644058105836393,-0.2539964394481223,-0.0104093711355169,0.0,0.0,8.43,7.95,20.172820327975487,25.573549474325773,7.59,9.523483240586051,11.4569664811721,13.39044972175815,15.3239329623442,2.100341557045902,175235441327.94,175232088958.5,3.61369796,3.84997454,0.44260763,1.82847059,1.1091974,1.03527886,-1
2023-12-21,1,7.57,7.72,7.55,7.7,101704676.0,925407073.0,19405546950.0,0.0052410105348769,16.533366210310476,12.94565107174552,23.708796487440384,7.785104166666661,-0.0115625000000001,-0.2534995724703108,-0.25389706605256,0.0003974935822491,100.0,15.306122448979636,8.41,7.92,35.43845980617043,20.172820327975487,7.582442758342597,9.514000860576916,11.445558962811234,13.37711706504555,15.308675167279867,2.0982502805360626,177952269875.66,177948865531.5,3.66972428,3.90966407,0.44946976,1.85681897,1.12639425,1.0513297,-1
2023-12-22,1,7.72,7.8,7.65,7.73,100564502.0,924998769.0,19405546950.0,0.0051822554787614,24.97573251230004,16.955678218597026,41.01584109970606,7.779583333333328,-0.0055208333333336,-0.2396727526097795,-0.2510522033640039,0.0113794507542244,100.0,19.14893617021282,8.38,7.89,48.390350911726415,35.43845980617043,7.58716305589303,9.519923610855193,11.452684165817354,13.385444720779516,15.318205275741676,2.099556504133796,178534447421.6,178531031940.0,3.68172992,3.92245468,0.45094022,1.86289362,1.1300793,1.05476916,-1
2023-12-25,1,7.71,7.73,7.68,7.72,41397088.0,379638234.0,19405546950.0,0.0021332605623878,33.317155008200025,22.40950381513136,55.132457394337365,7.775624999999994,-0.0039583333333332,-0.226906181464237,-0.2462229989840505,0.0193168175198135,94.44444444444407,19.7674418604651,8.36,7.86,58.23436931851046,48.390350911726415,7.585593047603378,9.517953657280216,11.45031426695705,13.382674876633889,15.315035486310723,2.099122043836607,178340388239.62,178336976470.5,3.67772804,3.91819115,0.45045007,1.86086874,1.12885095,1.05362267,-1
2023-12-26,1,7.72,7.73,7.62,7.65,54189633.0,493746623.0,19405546950.0,0.0027924816105221,32.9641248441764,25.927710824813044,47.03695288290312,7.758020833333328,-0.0176041666666666,-0.2199021022879383,-0.2409588196448281,0.0210567173568897,27.27272727272742,12.345679012345752,8.33,7.84,58.8621302293128,58.23436931851046,7.591153851324704,9.524931025006728,11.458708198688752,13.392485372370777,15.3262625460528,2.1006608563723748,176593855601.8,176590477245.0,3.64171112,3.87981931,0.44603869,1.84264478,1.11779582,1.04330428,-1
2023-12-27,1,7.65,7.67,7.58,7.66,64153435.0,582036661.0,19405546950.0,0.0033059328430833,33.80404021869826,28.553153956108115,44.30581274387856,7.739374999999995,-0.0186458333333332,-0.2111108482063599,-0.2349892253571344,0.0238783771507745,57.14285714285732,17.741935483871018,8.31,7.81,58.529303357936456,58.8621302293128,7.584407901364614,9.516466605851688,11.448525310338765,13.380584014825835,15.31264271931291,2.09879408442996,176981973965.76,176978588184.0,3.64971488,3.88834638,0.447019,1.84669455,1.12025252,1.04559726,-1
2023-12-28,1,7.65,7.96,7.63,7.94,166159184.0,1550256591.0,19405546950.0,0.0085624581686938,54.24334388563627,37.11655059928417,88.49693045834047,7.767187499999995,0.0278125000000004,-0.179481109558897,-0.223887602197487,0.0444064926385899,100.0,67.24137931034481,8.29,7.8,74.57599580933353,58.529303357936456,7.587111120908975,9.51985844590786,11.452605770906748,13.385353095905632,15.318100420904518,2.099542132433496,183385926971.1,183382418677.5,3.78177693,4.02904313,0.46319403,1.91351573,1.16078797,1.08343137,-1
2023-12-29,1,7.91,7.96,7.86,7.89,85385279.0,803196744.0,19405546950.0,0.0044000449572486,63.804505679855055,46.01253562614113,99.3884457872829,7.793645833333327,0.0264583333333323,-0.1566432105096442,-0.2104387238599184,0.0537955133502741,86.11111111111093,59.649122807017584,8.28,7.8,84.50506333208672,74.57599580933353,7.587507992788215,9.520356417276846,11.453204841765476,13.386053266254107,15.318901690742738,2.0996519567419005,182221571879.22,182218085860.5,3.75776565,4.0034619,0.46025311,1.90136642,1.15341789,1.07655244,1
2024-01-02,1,7.89,7.91,7.74,7.74,115836645.0,1075742252.0,19405546950.0,0.0059692543218937,57.983491591448114,50.00285428124346,73.94476621185743,7.795312499999994,0.0016666666666669,-0.1489309738128259,-0.1981371738504999,0.049206200037674,35.48387096774198,35.185185185185254,8.26,7.79,82.05096430232551,84.50506333208672,7.588729654827299,9.521889286572614,11.45504891831793,13.388208550063244,15.32136818180856,2.099990020977652,178728506603.58,178725087409.5,3.6857318,3.84734704,0.44417399,-0.95812519,1.13130764,1.05591565,1
2024-01-03,1,7.72,7.75,7.69,7.73,73361031.0,673673614.0,19405546950.0,0.003780415527015,53.28980740242887,51.09850532163859,57.67241156400944,7.773437499999994,-0.0218750000000005,-0.1419891248473659,-0.1869075640498731,0.0449184392025072,20.00000000000009,41.86046511627915,8.24,7.79,76.87833921742623,82.05096430232551,7.58716305589303,9.519923610855193,11.452684165817354,13.385444720779516,15.318205275741676,2.099556504133796,178534447421.6,178531031940.0,3.68172992,3.84316968,0.44369172,-0.95708488,1.1300793,1.05476916,1
2024-01-04,1,7.72,7.72,7.63,7.65,86419399.0,787470082.0,19405546950.0,0.0044533348749544,41.666889145478926,47.9546332629187,29.091400910599376,7.748020833333327,-0.0254166666666666,-0.1413140109872781,-0.1777888534373541,0.0364748424500759,18.18181818181855,23.255813953488463,8.22,7.78,65.89747711944722,76.87833921742623,7.58282108163753,9.514475558279,11.446130034920468,13.377784511561936,15.309438988203404,2.09835497199039,176787914783.78,176784532714.5,3.645713,3.80557345,0.43935125,-0.9477221,1.11902417,1.04445077,1
2024-01-05,1,7.65,7.93,7.62,7.79,199162216.0,1852659692.0,19405546950.0,0.0102631591118332,46.198978728564896,47.36941508480076,43.85810601609317,7.757083333333328,0.0090625000000006,-0.1280065683790914,-0.1678323964257015,0.0398258280466101,100.0,61.53846153846151,8.21,7.78,70.24663432095163,65.89747711944722,7.588317149045489,9.52137169870704,11.45442624836859,13.387480798030138,15.320535347691688,2.099875870380016,179892861695.46,179889420226.5,3.70974309,3.87241119,0.44706763,-0.96436705,1.13867772,1.06279458,1
2024-01-08,1,7.75,7.81,7.65,7.69,112115619.0,1029006549.0,19405546950.0,0.0057775036843267,40.44844195939417,45.062424042998565,31.220477792185378,7.741249999999994,-0.015833333333334,-0.1240989530207796,-0.1590857077447172,0.0349867547239375,41.17647058823548,35.89743589743599,8.19,7.77,64.90495027668246,70.24663432095163,7.5891475497971665,9.522413636472727,11.455679723148288,13.388945809823849,15.32221189649941,2.1001056628975063,177564151511.7,177560754592.5,3.66172052,3.82228289,0.44128035,-0.95188334,1.12393756,1.04903672,1
2024-01-09,1,7.7,7.72,7.64,7.71,76619388.0,700375720.0,19405546950.0,0.003948324064115,38.36913674485927,42.83132827695213,29.444753680673543,7.73635416666666,-0.0048958333333333,-0.1180277563381047,-0.1508741174633946,0.0328463611252899,52.941176470588175,41.025641025641,8.18,7.76,62.19342562314172,64.90495027668246,7.584019618816661,9.515979411867756,11.447939204918852,13.37989899796995,15.311858791021043,2.098686637002906,178146329057.64,178142921001.0,3.67372616,3.83481496,0.44272717,-0.95500426,1.1276226,1.05247619,-1
2024-01-10,1,7.7,7.72,7.64,7.64,85862091.0,783771150.0,19405546950.0,0.0044246158699484,27.540208810298296,37.73428845473418,7.15204952142652,7.714270833333328,-0.0220833333333327,-0.1175101206882818,-0.1442013181083721,0.0266911974200902,0.0,23.07692307692301,8.16,7.76,53.59702778159982,62.19342562314172,7.589570961531824,9.52294490848312,11.456318855434414,13.38969280238571,15.323066749337006,2.10022283144323,176399796419.82,176396421775.5,3.63770924,3.79721874,0.43838671,-0.94564148,1.11656748,1.04215779,-1
2024-01-11,1,7.63,7.75,7.59,7.7,93468637.0,853890237.0,19405546950.0,0.0048165937935596,28.270049116775468,34.57954200874794,15.651063332830518,7.71104166666666,-0.0032291666666672,-0.1109790942311459,-0.1375568733329268,0.0265777791017809,91.66666666666686,38.461538461538495,8.15,7.75,58.40855974290233,53.59702778159982,7.582442758342597,9.514000860576916,11.445558962811234,13.37711706504555,15.308675167279867,2.0982502805360626,177952269875.66,177948865531.5,3.66972428,3.8306376,0.4422449,-0.95396396,1.12639425,1.0513297,-1
2024-01-12,1,7.67,7.79,7.65,7.72,77258215.0,711018266.0,19405546950.0,0.0039812438783128,31.591797450399326,33.58362715596507,27.608138039267843,7.715312499999993,0.004270833333333,-0.1030020325427214,-0.1306459051748857,0.0276438726321643,100.0,43.58974358974351,8.14,7.74,66.53339066665498,58.40855974290233,7.585593047603378,9.517953657280216,11.45031426695705,13.382674876633889,15.315035486310723,2.099122043836607,178340388239.62,178336976470.5,3.67772804,3.83899232,0.44320944,-0.95604457,1.12885095,1.05362267,-1
2024-01-15,1,7.7,7.8,7.67,7.74,74513266.0,685950951.0,19405546950.0,0.0038397921064523,35.76708065320744,34.311444988379186,38.67835198286393,7.72197916666666,0.0066666666666668,-0.0939829439544377,-0.1233133129307961,0.0293303689763584,100.0,48.71794871794874,8.13,7.74,75.11904975518152,66.53339066665498,7.588729654827299,9.521889286572614,11.45504891831793,13.388208550063244,15.32136818180856,2.099990020977652,178728506603.58,178725087409.5,3.6857318,3.84734704,0.44417399,-0.95812519,1.13130764,1.05591565,-1
2024-01-16,1,7.72,7.86,7.7,7.85,143831258.0,1334465409.0,19405546950.0,0.0074118631322576,49.33491651390299,39.31926883022046,69.36621188126806,7.738645833333327,0.0166666666666666,-0.0770707469812306,-0.114064799740883,0.0369940527596524,100.0,76.92307692307676,8.12,7.74,89.27481778270331,75.11904975518152,7.5894539634573555,9.5227981062168,11.45614224897624,13.389486391735682,15.322830534495123,2.1001904551694617,181251275969.32,181247808513.0,3.73775625,3.9016527,0.45044355,-0.97164922,1.14727615,1.07082,-1
2024-01-17,1,7.84,7.89,7.75,7.75,148229621.0,1380725065.0,19405546950.0,0.0076385180681547,48.57621885240593,42.40491883761562,60.91881888198655,7.74041666666666,0.0017708333333334,-0.0709193590736614,-0.1054357116074387,0.0345163525337773,44.44444444444456,51.282051282051256,8.11,7.74,86.08348085169,89.27481778270331,7.582069353659957,9.513532334458723,11.444995315257488,13.376458296056253,15.30792127685502,2.0981469501839487,179116624967.54,179113198348.5,3.69373556,3.85570175,0.44513854,-0.96020581,1.13376434,1.05820863,-1
2024-01-18,1,7.74,7.76,7.56,7.73,175513247.0,1597853727.0,19405546950.0,0.009044488539912,49.555863073321206,44.78856691618415,59.09045538759531,7.74354166666666,0.0031249999999998,-0.0668871393845558,-0.0977259971628621,0.0308388577783063,58.62068965517269,46.15384615384624,8.1,7.74,86.27114275613388,86.08348085169,7.58716305589303,9.519923610855193,11.452684165817354,13.385444720779516,15.318205275741676,2.099556504133796,178534447421.6,178531031940.0,3.68172992,3.84316968,0.44369172,-0.95708488,1.1300793,1.05476916,-1
2024-01-19,1,7.7,7.73,7.65,7.7,96398142.0,881865024.0,19405546950.0,0.0049675560420109,47.178656190294994,45.58526334088776,50.36544188910946,7.729999999999993,-0.0135416666666667,-0.0653589086949768,-0.091252579469285,0.0258936707743082,73.68421052631594,38.461538461538495,8.08,7.74,83.98455689268016,86.27114275613388,7.582442758342597,9.514000860576916,11.445558962811234,13.37711706504555,15.308675167279867,2.0982502805360626,177952269875.66,177948865531.5,3.66972428,3.8306376,0.4422449,-0.95396396,1.12639425,1.0513297,-1
2024-01-22,1,7.7,7.78,7.59,7.65,158031966.0,1449858242.0,19405546950.0,0.0081436491538827,40.54334655110583,43.90462441096045,33.82079083139658,7.718541666666661,-0.0114583333333326,-0.0674053500784115,-0.0864831335911103,0.0190777835126988,52.94117647058842,23.684210526315937,8.06,7.74,77.9099131727262,83.98455689268016,7.591153851324704,9.524931025006728,11.458708198688752,13.392485372370777,15.3262625460528,2.1006608563723748,176593855601.8,176590477245.0,3.64171112,3.8013961,0.43886898,-0.94668179,1.11779582,1.04330428,-1
2024-01-23,1,7.6,7.71,7.53,7.7,113554458.0,1030898421.0,19405546950.0,0.0058516494429444,42.76963844147798,43.5262957544663,41.25632381550135,7.713020833333327,-0.0055208333333336,-0.0642519312183855,-0.0820368931165654,0.0177849618981798,100.0,41.46341463414631,8.05,7.73,84.13704030064268,77.9099131727262,7.590720533557042,9.524387323491815,11.458054113426591,13.391720903361366,15.32538769329614,2.100540946581225,177758210693.68,177754810062.0,3.6657224,3.82646025,0.44176262,-0.95292365,1.12516591,1.05018321,-1
2024-01-24,1,7.75,7.85,7.62,7.84,175912316.0,1620099272.0,19405546950.0,0.0090650532269589,57.21679599802237,48.08979583565165,75.4707963227638,7.729999999999993,0.0169791666666663,-0.0498809969979285,-0.075605713892838,0.0257247168949094,100.0,75.60975609756085,8.05,7.73,97.37898809048278,84.13704030064268,7.587909969128471,9.520860793421717,11.453811617714956,13.386762442008198,15.31971326630144,2.099763193581478,181057216787.34,181053753043.5,3.73375437,3.89747534,0.44996127,-0.97060891,1.14604781,1.06967351,-1
2024-01-25,1,7.84,8.01,7.79,7.98,216251395.0,2037648413.0,19405546950.0,0.0111437928318737,69.39453066534828,55.1913741122172,97.80084377161047,7.775624999999994,0.0456250000000002,-0.0268851824719522,-0.0658616076086608,0.0389764251367086,100.0,100.0,8.05,7.74,107.67802124487864,97.37898809048278,7.585200013279022,9.517460501048202,11.44972098881738,13.38198147658656,15.31424196435574,2.0990132814749747,184356222881.0,184352696025.0,3.80178633,3.96849043,0.45815992,-0.98829417,1.16692971,1.08916381,1
2024-01-26,1,7.96,8.12,7.93,8.08,227228706.0,2172799799.0,19405546950.0,0.0117094718631468,77.33646677124919,62.57307166522786,106.86325698329183,7.834687499999993,0.0590624999999995,-0.0005849268465079,-0.0528062714562302,0.0522213446097223,100.0,100.0,8.05,7.76,116.29549520661678,107.67802124487864,7.584449066238067,9.51651825710102,11.448587447963972,13.380656638826927,15.31272582968988,2.098805475773096,186684933064.76,186681361659.0,3.8498089,4.01861873,0.46394721,-1.00077789,1.18166987,1.10292167,1
2024-01-29,1,8.14,8.3,8.05,8.15,237625184.0,2312173346.0,19405546950.0,0.0122452196071701,78.39747135399296,67.8478715614829,99.49667093901306,7.893124999999994,0.058437500000001,0.0256113979523044,-0.0371227375745233,0.0627341355268278,100.0,100.0,8.05,7.78,119.4369874514872,116.29549520661678,7.587061862985987,9.519796639978477,11.45253141697096,13.38526619396345,15.318000970955936,2.0995285015425,188237406520.6,188233805415.0,3.88182394,4.0520376,0.4678054,-1.00910037,1.19149665,1.11209357,1
2024-01-30,1,8.07,8.15,7.97,7.98,157912214.0,1515156604.0,19405546950.0,0.0081374781348278,71.74550038318144,69.14708116871576,76.94233881211281,7.915729166666661,0.0226041666666665,0.0322824627040549,-0.0232416975188076,0.0555241602228626,22.727272727272982,72.58064516129033,8.06,7.81,110.92774308327311,119.4369874514872,7.585200013279022,9.517460501048202,11.44972098881738,13.38198147658656,15.31424196435574,2.0990132814749747,184356222881.0,184352696025.0,3.80178633,3.96849043,0.45815992,-0.98829417,1.16692971,1.08916381,1
2024-01-31,1,7.95,8.03,7.88,7.95,135721747.0,1286857397.0,19405546950.0,0.0069939665885067,66.0121517706058,68.10210470267911,61.83224590645918,7.922708333333327,0.0069791666666665,0.0347480266810205,-0.011643752678842,0.0463917793598625,25.925925925925988,67.74193548387095,8.05,7.83,98.17220487472812,110.92774308327311,7.588636374136184,9.521772243476631,11.454908112817082,13.38804398215753,15.321179851497975,2.099964207893065,183579986153.08,183576474147.0,3.78577881,3.951781,0.45623083,-0.98413294,1.16201632,1.08457786,-1
2024-02-01,1,7.91,7.96,7.85,7.91,105525987.0,993481907.0,19405546950.0,0.0054379290247214,60.45831763062031,65.55417567865952,50.26660153454188,7.906562499999994,-0.0161458333333328,0.0330928642506549,-0.0026964292929426,0.0357892935435975,46.15384615384626,61.290322580645125,8.05,7.84,86.54610537710694,98.17220487472812,7.590573864585087,9.524203291937624,11.45783271929016,13.391462146642697,15.325091573995232,2.1005003596330134,182609690243.18,182606196799.5,3.76576941,3.9308942,0.45381946,-0.97893139,1.15587458,1.07884541,-1
2024-02-02,1,7.91,7.96,7.62,7.79,163421431.0,1520605695.0,19405546950.0,0.008421377218641,51.56095634249144,60.88976923327016,32.90333056093402,7.882604166666661,-0.0239583333333337,0.0218463083379676,0.0022121182332394,0.0196341901047282,51.51515151515148,41.9354838709677,8.05,7.85,81.91037202879173,86.54610537710694,7.588317149045489,9.52137169870704,11.45442624836859,13.387480798030138,15.320535347691688,2.099875870380016,179892861695.46,179889420226.5,3.70974309,3.87241119,0.44706763,-0.96436705,1.13867772,1.06279458,-1
2024-02-05,1,7.72,7.92,7.65,7.88,180359190.0,1674566499.0,19405546950.0,0.0092942080150953,47.11906893420996,56.29953580025009,28.758135202129708,7.873020833333327,-0.0095833333333334,0.0199654305335776,0.005762780693307,0.0142026498402706,89.65517241379303,56.45161290322574,8.04,7.86,86.59707852944484,81.91037202879173,7.585970154110151,9.518426828228458,11.450883502346764,13.38334017646507,15.31579685058338,2.0992263985754223,182027512697.24,182024030391.0,3.75376377,3.91836213,0.45237264,-0.97581046,1.15218954,1.07540595,-1
2024-02-06,1,7.81,8.13,7.8,8.13,199540954.0,1900324218.0,19405546950.0,0.0102826761087504,56.41271262280666,56.33726140776895,56.563615052882085,7.903645833333328,0.0306250000000005,0.0382073019912949,0.0122516849529046,0.0259556170383903,100.0,96.77419354838716,8.05,7.87,100.58751322709344,86.59707852944484,7.584080584452942,9.516055907943564,11.448031231434184,13.380006554924806,15.311981878415429,2.098703507709024,187849288156.64,187845694476.0,3.87382018,4.04368288,0.46684085,-1.00701975,1.18903995,1.1098006,-1
2024-02-07,1,8.08,8.12,7.96,8.07,206201497.0,1975435102.0,19405546950.0,0.0106259049297242,59.66729861128286,57.44727380894025,64.10734821596807,7.94385416666666,0.0402083333333322,0.0472776308884661,0.0192568741400169,0.0280207567484492,87.4999999999999,87.09677419354837,8.05,7.89,109.0370009396372,100.58751322709344,7.582944850207279,9.514630855762492,11.446316861317705,13.37800286687292,15.309688872428133,2.0983892218284006,186490873882.78,186487306189.5,3.84580702,4.01444137,0.46346493,-0.99973758,1.18044152,1.10177518,1
2024-02-08,1,8.05,8.12,8.0,8.12,165681384.0,1593505690.0,19405546950.0,0.0085378363427164,64.28800299575714,59.72751687121255,73.4089752448463,7.983124999999993,0.0392708333333331,0.0578338414957828,0.0269722676111701,0.0308615738846127,96.9696969696965,95.16129032258048,8.05,7.91,118.8819211831308,109.0370009396372,7.582585320659628,9.514179739343316,11.445774158027003,13.37736857671069,15.308962995394378,2.098289731070836,187655228974.66,187651639006.5,3.8698183,4.03950552,0.46635858,-1.00597944,1.18781161,1.10865411,1
2024-02-19,1,8.2,8.24,8.11,8.24,160524265.0,1564088445.0,19405546950.0,0.0082720814524632,76.19200199717143,65.21567857986551,98.14464883178329,8.020104166666659,0.0369791666666659,0.0750179513277746,0.036581404354491,0.0384365469732836,100.0,100.0,8.06,7.93,127.8315566222522,118.8819211831308,7.584831819044331,9.516998512692028,11.449165206339725,13.38133189998742,15.313498593635115,2.0989113929832506,190372057522.38,190368415579.5,3.92584462,4.09798854,0.47311041,-1.02054377,1.20500847,1.12470494,1
2024-02-20,1,8.22,8.27,8.17,8.25,112356398.0,1098987813.0,19405546950.0,0.0057899114252999,83.10236030580661,71.17790582184587,106.95126927372812,8.065520833333327,0.0454166666666679,0.0884241006112125,0.0469499436058353,0.0414741570053771,100.0,100.0,8.07,7.96,133.6949374602608,127.8315566222522,7.586303477756701,9.51884506303236,11.451386648308018,13.383928233583676,15.316469818859334,2.099318637509124,190566116704.36,190562471049.0,3.9298465,4.1021659,0.47359268,-1.02158408,1.20623681,1.12585143,1
2024-02-21,1,8.22,9.07,8.21,9.07,505528460.0,5295259397.0,19405546950.0,0.0260507194825549,88.73490687053776,77.03023950474316,112.14424160212693,8.22979166666666,0.1642708333333331,0.1633329172793036,0.070226538340529,0.0931063789387746,100.0,100.0,8.11,8.01,140.56665335818172,133.6949374602608,7.583527782557809,9.515362284810012,11.447196787062213,13.379031289314415,15.310865791566616,2.098550533691479,209583916538.4,209579907060.0,4.32203078,4.51154701,0.52085549,-1.12353443,1.32661483,1.23820728,1
2024-02-22,1,8.95,9.17,8.92,9.16,492232512.0,5307736374.0,19405546950.0,0.0253655572434148,92.274884150251,82.11178771991244,112.6010770109281,8.385624999999994,0.1558333333333337,0.2273403045004105,0.1016492915725053,0.1256910129279052,100.0,100.0,8.15,8.08,146.22884343615198,140.56665335818172,7.588513772372116,9.52161841003192,11.454723047691724,13.387827685351526,15.32093232301133,2.099930280939173,211524508358.2,211520461755.0,4.36204958,4.5533206,0.52567823,-1.13393753,1.3388983,1.24967216,1
2024-02-23,1,9.14,9.44,9.11,9.12,356747950.0,3917316282.0,19405546950.0,0.0183838131911041,88.89089110947832,84.37148884976773,97.92969562889948,8.540208333333327,0.154583333333333,0.2717068864599614,0.1356608105499965,0.1360460759099649,95.78947368421042,97.5460122699386,8.18,8.17,144.40038077448398,146.22884343615198,7.59019355624664,9.523726103520303,11.457258650793968,13.39079119806763,15.324323745341294,2.100395118867832,210554212448.3,210550184407.5,4.34204018,4.53243381,0.52326686,-1.12873598,1.33275656,1.24393972,1
2024-02-26,1,9.06,9.14,8.82,8.85,286260888.0,3048205025.0,19405546950.0,0.0147514980504066,80.60205748761969,83.11501172905172,75.57614900475565,8.582604166666659,0.042395833333332,0.2818321927079292,0.1648950869815831,0.1169371057263461,8.823529411764522,80.9815950920245,8.2,8.25,136.6727279959194,144.40038077448398,7.589316245000412,9.52262530523964,11.455934365478871,13.3892434257181,15.322552485957328,2.10015234505111,204344318624.94,204340409383.5,4.21398001,4.39875834,0.50783411,-1.09544607,1.29344945,1.2072521,1
2024-02-27,1,8.81,8.91,8.79,8.82,198190492.0,2083027074.0,19405546950.0,0.010213084563432,73.10407436111585,79.77803260640643,59.75615787053468,8.607499999999993,0.0248958333333337,0.2841601996804623,0.1887481095213589,0.0954120901591034,9.090909090909433,79.14110429447854,8.23,8.32,117.08202310917297,136.6727279959194,7.585200003778224,9.517460489127163,11.4497209744761,13.381981459825038,15.314241945173976,2.099013278845868,203762141079.0,203758242975.0,4.20197437,4.38622626,0.50638728,-1.09232514,1.28976441,1.20381263,1
2024-02-28,1,8.83,8.99,8.74,8.81,308269265.0,3253340358.0,19405546950.0,0.0158856261972044,67.48604957407726,75.68070492896338,51.096738864305024,8.63729166666666,0.0297916666666679,0.2819481230956349,0.2073881122362141,0.0745600108594207,63.63636363636422,78.5276073619632,8.26,8.38,102.09897596237428,117.08202310917297,7.583822691415495,9.515732319008125,11.447641946600752,13.37955157419338,15.311461201786008,2.09863214229877,203568081897.02,203564187505.5,4.19797249,4.38204891,0.50590501,-1.09128483,1.28853607,1.20266614,1
2024-02-29,1,8.75,8.9,8.75,8.9,184534423.0,1936020983.0,19405546950.0,0.0095093646922433,64.7901984629187,72.05053610694848,50.26952317485913,8.667812499999995,0.0305208333333339,0.2841814178158337,0.222746773352138,0.0614346444636956,100.0,83.11688311688313,8.29,8.44,97.70358596816943,102.09897596237428,7.58895185081893,9.522168084965555,11.45538431911218,13.388600553258806,15.32181678740543,2.1000515081285127,205508673716.82,205504742200.5,4.23799129,4.42382249,0.51072775,-1.10168793,1.30081954,1.21413102,1
2024-03-01,1,8.9,8.91,8.76,8.81,182810290.0,1917689307.0,19405546950.0,0.0094205172609164,59.99136590441301,68.03081270610333,43.91247230103235,8.678124999999994,0.0103124999999995,0.2755131282910223,0.2333000443399149,0.0422130839511074,43.75000000000014,77.2727272727273,8.32,8.5,90.4880998655982,97.70358596816943,7.583822691415495,9.515732319008125,11.447641946600752,13.37955157419338,15.311461201786008,2.09863214229877,203568081897.02,203564187505.5,4.19797249,4.38204891,0.50590501,-1.09128483,1.28853607,1.20266614,1
2024-03-04,1,8.78,8.82,8.67,8.68,165592954.0,1719562862.0,19405546950.0,0.0085332793982392,52.73137130754903,62.93099890658524,32.332116109476615,8.672395833333328,-0.0057291666666667,0.2552116122440502,0.2376823579207419,0.0175292543233082,4.347826086956421,68.8311688311688,8.34,8.54,77.34220749526935,90.4880998655982,7.58764763940591,9.520531637596113,11.453415635786312,13.386299633976511,15.319183632166714,2.0996906004302334,200463134985.34,200459299993.5,4.1339424,4.31521117,0.49818863,-1.07463988,1.26888251,1.18432233,1
2024-03-05,1,8.65,8.8,8.62,8.76,181731907.0,1889144330.0,19405546950.0,0.0093649463974526,40.845304448935146,55.56910075403521,11.39771183873502,8.68135416666666,0.0089583333333322,0.2427792379936413,0.2387017339353218,0.0040775040583194,73.6842105263156,74.02597402597401,8.36,8.57,78.65519914137208,77.34220749526935,7.584161073121232,9.516156900365637,11.448152727610038,13.38014855485444,15.31214438209884,2.098725780923105,202403726805.14,202399854688.5,4.17396121,4.35698476,0.50301137,-1.08504297,1.28116598,1.19578721,1
2024-03-06,1,8.74,8.78,8.68,8.68,134564016.0,1396940060.0,19405546950.0,0.0069343067910796,29.669227356200683,46.93580962142371,-4.863937174245365,8.68260416666666,0.0012500000000006,0.2238902924926815,0.2357394456467937,-0.0118491531541122,42.85714285714304,68.8311688311688,8.38,8.6,71.89674020134481,78.65519914137208,7.58764763940591,9.520531637596113,11.453415635786312,13.386299633976511,15.319183632166714,2.0996906004302334,200463134985.34,200459299993.5,4.1339424,4.31521117,0.49818863,-1.07463988,1.26888251,1.18432233,1
2024-03-07,1,8.68,8.94,8.68,8.72,201616589.0,2109589237.0,19405546950.0,0.0103896370207694,26.18974131439027,40.02045351907923,-1.4716830949876538,8.699687499999994,0.0170833333333337,0.2097306879834661,0.2305376941141282,-0.020807006130662,71.42857142857216,71.42857142857146,8.4,8.62,69.0050254756326,71.89674020134481,7.585895968075509,9.518333743978443,11.450771519881382,13.383209295784315,15.315647071687252,2.0992058694566462,201433430895.24,201429577341.0,4.1539518,4.33609796,0.5006,-1.07984142,1.27502425,1.19005477,1
2024-03-08,1,8.7,8.77,8.65,8.72,111397428.0,1154491251.0,19405546950.0,0.0057404941116591,26.46883655193596,35.50324786336481,8.400013929078256,8.68822916666666,-0.0114583333333335,0.1962468874365477,0.2236795327786121,-0.0274326453420644,100.0,71.42857142857146,8.42,8.64,66.43258975039473,69.0050254756326,7.585895968075509,9.518333743978443,11.450771519881382,13.383209295784315,15.315647071687252,2.0992058694566462,201433430895.24,201429577341.0,4.1539518,4.33609796,0.5006,-1.07984142,1.27502425,1.19005477,1
2024-03-11,1,8.72,8.8,8.69,8.8,121067298.0,1260212020.0,19405546950.0,0.0062387985410532,33.86210725084028,34.9562009925233,31.67391976747425,8.697083333333328,0.0088541666666674,0.189827990854928,0.2169092243938753,-0.0270812335389472,100.0,76.62337662337666,8.45,8.66,69.83927175210054,66.43258975039473,7.589684815619138,9.523087765860248,11.456490716101358,13.389893666342468,15.323296616583578,2.100254337697647,203179963533.06,203176076566.5,4.18996873,4.37369419,0.50494046,-1.08920421,1.28607937,1.20037317,1
2024-03-12,1,8.8,8.9,8.75,8.87,164126237.0,1721999708.0,19405546950.0,0.0084576970400723,48.61640483389349,39.50960227298003,66.83000995572041,8.721562499999994,0.0244791666666657,0.1882197044635738,0.211171320407815,-0.0229516159442411,100.0,80.7947019867549,8.46,8.67,79.31548902262782,69.83927175210054,7.584857962118256,9.517031315475478,11.449204668832698,13.38137802218992,15.31355137554714,2.098918627421273,204926496170.88,204922575792.0,4.22598565,4.41129041,0.50928093,-1.098567,1.2971345,1.21069156,-1
2024-03-13,1,8.85,8.86,8.65,8.68,176803911.0,1834654994.0,19405546950.0,0.0091109985951722,38.66093655592904,39.2267137006297,37.52938226652772,8.718958333333328,-0.002604166666666,0.1696580019693385,0.2028686567201197,-0.0332106547507811,13.636363636363416,64.70588235294115,8.46,8.69,69.5071626667654,79.31548902262782,7.58764763940591,9.520531637596113,11.453415635786312,13.386299633976511,15.319183632166714,2.0996906004302334,200463134985.34,200459299993.5,4.1339424,4.31521117,0.49818863,-1.07463988,1.26888251,1.18432233,-1
2024-03-14,1,8.65,8.72,8.57,8.59,140939973.0,1448499698.0,19405546950.0,0.0072628704237578,27.575759505754466,35.343062302337955,12.041153912587475,8.699999999999994,-0.0189583333333338,0.1460024458616686,0.1914954145484295,-0.0454929686867608,6.666666666666548,52.49999999999998,8.45,8.69,59.632479372696494,69.5071626667654,7.582375371245325,9.513916307231527,11.445457243217728,13.376998179203929,15.308539115190127,2.098231632852161,198522543165.54,198518745298.5,4.0939236,4.27343759,0.4933659,-1.06423678,1.25659904,1.17285745,-1
2024-03-15,1,8.86,9.03,8.82,8.91,375020789.0,3973799131.0,19405546950.0,0.0193254428729204,43.0215208299233,37.90254847819974,53.25946553337043,8.724999999999994,0.0250000000000003,0.1513321104968366,0.1834627537381109,-0.0321306432412743,100.0,78.44827586206897,8.47,8.7,70.13515631259314,59.632479372696494,7.271465653640436,9.123805176145162,10.976144698649888,12.828484221154612,14.68082374365934,2.012195190115013,205702732898.8,205698797670.0,4.42799985,4.42799985,0.51121002,-1.10272824,2.22475133,1.24896164,-1
2024-03-18,1,8.87,8.91,8.81,8.86,167139651.0,1761249150.0,19405546950.0,0.008612983258377,49.69550664023871,41.83353453221273,65.41945085629065,8.755208333333327,0.0302083333333325,0.1497945872281292,0.1767291204361145,-0.0269345332079853,85.29411764705861,71.42857142857137,8.48,8.72,75.8729855225992,70.13515631259314,7.271821826877917,9.12425208126478,10.976682335651642,12.829112590038504,14.681542844425366,2.012293752098174,204538377806.92,204534464853.0,4.4029357,4.4029357,0.50831638,-1.09648638,2.2121584,1.24189204,-1
2024-03-19,1,8.85,8.86,8.73,8.74,129321558.0,1351069630.0,19405546950.0,0.0066641542407028,45.4491783398693,43.03874913476492,50.27003675007806,8.77010416666666,0.0148958333333339,0.137310264584805,0.1688453492658526,-0.0315350846810476,5.555555555555446,57.57575757575759,8.49,8.72,73.46346509290032,75.8729855225992,7.269896232452463,9.121835959230658,10.973775686008851,12.825715412787048,14.677655139565244,2.011760892283444,201821549259.2,201817688280.0,4.34445268,4.34445268,0.50156455,-1.08192204,2.18277489,1.22539632,-1
2024-03-20,1,8.72,8.8,8.71,8.78,87266316.0,910278573.0,19405546950.0,0.0044969779117717,45.516843530927325,43.86478060015239,48.8209693924772,8.764999999999993,-0.0051041666666673,0.1291551939715471,0.1609073182069915,-0.0317521242354443,46.66666666666612,59.999999999999886,8.5,8.73,67.29036608612864,73.46346509290032,7.268224683749508,9.119738598748654,10.9712525137478,12.822766428746943,14.67428034374609,2.011298333231344,202791845169.1,202787965627.5,4.36533947,4.36533947,0.50397592,-1.08712359,2.193269,1.23128765,-1
2024-03-21,1,8.78,8.84,8.75,8.8,86446625.0,905422294.0,19405546950.0,0.0044547378758628,47.01122902061828,44.91359674030769,51.20649358123946,8.772916666666662,0.0079166666666683,0.1228894811666112,0.1533037507989155,-0.0304142696323042,100.0,38.98305084745771,8.51,8.74,68.53846617801321,67.29036608612864,7.270865466705161,9.123052097064884,10.975238727424609,12.82742535778433,14.679611988144051,2.012029103479684,203179963533.06,203176076566.5,4.37369419,4.37369419,0.50494046,-1.08920421,2.19746665,1.23364418,-1
2024-03-22,1,8.78,8.78,8.66,8.7,102814174.0,1065535606.0,19405546950.0,0.0052981848058655,40.76110920215127,43.52943422758889,35.22445915127604,8.779374999999995,0.0064583333333327,0.1086027890126999,0.1443635584416724,-0.0357607694289724,28.571428571427845,23.6363636363635,8.52,8.74,62.62304588750051,68.53846617801321,7.264565025201066,9.115146675579702,10.965728325958336,12.816309976336967,14.666891626715604,2.0102856147947312,201045312531.28,201041466402.0,4.32774325,4.32774325,0.49963545,-1.0777608,2.1743796,1.22068326,-1
2024-03-25,1,8.7,8.81,8.67,8.74,95320221.0,993304120.0,19405546950.0,0.0049120089861728,39.49291338114434,42.18392727877404,34.110885585884944,8.774479166666662,-0.0048958333333324,0.0993627562537913,0.1353633980040962,-0.0360006417503048,57.14285714285696,50.0,8.53,8.75,64.42781023086066,62.62304588750051,7.269896232452463,9.121835959230658,10.973775686008851,12.825715412787048,14.677655139565244,2.011760892283444,201821549259.2,201817688280.0,4.34445268,4.34445268,0.50156455,-1.08192204,2.18277489,1.22539632,-1
2024-03-26,1,8.78,8.96,8.75,8.91,174002146.0,1835376191.0,19405546950.0,0.0089666190006564,50.96629008018323,45.11138154591043,62.67610714872882,8.788020833333327,0.013541666666665,0.1045523288073102,0.129201184164739,-0.0246488553574287,100.0,100.0,8.54,8.75,76.7093292258588,64.42781023086066,7.271465653640436,9.123805176145162,10.976144698649888,12.828484221154612,14.68082374365934,2.012195190115013,205702732898.8,205698797670.0,4.42799985,4.42799985,0.51121002,-1.10272824,2.22475133,1.24896164,-1
2024-03-27,1,8.87,8.93,8.83,8.85,127413599.0,1347397150.0,19405546950.0,0.0065658339508951,51.09464383723926,47.10580230968671,59.07232689234437,8.802916666666661,0.0148958333333339,0.1026404289126912,0.1238890331143294,-0.0212486042016382,74.99999999999982,82.35294117647044,8.56,8.76,81.47383744420043,76.7093292258588,7.270512375089923,9.122609058582656,10.974705742075388,12.82680242556812,14.678899109060852,2.011931394257953,204344318624.94,204340409383.5,4.39875834,4.39875834,0.50783411,-1.09544607,2.21005958,1.24071378,-1
2024-03-28,1,8.83,8.88,8.72,8.81,130218892.0,1362980388.0,19405546950.0,0.0067103953490988,50.72976255815951,48.31378905917765,55.56170955612323,8.805520833333327,0.002604166666666,0.0967819269563623,0.118467611882736,-0.0216856849263736,47.368421052631625,70.58823529411774,8.57,8.77,81.36622799130421,81.47383744420043,7.2652495856327635,9.1160056215347,10.966761657436637,12.81751769333857,14.668273729240504,2.010475049672597,203568081897.02,203564187505.5,4.38204891,4.38204891,0.50590501,-1.09128483,2.20166429,1.23600072,-1
2024-03-29,1,8.78,8.88,8.76,8.84,87275898.0,917332316.0,19405546950.0,0.0044974716881144,53.81984170543959,50.14913994126496,61.16124523378886,8.804583333333328,-0.0009374999999991,0.0934821669967735,0.1134705229055435,-0.0199883559087699,92.3076923076924,79.41176470588226,8.58,8.78,81.83282341337248,81.36622799130421,7.269200433848873,9.120962912282026,10.97272539071518,12.824487869148331,14.676250347581488,2.011568347524228,204150259442.96,204146353914.0,4.39458098,4.39458098,0.50735183,-1.09440576,2.20796076,1.23953551,-1
2024-04-01,1,8.84,8.95,8.83,8.94,119108796.0,1261770380.0,19405546950.0,0.006137873686678,66.99100558140402,55.763095154644645,89.4468264349228,8.830624999999994,0.026041666666666,0.0978087691139428,0.1103381721472234,-0.0125294030332805,100.0,100.0,8.58,8.79,94.96388907534288,81.83282341337248,7.268520329950578,9.12010955812165,10.971698786292722,12.823288014463792,14.674877242634862,2.0113801458798672,206478969626.72,206475019548.0,4.44470928,4.44470928,0.49678314,-1.10688947,2.23314662,1.2536747,-1
2024-04-02,1,8.93,8.97,8.85,8.86,108545826.0,1149700800.0,19405546950.0,0.0055935463339259,66.1660467316886,59.23074568032596,80.03664883441387,8.839270833333329,0.0086458333333343,0.0937021608682595,0.1070109698914306,-0.013308809023171,55.55555555555544,78.37837837837832,8.59,8.79,95.04599295347973,94.96388907534288,7.264929102045772,9.115603497678364,10.966277893310954,12.816952288943543,14.667626684576131,2.010386363902359,204732436988.9,204728520322.5,4.40711306,4.40711306,0.49258103,-1.09752669,2.21425722,1.24307031,-1
2024-04-03,1,8.85,8.86,8.75,8.79,98184585.0,1028648883.0,19405546950.0,0.0050596144109197,58.08919244478151,58.85022793514448,56.567121464055575,8.827499999999993,-0.011770833333335,0.0838328562784127,0.102375347168827,-0.0185424908904143,21.052631578946976,59.45945945945928,8.59,8.8,84.72330165150483,95.04599295347973,7.2695463375523826,9.121396931797603,10.973247526042826,12.825098120288049,14.676948714533268,2.011664067672214,202985904351.08,202982021097.0,4.36951683,4.36951683,0.48837891,-1.0881639,2.19536782,1.23246592,-1
2024-04-08,1,8.75,8.81,8.71,8.76,90636052.0,945290441.0,19405546950.0,0.004670625993358,48.72612829652096,55.47552805560331,35.22732877835627,8.808645833333326,-0.0188541666666672,0.072751972553851,0.0964506722458318,-0.0236986996919808,33.33333333333294,51.351351351351326,8.59,8.8,76.40901980677985,84.72330165150483,7.265573756470978,9.116412371935862,10.967250987400746,12.81808960286563,14.668928218330512,2.010564755796851,202403726805.14,202399854688.5,4.35698476,4.35698476,0.48697821,-1.08504297,2.18907136,1.22893112,-1
2024-04-09,1,8.76,8.8,8.7,8.74,85715673.0,891468991.0,19405546950.0,0.0044170707077132,37.42235713595233,49.45780441571966,13.351462576417688,8.795520833333327,-0.0131249999999987,0.0616458445923999,0.0894897067151454,-0.0278438621227455,44.44444444444554,45.94594594594602,8.59,8.8,68.17960755172659,76.40901980677985,7.269896232452463,9.121835959230658,10.973775686008851,12.825715412787048,14.677655139565244,2.011760892283444,201821549259.2,201817688280.0,4.34445268,4.34445268,0.4855775,-1.08192204,2.18277489,1.22539632,-1
2024-04-10,1,8.72,8.75,8.63,8.64,124639082.0,1288696196.0,19405546950.0,0.0064228584909841,25.92863024749761,41.61474635964564,-5.443601976798448,8.77010416666666,-0.0254166666666666,0.0442647375617184,0.08044471288446,-0.0361799753227416,7.692307692307587,18.91891891891904,8.59,8.8,58.28871143666308,68.17960755172659,7.270608275381378,9.12272938859826,10.974850501815142,12.826971615032026,14.679092728248907,2.011957932251033,199492839075.44,199489022646.0,4.29432438,4.29432438,0.47997469,-1.06943833,2.15758903,1.21125714,-1
2024-04-11,1,8.6,8.65,8.5,8.61,101021340.0,1030820137.0,19405546950.0,0.0052057970981333,25.087171938048,36.10555488577976,3.050406042584484,8.741249999999994,-0.028854166666667,0.0277494572663226,0.0699056617608325,-0.0421562044945099,45.83333333333306,24.9999999999999,8.59,8.79,58.51854247628879,58.28871143666308,7.266569040010256,9.11766119487472,10.968753349739186,12.81984550460365,14.670937659468116,2.010840175477824,198910661529.5,198906856237.5,4.28179231,4.28179231,0.47857398,-1.0663174,2.15129256,1.20772234,-1
2024-04-12,1,8.59,8.63,8.43,8.45,130545371.0,1322011754.0,19405546950.0,0.0067272193531241,17.95934919326654,30.05681965494201,-6.235591730084416,8.691145833333328,-0.0501041666666655,0.0017303692027912,0.0562706032492243,-0.054540234046433,9.523809523809282,3.9215686274508985,8.58,8.77,50.22577877281056,58.51854247628879,7.26622507898718,9.117229612919692,10.968234146852202,12.819238680784713,14.670243214717225,2.0107449929177754,195223537071.88,195219802317.0,4.2024225,4.2024225,0.46970286,-1.04655151,2.11141494,1.18533529,-1
2024-04-15,1,8.46,8.67,8.45,8.65,145320260.0,1486326196.0,19405546950.0,0.007488593873413,25.55314637575796,28.55559522854733,19.54824867017921,8.679999999999994,-0.0111458333333338,-0.002720259555847,0.04447243068821,-0.0471926902440571,100.0,43.13725490196093,8.58,8.75,60.74714382624977,50.22577877281056,7.271949447669644,9.124412212288648,10.976874976907652,12.829337741526656,14.681800506145658,2.012329067941706,199686898257.42,199683078115.5,4.29850174,4.29850174,0.48044159,-1.07047864,2.15968785,1.2124354,-1
2024-04-16,1,8.64,8.73,8.59,8.64,147803643.0,1523138499.0,19405546950.0,0.0076165667157348,29.99839388013497,29.03652811240988,31.92212541558513,8.671458333333328,-0.008541666666666,-0.0069739400983035,0.0341831565309073,-0.0411570966292108,95.45454545454557,41.17647058823548,8.59,8.74,69.83030427781075,60.74714382624977,7.270608275381378,9.12272938859826,10.974850501815142,12.826971615032026,14.679092728248907,2.011957932251033,199492839075.44,199489022646.0,4.29432438,4.29432438,0.47997469,-1.06943833,2.15758903,1.21125714,-1
2024-04-17,1,8.62,8.93,8.58,8.92,223264057.0,2337576587.0,19405546950.0,0.0115051669285724,52.66559592008999,36.91288404830325,84.17101966366347,8.720937499999994,0.049479166666666,0.0121090616430574,0.0297683375533373,-0.0176592759102798,100.0,96.0784313725491,8.59,8.74,85.23214600895135,69.83030427781075,7.265917402958885,9.11684355923076,10.967769715502632,12.818695871774503,14.669622028046378,2.0106598513172043,206090851262.76,206086908609.0,4.43635456,4.43635456,0.49584934,-1.10480886,2.22894898,1.25131817,-1
2024-04-18,1,8.89,9.27,8.87,9.07,316591426.0,3427338982.0,19405546950.0,0.0163144809479332,60.50722267688542,44.77766359116398,91.9663408483283,8.782708333333328,0.0617708333333339,0.0388879483447723,0.0315922597116243,0.007295688633148,100.0,100.0,8.61,8.74,92.01894197360582,85.23214600895135,7.264967077711997,9.115651147299028,10.966335216886057,12.817019286473087,14.667703356060116,2.0103968727126262,209583916538.4,209579907060.0,4.51154701,4.51154701,0.50425356,-1.12353443,2.26672777,1.27252695,1
2024-04-19,1,9.0,9.09,8.96,8.98,145767502.0,1562376147.0,19405546950.0,0.0075116409949991,62.1635452766538,50.572957486327255,85.3447208573069,8.83135416666666,0.0486458333333317,0.0522459029020172,0.0357229883497029,0.0165229145523143,81.63265306122453,85.93750000000003,8.62,8.76,92.96034507436148,92.01894197360582,7.266892744466251,9.11806736008705,10.969241975707847,12.820416591328646,14.671591206949444,2.010929752542532,207449265536.62,207445296895.5,4.46559607,4.46559607,0.49911765,-1.11209102,2.24364073,1.25956603,1
2024-04-22,1,8.94,9.08,8.78,8.82,200981837.0,2125722741.0,19405546950.0,0.0103569271980762,56.9185539939597,52.68815632220474,65.3793493374696,8.83666666666666,0.0053125000000004,0.0493526091459877,0.0384489125089598,0.0109036966370278,13.793103448276137,60.93750000000004,8.62,8.77,87.4491779247302,92.96034507436148,7.318188200479968,9.182429865444735,11.046671530409506,12.910913195374276,14.775154860339043,2.025124479545592,203762141079.0,203758242975.0,4.35528783,4.38622626,0.49024652,-1.09232514,-5.35131815,1.28661271,1
2024-04-23,1,8.83,8.95,8.79,8.86,124002700.0,1308866093.0,19405546950.0,0.0063900646716891,55.00919472613185,53.46183579018045,58.103912598034654,8.829374999999994,-0.0072916666666671,0.0497142438482907,0.040701978776826,0.0090122650714646,39.99999999999982,67.1874999999999,8.63,8.78,77.7907651665825,87.4491779247302,7.323478302169085,9.189067572266518,11.054656842363949,12.92024611246138,14.785835382558812,2.026588382104044,204538377806.92,204534464853.0,4.3718794,4.4029357,0.49211412,-1.09648638,-5.37170412,1.29151409,1
2024-04-24,1,8.84,8.88,8.79,8.85,94156774.0,989093538.0,19405546950.0,0.0048520546337911,53.33946315075457,53.42104491037183,53.17629963152005,8.830312499999994,0.0009375000000009,0.0486333109928498,0.0422882452200308,0.006345065772819,87.50000000000028,65.62499999999993,8.63,8.79,71.44209677010318,77.7907651665825,7.32215954043384,9.187412868013036,11.052666195592227,12.917919523171422,14.783172850750615,2.026223447970134,204344318624.94,204340409383.5,4.36773151,4.39875834,0.49164722,-1.09544607,-5.36660763,1.29028874,1
2024-04-25,1,8.82,8.92,8.8,8.91,111381224.0,1176304525.0,19405546950.0,0.0057396590926801,54.25882909237299,53.70030630437221,55.37587466837455,8.84229166666666,0.0119791666666664,0.0520185252970719,0.044234301235439,0.0077842240616329,100.0,75.0,8.64,8.8,71.83360921656762,71.44209677010318,7.31621751028505,9.179957159905385,11.04369680952572,12.907436459146052,14.771176108766388,2.024579140611145,205896792080.78,205892853139.5,4.40091465,4.43217721,0.49538243,-1.10376855,-5.40737958,1.30009151,1
2024-04-26,1,8.9,8.96,8.8,8.91,160762751.0,1698581437.0,19405546950.0,0.0082843710313457,52.11458171375592,53.17173144083345,50.00028225960087,8.846562499999994,0.004270833333333,0.0540779550192169,0.0462030319921946,0.0078749230270223,100.0,75.0,8.65,8.81,79.67126277796727,71.83360921656762,7.32311959700132,9.18861749023048,11.05411538345964,12.919613276688798,14.785111169917956,2.0264891194728736,205702732898.8,205698797670.0,4.39676676,4.42799985,0.49491553,-1.10272824,-5.40228308,1.29886616,1
2024-04-29,1,8.87,9.16,8.84,9.08,216917737.0,2337350884.0,19405546950.0,0.011178130539629,58.89764384781798,55.08036890982829,66.53219372379736,8.883645833333325,0.0370833333333315,0.0686364489038702,0.0506897153745297,0.0179467335293404,100.0,100.0,8.66,8.83,88.38719283882274,79.67126277796727,7.317865824784866,9.182025367483016,11.046184910181164,12.910344452879311,14.774503995577462,2.0250352701820344,209777975720.38,209773962529.5,4.48387252,4.51572437,0.50472046,-1.12457474,-5.50930944,1.32459842,1
2024-04-30,1,9.07,9.14,9.01,9.07,132455653.0,1431407709.0,19405546950.0,0.0068256593509723,58.992987055007966,56.38457495822151,64.20981124858086,8.923749999999993,0.0401041666666674,0.0784627737547651,0.0562443270505768,0.0222184467041883,96.4285714285715,98.4615384615385,8.68,8.84,94.79984906831356,88.38719283882274,7.32335573145229,9.188913777778088,11.054471824103883,12.92002987042968,14.785587916755476,2.026554463741704,209389857356.42,209385851590.5,4.47557673,4.50736966,0.50378666,-1.12249412,-5.49911646,1.32214773,1
2024-05-06,1,9.21,9.33,9.11,9.15,178410057.0,1953817493.0,19405546950.0,0.0091937659608197,61.75290046091444,58.17401679245248,68.91066779783834,8.968749999999993,0.0449999999999999,0.0916490650339003,0.0633252746472415,0.0283237903866588,100.0,100.0,8.7,8.87,97.77254918522236,94.79984906831356,7.320108234840747,9.184839011038443,11.04956978723614,12.914300563433835,14.779031339631532,2.0256558007522982,211330449176.22,211326406285.5,4.51705566,4.54914324,0.50845568,-1.13289722,-5.55008139,1.33440118,1
2024-05-07,1,9.13,9.15,9.04,9.14,108705665.0,1176786413.0,19405546950.0,0.005601783102537,62.98678212545816,59.778271903454375,69.40380256946573,8.999270833333329,0.0305208333333357,0.10013805033768,0.0706878297853292,0.0294502205523508,92.85714285714305,98.61111111111114,8.72,8.89,99.02452134435744,97.77254918522236,7.318828799020637,9.183233650618124,11.047638502215612,12.9120433538131,14.776448205410585,2.025301749076073,211136389994.24,211132350816.0,4.51290777,4.54496588,0.50798877,-1.13185691,-5.5449849,1.33317583,1
2024-05-08,1,9.11,9.14,9.0,9.01,122179127.0,1318612000.0,19405546950.0,0.0062960929323355,55.57143499721904,58.37599293470927,49.96231912223858,9.002395833333328,0.0031249999999989,0.0952774200162824,0.0756057478315199,0.0196716721847625,6.666666666666509,80.5555555555555,8.73,8.91,83.99459025273126,99.02452134435744,7.315589993556436,9.179169789016305,11.042749584476168,12.906329379936032,14.769909175395895,2.0244054911430496,208225502264.54,208221518773.5,4.45068937,4.48230551,0.50098525,-1.11625226,-5.4685375,1.31479565,1
2024-05-09,1,9.0,9.09,9.0,9.04,106946063.0,1150726858.0,19405546950.0,0.0055111078948485,52.47972209691144,56.41056932210999,44.618027646514335,9.00010416666666,-0.0022916666666681,0.0927766136959125,0.0790399210043984,0.013736692691514,28.571428571427845,84.72222222222207,8.75,8.93,73.93572402263493,83.99459025273126,7.319483688347583,9.18405536702519,11.048627045702792,12.913198724380395,14.777770403058,2.0254829732221404,208807679810.48,208803685182.0,4.46313305,4.49483758,0.50238596,-1.11937319,-5.48382698,1.31847169,1
2024-05-10,1,9.05,9.21,9.04,9.19,176783561.0,1923452177.0,19405546950.0,0.0091099499259411,59.51478328473337,57.44530730965111,63.65373523489789,9.015833333333326,0.0157291666666665,0.1017258211235887,0.0835771010282364,0.0181487200953522,100.0,100.0,8.76,8.95,87.18857375769328,73.93572402263493,7.318506741929533,9.18282955242186,11.047152362914188,12.911475173406515,14.775797983898842,2.0252126278781564,212300745086.12,212296683633.0,4.53779513,4.57003003,0.51079018,-1.13809876,-5.57556386,1.34052791,1
2024-05-13,1,9.16,9.25,9.08,9.22,140249860.0,1530058920.0,19405546950.0,0.007227307756971,66.09161652944492,60.32741038291571,77.62002882250333,9.05166666666666,0.0358333333333327,0.1099712022008443,0.088855921262758,0.0211152809380862,100.0,100.0,8.77,8.97,97.55726050919908,87.18857375769328,7.322317922737775,9.187611596763643,11.052905270789514,12.918198944815382,14.783492618841253,2.026267276288297,212882922632.06,212878850041.5,4.55023881,4.58256211,0.51219089,-1.14121969,-5.59085334,1.34420394,1
2024-05-14,1,9.24,9.29,9.14,9.17,107578391.0,1176577328.0,19405546950.0,0.0055436928048039,66.51005727813335,62.38829268132159,74.75358647175688,9.073749999999992,0.0220833333333345,0.1111894215382847,0.0933226213178633,0.0178668002204213,72.22222222222206,93.6708860759493,8.79,8.99,98.13220593650291,97.55726050919908,7.32266005399426,9.18804088283574,11.053421711677222,12.918802540518705,14.784183369360182,2.0263619525064733,211718567540.18,211714517224.5,4.52535145,4.55749796,0.50938948,-1.13497784,-5.56027438,1.33685187,1
2024-05-15,1,9.16,9.17,9.08,9.1,86829660.0,942907951.0,19405546950.0,0.0044744763043125,54.4410482864323,59.73921121635849,43.84472242657991,9.073333333333329,-0.0004166666666662,0.1052927053891199,0.0957166381321147,0.0095760672570052,14.285714285713922,84.81012658227839,8.8,9.01,89.0695437977667,98.13220593650291,7.320440651344252,9.185256107612886,11.050071563881522,12.914887020150156,14.77970247641879,2.0257477886569832,210166094084.34,210162073468.5,4.4921683,4.52407909,0.50565427,-1.12665536,-5.51950243,1.32704911,1
2024-05-16,1,9.12,9.42,9.1,9.38,307629165.0,3410151917.0,19405546950.0,0.0158526407832065,66.45276234968509,61.97706159413402,75.40416386078722,9.11854166666666,0.045208333333333,0.1218090365498714,0.100935117815666,0.0208739187342053,100.0,100.0,8.82,9.04,99.33963280331336,89.0695437977667,7.316004322518863,9.17968966450112,11.043375006483371,12.90706034846563,14.770745690447884,2.024520146260055,216764106271.66,216759959431.5,4.63319667,4.66610927,0.52152892,-1.16202589,-5.69278321,1.36871085,-1
2024-05-17,1,9.39,9.59,9.35,9.59,284174885.0,3200736554.0,19405546950.0,0.0146440028581621,77.63517489979006,67.19643269601937,98.51265930733145,9.200520833333329,0.0819791666666667,0.1501131816296617,0.1107707305784651,0.0393424510511965,100.0,100.0,8.84,9.07,111.23480463891885,99.33963280331336,7.316052129602223,9.17974965000272,11.04344717040322,12.907144690803715,14.770842211204211,2.024533375667684,221615585821.16,221611346169.0,4.736894,4.77054323,0.53320145,-1.18803363,-5.82019555,1.39934449,-1
2024-05-20,1,9.6,9.69,9.5,9.56,217021030.0,2475290152.0,19405546950.0,0.0111834533991323,78.8099233631451,71.06759625172795,94.2945775859794,9.27416666666666,0.0736458333333338,0.1681849399499579,0.1222535724527637,0.0459313674971942,93.87755102040828,97.0297029702971,8.87,9.11,115.37676354719628,111.23480463891885,7.318800650999813,9.18319833214585,11.047596013291884,12.91199369443792,14.776391375583955,2.0252939598194346,220839349093.24,220835124291.0,4.72030243,4.7538338,0.53133385,-1.18387239,-5.79980957,1.39444311,-1
2024-05-21,1,9.51,9.76,9.5,9.7,203004941.0,2336192875.0,19405546950.0,0.0104611811005924,83.24170329472828,75.12563193272807,99.47384601872872,9.34697916666666,0.0728124999999995,0.19159517863452,0.1361218936891149,0.055473284945405,100.0,100.0,8.89,9.16,122.36685738165858,115.37676354719628,7.316679611328307,9.180536976972698,11.04439434261709,12.90825170826148,14.772109073905874,2.02470701544971,224138355186.9,224134067272.5,4.79081661,4.82484889,0.53927117,-1.20155765,-5.88644996,1.41527398,-1
2024-05-22,1,9.71,9.86,9.63,9.71,211553138.0,2458448970.0,19405546950.0,0.0109016838610673,82.73024122087583,77.66050169544398,92.86972027173952,9.402187499999997,0.0552083333333346,0.2085508336878447,0.1506076816888609,0.0579431519989838,100.0,100.0,8.92,9.2,122.7100883525502,122.36685738165858,7.317886736892658,9.182051606759442,11.046216476626226,12.91038134649301,14.774546216359791,2.025041057081776,224332414368.88,224328122742.0,4.79496451,4.82902625,0.53973807,-1.20259796,-5.89154646,1.41649932,-1
2024-05-23,1,9.69,9.74,9.55,9.58,184162290.0,2110799282.0,19405546950.0,0.0094901880619242,76.52101551477193,77.2806729685533,75.00170060720919,9.442812499999992,0.0406249999999985,0.2090881607673687,0.1623037775045624,0.0467843832628062,38.09523809523797,86.02150537634402,8.94,9.25,109.68198113853838,122.7100883525502,7.321245096186761,9.186265477438395,11.05128585869003,12.916306239941663,14.781326621193298,2.0259703985295885,221227467457.2,221223235230.0,4.72859821,4.76218851,0.53226765,-1.18595301,-5.81000256,1.3968938,-1
2024-05-24,1,9.55,9.65,9.49,9.5,139827584.0,1593330336.0,19405546950.0,0.0072055471747473,68.96272829189924,74.50802474300195,57.872135389693824,9.447395833333328,0.0045833333333344,0.2007446060773396,0.1699919432191179,0.0307526628582217,4.545454545454436,77.17391304347821,8.96,9.29,93.38078466376903,109.68198113853838,7.317880074355518,9.182043247001763,11.046206419648009,12.91036959229425,14.774532764940492,2.0250392133922333,219480934819.38,219476736004.5,4.69126718,4.72459229,0.52806554,-1.17659022,-5.76413412,1.38586569,-1
2024-05-27,1,9.5,9.69,9.5,9.67,145436143.0,1663272118.0,19405546950.0,0.0074945655164849,71.18882740827472,73.40162563142621,66.76323096197171,9.466770833333326,0.0193749999999983,0.2054811987723024,0.1770897943297548,0.0283914044425475,100.0,95.6521739130434,8.99,9.33,92.40309862412067,93.38078466376903,7.319399270127408,9.183949444033749,11.048499617940086,12.913049791846424,14.777599965752762,2.0254596126034308,223362118458.98,223357845394.5,4.77422504,4.80813946,0.53740356,-1.19739641,-5.86606399,1.4103726,-1
2024-05-28,1,9.66,9.73,9.54,9.58,120432285.0,1377107204.0,19405546950.0,0.0062060752685973,68.51184985113053,71.77170037132765,61.992148810736296,9.481979166666658,0.0152083333333319,0.1996710511826336,0.1816060457003306,0.018065005482303,50.0,85.71428571428564,9.02,9.36,87.94798544049824,92.40309862412067,7.321245096186761,9.186265477438395,11.05128585869003,12.916306239941663,14.781326621193298,2.0259703985295885,221227467457.2,221223235230.0,4.72859821,4.76218851,0.53226765,-1.18595301,-5.81000256,1.3968938,-1
2024-05-29,1,9.56,9.62,9.43,9.46,144481111.0,1635445613.0,19405546950.0,0.0074453511345115,52.86410905108057,65.46916993124529,27.65398729075113,9.480312499999991,-0.0016666666666651,0.1832708381003271,0.1819390041803299,0.0013318339199972,12.500000000000462,72.52747252747253,9.04,9.39,76.88059989262854,87.94798544049824,7.31942616000452,9.18398318386168,11.04854020771884,12.913097231576,14.77765425543316,2.025467053700448,218510638909.48,218506458657.0,4.67052771,4.7037055,0.52573103,-1.17138867,-5.73865165,1.37973896,-1
2024-05-30,1,9.44,9.53,9.29,9.34,132549635.0,1481608711.0,19405546950.0,0.0068305023992122,38.16671597557422,56.3683519460216,1.7634440346794662,9.445937499999992,-0.0343750000000007,0.1587604621742997,0.1773032957791238,-0.0185428336048241,17.241379310345017,57.471264367816026,9.05,9.4,67.84576868506741,76.88059989262854,7.317561423274429,9.181643422465486,11.045725421656542,12.909807420847596,14.773889420038651,2.024951034721903,215793810361.76,215789682084.0,4.61245721,4.64522248,0.51919441,-1.15682434,-5.66730074,1.36258412,-1
2024-05-31,1,9.36,9.4,9.33,9.33,82670676.0,921248146.0,19405546950.0,0.0042601569650681,27.78365860359924,46.84012083188082,-10.329265852963914,9.42447916666666,-0.0214583333333333,0.1369502193584733,0.1692326804949937,-0.0322824611365204,23.52941176470619,46.478873239436574,9.06,9.41,59.469345230778615,67.84576868506741,7.316306197944859,9.180068439937248,11.043830681929636,12.907592923922024,14.771355165914413,2.024603682689867,215599751179.78,215595626614.5,4.60830931,4.64104512,0.51872751,-1.15578403,-5.66220425,1.36135878,-1
2024-06-03,1,9.34,9.35,9.17,9.22,132669675.0,1456086024.0,19405546950.0,0.0068366882593845,20.937898006264263,38.2060465566753,-13.598399094557806,9.392708333333328,-0.031770833333331,0.1095268072451229,0.1572915058450196,-0.0477646985998966,29.411764705882785,30.9859154929578,9.07,9.41,52.82201375866183,59.469345230778615,7.315649150125966,9.17924401518211,11.042838880238255,12.906433745294398,14.770028610350542,2.0244218612354548,213076981814.04,213072905511.0,4.5543867,4.58673946,0.51265779,-1.14226,-5.59594983,1.34542929,-1
2024-06-04,1,9.2,9.28,9.17,9.26,98100495.0,1079356561.0,19405546950.0,0.0050552811138363,19.22175656557967,31.877949892976755,-6.090630089214493,9.36572916666666,-0.0269791666666669,0.0899839424013855,0.1438299931562928,-0.0538460507549072,56.24999999999986,36.61971830985908,9.08,9.4,50.919093764229714,52.82201375866183,7.32071804611751,9.185604166173382,11.050490286229252,12.91537640628512,14.780262526340993,2.025824550682014,213853218541.96,213849127389.0,4.57097827,4.6034489,0.51452539,-1.14642124,-5.61633581,1.35033067,-1
2024-06-05,1,9.28,9.3,9.13,9.13,101896775.0,1114155999.0,19405546950.0,0.0052509097147607,12.814504377053114,25.52346805433554,-12.60342297751174,9.321874999999991,-0.0438541666666676,0.0632767526531417,0.1277193450556625,-0.0644425924025208,0.0,18.309859154929665,9.08,9.39,42.21291283064448,50.919093764229714,7.317547009134583,9.181625336455044,11.045703663775502,12.90978199109596,14.77386031841642,2.0249470459713192,210942330812.26,210938295346.5,4.50875988,4.54078852,0.50752187,-1.1308166,-5.53988841,1.33195049,-1
2024-06-06,1,9.16,9.22,9.14,9.16,104933153.0,1145989426.0,19405546950.0,0.0054073793060493,10.20966958470204,20.418868564457707,-10.20872837480929,9.294062499999994,-0.0278124999999995,0.0440243760395251,0.110980351252435,-0.0669559752129099,23.07692307692276,22.535211267605625,9.08,9.38,38.547590197459286,42.21291283064448,7.321385306880543,9.186441405526985,11.051497504173424,12.916553602819864,14.781609701466303,2.026009198311788,211524508358.2,211520461755.0,4.52120356,4.5533206,0.50892258,-1.13393753,-5.55517789,1.33562652,-1
2024-06-07,1,9.17,9.25,9.15,9.23,117012604.0,1281662986.0,19405546950.0,0.0060298534383747,12.3620019453569,17.73324635809077,1.619513119889156,9.277812499999994,-0.0162499999999994,0.0340229484813985,0.0955888706982277,-0.0615659222168292,100.0,28.358208955224,9.09,9.36,47.87311177661312,38.547590197459286,7.316919837346239,9.180838398376617,11.044756959406993,12.908675520437368,14.772594081467746,2.0247734919567653,213271040996.02,213266960980.5,4.55853459,4.59091682,0.51312469,-1.14330031,-5.60104633,1.34665463,-1
2024-06-11,1,9.22,9.26,9.07,9.13,133762854.0,1452841957.0,19405546950.0,0.0068930215852534,11.877698266601609,15.78139699426105,4.070300811282724,9.259999999999994,-0.0178124999999997,0.0178221383035896,0.0800355242193001,-0.0622133859157104,37.50000000000028,9.37500000000007,9.08,9.34,46.50688266742077,47.87311177661312,7.317547009134583,9.181625336455044,11.045703663775502,12.90978199109596,14.77386031841642,2.0249470459713192,210942330812.26,210938295346.5,4.50875988,4.54078852,0.50752187,-1.1308166,-5.53988841,1.33195049,-1
2024-06-12,1,9.12,9.17,9.06,9.14,95742635.0,1037927497.0,19405546950.0,0.0049337766797652,13.592224376315984,15.051672788279362,10.673327552389225,9.24885416666666,-0.0111458333333338,0.0057238153631011,0.0651731824480603,-0.0594493670849591,47.05882352941183,12.307692307692312,9.08,9.32,49.1951604864219,46.50688266742077,7.318828799020637,9.183233650618124,11.047638502215612,12.9120433538131,14.776448205410585,2.025301749076073,211136389994.24,211132350816.0,4.51290777,4.54496588,0.50798877,-1.13185691,-5.5449849,1.33317583,-1
2024-06-13,1,9.15,9.18,9.07,9.07,120350779.0,1304403407.0,19405546950.0,0.006201875129317,10.041875074406711,13.381740216988478,3.3621447892431853,9.21541666666666,-0.0334375000000015,-0.0094042019305931,0.0502577055723296,-0.0596619075029227,12.499999999999725,1.5384615384615048,9.07,9.3,41.71281943532257,49.1951604864219,7.316574851692559,9.180405530775683,11.044236209858813,12.908066888941937,14.771897568025064,2.0246780258559736,209583916538.4,209579907060.0,4.47972462,4.51154701,0.50425356,-1.12353443,-5.50421295,1.32337307,-1
2024-06-14,1,9.14,9.21,8.99,9.16,163799047.0,1657433955.0,19405546950.0,0.0084408363970385,22.43532412367857,16.399601519218507,34.506769332598694,9.21010416666666,-0.0053124999999987,-0.0139699795603469,0.0374121685457943,-0.0513821481061413,100.0,23.61111111111108,9.07,9.28,51.520492679647305,41.71281943532257,7.839204309665338,9.836170074127509,11.833135838589676,13.830101603051846,15.827067367514015,2.169302580469492,197552247255.64,197548467951.0,4.22255525,4.2525508,0.47530567,-1.05903523,-5.18823036,1.24740165,-1
2024-06-17,1,9.12,9.14,9.07,9.09,68121702.0,688669914.0,19405546950.0,0.0035104242191947,25.709570921162,19.50292465319967,38.122863457086666,9.193958333333327,-0.0161458333333328,-0.0229719993037686,0.0253353349758817,-0.0483073342796504,58.82352941176452,13.888888888888829,9.07,9.26,54.87287637933139,51.520492679647305,7.840915934967915,9.838317720357184,11.835719505746455,13.833121291135726,15.830523076524996,2.1697762297123235,195999773799.8,195996024195.0,4.1893721,4.21913193,0.47157046,-1.05071275,-5.14745841,1.23759889,-1
2024-06-18,1,9.1,9.14,9.04,9.07,70065308.0,707829472.0,19405546950.0,0.003610581457999,25.741864485075737,21.582571263825027,34.06045092757716,9.180624999999994,-0.0133333333333336,-0.0313585162046976,0.0139965647397658,-0.0453550809444635,47.05882352941183,11.11111111111111,9.06,9.25,55.2046364745726,54.87287637933139,7.839187326099803,9.836148764153627,11.833110202207454,13.83007164026128,15.827033078315106,2.1692978806949883,195611655435.84,195607913256.0,4.18107632,4.21077721,0.47063666,-1.04863213,-5.13726542,1.2351482,-1
2024-06-19,1,9.09,9.19,9.07,9.14,79618418.0,807676192.0,19405546950.0,0.0041028690510575,35.67976150856908,26.28163467873971,54.47601516822783,9.175833333333326,-0.0047916666666676,-0.0319877415122089,0.0047997034893708,-0.0367874450015798,100.0,20.833333333333364,9.06,9.23,64.37203007388396,55.2046364745726,7.845207616291272,9.843702668335702,11.84219772038013,13.840692772424555,15.839187824468985,2.170963844551987,196970069709.7,196966301542.5,4.21011157,4.24001872,0.47390497,-1.0559143,-5.17294088,1.24372562,-1
2024-06-20,1,9.14,9.15,9.05,9.05,62962757.0,635070262.0,19405546950.0,0.0032445752321348,31.193915079786866,27.919061479088764,37.74362228118307,9.161770833333328,-0.0140624999999978,-0.0392956788156748,-0.0040193729716382,-0.0352763058440366,10.00000000000142,8.333333333333394,9.06,9.21,55.0412292471126,64.37203007388396,7.845250316420303,9.84375624593296,11.842262175445615,13.840768104958272,15.839274034470929,2.1709756607384816,195029477889.9,195025746847.5,4.16863264,4.19824514,0.46923595,-1.04551121,-5.12197594,1.23147216,-1
2024-06-21,1,9.05,9.08,8.96,9.0,83054528.0,831176895.0,19405546950.0,0.0042799374948821,25.240387830968945,27.026170263048822,21.66882296680918,9.141458333333324,-0.0203125000000028,-0.0485620607051053,-0.0129279105183316,-0.0356341501867737,22.222222222221784,5.633802816901295,9.05,9.19,50.2550327872156,55.0412292471126,7.840915931786161,9.838317716364909,11.835719500943656,13.833121285522404,15.830523070101153,2.169776228831853,194059181980.0,194055469500.0,4.14789317,4.17735835,0.46690145,-1.04030966,-5.09649347,1.22534544,-1
2024-06-24,1,8.97,9.06,8.89,8.98,94708154.0,944907466.0,19405546950.0,0.0048804681591311,26.201925220645936,26.7514219155812,25.102931830775425,9.111458333333326,-0.0299999999999993,-0.0568640743141468,-0.0217151432774947,-0.0351489310366521,56.24999999999986,11.53846153846153,9.05,9.17,49.73697200732268,50.2550327872156,7.839170021119302,9.836127050887256,11.833084080655206,13.83004111042316,15.826998140191112,2.169293091976979,193671063616.04,193667358561.0,4.13959738,4.16900363,0.46596764,-1.03822904,-5.08630049,1.22289474,-1
2024-06-25,1,8.99,9.12,8.98,9.07,76999281.0,775332072.0,19405546950.0,0.0039679005800967,36.21795014709724,29.90693132608654,48.839987789118645,9.10385416666666,-0.007604166666665,-0.0555409901125223,-0.0284803126445002,-0.027060677468022,100.0,23.07692307692306,9.05,9.16,60.17474062213732,49.73697200732268,7.839187326099803,9.836148764153627,11.833110202207454,13.83007164026128,15.827033078315106,2.1692978806949883,195611655435.84,195607913256.0,4.18107632,4.21077721,0.47063666,-1.04863213,-5.13726542,1.2351482,-1
2024-06-26,1,9.05,9.12,9.02,9.07,62859871.0,633763882.0,19405546950.0,0.0032392733460161,42.89530009806478,34.236387583412615,60.21312512736911,9.099687499999996,-0.0041666666666664,-0.0538714399247819,-0.0335585381005565,-0.0203129018242253,100.0,26.086956521739108,9.05,9.14,71.44778718447822,60.17474062213732,7.839187326099803,9.836148764153627,11.833110202207454,13.83007164026128,15.827033078315106,2.1692978806949883,195611655435.84,195607913256.0,4.18107632,4.21077721,0.47063666,-1.04863213,-5.13726542,1.2351482,-1
2024-06-27,1,9.05,9.19,9.0,9.12,92888197.0,938954398.0,19405546950.0,0.0047866827582512,54.15242228759868,40.8750658181413,80.70713522651344,9.105520833333326,0.0058333333333315,-0.0479608642514826,-0.0364390033307417,-0.0115218609207408,100.0,40.3508771929822,9.05,9.13,80.5428929262246,71.44778718447822,7.843496031422872,9.841555072840436,11.839614114258,13.837673155675564,15.835732197093131,2.1704902064982963,196581951345.74,196578190603.5,4.20181578,4.231664,0.47297117,-1.05383368,-5.16274789,1.24127493,-1
2024-06-28,1,9.09,9.23,9.08,9.14,91808992.0,933947813.0,19405546950.0,0.0047310695357648,60.61141877996776,47.45385013875012,86.92655606240304,9.11135416666666,0.0058333333333333,-0.041188067194037,-0.0373888161034008,-0.0037992510906361,100.0,55.55555555555564,9.05,9.13,84.7859278643265,80.5428929262246,7.845207616291272,9.843702668335702,11.84219772038013,13.840692772424555,15.839187824468985,2.170963844551987,196970069709.7,196966301542.5,4.21011157,4.24001872,0.47390497,-1.0559143,-5.17294088,1.24372562,-1
2024-07-01,1,9.08,9.32,9.04,9.32,134305149.0,1372549620.0,19405617528.0,0.0069209417740102,73.74094585331183,56.21621537693736,108.7904068060608,9.147083333333327,0.0357291666666679,-0.0210533906710352,-0.0341217310169277,0.0130683403458924,100.0,97.72727272727278,9.06,9.13,98.49127488156428,84.7859278643265,7.845124691402908,9.843598619088722,11.842072546774537,13.840546474460348,15.83902040214616,2.170940897175288,200851253349.3,200848141414.8,4.29306943,4.32356589,0.4875918,-1.07672049,-5.27487074,1.26823253,-1
2024-07-02,1,9.27,9.43,9.25,9.36,138438570.0,1440864391.0,19405617528.0,0.0071339430348067,78.17297624788688,63.53513566725386,107.44865740915291,9.18479166666666,0.0377083333333327,-0.001847551336251,-0.0276668950807923,0.0258193437445413,100.0,100.0,9.06,9.14,105.62818080237584,98.49127488156428,7.840915925969739,9.838317709066809,11.835719492163872,13.83312127526094,15.830523058358006,2.1697762272223047,201821549259.2,201818422291.2,4.3138089,4.34445268,0.48994732,-1.08192204,-5.30035321,1.27435925,-1
2024-07-03,1,9.36,9.39,9.26,9.28,71306746.0,737326421.0,19405617528.0,0.0036745414515726,76.18939157266529,67.75322096905767,93.06173277988054,9.20729166666666,0.0225000000000008,0.0068390470181949,-0.0207657066609949,0.0276047536791898,75.0,82.97872340425526,9.07,9.15,105.64662777153184,105.62818080237584,7.841760945957523,9.839377990185596,11.83699503441367,13.834612078641742,15.832229122869816,2.1700100652456085,200075016621.38,200071916713.68,4.27647786,4.30685646,0.48570739,-1.07255926,-5.25448477,1.26333114,-1
2024-07-04,1,9.27,9.34,9.23,9.23,73504424.0,757464387.0,19405617528.0,0.0037877910297851,71.78058203609787,69.09567465807106,77.15039679215147,9.208645833333328,0.0013541666666654,0.0095782446233236,-0.0146969164041311,0.0242751610274548,0.0,72.34042553191505,9.07,9.16,102.26944155245832,105.64662777153184,7.837519394795318,9.834055942569345,11.830592490343372,13.827129038117398,15.823665585891426,2.1688363226669107,199104720711.48,199101635837.28,4.25573839,4.28596966,0.48335187,-1.06735771,-5.2290023,1.25720442,-1
2024-07-05,1,9.23,9.26,8.93,8.97,171335386.0,1721256576.0,19405617528.0,0.0088291643258857,50.52038802406531,62.90391244673581,25.75333917872432,9.16260416666666,-0.0460416666666656,-0.0091255549125257,-0.0135826441058101,0.0044570891932843,11.428571428571704,17.021276595744737,9.07,9.16,88.23648759469117,102.26944155245832,7.838294429561514,9.83502841036997,11.831762391178426,13.828496371986882,15.825230352795336,2.169050794040771,193477004434.06,193474006754.16,4.13544949,4.16482627,0.46968988,-1.03718873,-5.08120399,1.2216694,-1
2024-07-08,1,8.95,9.02,8.87,8.94,86865962.0,864791776.0,19405617528.0,0.0044763307261241,37.84692534937689,54.55158341428284,4.43760921956499,9.12072916666666,-0.0418750000000009,-0.0260686963732332,-0.0160798545592947,-0.0099888418139385,19.444444444444457,14.285714285714338,9.07,9.15,78.00528741346764,88.23648759469117,7.843547990701268,9.841620268270873,11.839692545840473,13.837764823410076,15.835837100979678,2.1705045849214435,192700767706.14,192697782053.04,4.11885792,4.14811684,0.46780547,-1.03302749,-5.06081802,1.21676802,-1
2024-07-09,1,8.95,9.09,8.92,9.06,103248530.0,1034316511.0,19405617528.0,0.0053205485396702,36.54080737577514,48.54799140144694,12.526439324431536,9.094895833333329,-0.0258333333333329,-0.0294735086701045,-0.0187585853814567,-0.0107149232886478,100.0,38.77551020408188,9.07,9.14,76.83872196754456,78.00528741346764,7.838320465544391,9.835061078781903,11.831801692019418,13.82854230525693,15.825282918494445,2.1690579988440404,195417596253.86,195414568506.96,4.17692842,4.20659985,0.47440091,-1.04759182,-5.13216893,1.23392285,-1
2024-07-10,1,9.06,9.18,9.05,9.13,87386511.0,886626727.0,19405617528.0,0.0045031553813689,39.836728726707314,45.64423717653373,28.22171182705448,9.101770833333328,0.0068750000000008,-0.0262211706272523,-0.0202511024306158,-0.0059700681966365,100.0,53.06122448979622,9.07,9.14,83.0453330284947,76.83872196754456,7.844352677159478,9.842629941261476,11.840907205363472,13.83918446946547,15.837461733567467,2.170727261655116,196776010527.72,196772961733.92,4.20596367,4.23584136,0.47769864,-1.05487399,-5.16784438,1.24250027,-1
2024-07-11,1,9.19,9.21,9.06,9.12,72139225.0,731789332.0,19405617528.0,0.003717440318295,41.43877153209058,44.24241529505267,35.83148400616638,9.110729166666662,0.008958333333334,-0.0241719465694369,-0.02103527125838,-0.0031366753110569,95.23809523809452,51.02040816326529,9.08,9.13,90.09128519079373,83.0453330284947,7.843496031422872,9.841555072840436,11.839614114258,13.837673155675564,15.835732197093131,2.1704902064982963,196581951345.74,196578905558.64,4.20181578,4.231664,0.47722753,-1.05383368,-5.16274789,1.24127493,-1
2024-07-12,1,9.11,9.28,9.11,9.28,121416369.0,1246877666.0,19405617528.0,0.0062567639924269,52.03060959282228,46.83848006097588,62.41486865651508,9.13604166666666,0.0253124999999982,-0.0095274326031216,-0.0187337035273283,0.0092062709242067,100.0,83.67346938775509,9.09,9.14,103.34924910745676,90.09128519079373,7.841760945957523,9.839377990185596,11.83699503441367,13.834612078641742,15.832229122869816,2.1700100652456085,200075016621.38,200071916713.68,4.27647786,4.30685646,0.48570739,-1.07255926,-5.25448477,1.26333114,1
2024-07-15,1,9.28,9.32,9.23,9.3,86941247.0,896975833.0,19405617528.0,0.0044802102728529,62.2511756259841,51.97604524931196,82.8014363793284,9.16947916666666,0.0334374999999997,0.0036502057762213,-0.0142569216666184,0.0179071274428397,100.0,87.7551020408166,9.09,9.14,112.47442924257744,103.34924910745676,7.843446065814937,9.84149237894982,11.839538692084703,13.837585005219587,15.835631318354473,2.1704763797732936,200463134985.34,200460029064.24,4.28477365,4.31521117,0.4866496,-1.07463988,-5.26467776,1.26578183,1
2024-07-16,1,9.3,9.33,9.22,9.27,94300811.0,971564895.0,19405617528.0,0.0048594594252893,69.86957807689718,57.940556191840365,93.7276218470108,9.19979166666666,0.0303125000000008,0.0115398061500506,-0.0090975761032846,0.0206373822533352,84.21052631578898,81.63265306122453,9.11,9.15,116.1384430098358,112.47442924257744,7.840915922793294,9.838317705081192,11.835719487369088,13.833121269656983,15.83052305194488,2.169776226343304,199880957439.4,199877860538.4,4.27232997,4.3026791,0.48523629,-1.07151895,-5.24938828,1.2621058,1
2024-07-17,1,9.27,9.38,9.25,9.36,122016835.0,1266412580.0,19405617528.0,0.00628770688817,78.60586250878104,64.8289916308206,106.15960426470193,9.222812499999996,0.0230208333333337,0.0247690964013411,-0.0023242416023594,0.0270933380037006,100.0,100.0,9.12,9.16,123.46562625749266,116.1384430098358,7.840915925969739,9.838317709066809,11.835719492163872,13.83312127526094,15.830523058358006,2.1697762272223047,201821549259.2,201818422291.2,4.3138089,4.34445268,0.48994732,-1.08192204,-5.30035321,1.27435925,1
2024-07-18,1,9.34,9.39,9.27,9.37,108706102.0,1127365071.0,19405617528.0,0.005601785248171,84.45519039046933,71.37105788403683,110.6234554033343,9.24104166666666,0.018229166666666,0.0356493768386627,0.0052704820858449,0.0303788947528177,100.0,100.0,9.13,9.18,128.53735391572025,123.46562625749266,7.841752831713722,9.839367808912233,11.83698278611074,13.83459776330925,15.832212740507757,2.1700078198327684,202015608441.18,202012478466.48,4.31795679,4.34863004,0.49041842,-1.08296235,-5.30544971,1.2755846,1
2024-07-19,1,9.34,9.38,9.26,9.33,89872324.0,929722662.0,19405617528.0,0.0046312529797273,85.38147444471002,76.04119673759456,104.06202985894096,9.258333333333328,0.0172916666666669,0.0405766691831317,0.0123317195053023,0.0282449496778294,66.66666666666715,92.00000000000016,9.13,9.19,126.39745566549384,128.53735391572025,7.838395542427341,9.835155280815703,11.831915019204065,13.828674757592427,15.825434495980788,2.1690787744826747,201239371713.26,201236253765.36,4.30136522,4.33192061,0.48853401,-1.07880111,-5.28506373,1.27068322,1
2024-07-22,1,9.32,9.34,9.17,9.21,99448087.0,1018663806.0,19405617528.0,0.0051247061247346,72.60725747294396,74.89655031604435,68.02867178674316,9.243958333333328,-0.0143749999999993,0.0344020216560565,0.0167457799354531,0.0176562417206033,20.000000000000533,68.00000000000033,9.14,9.21,111.79487455889416,126.39745566549384,7.843470813649898,9.841523431069913,11.839576048489924,13.837628665909936,15.835681283329953,2.1704832281140334,198522543165.54,198519467311.44,4.24329471,4.27343759,0.48193856,-1.06423678,-5.21371282,1.25352838,1
2024-07-23,1,9.23,9.3,9.14,9.16,102015363.0,1046994471.0,19405617528.0,0.0052570016312443,58.50584841630604,69.43298301613159,36.65157921665494,9.22479166666666,-0.0191666666666669,0.0251836850276525,0.018433360953893,0.0067503240737595,10.526315789473488,58.000000000000185,9.14,9.21,96.7487695639226,111.79487455889416,7.839204309665338,9.836170074127509,11.833135838589676,13.830101603051846,15.827067367514015,2.169302580469492,197552247255.64,197549186435.04,4.22255525,4.2525508,0.47958305,-1.05903523,-5.18823036,1.24740165,1
2024-07-24,1,9.16,9.22,9.11,9.12,72451757.0,736332832.0,19405617528.0,0.0037335455517177,40.194375134680186,59.68678038898113,1.2095646260783042,9.205520833333328,-0.0192708333333335,0.0144834647629181,0.017643381715698,-0.0031599169527799,9.999999999999645,50.0,9.14,9.21,82.85076187055806,96.7487695639226,7.843496031422872,9.841555072840436,11.839614114258,13.837673155675564,15.835732197093131,2.1704902064982963,196581951345.74,196578905558.64,4.20181578,4.231664,0.47722753,-1.05383368,-5.16274789,1.24127493,-1
2024-07-25,1,9.11,9.14,9.0,9.08,85640443.0,861750366.0,19405617528.0,0.0044131779303818,33.63385692739362,51.00247256845196,-1.1033743547230443,9.184270833333327,-0.0212500000000002,0.0027441643872663,0.0146635382500117,-0.0119193738627454,50.0,42.00000000000017,9.14,9.21,76.53380820991559,82.85076187055806,7.840052487128282,9.837234317059444,11.834416146990604,13.831597976921763,15.828779806852925,2.169537292244613,195805714617.82,195802680857.52,4.18522421,4.21495457,0.47534312,-1.04967244,-5.14236191,1.23637354,-1
2024-07-26,1,9.09,9.11,8.97,9.03,92955195.0,931879546.0,19405617528.0,0.0047901178545787,27.18447604683374,43.06314039457922,-4.572852648657218,9.157708333333328,-0.0265625000000007,-0.0104731696892397,0.0096361966621614,-0.0201093663514011,39.99999999999952,32.00000000000003,9.15,9.2,69.55015298109296,76.53380820991559,7.843521752042746,9.841587345553522,11.839652939064296,13.837718532575073,15.835784126085844,2.1704973240327883,194641359525.94,194638343805.84,4.16033685,4.18989042,0.4725165,-1.04343059,-5.11178295,1.22902147,-1
2024-07-29,1,9.02,9.13,8.97,9.1,78155243.0,788019059.0,19405617528.0,0.004027454570164,28.44044434868273,38.18890837928039,8.943516287487427,9.14635416666666,-0.0113541666666652,-0.0151252329151141,0.0046839107467063,-0.0198091436618204,100.0,46.000000000000085,9.15,9.19,72.89288074721499,69.55015298109296,7.841777656002594,9.83939895696217,11.837020257921743,13.83464155888132,15.832262859840894,2.1700146893302046,196193832981.78,196190793208.08,4.19352,4.22330929,0.47628533,-1.05175306,-5.1525549,1.23882424,-1
2024-07-30,1,9.09,9.12,9.03,9.07,61326795.0,618056610.0,19405617528.0,0.0031602599047163,26.89680416896307,34.424873642507954,11.840665221873294,9.135312499999994,-0.0110416666666672,-0.0209908068622795,-0.0004510327750908,-0.0205397740871886,76.92307692307723,40.00000000000021,9.15,9.18,77.43195772280905,72.89288074721499,7.839187326099803,9.836148764153627,11.833110202207454,13.83007164026128,15.827033078315106,2.1692978806949883,195611655435.84,195608624682.24,4.18107632,4.21077721,0.47487202,-1.04863213,-5.13726542,1.2351482,-1
2024-07-31,1,9.07,9.25,9.06,9.24,109690634.0,1117768675.0,19405617528.0,0.0056525196295211,39.882422291503794,36.24405652550657,47.15915382349824,9.156145833333328,0.0208333333333339,-0.0117858769706025,-0.0027180016141931,-0.0090678753564093,100.0,74.0000000000002,9.16,9.18,91.59608788959034,77.43195772280905,7.838370998020232,9.835124483944853,11.831877969869472,13.828631455794092,15.825384941718712,2.169071982435475,199298779893.46,199295692012.56,4.25988629,4.29014702,0.48382298,-1.06839802,-5.2340988,1.25842976,-1
2024-08-01,1,9.23,9.29,9.15,9.24,73388377.0,752688220.0,19405617528.0,0.0037818109572709,50.91260585199353,41.13357296766889,70.47067162064282,9.173229166666662,0.0170833333333337,-0.0044397253236123,-0.003062346356077,-0.0013773789675353,100.0,74.0000000000002,9.16,9.17,100.12531051754269,91.59608788959034,7.838370998020232,9.835124483944853,11.831877969869472,13.828631455794092,15.825384941718712,2.169071982435475,199298779893.46,199295692012.56,4.25988629,4.29014702,0.48382298,-1.06839802,-5.2340988,1.25842976,1
2024-08-02,1,9.2,9.23,9.12,9.13,59022876.0,601173371.0,19405617528.0,0.0030415355715857,50.10335339627853,44.12349977720544,62.06306063442472,9.173541666666662,0.0003124999999997,-0.0074085270209991,-0.0039315824890614,-0.0034769445319377,38.88888888888911,52.00000000000031,9.16,9.17,94.60868822504216,100.12531051754269,7.844352677159478,9.842629941261476,11.840907205363472,13.83918446946547,15.837461733567467,2.170727261655116,196776010527.72,196772961733.92,4.20596367,4.23584136,0.47769864,-1.05487399,-5.16784438,1.24250027,1
2024-08-05,1,9.1,9.2,9.05,9.05,75897852.0,768980625.0,19405617528.0,0.0039111278932756,41.7355689308524,43.32752282842109,38.55166113571504,9.14864583333333,-0.024895833333332,-0.0160318499802514,-0.0063516359872994,-0.0096802139929519,0.0,36.0000000000003,9.16,9.17,79.38014740309062,94.60868822504216,7.845250316420303,9.84375624593296,11.842262175445615,13.840768104958272,15.839274034470929,2.1709756607384816,195029477889.9,195026456156.4,4.16863264,4.19824514,0.47345871,-1.04551121,-5.12197594,1.23147216,1
2024-08-06,1,9.06,9.11,8.9,8.94,126553691.0,1261997757.0,19405617528.0,0.0065214977476185,31.242516039371623,39.29918723207127,15.12917365397233,9.105312499999997,-0.0433333333333347,-0.0313802443217721,-0.0113573576541939,-0.0200228866675781,17.391304347825685,8.51063829787218,9.15,9.16,69.45174829079377,79.38014740309062,7.843547990701268,9.841620268270873,11.839692545840473,13.837764823410076,15.835837100979678,2.1705045849214435,192700767706.14,192697782053.04,4.11885792,4.14811684,0.46780547,-1.03302749,-5.06081802,1.21676802,1
2024-08-07,1,8.96,8.98,8.92,8.94,51760842.0,514848813.0,19405617528.0,0.002667312283431,24.2471474450511,34.28184063639788,4.177761062357547,9.07541666666666,-0.0298958333333345,-0.0430477299816889,-0.0176954321196929,-0.0253522978619959,26.666666666666035,8.51063829787218,9.14,9.14,61.54939852710875,69.45174829079377,7.843547990701268,9.841620268270873,11.839692545840473,13.837764823410076,15.835837100979678,2.1705045849214435,192700767706.14,192697782053.04,4.11885792,4.14811684,0.46780547,-1.03302749,-5.06081802,1.21676802,1
2024-08-08,1,8.93,8.98,8.91,8.95,50041067.0,497548149.0,19405617528.0,0.0025786897493881,20.438269236871594,29.667316836555784,1.9801740375032184,9.050416666666662,-0.0249999999999985,-0.0509006292311209,-0.0243364715419785,-0.0265641576891423,100.0,10.638297872340225,9.12,9.13,56.053144310305214,61.54939852710875,7.84442182049702,9.84271669823332,11.841011575969617,13.839306453705913,15.83760133144221,2.1707463953343296,192894826888.12,192891838228.32,4.12300581,4.1522942,0.46827657,-1.0340678,-5.06591451,1.21799336,1
2024-08-09,1,8.96,9.09,8.95,9.04,73027396.0,732886456.0,19405617528.0,0.0037632090756519,25.591324790392964,28.308652821168177,20.15666872884254,9.04979166666666,-0.0006250000000012,-0.0492936342928569,-0.0293279040921542,-0.0199657302007027,100.0,29.78723404255301,9.11,9.11,65.18917169376573,56.053144310305214,7.844386904488933,9.842672887690782,11.840958870892631,13.83924485409448,15.837530837296327,2.1707367332074794,194835418707.92,194832399981.12,4.16448474,4.19406778,0.4729876,-1.0444709,-5.11687945,1.23024682,1
2024-08-12,1,9.02,9.05,8.98,9.01,35301346.0,353251351.0,19405617528.0,0.0018191302569508,26.462592595304688,27.693299412547017,24.001178960820035,9.048645833333326,-0.001145833333334,-0.0498660042495693,-0.0334355241236372,-0.016430480125932,76.92307692307723,23.40425531914888,9.11,9.1,69.66698000671572,65.18917169376573,7.841786280311977,9.83940977823567,11.837033276159362,13.834656774083054,15.832280272006749,2.170017075890863,194253241161.98,194250231455.28,4.15204106,4.1815357,0.47157429,-1.04134997,-5.10158997,1.22657078,1
2024-08-13,1,9.02,9.03,8.93,8.96,62207720.0,620061492.0,19405617528.0,0.0032056552650407,22.76993352507498,26.052177450056337,16.205445675112266,9.042499999999992,-0.006145833333333,-0.0537347726857451,-0.0374953738360588,-0.0162393988496862,27.27272727272845,12.765957446808647,9.1,9.09,65.68683728564831,69.66698000671572,7.845293893852318,9.843810924318133,11.842327954783949,13.84084498524976,15.839362015715574,2.1709877196965066,193088886070.1,193085894403.6,4.1271537,4.15647155,0.46874768,-1.03510811,-5.07101101,1.21921871,-1
2024-08-14,1,8.95,8.98,8.92,8.93,43638038.0,433380447.0,19405617528.0,0.0022487322517325,18.210258713686283,23.438204537932982,7.7543670651928736,9.02739583333333,-0.0151041666666635,-0.0585466593786367,-0.0417056309445744,-0.0168410284340623,11.111111111110892,6.382978723404134,9.09,9.07,56.2613601187052,65.68683728564831,7.84267239915324,9.840521627765831,11.838370856378424,13.836220084991018,15.834069313603608,2.170262286987936,192506708524.16,192503725877.76,4.11471003,4.14393948,0.46733437,-1.03198718,-5.05572153,1.21554267,-1
2024-08-15,1,8.93,9.05,8.88,9.03,77624747.0,775851461.0,19405617528.0,0.0040001173313859,27.76517247579078,24.880527183885587,33.53446305960117,9.029374999999996,0.0019791666666648,-0.0536722497006625,-0.044098954695792,-0.0095732950048704,100.0,30.61224489795899,9.09,9.06,71.18701635894277,56.2613601187052,7.843521752042746,9.841587345553522,11.839652939064296,13.837718532575073,15.835784126085844,2.1704973240327883,194641359525.94,194638343805.84,4.16033685,4.18989042,0.4725165,-1.04343059,-5.11178295,1.22902147,-1
2024-08-16,1,9.07,9.19,9.05,9.12,126036761.0,1277042001.0,19405617528.0,0.0064948595847642,44.316566596763685,31.359206988178286,70.23128581393448,9.04541666666666,0.0160416666666662,-0.0420621310105033,-0.0436915899587343,0.0016294589482309,100.0,53.33333333333307,9.09,9.06,80.67654960947448,71.18701635894277,7.870655290935752,9.875632905883606,11.880610520831455,13.885588135779308,15.89056575072716,2.1780058483182563,196581951345.74,196578905558.64,4.18731658,4.231664,0.47722753,-1.05383368,1.21390344,1.28299614,-1
2024-08-19,1,9.12,9.27,9.11,9.26,148298526.0,1520594688.0,19405617528.0,0.0076420410629047,62.02301020980829,41.58047472872162,102.9080811719816,9.082395833333328,0.0369791666666667,-0.0213184524810579,-0.039216962463199,0.0178985099821411,100.0,100.0,9.1,9.06,94.2678860280166,80.67654960947448,7.867216669325761,9.871318326796192,11.87541998426662,13.87952164173705,15.88362329920748,2.177054296293695,199686898257.42,199683804363.12,4.25345386,4.29850174,0.48476518,-1.07047864,1.23307665,1.30326064,-1
2024-08-20,1,9.29,9.39,9.25,9.31,156918665.0,1623147686.0,19405617528.0,0.0080862494983004,69.45324863660421,50.87139936468248,106.6169471804477,9.121458333333328,0.0390625,-0.0008347333770064,-0.0315405166459605,0.030705783268954,100.0,100.0,9.1,9.07,102.15547240369216,94.2678860280166,7.871448193745421,9.87662779344873,11.881807393152036,13.886986992855345,15.892166592558652,2.178225264223638,200657194167.32,200654085239.52,4.27412176,4.31938853,0.4871207,-1.07568019,1.23906827,1.30959329,-1
2024-08-21,1,9.27,9.34,9.19,9.32,103488781.0,1068207868.0,19405617528.0,0.0053329290269004,75.06033569237665,58.93437814058054,107.31225079596886,9.15822916666666,0.0367708333333318,0.0160209979253345,-0.0220282137317015,0.038049211657036,100.0,100.0,9.1,9.09,107.58639477500822,102.15547240369216,7.87228959251413,9.87768353087593,11.883077469237728,13.888471407599528,15.893865345961323,2.1784581001656624,200851253349.3,200848141414.8,4.27825534,4.32356589,0.4875918,-1.07672049,1.2402666,1.31085983,-1
2024-08-22,1,9.31,9.41,9.29,9.34,110903039.0,1153871816.0,19405617528.0,0.0057149966415642,78.97104140498064,65.61326589538056,105.6865924241808,9.19041666666666,0.0321875000000009,0.0306399213340036,-0.0114945867185604,0.042134508052564,100.0,100.0,9.11,9.1,111.55689714042558,107.58639477500822,7.866381811333618,9.870270796348702,11.874159781363783,13.878048766378868,15.88193775139395,2.1768232703470374,201433430895.24,201430309940.64,4.29065608,4.33609796,0.48900511,-1.07984142,1.24386157,1.31465942,-1
2024-08-23,1,9.35,9.45,9.29,9.42,107190571.0,1117475768.0,19405617528.0,0.0055236877077133,84.22630830507484,71.81761336527866,109.0436981846672,9.228020833333328,0.0376041666666679,0.0481260872942552,0.0004295480840026,0.0476965392102526,100.0,100.0,9.12,9.13,118.3265677378564,111.55689714042558,7.865561306200806,9.869241275020489,11.872921243840167,13.876601212659848,15.880281181479528,2.1765962161931225,203179963533.06,203176815518.16,4.3278583,4.37369419,0.49324504,-1.08920421,1.2546465,1.3260582,-1
2024-08-26,1,9.45,9.5,9.38,9.44,74067524.0,775921849.0,19405617528.0,0.0038168084006154,86.25839908510363,76.63120860522032,105.51278004487024,9.26447916666666,0.0364583333333321,0.0628730710261411,0.0129182526724303,0.0499548183537107,100.0,100.0,9.13,9.15,121.98673733877156,118.3265677378564,7.867232868857075,9.871338653010286,11.875444437163496,13.879550221316704,15.883656005469913,2.1770587791064515,203568081897.02,203564927868.72,4.33612546,4.38204891,0.49418725,-1.09128483,1.25704315,1.32859126,-1
2024-08-27,1,9.42,9.47,9.33,9.39,72313658.0,755583764.0,19405617528.0,0.0037264291072242,84.92495422877879,79.3957904797398,95.98328172685676,9.28416666666666,0.0196874999999998,0.069721869436865,0.0242789760253173,0.0454428934115477,66.66666666666745,91.07142857142874,9.14,9.18,116.03033415162992,121.98673733877156,7.870580824315597,9.87553946957148,11.880498114827365,13.885456760083244,15.890415405339125,2.1779852415544982,202403726805.14,202400590817.04,4.31132398,4.35698476,0.49136063,-1.08504297,1.2498532,1.32099208,-1
2024-08-28,1,9.37,9.39,9.25,9.3,94254754.0,973872155.0,19405617528.0,0.0048570860403695,75.13515467103774,77.97557854350578,69.45430692610165,9.282083333333327,-0.0020833333333314,0.0671136987394334,0.0328459205681405,0.0342677781712928,26.315789473684653,75.00000000000016,9.15,9.2,103.46452390630868,116.03033415162992,7.8706051659374845,9.875570011999423,11.88053485806136,13.8854997041233,15.890464550185238,2.177991977485989,200463134985.34,200460029064.24,4.26998818,4.31521117,0.4866496,-1.07463988,1.23786995,1.30832676,-1
2024-08-29,1,9.28,9.34,9.1,9.12,119767631.0,1221351092.0,19405617528.0,0.0061718020994276,51.75676978069179,69.23597562256778,16.798358096939808,9.251354166666662,-0.0307291666666671,0.0499464573241876,0.0362660279193499,0.0136804294048377,6.896551724137762,42.85714285714268,9.15,9.21,88.76834894321584,103.46452390630868,7.870655290935752,9.875632905883606,11.880610520831455,13.885588135779308,15.89056575072716,2.1780058483182563,196581951345.74,196578905558.64,4.18731658,4.231664,0.47722753,-1.05383368,1.21390344,1.28299614,-1
2024-08-30,1,9.1,9.23,9.1,9.14,129405908.0,1318858688.0,19405617528.0,0.0066684766827586,37.83784652046127,58.76993258853228,-4.026325615680747,9.22697916666666,-0.0243750000000009,0.0375225906048442,0.0365173404564488,0.0010052501483953,20.000000000000355,46.428571428571495,9.16,9.22,77.96545994637077,88.76834894321584,7.864624411054408,9.868065714384796,11.871507017715182,13.874948321045569,15.878389624375952,2.176336954030992,197164128891.68,197161074084.48,4.19971732,4.24419608,0.47864084,-1.05695461,1.21749842,1.28679573,-1
2024-09-02,1,9.11,9.19,9.08,9.1,96883550.0,983898751.0,19405617528.0,0.0049925517629216,26.8125326009424,48.11746592600232,-15.797334049177437,9.198749999999992,-0.0282291666666676,0.0241703008320843,0.0340479325315759,-0.0098776316994915,33.33333333333235,39.28571428571417,9.16,9.21,67.53239642540049,77.96545994637077,7.868930977131158,9.873469338871804,11.87800770061245,13.882546062353097,15.88708442409374,2.177528687851698,196193832981.78,196190793208.08,4.17904942,4.22330929,0.47628533,-1.05175306,1.21150679,1.28046308,1
2024-09-03,1,9.1,9.12,9.0,9.07,91658122.0,920884663.0,19405617528.0,0.0047232777760227,22.54168840062829,39.59220675087765,-11.559348299870422,9.176354166666664,-0.0223958333333307,0.0110404977242861,0.0294464455701179,-0.0184059478458318,50.0,33.928571428571416,9.16,9.21,62.51332924255908,67.53239642540049,7.866331676708583,9.870207890385425,11.87408410406226,13.8779603177391,15.88183653141594,2.1768093968508047,195611655435.84,195608624682.24,4.16664868,4.21077721,0.47487202,-1.04863213,1.20791182,1.27666348,1
2024-09-04,1,9.05,9.14,9.0,9.02,84799233.0,852224670.0,19405617528.0,0.0043698291423936,16.36112560041883,31.84851303405804,-14.61364926685959,9.143645833333329,-0.0327083333333355,-0.0033608066789678,0.0228849951203008,-0.0262458017992686,19.999999999999645,24.99999999999984,9.16,9.2,54.79885180058315,62.51332924255908,7.869811227995084,9.874573825610948,11.879336423226814,13.884099020842678,15.888861618458542,2.177772275133665,194447300343.96,194444287630.56,4.1418472,4.18571306,0.4720454,-1.04239028,1.20072187,1.26906429,1
2024-09-05,1,9.03,9.07,8.98,9.06,59420876.0,595845843.0,19405617528.0,0.0030620450966975,16.035622195151024,26.577549421089035,-5.048232256724994,9.124374999999995,-0.0192708333333317,-0.0114146969472841,0.0160250567067838,-0.0274397536540679,88.88888888888911,32.14285714285717,9.16,9.19,56.30477284581522,54.79885180058315,7.865461801592023,9.869116422520603,11.872771043449186,13.876425664377768,15.880080285306349,2.1765686807958966,195417596253.86,195414568506.96,4.1625151,4.20659985,0.47440091,-1.04759182,1.20671349,1.27539695,1
2024-09-06,1,9.05,9.19,9.05,9.07,87886543.0,891507834.0,19405617528.0,0.0045289227654409,16.812863776359176,23.32265420617908,3.793282916719363,9.11729166666666,-0.0070833333333339,-0.0167969221210668,0.0094606609412136,-0.0262575830622805,100.0,33.928571428571416,9.16,9.18,58.72610526392968,56.30477284581522,7.866331676708583,9.870207890385425,11.87408410406226,13.8779603177391,15.88183653141594,2.1768093968508047,195611655435.84,195608624682.24,4.16664868,4.21077721,0.47487202,-1.04863213,1.20791182,1.27666348,1
2024-09-09,1,9.05,9.06,8.86,8.87,163917451.0,1624857668.0,19405617528.0,0.0084469072300062,11.837506668516165,19.49427169362477,-3.4760233817010544,9.083020833333329,-0.0342708333333323,-0.0367767632444451,0.0002131761040819,-0.036989939348527,4.761904761904641,1.7241379310344458,9.15,9.16,49.58927217816719,58.72610526392968,7.872503971078681,9.877952520423577,11.883401069768473,13.888849619113364,15.89429816845826,2.1785174240402427,191148294250.3,191145332650.8,4.07157634,4.11469797,0.46403664,-1.02470501,1.18035034,1.24753326,1
2024-09-10,1,8.87,8.93,8.8,8.91,76790114.0,756124764.0,19405617528.0,0.0039571074658768,14.681794569134206,17.890112652127918,8.265158403146785,9.05166666666666,-0.0313541666666683,-0.0488204933183791,-0.0095935577804102,-0.0392269355379688,40.74074074074059,17.187499999999943,9.13,9.14,48.82874872404601,49.58927217816719,7.8680662578438865,9.87238434023674,11.876702422629592,13.881020505022445,15.885338587415298,2.17728939854284,192118590160.2,192115613527.2,4.09224424,4.13558476,0.46639216,-1.02990656,1.18634196,1.25386592,1
2024-09-11,1,8.89,8.89,8.67,8.69,110872704.0,1078602468.0,19405617528.0,0.0057134334344178,10.978339236565636,15.586188180273824,1.7626413491492592,8.985833333333328,-0.065833333333332,-0.0752499628256693,-0.022724838789462,-0.0525251240362072,8.33333333333315,2.597402597402544,9.12,9.11,41.323242316365096,48.82874872404601,7.872595942815119,9.87806792112062,11.883539899426124,13.889011877731626,15.894483856037128,2.178542874904553,187267110610.7,187264209145.2,3.98890474,4.0311508,0.45461458,-1.00389882,1.15638383,1.22220264,1
2024-09-12,1,8.69,8.79,8.65,8.77,58183405.0,564923216.0,19405617528.0,0.0029982763968241,14.726300231784462,15.299558864110702,13.57978296713198,8.951354166666661,-0.0344791666666672,-0.0887174963390666,-0.035923370299383,-0.0527941260396836,46.15384615384589,15.189873417721437,9.1,9.08,41.99434942265479,41.323242316365096,7.871656521812824,9.87688919119029,11.882121860567755,13.887354529945224,15.892587199322689,2.178282913775346,189013643248.52,189010714722.72,4.02610696,4.06874703,0.45885451,-1.01326161,1.16716876,1.23360142,1
2024-09-13,1,8.76,8.84,8.73,8.73,56646190.0,553269704.0,19405617528.0,0.0029190614479681,14.755805092794594,15.118307607005333,14.030800064373114,8.907812499999993,-0.0435416666666679,-0.1014488403015381,-0.049028464299814,-0.052420376001724,66.66666666666715,10.126582278481033,9.09,9.05,42.26937815827576,41.99434942265479,7.868066256258174,9.87238433824708,11.876702420235986,13.881020502224894,15.8853385842138,2.1772893981040333,188237406520.6,188234490021.6,4.00957264,4.0520376,0.4569701,-1.00910037,1.16237546,1.2285353,1
2024-09-18,1,8.75,8.8,8.69,8.79,44361099.0,431665627.0,19405617528.0,0.0022859926480562,18.47917870383831,16.238597972616326,22.96034016628228,8.895833333333327,-0.0119791666666664,-0.1054811030607218,-0.0603189920519956,-0.0451621110087262,100.0,17.72151898734164,9.07,9.02,50.70562211715605,42.26937815827576,7.865381826163162,9.869016074081026,11.872650321998886,13.876284569916749,15.87991881783461,2.176546549607916,189595820794.46,189592883248.56,4.0385077,4.0812791,0.46026782,-1.01638253,1.17076374,1.23740101,1
2024-09-19,1,8.81,8.86,8.71,8.83,68429311.0,669341182.0,19405617528.0,0.0035262629958188,23.430563580336653,18.635919841856435,33.01985105729709,8.89166666666666,-0.0041666666666664,-0.1042473362417268,-0.0691046608899418,-0.035142675351785,100.0,22.78481012658227,9.06,8.99,65.37197195839859,50.70562211715605,7.8689574187939,9.873502516306848,11.878047613819794,13.88259271133274,15.887137808845688,2.1775360049166643,190372057522.38,190369107949.68,4.05504202,4.09798854,0.46215223,-1.02054377,1.17555704,1.24246714,1
2024-09-20,1,8.83,8.91,8.8,8.91,79729714.0,785121199.0,19405617528.0,0.0041085893754712,31.669758436273828,22.98053270666223,49.048209895497024,8.901458333333327,0.0097916666666666,-0.0957109396030073,-0.0744259166325549,-0.0212850229704524,100.0,32.9113924050633,9.05,8.97,81.7111718327986,65.37197195839859,7.8680662578438865,9.87238434023674,11.876702422629592,13.881020505022445,15.885338587415298,2.17728939854284,192118590160.2,192115613527.2,4.09224424,4.13558476,0.46639216,-1.02990656,1.18634196,1.25386592,1
2024-09-23,1,8.9,9.08,8.88,9.04,89690755.0,897428030.0,19405617528.0,0.0046218964622273,51.34573043038403,32.4355986145695,89.16599406201308,8.935416666666661,0.0339583333333344,-0.0775617862296176,-0.0750530905519674,-0.0025086956776501,100.0,49.36708860759484,9.05,8.96,92.72818083923428,81.7111718327986,7.871549245308024,9.8767545869748,11.881959928641578,13.887165270308357,15.892370611975132,2.1782532277014166,194835418707.92,194832399981.12,4.15011436,4.19406778,0.4729876,-1.0444709,1.20311852,1.27159736,1
2024-09-24,1,9.1,9.33,9.07,9.33,163821319.0,1678174482.0,19405617528.0,0.0084419534067197,67.56382028692269,44.14500583868723,114.4014491833936,9.007604166666662,0.0721875,-0.0393245659373082,-0.0679073856290356,0.0285828196917273,100.0,86.07594936708867,9.06,8.97,105.03701779099782,92.72818083923428,7.865537149705851,9.869210964878873,11.872884780051894,13.876558595224916,15.880232410397936,2.176589531490853,201239371713.26,201236253765.36,4.2865225,4.33192061,0.48853401,-1.07880111,1.24266325,1.31339289,1
2024-09-25,1,9.47,9.63,9.41,9.45,216069398.0,2285995369.0,19405617528.0,0.0111343737290626,72.25343121168991,53.51448096302146,109.7313317090268,9.092187499999994,0.0845833333333327,0.0006541629633591,-0.0541950759105566,0.0548492388739158,100.0,100.0,9.08,8.99,109.57950908203604,105.03701779099782,7.868066262238577,9.872384345750936,11.8767024292633,13.881020512775658,15.885338596288015,2.17728939975896,203762141079.0,203758984044.0,4.34025904,4.38622626,0.49465835,-1.09232514,1.25824148,1.32985779,1
2024-09-26,1,9.45,10.04,9.45,10.04,308645720.0,3341759456.0,19405617528.0,0.0159049677009588,81.50228747445995,62.84374980016762,118.8193628230446,9.255312499999992,0.163124999999999,0.079034601128118,-0.0275491405028217,0.1065837416309397,100.0,100.0,9.11,9.03,119.65404723786595,109.57950908203604,7.871986578506849,9.877303326815325,11.882620075123796,13.88793682343227,15.89325357174074,2.178374248662124,216375987907.7,216372635437.2,4.60894174,4.65775456,0.52528006,-1.15994527,1.33613261,1.41218232,1
2024-09-27,1,10.22,10.4,9.93,10.28,384001637.0,4337985143.0,19405617528.0,0.0197881688869695,85.32901036309023,70.33883665447516,115.3093577803204,9.434062499999994,0.1787500000000008,0.1586883962585901,0.0096983668494606,0.1489900294091294,100.0,100.0,9.15,9.11,125.81980069301528,119.65404723786595,7.869597318142103,9.874305424174867,11.879013530207631,13.883721636240397,15.88842974227316,2.17771308096322,221615585821.16,221612152169.76,4.7205484,4.77054323,0.53799984,-1.18803363,1.3684874,1.44637867,1
2024-09-30,1,10.46,11.07,10.4,10.99,543028364.0,6467438838.0,19405617528.0,0.0279830499192553,89.09889206278844,76.59218845724625,114.11229927387282,9.708749999999997,0.2746875000000006,0.2759249776712558,0.0629436890138196,0.2129812886574361,100.0,100.0,9.22,9.22,132.3768789167624,125.81980069301528,7.868782267140663,9.873282746368222,11.87778322559578,13.88228370482334,15.886784184050898,2.1774875361029515,236946261197.58,236942590016.88,5.04710122,5.10055454,0.56345345,-1.27021809,1.46315509,1.54643463,1
2024-10-08,1,12.09,12.09,11.11,11.59,588897778.0,7602664024.0,19405617528.0,0.0303467682566808,87.80162823909761,80.32866838453003,102.74754794823276,10.026979166666662,0.3182291666666668,0.41249580381883,0.1328541119748217,0.2796416918440083,100.0,100.0,9.3,9.37,134.1537361271536,132.3768789167624,7.86670876150439,9.87068103409203,11.874653306679669,13.878625579267307,15.882597851854946,2.1769137455816563,249948226390.24,249944353760.64,5.32405109,5.38043755,0.59437186,-1.33991884,1.54344288,1.63129223,1
2024-10-09,1,11.37,11.37,10.49,10.51,426934506.0,5172049702.0,19405617528.0,0.0220005627434419,75.85964678959091,78.83899451955033,69.9009513296721,10.143229166666664,0.1162500000000008,0.4286410857997627,0.1920115067398099,0.2366295790599527,9.243697478991551,63.26530612244897,9.35,9.51,120.75856313942478,134.1537361271536,7.866569301095983,9.87050604741717,11.874442793738355,13.87837954005954,15.882316286380725,2.1768751534220594,226661124552.64,226657612727.04,4.82802148,4.87915455,0.5389956,-1.21508168,1.39964385,1.47930848,1
2024-10-10,1,10.68,11.27,10.67,11.01,342642168.0,4095573501.0,19405617528.0,0.0176568546455998,72.69147792203256,76.78982232037774,64.49478912534221,10.275208333333328,0.1319791666666656,0.4762917644366773,0.2488675582791834,0.2274242061574939,47.27272727272725,80.27210884353741,9.42,9.65,112.17941140813198,120.75856313942478,8.034447194015558,10.081149301657549,12.127851409299534,14.174553516941522,16.22125562458351,2.2233311369541124,232482900012.04,232479297985.44,4.95202888,5.0044753,0.55283966,-1.24629097,1.43559361,1.51730442,1
2024-10-11,1,11.03,11.19,10.65,10.78,207089057.0,2455848197.0,19405617528.0,0.0106716035550631,67.3351574667855,73.63826736918033,54.72893766199584,10.297291666666665,0.0220833333333345,0.489849512491963,0.2970639491217393,0.1927855633702237,55.76923076923065,72.4489795918367,9.48,9.79,99.97152430404434,112.17941140813198,8.04112195566,10.089524397923128,12.137926840186251,14.18632928244938,16.234731724712507,2.225178209321069,227437361280.56,227433837428.16,4.8445558,4.89586398,0.54084148,-1.21924292,1.40443715,1.4843746,1
2024-10-14,1,11.01,11.2,10.84,11.05,240059509.0,2881934272.0,19405617528.0,0.0123706194174765,65.28811492810577,70.85488322215548,54.15457834000637,10.440520833333329,0.1432291666666643,0.516427810683517,0.3409367214340948,0.175491089249422,100.0,81.63265306122452,9.55,9.92,102.2825965857445,99.97152430404434,8.036802763825165,10.08410493138137,12.131407098937576,14.17870926649378,16.226011434049987,2.2239829816394407,233259136739.96,233255522686.56,4.9685632,5.02118473,0.55468554,-1.25045221,1.44038691,1.52237054,1
2024-10-15,1,10.98,11.24,10.92,10.94,207284077.0,2500974427.0,19405617528.0,0.0106816532223678,62.33854126520183,68.0161025698376,50.98341865593028,10.494062499999997,0.0535416666666677,0.5225911176919009,0.377267600685656,0.1453235170062448,72.49999999999972,77.89115646258502,9.61,10.04,99.4220451052857,102.2825965857445,8.03703501421268,10.0843963454358,12.13175767665892,14.17911900788204,16.22648033910516,2.224047251091422,230930426556.2,230926848583.2,4.91896024,4.97105643,0.54914791,-1.23796849,1.42600701,1.50717217,1
2024-10-16,1,10.85,11.2,10.82,11.09,191449353.0,2301340929.0,19405617528.0,0.0098656666155437,59.46026207803578,65.16415573923699,48.05247475563337,10.562812499999994,0.0687499999999996,0.5334302771122381,0.4085001359709724,0.1249301411412656,100.0,82.99319727891157,9.68,10.15,104.65829666842096,99.4220451052857,8.039142707964517,10.087040954938027,12.134939201911536,14.182837448885047,16.23073569585856,2.2246305023136235,234035373467.88,234031747387.68,4.98509752,5.03789417,0.55653142,-1.25461345,1.44518021,1.52743667,1
2024-10-17,1,11.1,11.24,10.97,10.99,165370809.0,1993261646.0,19405617528.0,0.0085218009043716,51.27725558654063,60.535189021671535,32.7613887162788,10.63291666666666,0.0701041666666668,0.527866310537151,0.4323733708842082,0.0954929396529428,62.96296296296303,79.59183673469389,9.74,10.26,99.51532450050608,104.65829666842096,8.039985896671162,10.08809893827352,12.136211979875878,14.184325021478235,16.232438063080593,2.224863833575942,231900722466.1,231897129459.6,4.93962814,4.99194322,0.55145526,-1.24317004,1.43199863,1.51350482,1
2024-10-18,1,10.95,11.2,10.74,11.07,260465416.0,3105820973.0,19405617528.0,0.0134221658045243,46.26817039102709,55.77951614479005,27.245478883501164,10.700937499999997,0.0680208333333336,0.5238732733568146,0.4506733513787294,0.0731999219780851,94.2857142857144,82.31292517006804,9.81,10.36,102.2504862609423,99.51532450050608,8.037974679370024,10.085575381717453,12.133176084064877,14.180776786412302,16.22837748875973,2.224307279784397,233647255103.92,233643635037.12,4.97683036,5.02953945,0.55560848,-1.25253283,1.44278356,1.5249036,1
2024-10-21,1,10.98,10.98,10.69,10.86,280665467.0,3302020181.0,19405617528.0,0.014463104129257,44.8605984425029,52.13987691069433,30.30204150612004,10.720833333333328,0.019895833333333,0.4980226228781248,0.4601432056786085,0.0378794171995163,44.73684210526304,75.17006802721087,9.86,10.44,94.75360421573735,102.2504862609423,7.970910583609921,10.001427319528204,12.031944055446484,14.062460791364764,16.092977527283043,2.205748978425945,229183893918.38,229180343005.68,4.92349769,4.93346021,0.54499469,-1.2286057,2.01588451,1.54179966,1
2024-10-22,1,10.81,10.97,10.78,10.84,161778713.0,1908438725.0,19405617528.0,0.0083366949166432,40.12211939177611,48.1339577377216,24.09844269988514,10.731770833333329,0.0109375000000007,0.470498351159744,0.4622142347748356,0.0082841163849084,39.47368421052633,74.13793103448276,9.92,10.51,87.41252649435478,94.75360421573735,7.969727773166376,9.999943198917412,12.030158624668449,14.060374050419483,16.09058947617052,2.2054216653918624,228795775554.42,228792230655.12,4.91515984,4.92510549,0.54407176,-1.22652509,2.01247065,1.53918865,1
2024-10-23,1,10.87,10.93,10.8,10.9,151186604.0,1787236762.0,19405617528.0,0.007790867968095,40.87237337982814,45.71342961842378,31.190260902636865,10.73479166666666,0.0030208333333323,0.4483582710252882,0.4594430420249261,-0.0110847709996378,100.0,76.20689655172416,9.96,10.57,85.03431102273987,87.41252649435478,7.966541427360319,9.995945160592948,12.025348893825576,14.0547526270582,16.08415636029083,2.2045399243494934,230154189828.28,230150623882.08,4.9443423,4.954347,0.54730204,-1.23380725,2.02441916,1.54832718,1
2024-10-24,1,10.86,10.9,10.78,10.8,88529942.0,1042818619.0,19405617528.0,0.0045620780617912,33.91491558655216,41.78059160779991,18.183563544056668,10.723229166666664,-0.0115624999999983,0.4179253504524212,0.4511395037104251,-0.0332141532580039,16.666666666667652,72.56944444444447,10.0,10.61,82.04093783155656,85.03431102273987,7.967350056241379,9.996959780302648,12.026569504363916,14.056179228425185,16.085788952486453,2.204763692049509,228019538826.5,228016005954.0,4.89848415,4.90839606,0.54222588,-1.22236385,2.00564293,1.53396664,1
2024-10-25,1,10.82,10.83,10.75,10.77,110575468.0,1296844369.0,19405617528.0,0.0056981164263622,27.45842857285296,37.0065372628176,8.36221119292368,10.73447916666666,0.0112499999999968,0.3869260497135389,0.4382968129110479,-0.0513707631975089,13.333333333333018,70.60931899641575,10.02,10.65,71.43035918069137,82.04093783155656,7.972358470860612,10.003244042843908,12.034129614827204,14.0650151868105,16.095900758793796,2.2061496447978213,227243302098.58,227239781252.88,4.88180846,4.89168662,0.54038001,-1.21820261,1.99881521,1.52874462,1
2024-10-28,1,10.74,10.74,10.6,10.7,116948698.0,1356008963.0,19405617528.0,0.0060265383377394,23.513952381901948,32.50900896917904,5.523839207347763,10.716458333333328,-0.0180208333333311,0.3526453890239462,0.4211665281336276,-0.0685211391096813,49.99999999999956,67.15867158671584,10.03,10.68,68.31628840425813,71.43035918069137,7.968173968486341,9.997993576673744,12.027813184861143,14.057632793048544,16.087452401235947,2.204991689035998,225884887824.72,225881388025.92,4.852626,4.86244512,0.53714972,-1.21092044,1.9868667,1.5196061,-1
2024-10-29,1,10.68,10.79,10.6,10.61,119802482.0,1391150259.0,19405617528.0,0.0061735980226931,16.19680158793462,27.07160650876424,-5.552808253724606,10.705624999999994,-0.0108333333333341,0.3145890834805449,0.399851039203011,-0.0852619557224661,5.882352941176348,61.111111111111086,10.06,10.69,58.08439779840374,68.31628840425813,7.969619454363316,9.999807286887693,12.029995119412066,14.060182951936442,16.090370784460816,2.2053916908881104,223944296004.92,223940826273.12,4.81093678,4.82067153,0.53253504,-1.20051734,1.96979739,1.50655106,-1
2024-10-30,1,10.57,10.65,10.36,10.41,148240279.0,1686501658.0,19405617528.0,0.007639039509364,12.78199470941676,22.30840257564841,-6.270821023046544,10.660833333333327,-0.0447916666666667,0.2652334129439122,0.3729275139511913,-0.107694101007279,14.705882352941392,45.87155963302753,10.07,10.69,51.39718258106569,58.08439779840374,7.97135796537313,10.00198866771319,12.03261937005325,14.063250072393313,16.09388077473337,2.205872780074052,219674994001.36,219671590416.96,4.71922048,4.72876965,0.52238272,-1.17763053,1.93224493,1.47782999,-1
2024-10-31,1,10.42,10.52,10.33,10.46,125020539.0,1419624319.0,19405617528.0,0.0064424921711257,15.187996472944542,19.93493387474712,5.694121669339388,10.628645833333328,-0.0321874999999991,0.2275304412933447,0.3438480994196219,-0.1163176581262772,46.42857142857181,47.19626168224305,10.09,10.68,50.5268412150122,51.39718258106569,7.9674148833986385,9.997041121586664,12.026667359774692,14.05629359796272,16.085919836150744,2.2047816313344124,220839349093.24,220835927468.64,4.74423401,4.7538338,0.52515153,-1.18387239,1.94248651,1.48566301,-1
2024-11-01,1,10.46,10.62,10.43,10.51,158981111.0,1821423447.0,19405617528.0,0.0081925303727443,19.500330981963003,19.79006624381908,18.92086045825085,10.611458333333328,-0.0171875000000003,0.1993867405267373,0.314955827641045,-0.1155690871143076,100.0,34.93975903614458,10.1,10.67,52.67499660076585,50.5268412150122,7.970480344329596,10.000887480717186,12.031294617104775,14.061701753492365,16.092108889879952,2.2056299205287195,221809645003.14,221806208345.04,4.76507863,4.77472059,0.52745888,-1.18907394,1.95102116,1.49219053,-1
2024-11-04,1,10.51,10.54,10.35,10.54,113151611.0,1285874126.0,19405617528.0,0.0058308688624175,24.66688732130862,21.41567326964893,31.169315424628003,10.615937499999994,0.0044791666666661,0.1774577813446178,0.2874562183817596,-0.1099984370371417,100.0,16.666666666666597,10.12,10.66,61.73941887686877,52.67499660076585,7.972306801281474,10.003179210910975,12.034051620540476,14.064924030169976,16.095796439799475,2.206135346541656,222391822549.08,222388376870.88,4.77758539,4.78725266,0.52884329,-1.19219487,1.95614195,1.49610704,-1
2024-11-05,1,10.5,10.72,10.47,10.71,166541840.0,1925260700.0,19405617528.0,0.0085821458533695,38.66681376976134,27.166053436353067,61.66833443657788,10.642812499999996,0.0268750000000022,0.1718159155313365,0.264328157811675,-0.0925122422803384,100.0,30.158730158730226,10.14,10.66,78.14689985460382,61.73941887686877,7.968774821546768,9.998747491568478,12.028720161590186,14.058692831611896,16.088665501633603,2.205157960004706,226078947006.7,226075444201.2,4.85679493,4.86662247,0.53761119,-1.21196075,1.98857363,1.5209116,-1
2024-11-06,1,10.68,10.7,10.55,10.62,146228636.0,1689977501.0,19405617528.0,0.0075353765881971,45.11120917984084,33.147772017515656,69.03808350449121,10.653437499999994,0.0106249999999974,0.1582581469821118,0.2431141556457624,-0.0848560086636505,74.99999999999963,38.157894736842,10.16,10.65,85.17910409301157,78.14689985460382,7.970224274661301,10.00056617963755,12.0309080846138,14.061249989590047,16.091591894566296,2.205559059690008,224138355186.9,224134882448.4,4.8151057,4.82484889,0.5329965,-1.20155765,1.97150432,1.50785657,1
2024-11-07,1,10.57,10.97,10.55,10.95,224284379.0,2627007561.0,19405617528.0,0.0115577037770833,62.36580611989382,42.88711671830837,101.32318492306472,10.719374999999996,0.0659375000000022,0.1721572383240914,0.2289227721814282,-0.0567655338573367,100.0,81.57894736842097,10.19,10.66,97.8279205651372,85.17910409301157,7.969487010168794,9.99964110374318,12.029795197317563,14.05994929089195,16.090103384466335,2.205355040289198,231124485738.18,231120904758.48,4.96518692,4.97523379,0.54960938,-1.2390088,2.03295381,1.55485469,1
2024-11-08,1,10.98,11.04,10.76,10.78,189510415.0,2239060534.0,19405617528.0,0.0097657502899126,62.70396464330949,49.492732693308746,89.12642854331098,10.73385416666666,0.0144791666666641,0.167523680391751,0.2166429538234927,-0.0491192734317417,57.499999999999865,59.210526315789394,10.21,10.67,96.83314879852053,97.8279205651372,7.972952181125325,10.0039889953809,12.035025809636473,14.066062623892046,16.09709943814762,2.206313939177508,227437361280.56,227433837428.16,4.88597738,4.89586398,0.54084148,-1.21924292,2.00052214,1.53005013,1
2024-11-11,1,10.69,10.74,10.55,10.67,148695164.0,1717961562.0,19405617528.0,0.0076624804021541,57.765084410093664,52.25018326557038,68.79488669914024,10.732395833333328,-0.001458333333332,0.1532093694146539,0.203956236941725,-0.050746867527071,29.99999999999991,44.73684210526315,10.22,10.67,87.86931747634218,96.83314879852053,7.973232717769592,10.004340996175372,12.03544927458115,14.06655755298693,16.09766583139271,2.2063915706362995,225108651096.8,225105163324.8,4.83595031,4.84573568,0.53530385,-1.2067592,1.98003898,1.51438409,1
2024-11-12,1,10.65,10.89,10.58,10.61,171766255.0,2005791408.0,19405617528.0,0.0088513676388891,51.65559617949905,52.05198757021327,50.86281339807061,10.704687499999997,-0.027708333333333,0.1354621529008071,0.1902574201335414,-0.0547952672327343,26.086956521738728,36.84210526315782,10.23,10.67,77.04807471447111,87.86931747634218,7.969619454363316,9.999807286887693,12.029995119412066,14.060182951936442,16.090370784460816,2.2053916908881104,223944296004.92,223940826273.12,4.81093678,4.82067153,0.53253504,-1.20051734,1.96979739,1.50655106,1
2024-11-13,1,10.57,10.76,10.55,10.67,108626328.0,1260161857.0,19405617528.0,0.0055976743766728,49.89600131773369,51.33332548605341,47.02135298109425,10.689687499999994,-0.0150000000000005,0.124800235086246,0.1771659831240823,-0.0523657480378362,100.0,44.73684210526315,10.25,10.67,71.37649604454509,77.04807471447111,7.966365149549498,9.99572397761837,12.02508280568724,14.054441633756111,16.083800461824982,2.2044911439000003,225302710278.78,225299219500.08,4.84011924,4.84991304,0.53576532,-1.20779951,1.98174591,1.51568959,1
2024-11-14,1,10.66,10.76,10.6,10.61,115978311.0,1348378229.0,19405617528.0,0.0059765328690342,45.82438735191908,49.497012774675305,38.47913650640662,10.682499999999994,-0.0071875000000005,0.1102383309855348,0.1637804526963728,-0.053542121710838,49.99999999999926,37.83783783783774,10.25,10.67,64.65907064749341,71.37649604454509,7.969619454363316,9.999807286887693,12.029995119412066,14.060182951936442,16.090370784460816,2.2053916908881104,223944296004.92,223940826273.12,4.81093678,4.82067153,0.53253504,-1.20051734,1.96979739,1.50655106,1
2024-11-15,1,10.57,10.67,10.5,10.52,121578351.0,1399308729.0,19405617528.0,0.0062651111630215,33.473568176133135,44.155864575161246,12.108975378076906,10.65385416666666,-0.0286458333333339,0.0903936673056566,0.1491030956182296,-0.0587094283125729,11.764705882352697,25.675675675675603,10.24,10.67,55.45938676142687,64.65907064749341,7.971090227681723,10.001652726288029,12.032215224894331,14.062777723500634,16.09334022210694,2.2057986904034785,222003704185.12,222000264520.32,4.76924755,4.77889795,0.52792035,-1.19011425,1.95272809,1.49349603,-1
2024-11-18,1,10.69,11.07,10.68,10.8,379732445.0,4493249093.0,19405617528.0,0.0195681711469419,39.85957176654493,42.723766972289134,34.13118135505651,10.671145833333329,0.0172916666666669,0.09615190895469,0.1385128582855216,-0.0423609493308316,100.0,75.80645161290343,10.26,10.67,60.81893555850924,55.45938676142687,7.967350056241379,9.996959780302648,12.026569504363916,14.056179228425185,16.085788952486453,2.204763692049509,228019538826.5,228016005954.0,4.89848415,4.90839606,0.54222588,-1.22236385,2.00564293,1.53396664,-1
2024-11-19,1,10.8,11.0,10.62,10.74,243003665.0,2849661696.0,19405617528.0,0.0125223361044488,40.608135563661534,42.0185565027466,37.787293685491406,10.68604166666666,0.0148958333333339,0.0947812788055895,0.1297665423895352,-0.0349852635839457,79.99999999999989,66.12903225806463,10.27,10.67,62.280678892780514,60.81893555850924,7.970571256676437,10.0010015521548,12.031431847633163,14.061862143111528,16.09229243858989,2.20565507823361,226661124552.64,226657612727.04,4.86930169,4.87915455,0.5389956,-1.21508168,1.99369442,1.52482811,-1
2024-11-20,1,10.73,10.8,10.67,10.7,128657248.0,1498818034.0,19405617528.0,0.006629897132331,38.767996808522845,40.935036604672014,34.433917216224515,10.70510416666666,0.0190625000000004,0.0894364115513859,0.1217005162219053,-0.0322641046705194,44.44444444444412,59.67741935483866,10.28,10.67,61.503437306102114,62.280678892780514,7.968173968486341,9.997993576673744,12.027813184861143,14.057632793048544,16.087452401235947,2.204991689035998,225884887824.72,225881388025.92,4.852626,4.86244512,0.53714972,-1.21092044,1.9868667,1.5196061,-1
2024-11-21,1,10.68,10.71,10.63,10.66,88340806.0,1023998432.0,19405617528.0,0.0045523316056566,35.202056351880735,39.02404318707492,27.558082681492365,10.687708333333326,-0.0173958333333352,0.0810387359356834,0.113568160164661,-0.0325294242289775,33.333333333333826,53.22580645161298,10.29,10.67,53.53949359824071,61.503437306102114,7.97263310242602,10.003588634294568,12.034544166163114,14.065499698031662,16.096455229900208,2.206225642174594,224914591914.82,224911107149.52,4.83178139,4.84155832,0.53484238,-1.20571889,1.97833205,1.51307858,-1
2024-11-22,1,10.66,10.67,10.37,10.37,162531744.0,1858071592.0,19405617528.0,0.0083754997111267,23.46803756792049,33.83870798069011,2.7266967423812503,10.636562499999991,-0.0511458333333347,0.0504019389611514,0.100934915923959,-0.0505329769628076,0.0,6.451612903225677,10.29,10.67,44.34045295759606,53.53949359824071,7.9688869577359185,9.99888819342856,12.028889429121204,14.058890664813845,16.088891900506486,2.205188990874024,218898757273.44,218895365715.84,4.70254479,4.71206021,0.52053685,-1.17346929,1.92541721,1.47260797,-1
2024-11-25,1,10.37,10.43,10.24,10.28,116602032.0,1310130629.0,19405617528.0,0.0060086741291153,17.25178408142487,28.309733347601696,-4.864114450928788,10.571770833333323,-0.0647916666666663,0.0186448821980711,0.0844769091787815,-0.0658320269807103,9.523809523809325,5.633802816901295,10.28,10.65,38.51467866409857,44.34045295759606,7.970385383236378,10.000768329152,12.031151275067618,14.06153422098324,16.091917166898856,2.205603642435124,216958165453.64,216954803963.04,4.66085556,4.67028663,0.51592216,-1.1630662,1.90834791,1.45955294,-1
2024-11-26,1,10.28,10.4,10.24,10.36,83107820.0,933733855.0,19405617528.0,0.0042826681439065,16.320466496050283,24.313311063751225,0.3347773606483955,10.514062499999993,-0.0577083333333323,-6.671363850863088e-05,0.0675681846153234,-0.0676348982538321,92.3076923076924,16.90140845070414,10.28,10.62,38.61472196244546,38.51467866409857,7.968266477854755,9.998109651959604,12.027952826064451,14.0577960001693,16.08763917427415,2.2050172886764323,218704698091.46,218701309540.56,4.69837586,4.70788286,0.52007538,-1.17242898,1.92371028,1.47130247,-1
2024-11-27,1,10.33,10.47,10.25,10.47,89517805.0,1010001964.0,19405617528.0,0.0046129840944683,20.11725878853153,22.91462697201133,14.522522421571928,10.503541666666658,-0.0105208333333344,-0.0059511068023407,0.0528643263317906,-0.0588154331341314,100.0,32.3943661971832,10.27,10.6,46.353769880539005,38.61472196244546,7.968030118606573,9.997813082349747,12.02759604609292,14.057379009836092,16.087161973579263,2.204951882200629,221033408275.22,221029983643.92,4.74840294,4.75801116,0.525613,-1.1849127,1.94419344,1.48696851,-1
2024-11-28,1,10.47,10.5,10.41,10.43,73316854.0,833121339.0,19405617528.0,0.0037781252719328,21.04202794737441,22.29042729713236,18.54522924785852,10.497499999999992,-0.0060416666666647,-0.0136844506565996,0.0395545709341125,-0.0532390215907122,82.60869565217354,26.760563380281656,10.27,10.59,58.23054182157718,46.353769880539005,7.972586940566817,10.003530713122965,12.034474485679109,14.065418258235256,16.0963620307914,2.2062128680413613,220063112365.32,220059702767.52,4.72755832,4.73712436,0.52330566,-1.17971115,1.93565879,1.48044099,-1
2024-11-29,1,10.45,10.54,10.43,10.46,102848758.0,1173316154.0,19405617528.0,0.0052999477007934,23.677141438600515,22.752665344288413,25.52609362722472,10.49062499999999,-0.0068750000000026,-0.0171942277429089,0.0282048111987082,-0.0453990389416171,95.45454545454557,30.98591549295788,10.27,10.57,68.29148344690365,58.23054182157718,7.9674148833986385,9.997041121586664,12.026667359774692,14.05629359796272,16.085919836150744,2.2047816313344124,220839349093.24,220835927468.64,4.74423401,4.7538338,0.52515153,-1.18387239,1.94248651,1.48566301,-1
2024-12-02,1,10.47,10.48,10.4,10.47,97543366.0,1108785597.0,19405617528.0,0.005026553051417,29.47523714954321,24.99352261270668,38.43866622321628,10.49041666666666,-0.0002083333333313,-0.0189503866824054,0.0187737716224855,-0.0377241583048909,100.0,32.3943661971832,10.28,10.55,77.53349379211839,68.29148344690365,7.968030118606573,9.997813082349747,12.02759604609292,14.057379009836092,16.087161973579263,2.204951882200629,221033408275.22,221029983643.92,4.74840294,4.75801116,0.525613,-1.1849127,1.94419344,1.48696851,-1
2024-12-03,1,10.45,10.57,10.44,10.56,108255936.0,1236992678.0,19405617528.0,0.0055785875323884,42.34519356068838,30.77741292870058,65.48075482466396,10.515312499999991,0.0248958333333337,-0.012930848681357,0.012432847561717,-0.025363696243074,100.0,45.07042253521136,10.28,10.54,90.50041654167458,77.53349379211839,7.966579594493647,9.995993050455212,12.025406506416775,14.05481996237834,16.084233418339906,2.204550486143465,222974000095.02,222970545396.72,4.79009216,4.79978474,0.53022769,-1.1953158,1.96126274,1.50002355,-1
2024-12-04,1,10.52,10.6,10.45,10.54,100747059.0,1154623370.0,19405617528.0,0.0051916440615524,51.48594299394722,37.6802562837828,79.09731641427607,10.524895833333328,0.0095833333333334,-0.0096627679263328,0.008013724464107,-0.0176764923904398,87.49999999999916,42.25352112676047,10.29,10.54,94.85949939346816,90.50041654167458,7.972306801281474,10.003179210910975,12.034051620540476,14.064924030169976,16.095796439799475,2.206135346541656,222391822549.08,222388376870.88,4.77758539,4.78725266,0.52884329,-1.19219487,1.95614195,1.49610704,-1
2024-12-05,1,10.52,10.57,10.49,10.52,68710883.0,786137964.0,19405617528.0,0.0035407728149263,60.24988792189072,45.20346682981877,90.3427301060346,10.526666666666658,0.0017708333333317,-0.0085876303783631,0.0046934534956129,-0.0132810838739761,66.66666666666617,39.43661971830982,10.3,10.53,95.93709977873276,94.85949939346816,7.971090227681723,10.001652726288029,12.032215224894331,14.062777723500634,16.09334022210694,2.2057986904034785,222003704185.12,222000264520.32,4.76924755,4.77889795,0.52792035,-1.19011425,1.95272809,1.49349603,-1
2024-12-06,1,10.52,10.76,10.51,10.72,172626927.0,2004270466.0,19405617528.0,0.0088957193323489,70.93582271715796,53.78091879226517,105.24563056694352,10.554374999999991,0.0277083333333347,0.0083069945424494,0.0054161617049802,0.0028908328374691,100.0,85.71428571428571,10.31,10.54,104.64570926009398,95.93709977873276,7.969374660377284,9.999500133867484,12.029625607357683,14.059751080847883,16.089876554338083,2.205323950310801,226273006188.68,226269500376.48,4.86096385,4.87079983,0.53807266,-1.21300106,1.99028056,1.52221711,-1
2024-12-09,1,10.69,10.78,10.66,10.73,96406316.0,1123441855.0,19405617528.0,0.0049679591933056,77.47922772338839,61.68035510263957,109.07697296488602,10.583124999999992,0.0287499999999987,0.0222465782320604,0.0087822450103963,0.0134643332216641,100.0,87.49999999999996,10.32,10.54,111.36264397859044,104.64570926009398,7.9699734712070365,10.000251486291916,12.030529501376794,14.060807516461672,16.09108553154655,2.205489656143546,226467065370.66,226463556551.76,4.86513277,4.87497719,0.53853413,-1.21404137,1.99198749,1.52352261,-1
2024-12-10,1,10.94,10.99,10.8,10.84,216780724.0,2564600677.0,19405617528.0,0.0111710294035843,76.5115755444058,66.62409524989498,96.28653613342746,10.63729166666666,0.0541666666666671,0.0416893110004785,0.0153636582084127,0.0263256527920658,100.0,100.0,10.34,10.56,113.0328434005108,111.36264397859044,7.969727773166376,9.999943198917412,12.030158624668449,14.060374050419483,16.09058947617052,2.2054216653918624,228795775554.42,228792230655.12,4.91515984,4.92510549,0.54407176,-1.22652509,2.01247065,1.53918865,-1
2024-12-11,1,10.84,10.88,10.78,10.78,96769145.0,1138374175.0,19405617528.0,0.0049866563050814,72.47664358327613,68.57494469435535,80.28004136111767,10.66010416666666,0.0228125000000005,0.0516608046395479,0.0226230874946397,0.0290377171449081,66.66666666666634,89.99999999999991,10.36,10.58,110.7606215631362,113.0328434005108,7.966155108516578,9.995460430548956,12.024765752581333,14.054071074613711,16.083376396646088,2.2044330203281786,227631420462.54,227627893603.44,4.89014631,4.90004134,0.54130294,-1.22028323,2.00222907,1.53135563,-1
2024-12-12,1,10.78,10.91,10.77,10.9,98623459.0,1164062448.0,19405617528.0,0.0050822118315842,76.56634995947223,71.23874644939431,87.22155697962808,10.701770833333326,0.041666666666666,0.0684571508850915,0.0317899001727301,0.0366672507123613,100.0,100.0,10.39,10.6,113.53499555078872,110.7606215631362,7.97326424280275,10.004380551923058,12.035496861043365,14.066613170163674,16.09772947928398,2.206400294396145,229960130646.3,229956567706.8,4.94017338,4.95016964,0.54684057,-1.23276694,2.02271223,1.54702167,-1
2024-12-13,1,10.84,10.85,10.63,10.63,134379289.0,1565589089.0,19405617528.0,0.0069247623172056,62.5593848214664,68.34562590675168,50.98690265089584,10.691770833333328,-0.009999999999998,0.0592980814092616,0.0372915364200364,0.0220065449892251,0.0,59.090909090909165,10.4,10.62,95.72985755011427,113.53499555078872,7.970828048558064,10.001323759425023,12.031819470291984,14.062315181158944,16.092810892025902,2.205726138926692,224332414368.88,224328938623.68,4.81927462,4.82902625,0.53345797,-1.20259796,1.97321125,1.50916207,-1
2024-12-16,1,10.63,10.72,10.6,10.64,80571778.0,934226189.0,19405617528.0,0.0041519821713348,53.43465160937272,63.37530114095869,33.55335254620077,10.681458333333326,-0.0103125000000012,0.0522441314619968,0.0402820554284285,0.0119620760335682,13.33333333333361,60.606060606060645,10.42,10.63,84.38575792287527,95.72985755011427,7.971430778766822,10.002080029654495,12.032729280542172,14.063378531429848,16.09402778231752,2.205892929348977,224526473550.86,224522994798.96,4.82344354,4.83320361,0.53391944,-1.20363827,1.97491819,1.51046757,-1
2024-12-17,1,10.64,10.71,10.59,10.6,80211995.0,929225455.0,19405617528.0,0.004133442024417,42.956434406248434,56.56901222938861,15.731278759968076,10.65322916666666,-0.0282291666666658,0.0429312745920658,0.0408118992611559,0.0021193753309098,19.99999999999929,54.54545454545445,10.43,10.63,72.04934085855054,84.38575792287527,7.969013601520198,9.99904709856125,12.029080595602302,14.059114092643354,16.089147589684405,2.2052240363553235,223750236822.94,223746770097.84,4.80676785,4.81649417,0.53207357,-1.19947703,1.96809046,1.50524556,-1
2024-12-18,1,10.65,10.79,10.64,10.71,101658966.0,1186285805.0,19405617528.0,0.0052386359698844,42.52651182638791,51.88817876172171,23.8031779557203,10.660520833333326,0.0072916666666653,0.0439205602399326,0.0414336314569113,0.0024869287830213,100.0,71.21212121212129,10.44,10.64,73.49136949961284,72.04934085855054,7.968774821546768,9.998747491568478,12.028720161590186,14.058692831611896,16.088665501633603,2.205157960004706,226078947006.7,226075444201.2,4.85679493,4.86662247,0.53761119,-1.21196075,1.98857363,1.5209116,-1
2024-12-19,1,10.66,10.7,10.61,10.66,69737904.0,808465664.0,19405617528.0,0.0035936967169107,34.18434121759196,45.98689958034512,10.579224492085617,10.66072916666666,0.0002083333333331,0.0402065183943562,0.0411882088444003,-0.000981690450044,58.33333333333309,63.63636363636361,10.46,10.65,71.43434501385028,73.49136949961284,7.97263310242602,10.003588634294568,12.034544166163114,14.065499698031662,16.096455229900208,2.206225642174594,224914591914.82,224911107149.52,4.83178139,4.84155832,0.53484238,-1.20571889,1.97833205,1.51307858,-1
2024-12-20,1,10.66,10.76,10.65,10.68,71464627.0,831437460.0,19405617528.0,0.0036826772916082,30.289560811727952,40.7544533241394,9.35977578690506,10.659895833333326,-0.0008333333333325,0.038433904203158,0.0406373479161518,-0.0022034437129937,69.99999999999929,66.66666666666657,10.47,10.65,72.36191196642875,71.43434501385028,7.966969126956312,9.996481812758224,12.025994498560134,14.055507184362044,16.085019870163954,2.204658279452971,225496769460.76,225493275675.36,4.84428816,4.8540904,0.53622679,-1.20883982,1.98345284,1.51699509,-1
2024-12-23,1,10.7,10.89,10.7,10.78,165940476.0,1953519499.0,19405617528.0,0.0085511566823662,39.984707207818566,40.49787128536579,38.958379052724126,10.677812499999993,0.0179166666666663,0.044584318677824,0.0414267420684863,0.0031575766093377,100.0,81.81818181818167,10.48,10.66,77.40800626028823,72.36191196642875,7.966155108516578,9.995460430548956,12.024765752581333,14.054071074613711,16.083376396646088,2.2044330203281786,227631420462.54,227627893603.44,4.89014631,4.90004134,0.54130294,-1.22028323,2.00222907,1.53135563,-1
2024-12-24,1,10.78,10.91,10.78,10.9,135083691.0,1595698790.0,19405617528.0,0.0069610611878282,58.94813813854574,46.647960236425774,83.54849394278565,10.71447916666666,0.036666666666667,0.0584675856459782,0.0448349107839846,0.0136326748619935,100.0,100.0,10.5,10.67,91.57564840753972,77.40800626028823,7.966541427360319,9.995945160592948,12.025348893825576,14.0547526270582,16.08415636029083,2.2045399243494934,230154189828.28,230150623882.08,4.9443423,4.954347,0.54730204,-1.23380725,2.02441916,1.54832718,-1
2024-12-25,1,10.9,11.05,10.89,10.96,147528294.0,1759956630.0,19405617528.0,0.0076023498756035,66.11035296192905,53.1354244782602,92.06020992926678,10.76072916666666,0.0462499999999987,0.0734648166250622,0.0505608919522001,0.022903924672862,100.0,100.0,10.51,10.69,98.16030856446116,91.57564840753972,7.970073167793112,10.000376579673556,12.030679991553995,14.060983403434436,16.091286815314877,2.205517244665659,231318544920.16,231314960933.76,4.96935584,4.97941115,0.55007085,-1.24004911,2.03466074,1.5561602,-1
2024-12-26,1,10.96,10.97,10.83,10.9,100007470.0,1183745519.0,19405617528.0,0.0051535319530904,66.53733675722806,57.602728571249486,84.40655312918523,10.78541666666666,0.0246875000000006,0.0795912532425759,0.0563669642102753,0.0232242890323006,66.66666666666667,89.2857142857142,10.52,10.71,98.12560589044396,98.16030856446116,7.966541427360319,9.995945160592948,12.025348893825576,14.0547526270582,16.08415636029083,2.2045399243494934,230154189828.28,230150623882.08,4.9443423,4.954347,0.54730204,-1.23380725,2.02441916,1.54832718,-1
2024-12-27,1,10.91,10.94,10.72,10.88,129001228.0,1518383345.0,19405617528.0,0.0066476229274263,65.37271725844192,60.192724800313634,75.7327021746985,10.801249999999992,0.0158333333333331,0.0818887035469817,0.0614713120776166,0.0204173914693651,66.66666666666667,85.71428571428571,10.53,10.73,95.79091681794996,98.12560589044396,7.972089410856733,10.002906442259238,12.03372347366174,14.064540505064246,16.09535753646675,2.206075189210537,229572012282.34,229568455356.24,4.93183553,4.94181492,0.54591763,-1.23068632,2.01929837,1.54441067,-1
2024-12-30,1,10.83,11.01,10.83,10.99,135184636.0,1610892096.0,19405617528.0,0.0069662630320805,72.36969029350671,64.25171329804466,88.60564428443078,10.82510416666666,0.023854166666668,0.0915304244003252,0.0674831345421583,0.0240472898581668,100.0,100.0,10.54,10.75,103.15865133618124,95.79091681794996,7.971825738566483,10.00257560185908,12.033325465151677,14.06407532844427,16.094825191736867,2.2060022245374604,231900722466.1,231897129459.6,4.98186261,4.99194322,0.55145526,-1.24317004,2.03978153,1.56007671,-1
2024-12-31,1,10.97,11.02,10.76,10.76,147536733.0,1747242074.0,19405571850.0,0.007602802645571,59.61009655930749,62.70450771846561,53.42127424099127,10.818333333333326,-0.0067708333333342,0.0796938190928262,0.0699252714522919,0.0097685476405343,14.814814814814522,58.18181818181816,10.54,10.76,90.37557978234358,103.15865133618124,7.971763745707212,10.0024978168846,12.033231888061986,14.063965959239372,16.09470003041676,2.2059850695732224,227049242916.6,227045190645.0,4.87763954,5.10131309,0.53436679,-1.2171623,1.99710828,1.52743912,-1
2025-01-02,1,10.78,10.82,10.47,10.51,181959699.0,2102923078.0,19405571850.0,0.0093766728652214,42.03891494758425,55.81597679483849,14.48479125307577,10.769374999999991,-0.0489583333333332,0.049568913862247,0.0658539999342829,-0.0162850860720359,7.692307692307534,11.111111111111184,10.53,10.76,78.00667908218546,90.37557978234358,7.970480344329596,10.000887480717186,12.031294617104775,14.061701753492365,16.092108889879952,2.2056299205287195,221809645003.14,221805686245.5,4.76507863,4.98359048,0.52203525,-1.23501246,1.95102116,1.49219053,-1
2025-01-03,1,10.52,10.61,10.44,10.46,115468044.0,1320520978.0,19405571850.0,0.0059502520663929,29.11883947325296,46.91693102097665,-6.477343622194411,10.701458333333328,-0.0679166666666652,0.021413288238719,0.0569658575951701,-0.0355525693564511,6.2500000000004166,3.636363636363877,10.53,10.75,66.50794014855708,78.00667908218546,7.9674148833986385,9.997041121586664,12.026667359774692,14.05629359796272,16.085919836150744,2.2047816313344124,220839349093.24,220835407653.0,4.74423401,4.96178999,0.51975163,-1.22960996,1.94248651,1.48566301,-1
2025-01-06,1,10.46,10.55,10.32,10.52,108553630.0,1234305778.0,19405571850.0,0.0055939413091812,28.54497974015948,40.79294726070426,4.049044699069896,10.662187499999996,-0.0392708333333331,0.0038963361036064,0.0463519532968574,-0.042455617193251,100.0,29.85074626865661,10.53,10.74,63.71177401199067,66.50794014855708,7.971090227681723,10.001652726288029,12.032215224894331,14.062777723500634,16.09334022210694,2.2057986904034785,222003704185.12,221999741964.0,4.76924755,4.98795057,0.52249197,-1.23609296,1.95272809,1.49349603,-1
2025-01-07,1,10.5,10.6,10.45,10.58,74786288.0,858329049.0,19405571850.0,0.0038538564376292,30.902132612161093,37.496009044523205,17.714379747436865,10.654062499999991,-0.0081250000000014,-0.0050858495988741,0.0360643927177111,-0.0411502423165852,100.0,38.8059701492537,10.53,10.73,67.72348571036403,63.71177401199067,7.967798704393316,9.997522717477338,12.02724673056136,14.056970743645378,16.0866947567294,2.2048878441388378,223362118458.98,223358131993.5,4.79843001,5.01847125,0.52568904,-1.24365647,1.9646766,1.50263455,-1
2025-01-08,1,10.57,10.69,10.48,10.57,106238601.0,1223598997.0,19405571850.0,0.0054746441806093,32.50618364620265,35.83273391174969,25.85308311510856,10.643749999999994,-0.0103124999999995,-0.0128629369771839,0.026278926778732,-0.039141863755916,96.15384615384625,37.3134328358209,10.53,10.71,75.3025016109687,67.72348571036403,7.967189671182469,9.99675853861351,12.026327406044548,14.055896273475586,16.085465140906624,2.2047193095192905,223168059277.0,223164076275.0,4.79426109,5.01411115,0.52523232,-1.24257597,1.96296967,1.50132905,-1
2025-01-09,1,10.57,10.57,10.44,10.48,75148330.0,857836086.0,19405571850.0,0.003872513038053,29.289836716516067,33.65176818000515,20.565973789537907,10.622083333333329,-0.0216666666666665,-0.0259889976071736,0.0158253419015509,-0.0418143395087245,28.57142857142912,23.8805970149254,10.53,10.69,74.86146239991285,75.3025016109687,7.968644291219618,9.998583709831587,12.028523128443554,14.05846254705552,16.08840196566749,2.2051218390204417,221227467457.2,221223519090.0,4.75257186,4.97051019,0.52066508,-1.23177096,1.94590037,1.48827401,-1
2025-01-10,1,10.48,10.54,10.37,10.39,79813351.0,905005041.0,19405571850.0,0.0041129089942278,22.85989114434406,30.054475834784785,8.470721763462613,10.587187499999994,-0.0348958333333335,-0.0431562645097898,0.0040290206192827,-0.0471852851290726,10.000000000000622,10.447761194029894,10.53,10.67,64.2167691475043,74.86146239991285,7.970124656746118,10.000441184967496,12.030757713188876,14.061074241410251,16.09139076963163,2.2055314929380865,219286875637.4,219282961905.0,4.71088263,4.92690922,0.51609784,-1.22096595,1.92883107,1.47521898,-1
2025-01-13,1,10.34,10.35,10.19,10.3,93496618.0,1044904416.0,19405571850.0,0.0048180295186714,19.65759811229368,26.58884992728775,5.795094482305537,10.53979166666666,-0.0473958333333346,-0.0632940802937795,-0.0094355995633296,-0.0538584807304498,37.93103448275892,13.75000000000014,10.52,10.64,59.63364509208063,64.2167691475043,7.971631440300521,10.002331807882852,12.033032175465182,14.063732543047513,16.094432910629845,2.2059484573803507,217346283817.6,217342404720.0,4.66919341,4.88330826,0.5115306,-1.21016094,1.91176177,1.46216394,-1
2025-01-14,1,10.3,10.48,10.29,10.46,82462895.0,934467766.0,19405571850.0,0.0042494442131062,27.39077969391012,26.85615984949521,28.46001938273995,10.522499999999994,-0.0172916666666651,-0.0655867384687702,-0.0206658273444178,-0.0449209111243524,100.0,33.75000000000014,10.51,10.62,69.33873662426544,59.63364509208063,7.9674148833986385,9.997041121586664,12.026667359774692,14.05629359796272,16.085919836150744,2.2047816313344124,220839349093.24,220835407653.0,4.74423401,4.96178999,0.51975163,-1.22960996,1.94248651,1.48566301,-1
2025-01-15,1,10.46,10.65,10.44,10.55,103163082.0,1185403653.0,19405571850.0,0.0053161577920724,42.26051979594016,31.9909464983102,62.799666391200105,10.525312499999991,0.0028124999999992,-0.0594560662301599,-0.0284238751215662,-0.0310321911085937,100.0,45.000000000000114,10.5,10.6,79.43636387958074,69.33873662426544,7.965968438307005,9.995226207806876,12.024483977306748,14.05374174680662,16.08299951630649,2.2043813640437744,222779940913.04,222775964838.0,4.78592324,5.00539096,0.52431887,-1.24041497,1.95955581,1.49871804,1
2025-01-16,1,10.62,10.66,10.55,10.64,87296399.0,1007689274.0,19405571850.0,0.0044985223663996,58.17367986396018,40.7185242868602,93.08399101816016,10.546562499999991,0.0212500000000002,-0.0467957838069725,-0.0320982568586475,-0.014697526948325,100.0,56.250000000000085,10.5,10.59,92.79999998689836,79.43636387958074,7.971430778766822,10.002080029654495,12.032729280542172,14.063378531429848,16.09402778231752,2.205892929348977,224526473550.86,224522466304.5,4.82344354,5.04463183,0.52842938,-1.25013947,1.97491819,1.51046757,1
2025-01-17,1,10.6,10.62,10.5,10.53,68976486.0,791230419.0,19405571850.0,0.0035544680946879,61.44911990930677,47.62872282767572,89.08991407256887,10.548645833333326,0.0020833333333332,-0.0451184026058211,-0.0347022860080822,-0.0104161165977388,44.99999999999969,42.49999999999994,10.5,10.58,95.54044997281898,92.79999998689836,7.971699045736103,10.002416635186243,12.033134224636385,14.063851814086522,16.09456940353666,2.2059671654838864,222197763367.1,222193797682.5,4.77341647,4.99231067,0.5229487,-1.23717346,1.95443502,1.49480153,1
2025-01-20,1,10.57,10.59,10.48,10.5,83202913.0,953092179.0,19405571850.0,0.0042875785183315,61.63274660620456,52.296730753852,80.30477831090967,10.547395833333326,-0.0012500000000006,-0.0456832076179587,-0.0368984703300575,-0.0087847372879012,12.499999999999725,38.75000000000003,10.49,10.57,87.54057993664743,95.54044997281898,7.969869409621443,10.000120915966964,12.030372422312482,14.060623928658002,16.09087543500352,2.205460859717629,221615585821.16,221611630527.0,4.7609097,4.97923038,0.52157853,-1.23393196,1.94931423,1.49088502,1
2025-01-21,1,10.53,10.53,10.41,10.42,90206894.0,1024879174.0,19405571850.0,0.0046485048055927,57.40055447505837,53.99800532758746,64.20565277000019,10.53135416666666,-0.0160416666666662,-0.0519868786944996,-0.0399161520029459,-0.0120707266915537,8.33333333333321,28.75000000000003,10.48,10.56,74.45996963903585,87.54057993664743,7.971972995324077,10.00276037093194,12.033547746539805,14.064335122147664,16.095122497755526,2.2060429741405607,219869053183.34,219865129060.5,4.7233894,4.93998951,0.51746801,-1.22420745,1.93395186,1.47913549,1
2025-01-22,1,10.41,10.42,10.19,10.2,134712922.0,1504818607.0,19405571850.0,0.0069419712565697,38.97625617486159,48.99075561001217,18.947257304560424,10.48104166666666,-0.0503125000000004,-0.0738830668177765,-0.046709534965912,-0.0271735318518644,3.2258064516128293,1.2499999999999722,10.47,10.54,63.0214044285886,74.45996963903585,7.972538680225409,10.003470158899962,12.034401637574511,14.065333116249064,16.096264594923618,2.2061995132059704,215211632815.82,215207791816.5,4.62333526,4.83534719,0.50650664,-1.19827543,1.89298554,1.44780341,1
2025-01-23,1,10.27,10.48,10.27,10.41,151492027.0,1715172472.0,19405571850.0,0.0078066252399565,41.587007662673706,46.522839627566015,31.715343732889096,10.461562499999992,-0.0194791666666667,-0.0734440909392315,-0.0520564461605759,-0.0213876447786555,95.65217391304358,27.500000000000057,10.47,10.52,67.97006326083597,63.0214044285886,7.97135796537313,10.00198866771319,12.03261937005325,14.063250072393313,16.09388077473337,2.205872780074052,219674994001.36,219671073342.0,4.71922048,4.93562941,0.51701129,-1.22312695,1.93224493,1.47782999,1
2025-01-24,1,10.41,10.47,10.32,10.43,94494421.0,1069899088.0,19405571850.0,0.004869447895193,44.74594837086048,45.930542541997504,42.37676002858642,10.448124999999994,-0.0134374999999984,-0.0706677526761048,-0.0557787074636817,-0.014889045212423,100.0,30.0,10.47,10.51,76.35246836348765,67.97006326083597,7.972586940566817,10.003530713122965,12.034474485679109,14.065418258235256,16.0963620307914,2.2062128680413613,220063112365.32,220059184779.0,4.72755832,4.94434961,0.51792474,-1.22528795,1.93565879,1.48044099,1
2025-01-27,1,10.46,10.62,10.46,10.55,115193471.0,1324270607.0,19405571850.0,0.0059361028827398,55.362547140857394,49.0745440749508,67.93855327267057,10.477187499999992,0.0290624999999984,-0.0581145787927326,-0.0562458817294919,-0.0018686970632407,100.0,45.000000000000114,10.47,10.5,87.00295135678265,76.35246836348765,7.972913480423227,10.003940436028088,12.03496739163295,14.065994347237812,16.097021302842673,2.2063032297318026,222585881731.06,222581909119.5,4.78175432,5.00103086,0.52386214,-1.23933447,1.95784888,1.49741254,1
2025-02-05,1,10.57,10.59,10.42,10.45,84343370.0,961193579.0,19405571850.0,0.0043463480824967,55.3480810726283,51.16572307417663,63.71279706953162,10.474999999999993,-0.0021874999999997,-0.0555944046243599,-0.0561155863084655,0.0005211816841055,56.52173913043425,32.49999999999994,10.47,10.49,87.01056117910505,87.00295135678265,7.966798549173509,9.996267781841787,12.025737014510067,14.055206247178344,16.084675479846624,2.2046110763428355,220645289911.26,220641351934.5,4.74006509,4.9574299,0.51929491,-1.22852946,1.94077958,1.4843575,1
2025-02-06,1,10.44,10.53,10.39,10.44,95560325.0,1084793176.0,19405571850.0,0.0049243756246224,56.278565676325854,52.87000394155971,63.09568914585815,10.474166666666658,-0.0008333333333343,-0.0537840755223673,-0.0556492841512458,0.0018652086288785,31.249999999999307,43.85964912280699,10.47,10.49,83.91880064933997,87.01056117910505,7.966181129853613,9.995493080584154,12.024805031314695,14.054116982045237,16.083428932775774,2.20444022107858,220451230729.28,220447296216.0,4.73589617,4.9530698,0.51883818,-1.22744896,1.93907265,1.483052,1
2025-02-07,1,10.44,10.53,10.4,10.46,140749262.0,1601621980.0,19405571850.0,0.00725303346317,58.44927634235689,54.7297614084921,65.88830621008647,10.47291666666666,-0.0012499999999988,-0.0501573609778152,-0.0545508995165597,0.0043935385387445,100.0,60.00000000000016,10.47,10.48,78.71605859473418,83.91880064933997,7.9674148833986385,9.997041121586664,12.026667359774692,14.05629359796272,16.085919836150744,2.2047816313344124,220839349093.24,220835407653.0,4.74423401,4.96178999,0.51975163,-1.22960996,1.94248651,1.48566301,1
2025-02-10,1,10.46,10.57,10.44,10.51,102659093.0,1174044624.0,19405571850.0,0.0052901864368403,63.77238577862556,57.74396953186992,75.82921827213686,10.477395833333327,0.0044791666666679,-0.0427557201126784,-0.0521918636357834,0.009436143523105,100.0,71.111111111111,10.47,10.48,82.57170134192587,78.71605859473418,7.970480344329596,10.000887480717186,12.031294617104775,14.061701753492365,16.092108889879952,2.2056299205287195,221809645003.14,221805686245.5,4.76507863,4.98359048,0.52203525,-1.23501246,1.95102116,1.49219053,1
2025-02-11,1,10.48,10.55,10.45,10.5,84452003.0,963865615.0,19405571850.0,0.0043519461138683,66.54593160435508,60.67795688936496,78.2818810343353,10.47729166666666,-0.0001041666666683,-0.0372671898609322,-0.0492069288808132,0.0119397390198809,90.90909090909106,68.88888888888884,10.47,10.48,86.10888693629846,82.57170134192587,7.969869409621443,10.000120915966964,12.030372422312482,14.060623928658002,16.09087543500352,2.205460859717629,221615585821.16,221611630527.0,4.7609097,4.97923038,0.52157853,-1.23393196,1.94931423,1.49088502,1
2025-02-12,1,10.49,10.51,10.43,10.5,98880683.0,1125323633.0,19405571850.0,0.005095478956473,66.26871630766534,62.54154336213176,73.72306219873253,10.475208333333326,-0.0020833333333332,-0.0325423620014611,-0.0458740155049428,0.0133316535034817,87.50000000000028,68.88888888888884,10.47,10.48,88.46154061922411,86.10888693629846,7.969869409621443,10.000120915966964,12.030372422312482,14.060623928658002,16.09087543500352,2.205460859717629,221615585821.16,221611630527.0,4.7609097,4.97923038,0.52157853,-1.23393196,1.94931423,1.49088502,1
2025-02-13,1,10.5,10.62,10.48,10.57,135863927.0,1560709511.0,19405571850.0,0.0070012843759613,71.9569219828881,65.68000290238388,84.51076014389656,10.48729166666666,0.0120833333333347,-0.0228856750802055,-0.0412763474199953,0.0183906723397898,100.0,84.44444444444441,10.47,10.48,94.59909194347308,88.46154061922411,7.967189671182469,9.99675853861351,12.026327406044548,14.055896273475586,16.085465140906624,2.2047193095192905,223168059277.0,223164076275.0,4.79426109,5.01411115,0.52523232,-1.24257597,1.96296967,1.50132905,1
2025-02-14,1,10.56,10.62,10.51,10.62,97305774.0,1118355997.0,19405571850.0,0.0050143213893488,81.30461465525873,70.88820682000882,102.13743032575856,10.510624999999994,0.0233333333333334,-0.0110704853261722,-0.0352351750012307,0.0241646896750584,100.0,95.55555555555527,10.47,10.49,107.1104313562809,94.59909194347308,7.970224274661301,10.00056617963755,12.0309080846138,14.061249989590047,16.091591894566296,2.205559059690008,224138355186.9,224134354867.5,4.8151057,5.03591164,0.52751593,-1.24797847,1.97150432,1.50785657,1
2025-02-17,1,10.67,10.85,10.62,10.83,206196542.0,2413146067.0,19405571850.0,0.0106256359562009,86.08713440785368,75.95451601595711,106.35237119164682,10.569895833333328,0.0592708333333327,0.0150647258523584,-0.0251751948305129,0.0402399206828713,100.0,100.0,10.48,10.5,116.3814512981724,107.1104313562809,7.969134853704841,9.999199238633494,12.029263623562146,14.059328008490798,16.089392393419452,2.205257589847061,228601716372.44,228597636393.0,4.91099092,5.13619386,0.53802058,-1.27282999,2.01076372,1.53788315,1
2025-02-18,1,10.81,11.0,10.81,10.86,199661049.0,2371071467.0,19405571850.0,0.0102888516011446,83.07448304785869,78.32783835992431,92.56777242372746,10.620937499999991,0.0510416666666646,0.0377625155124334,-0.0125876527619236,0.0503501682743571,100.0,100.0,10.49,10.53,118.15161868640782,116.3814512981724,7.970910583609921,10.001427319528204,12.031944055446484,14.062460791364764,16.092977527283043,2.205748978425945,229183893918.38,229179803548.5,4.92349769,5.14927415,0.53939075,-1.27607149,2.01588451,1.54179966,1
2025-02-19,1,10.85,10.86,10.74,10.77,117774895.0,1382467174.0,19405571850.0,0.0060691277696101,75.93854425412799,77.53140699132554,72.7528187797329,10.65385416666666,0.0329166666666687,0.0479358548129198,-0.0004829512469549,0.0484188060598747,62.50000000000009,86.5671641791045,10.51,10.55,114.22773956806104,118.15161868640782,7.972358470860612,10.003244042843908,12.034129614827204,14.0650151868105,16.095900758793796,2.2061496447978213,227243302098.58,227239246363.5,4.88180846,5.10567318,0.53482351,-1.26526649,1.99881521,1.52874462,1
2025-02-20,1,10.77,10.81,10.71,10.72,78439627.0,917231443.0,19405571850.0,0.004042118810325,67.58476049690408,74.21585815985172,54.32256517100879,10.659895833333326,0.0060416666666665,0.0513715382556032,0.0098879466535567,0.0414835916020465,6.666666666666588,79.10447761194048,10.52,10.57,103.61185067963407,114.22773956806104,7.969374660377284,9.999500133867484,12.029625607357683,14.059751080847883,16.089876554338083,2.205323950310801,226273006188.68,226268967771.0,4.86096385,5.0838727,0.5325399,-1.25986398,1.99028056,1.52221711,1
2025-02-21,1,10.75,10.77,10.62,10.7,97396897.0,1131033824.0,19405571850.0,0.0050190171025544,60.84598068214655,69.75923233395,43.01947737853965,10.66041666666666,0.0005208333333328,0.051882440801803,0.0182868454832059,0.033595595318597,53.33333333333326,76.1194029850746,10.53,10.59,93.27270484372788,103.61185067963407,7.968173968486341,9.997993576673744,12.027813184861143,14.057632793048544,16.087452401235947,2.204991689035998,225884887824.72,225880856334.0,4.852626,5.07515251,0.53162645,-1.25770298,1.9868667,1.5196061,1
2025-02-24,1,10.69,10.75,10.63,10.66,94995617.0,1103548964.0,19405571850.0,0.0048952753226903,54.01427951909187,64.51091472899729,33.02100909928103,10.661249999999994,0.0008333333333343,0.0485005844969528,0.0243295932859553,0.0241709912109974,40.00000000000036,70.14925373134339,10.54,10.6,83.3257581733295,93.27270484372788,7.97263310242602,10.003588634294568,12.034544166163114,14.065499698031662,16.096455229900208,2.206225642174594,224914591914.82,224910577741.5,4.83178139,5.05335202,0.52934283,-1.25230048,1.97833205,1.51307858,1
2025-02-25,1,10.63,10.65,10.54,10.55,91715602.0,1055685157.0,19405571850.0,0.0047262509298328,40.49669916657409,56.50617620818955,8.477745083343166,10.63822916666666,-0.0230208333333337,0.036523339990337,0.0267683426268316,0.0097549973635053,6.250000000000972,53.73134328358228,10.54,10.61,71.26638351853647,83.3257581733295,7.972913480423227,10.003940436028088,12.03496739163295,14.065994347237812,16.097021302842673,2.2063032297318026,222585881731.06,222581909119.5,4.78175432,5.00103086,0.52386214,-1.23933447,1.95784888,1.49741254,1
2025-02-26,1,10.55,10.67,10.55,10.59,84164552.0,970641211.0,19405571850.0,0.0043371333063807,32.43997631513103,48.484109577170045,0.3517097910529969,10.619895833333327,-0.0183333333333326,0.0299141217587681,0.0273974984532189,0.0025166233055491,41.66666666666691,59.70149253731349,10.55,10.62,65.99889298557387,71.26638351853647,7.968406680255518,9.998285569642604,12.028164459029686,14.058043348416769,16.087922237803852,2.205056086163747,223556177640.96,223552187712.0,4.80259893,5.02283135,0.52614576,-1.24473697,1.96638353,1.50394006,1
2025-02-27,1,10.6,10.69,10.54,10.68,97730975.0,1130386662.0,19405571850.0,0.0050362326735555,31.771578412985928,42.913265855775336,9.488203527407109,10.62197916666666,0.0020833333333332,0.031574544833651,0.0282329077293054,0.0033416371043456,100.0,73.13432835820899,10.56,10.62,73.87606443511922,65.99889298557387,7.966969126956312,9.996481812758224,12.025994498560134,14.055507184362044,16.085019870163954,2.204658279452971,225496769460.76,225492744897.0,4.84428816,5.06643231,0.530713,-1.25554198,1.98345284,1.51699509,1
2025-02-28,1,10.65,10.74,10.57,10.6,94908806.0,1100335054.0,19405571850.0,0.0048908018137069,25.528878362280505,37.1184700246104,2.3496950376207195,10.623958333333324,0.0019791666666648,0.0261338558486308,0.0278130973531704,-0.0016792415045396,42.85714285714304,55.93220338983053,10.57,10.62,70.16414869597645,73.87606443511922,7.969013601520198,9.99904709856125,12.029080595602302,14.059114092643354,16.089147589684405,2.2052240363553235,223750236822.94,223746243430.5,4.80676785,5.02719144,0.52660249,-1.24581747,1.96809046,1.50524556,1
2025-03-03,1,10.59,10.63,10.53,10.58,83045695.0,955266366.0,19405571850.0,0.0042794768245904,22.069757292025457,32.10223244708208,2.0048069819122105,10.61916666666666,-0.004791666666664,0.0199779444689305,0.0262460667763224,-0.0062681223073919,33.33333333333373,48.14814814814819,10.57,10.62,65.2554881759173,70.16414869597645,7.967798704393316,9.997522717477338,12.02724673056136,14.056970743645378,16.0866947567294,2.2048878441388378,223362118458.98,223358131993.5,4.79843001,5.01847125,0.52568904,-1.24365647,1.9646766,1.50263455,-1
2025-03-04,1,10.55,10.62,10.52,10.58,68317873.0,785447989.0,19405571850.0,0.0035205287186628,21.609723252154936,28.604729382106367,7.619710992252074,10.608333333333327,-0.0108333333333341,0.0149272680948762,0.0239823070400332,-0.009055038945157,75.00000000000055,40.42553191489361,10.58,10.62,62.01779287422805,65.2554881759173,7.967798704393316,9.997522717477338,12.02724673056136,14.056970743645378,16.0866947567294,2.2048878441388378,223362118458.98,223358131993.5,4.79843001,5.01847125,0.52568904,-1.24365647,1.9646766,1.50263455,-1
2025-03-05,1,10.59,10.73,10.55,10.72,108064544.0,1254892074.0,19405571850.0,0.0055687379292561,41.0731488347701,32.760869199660945,57.69770810498841,10.62854166666666,0.0202083333333327,0.0219681653164016,0.0235794786953069,-0.0016113133789052,100.0,70.21276595744699,10.59,10.63,76.89157150411575,62.01779287422805,7.969374660377284,9.999500133867484,12.029625607357683,14.059751080847883,16.089876554338083,2.205323950310801,226273006188.68,226268967771.0,4.86096385,5.0838727,0.5325399,-1.25986398,1.99028056,1.52221711,-1
2025-03-06,1,10.75,10.76,10.67,10.69,87740771.0,1021780609.0,19405571850.0,0.0045214215627456,50.99321033429115,38.83831624453768,75.30299851379809,10.641249999999992,0.0127083333333324,0.0248410259279499,0.0238317881418355,0.0010092377861143,84.99999999999952,63.82978723404248,10.59,10.63,83.75920333139584,76.89157150411575,7.9675720657096125,9.997238344657058,12.026904623604503,14.056570902551949,16.086237181499392,2.204825127584712,225690828642.74,225686800615.5,4.84845708,5.07079241,0.53116972,-1.25662248,1.98515977,1.5183006,-1
2025-03-07,1,10.69,10.75,10.67,10.73,83553669.0,973236690.0,19405571850.0,0.0043056535332144,63.16214022286086,46.94625757064541,95.59390552729177,10.658124999999991,0.0168750000000006,0.0299996372227209,0.0250653579580126,0.0049342792647083,100.0,71.73913043478277,10.6,10.64,94.2091977532482,83.75920333139584,7.9699734712070365,10.000251486291916,12.030529501376794,14.060807516461672,16.09108553154655,2.205489656143546,226467065370.66,226463023489.5,4.86513277,5.0882328,0.53299662,-1.26094448,1.99198749,1.52352261,-1
2025-03-10,1,10.72,10.73,10.62,10.66,66383393.0,769261385.0,19405571850.0,0.0034208418856772,61.55253792635176,51.81501768921419,81.02757840062688,10.655520833333329,-0.002604166666666,0.0281153624568251,0.0256753588577751,0.00244000359905,36.36363636363681,53.48837209302339,10.6,10.64,93.3240498383307,94.2091977532482,7.97263310242602,10.003588634294568,12.034544166163114,14.065499698031662,16.096455229900208,2.206225642174594,224914591914.82,224910577741.5,4.83178139,5.05335202,0.52934283,-1.25230048,1.97833205,1.51307858,-1
2025-03-11,1,10.61,10.67,10.59,10.67,60897527.0,704240464.0,19405571850.0,0.0031381464803367,61.86835861756787,55.16613133199875,75.27281318870611,10.659270833333329,0.0037500000000001,0.0271163966150922,0.0259635664092385,0.0011528302058537,57.14285714285696,55.81395348837218,10.61,10.64,91.22213308236644,93.3240498383307,7.966365149549498,9.99572397761837,12.02508280568724,14.054441633756111,16.083800461824982,2.2044911439000003,225302710278.78,225298689178.5,4.84011924,5.06207222,0.53025628,-1.25446148,1.98174591,1.51568959,-1
2025-03-12,1,10.67,10.91,10.63,10.9,187731840.0,2210904482.0,19405571850.0,0.0096741204768979,73.72420489034441,61.3521558514473,98.46830296813862,10.696562499999995,0.0372916666666682,0.0443722906523085,0.0296453112578525,0.0147269793944559,100.0,100.0,10.62,10.66,103.37552858746808,91.22213308236644,7.97326424280275,10.004380551923058,12.035496861043365,14.066613170163674,16.09772947928398,2.206400294396145,229960130646.3,229956026422.5,4.94017338,5.16671454,0.54121765,-1.2803935,2.02271223,1.54702167,-1
2025-03-13,1,10.86,10.95,10.83,10.89,131237121.0,1555123174.0,19405571850.0,0.0067628576995529,77.83164046953203,66.84531739080887,99.80428662697835,10.734374999999996,0.0378125000000011,0.0565884778250307,0.0350339445712881,0.0215545332537425,96.77419354838716,97.61904761904766,10.63,10.67,109.89214822791476,103.37552858746808,7.972677314882328,10.003644109470676,12.034610904059027,14.065577698647376,16.096544493235726,2.2062378768596167,229766071464.32,229761970704.0,4.93600446,5.16235444,0.54076092,-1.279313,2.0210053,1.54571617,-1
2025-03-14,1,10.87,11.03,10.87,11.01,172241765.0,2057970454.0,19405571850.0,0.0088758922608096,83.91390410387106,72.53484629516294,106.67201972128731,10.789999999999994,0.0556249999999973,0.0750873312757374,0.043044621912178,0.0320427093635593,100.0,100.0,10.65,10.69,118.85441929293448,109.89214822791476,7.972989249279556,10.004035506309172,12.035081763338786,14.0661280203684,16.097174277398015,2.2063241968566616,232288840830.06,232284695044.5,4.99020045,5.2190357,0.54669833,-1.29335951,2.04319539,1.56268772,-1
2025-03-17,1,10.69,10.73,10.54,10.57,460361210.0,5315522817.0,19405571850.0,0.0237231457829984,57.98341906244473,67.68437055092353,38.58151608548712,10.75427083333333,-0.0357291666666643,0.0536253237938044,0.0451607622885033,0.0084645615053011,6.382978723404489,10.2040816326532,10.65,10.7,101.70344432684598,118.85441929293448,7.617858139662501,9.558437987119612,11.499017834576724,13.439597682033831,15.380177529490942,2.10805059636542,223168059277.0,223164076275.0,5.01411115,5.01411115,0.52523232,-1.24257597,3.52355784,1.52130652,-1
2025-03-18,1,10.59,10.61,10.55,10.56,160529000.0,1846500421.0,19405571850.0,0.0082723148403379,40.01615692598366,58.46163267594358,3.1252054260638147,10.722395833333328,-0.0318750000000012,0.0354015250681438,0.0432089148444314,-0.0078073897762875,4.255319148936452,8.163265306122634,10.66,10.7,86.84296526101495,101.70344432684598,7.617274790815655,9.55770603547714,11.498137280138629,13.438568524800113,15.378999769461595,2.107889169247464,222974000095.02,222970020556.5,5.00975106,5.00975106,0.52477559,-1.24149547,3.52049388,1.51998364,-1
2025-03-19,1,10.55,10.6,10.54,10.59,136245491.0,1566452161.0,19405571850.0,0.0070209469761129,30.078798494873507,49.000687948920216,-7.7649804132199165,10.684479166666662,-0.0379166666666659,0.0231133462937016,0.0391898011342854,-0.0160764548405838,100.0,14.285714285714338,10.66,10.7,76.03160124263523,86.84296526101495,7.619021768748019,9.55989804009645,11.500774311444877,13.441650582793306,15.382526854141735,2.108372601441217,223556177640.96,223552187712.0,5.02283135,5.02283135,0.52614576,-1.24473697,3.52968577,1.52395227,-1
2025-03-20,1,10.58,10.67,10.56,10.56,110115724.0,1268849140.0,19405571850.0,0.0056744384989613,21.41307654760284,39.804817481814425,-15.37040532082034,10.668437499999996,-0.0160416666666662,0.01082929344998,0.0335176995974243,-0.0226884061474443,40.00000000000213,8.163265306122634,10.66,10.7,66.92334436746306,76.03160124263523,7.617274790815655,9.55770603547714,11.498137280138629,13.438568524800113,15.378999769461595,2.107889169247464,222974000095.02,222970020556.5,5.00975106,5.00975106,0.52477559,-1.24149547,3.52049388,1.51998364,-1
2025-03-21,1,10.56,10.59,10.47,10.5,137638897.0,1576151833.0,19405571850.0,0.0070927514047982,16.06109865078281,31.89024453813722,-15.597193123926012,10.639166666666664,-0.0292708333333333,-0.0037047000139036,0.0260732196751587,-0.0297779196890624,24.99999999999963,5.555555555555446,10.66,10.69,60.35862522635303,66.92334436746306,7.620420363036105,9.561652913517127,11.502885463998153,13.444118014479177,15.3853505649602,2.1087596272257643,221615585821.16,221611630527.0,4.97923038,4.97923038,0.52157853,-1.23393196,3.49904613,1.51072351,-1
2025-03-24,1,10.49,10.52,10.43,10.46,116457734.0,1325564002.0,19405571850.0,0.0060012523671133,12.374065767188604,25.384851614487683,-13.647505927409554,10.596458333333327,-0.0427083333333353,-0.018240396317358,0.0172104964766554,-0.0354508927940134,23.07692307692381,5.172413793103644,10.65,10.67,53.97773016538706,60.35862522635303,7.618073464975491,9.558708164591224,11.499342864206955,13.439977563822689,15.38061226343842,2.1081101822288133,220839349093.24,220835407653.0,4.96178999,4.96178999,0.51975163,-1.22960996,3.48679028,1.50543201,-1
2025-03-25,1,10.46,10.51,10.44,10.51,73560888.0,839142044.0,19405571850.0,0.0037907096254934,12.693821622570187,21.15450828384852,-4.227551699986471,10.582499999999994,-0.013958333333333,-0.0254322906141695,0.0086819390584904,-0.0341142296726599,100.0,13.793103448275872,10.65,10.66,54.235549965756064,53.97773016538706,7.621004517128783,9.56238587553446,11.503767233940136,13.445148592345811,15.386529950751486,2.1089212771752464,221809645003.14,221805686245.5,4.98359048,4.98359048,0.52203525,-1.23501246,3.5021101,1.51204639,-1
2025-03-26,1,10.5,10.51,10.45,10.46,74086307.0,843536936.0,19405571850.0,0.0038177853027299,10.129214415046857,17.479410327581295,-4.57117741002202,10.568124999999997,-0.0143749999999993,-0.034765742947977,-7.597342803077403e-06,-0.034758145605174,37.500000000001386,5.172413793103644,10.64,10.64,50.2472488454948,54.235549965756064,7.618073464975491,9.558708164591224,11.499342864206955,13.439977563822689,15.38061226343842,2.1081101822288133,220839349093.24,220835407653.0,4.96178999,4.96178999,0.51975163,-1.22960996,3.48679028,1.50543201,-1
2025-03-27,1,10.45,10.49,10.44,10.47,55334940.0,629863383.0,19405571850.0,0.0028514975197703,11.197254054475772,15.38535823654612,2.82104569033508,10.557395833333327,-0.0107291666666675,-0.0408843652271944,-0.0081829509196813,-0.032701414307513,42.85714285714431,6.89655172413809,10.63,10.62,53.91860750927523,50.2472488454948,7.618661731023116,9.559446286046503,11.500230841069888,13.441015396093274,15.38179995111666,2.108272970058382,221033408275.22,221029463371.5,4.96615009,4.96615009,0.52020835,-1.23069046,3.48985424,1.50675489,-1
2025-03-28,1,10.47,10.48,10.43,10.44,64494555.0,732420874.0,19405571850.0,0.0033235070575876,8.85372492520604,13.208147132766094,0.1448805100859331,10.534687499999992,-0.0227083333333339,-0.0476054013123103,-0.0160674409982071,-0.0315379603141032,24.99999999999889,1.7241379310344458,10.62,10.61,48.0337637772283,53.91860750927523,7.62360473527069,9.5656484755208,11.50769221577091,13.449735956021016,15.391779696271126,2.109640822131878,220257171547.3,220253240497.5,4.9487097,4.9487097,0.51838146,-1.22636846,3.47759839,1.50146339,-1
2025-03-31,1,10.44,10.46,10.35,10.35,111612564.0,1262598263.0,19405571850.0,0.0057515730462743,5.902483283470693,10.772925849667628,-3.838401848923176,10.505937499999996,-0.0287499999999987,-0.0595081458084862,-0.0247555819602629,-0.0347525638482233,0.0,0.0,10.6,10.59,39.56037823890037,48.0337637772283,7.618293364298041,9.558984081259592,11.499674798221143,13.440365515182696,15.381056232144246,2.1081710338342834,218510638909.48,218506739031.0,4.90946884,4.90946884,0.50098849,-1.21664395,3.45002272,1.48955751,-1
2025-04-01,1,10.36,10.39,10.32,10.36,68147042.0,767424131.0,19405571850.0,0.0035117255253676,7.744512665170862,9.763454788168708,3.7066284191751713,10.47666666666666,-0.0292708333333333,-0.06735778157263,-0.0332760218827363,-0.0340817596898936,33.33333333333284,5.797101449275243,10.59,10.56,38.89673474511983,39.56037823890037,7.618887714432501,9.55972983666731,11.500571958902118,13.441414081136925,15.382256203371734,2.108335505281825,218704698091.46,218700794749.5,4.91382893,4.91382893,0.50143342,-1.21772445,3.45308668,1.49088039,-1
2025-04-02,1,10.34,10.49,10.34,10.45,93264176.0,1058747241.0,19405571850.0,0.0048060514124967,21.212391159496526,13.579766911944644,36.47763965460029,10.470104166666662,-0.0065624999999993,-0.0655606838770435,-0.0397329542815978,-0.0258277295954456,100.0,18.8405797101448,10.58,10.55,52.94556011067375,38.89673474511983,7.617484148792502,9.55796872548818,11.498453302183858,13.438937878879536,15.379422455575211,2.107947103800701,220645289911.26,220641351934.5,4.9574299,4.9574299,0.50588269,-1.22852946,3.48372632,1.50410914,-1
2025-04-03,1,10.4,10.47,10.39,10.43,64391391.0,730375808.0,19405571850.0,0.0033181908524896,32.47492743966432,19.87815375451787,57.66847480995721,10.47104166666666,0.0009374999999991,-0.06500101264686,-0.0447865659546502,-0.0202144466922098,84.61538461538483,15.942028985507177,10.56,10.53,61.42931310562652,52.94556011067375,7.623018737706131,9.564913200423948,11.506807663141764,13.44870212585958,15.390596588577395,2.109478662047929,220063112365.32,220059184779.0,4.94434961,4.94434961,0.50454791,-1.22528795,3.47453443,1.50014051,-1
2025-04-07,1,10.11,10.16,9.64,9.84,254556048.0,2751055412.0,19405571850.0,0.0131176782610505,29.312786875485006,23.02303146150692,41.89229770344119,10.378124999999994,-0.0929166666666674,-0.1108872985759532,-0.0580067124789108,-0.0528805860970423,24.691358024691308,14.59854014598536,10.54,10.5,57.16923488811568,61.42931310562652,7.621966831559265,9.563593330784904,11.50521983001054,13.44684632923618,15.388472828461817,2.1091875734847703,207643324718.6,207639618795.0,4.66530342,4.66530342,0.47607254,-1.1561359,3.27844077,1.4154765,-1
2025-04-08,1,9.82,9.98,9.8,9.95,146398771.0,1576590040.0,19405571850.0,0.0075441616527265,31.419252553005293,25.82177182533971,42.61421400833646,10.296770833333326,-0.0813541666666672,-0.1367994907018719,-0.073765268123503,-0.0630342225783688,39.240506329113806,22.627737226277294,10.52,10.46,57.261949492001264,57.16923488811568,7.621694794120307,9.563251994290736,11.504809194461163,13.446366394631594,15.387923594802022,2.109112293967232,209972034902.36,209968287417.0,4.71762458,4.71762458,0.48141168,-1.16910191,3.31520833,1.431351,-1
2025-04-09,1,9.87,9.96,9.8,9.93,106439405.0,1145238958.0,19405571850.0,0.0054849919302944,32.31871738827801,27.98742034631914,40.98131147219576,10.217499999999994,-0.0792708333333322,-0.1571375387697333,-0.0904397222527491,-0.0666978165169842,93.5483870967743,21.16788321167878,10.49,10.41,56.952428709763495,57.261949492001264,7.620460678497658,9.561703498974632,11.502946319451604,13.444189139928575,15.385431960405548,2.108770783515526,209583916538.4,209580175980.0,4.70890439,4.70890439,0.48052182,-1.16694091,3.30908041,1.42870525,1
2025-04-10,1,9.98,10.05,9.95,10.02,86654805.0,943352302.0,19405571850.0,0.004465460006529,36.44777237649904,30.807537689712444,47.72824175007222,10.202187499999994,-0.0153125000000002,-0.1641016785520221,-0.1051721135126037,-0.0589295650394184,100.0,27.737226277372205,10.48,10.37,67.31547749672346,56.952428709763495,7.618982161274197,9.559848342980091,11.500714524685986,13.44158070639188,15.382446888097776,2.1083616410692487,211524508358.2,211520733165.0,4.75250536,4.75250536,0.4849711,-1.17774592,3.33972004,1.441934,1
2025-04-11,1,9.99,10.02,9.96,10.01,58387902.0,634311780.0,19405571850.0,0.0030088215101994,38.80831883923463,33.47446473955318,49.476027038597536,10.170937499999994,-0.03125,-0.1684855296230232,-0.1178347967346876,-0.0506507328883355,95.45454545454552,27.007299270072952,10.46,10.33,79.09305669502454,67.31547749672346,7.618367720199022,9.559077378647846,11.499787037096668,13.44049669554549,15.381206353994312,2.108191609959296,211330449176.22,211326677446.5,4.74814526,4.74814526,0.48452617,-1.17666542,3.33665608,1.44061113,1
2025-04-14,1,10.07,10.15,10.04,10.05,78599345.0,862557144.0,19405571850.0,0.0040503493330447,41.95064393203879,36.29985780371505,53.25221618868626,10.150208333333328,-0.0207291666666655,-0.1668092245689862,-0.1276296823015473,-0.0391795422674389,100.0,29.9270072992701,10.44,10.29,85.59408415336243,79.09305669502454,7.620818754563776,9.562152791651116,11.503486828738458,13.444820865825797,15.386154902913136,2.108869872058642,212106685904.14,212102900320.5,4.76558565,4.76558565,0.48630588,-1.18098742,3.34891193,1.44590263,1
2025-04-15,1,10.04,10.09,10.02,10.07,72275410.0,790139077.0,19405571850.0,0.0037244668984078,44.82984105273173,39.14318555338728,56.203152051420645,10.149374999999994,-0.0008333333333343,-0.1619994787338416,-0.1345036415880062,-0.0274958371458354,100.0,45.26315789473685,10.43,10.26,88.02323765984383,85.59408415336243,7.62203756456457,9.563682082377865,11.50532660019116,13.446971118004454,15.388615635817748,2.109207147064546,212494804268.1,212491011757.5,4.77430584,4.77430584,0.48719573,-1.18314842,3.35503986,1.44854838,1
2025-04-16,1,10.05,10.12,10.03,10.11,84282217.0,923316063.0,19405571850.0,0.0043431967710861,48.76206270985324,42.34947793887593,61.58723225180786,10.149270833333327,-0.0001041666666665,-0.1531941282506501,-0.138241738920535,-0.0149523893301151,100.0,49.47368421052623,10.41,10.24,95.46757928727338,88.02323765984383,7.617530542066882,9.558026937025868,11.498523331984847,13.439019726943831,15.379516121902816,2.107959941972262,213465100178.0,213461290350.0,4.79610632,4.79610632,0.48942037,-1.18855093,3.37035967,1.45516275,1
2025-04-17,1,10.07,10.19,10.05,10.17,82391931.0,907597513.0,19405571850.0,0.0042457873252521,64.62925392778097,49.77606993517761,94.33562191298768,10.158020833333328,0.0087500000000009,-0.1397632225643796,-0.1385460356493039,-0.0012171869150757,100.0,55.7894736842105,10.4,10.22,104.42704800622684,95.46757928727338,7.621168428732139,9.562591542123062,11.504014655513986,13.44543776890491,15.386860882295831,2.1089666355879224,214629455269.88,214625624661.0,4.8222669,4.8222669,0.49208994,-1.19503393,3.38874345,1.46310001,-1
2025-04-18,1,10.15,10.29,10.14,10.28,72709815.0,810031605.0,19405571850.0,0.0037468524793821,75.73923050967711,58.43045679334411,110.35677794234311,10.177083333333329,0.0190625000000004,-0.118872761157025,-0.1346113807508481,0.0157386195938231,100.0,69.56521739130422,10.39,10.2,114.33434627211844,104.42704800622684,7.620913720614989,9.562271949437305,11.503630178259616,13.44498840708193,15.386346635904244,2.1088961515242377,216958165453.64,216954293283.0,4.87458806,4.87458806,0.49742907,-1.20799994,3.42551101,1.47897451,-1
2025-04-21,1,10.11,10.23,10.09,10.13,111418418.0,1230804536.0,19405571850.0,0.0057415683939249,72.94179993162156,63.26757117276993,92.2902574493248,10.172499999999994,-0.0045833333333344,-0.1131167271637174,-0.130312450033422,0.0171957228697045,34.78260869565241,56.321839080459846,10.38,10.19,106.75364397385611,114.33434627211844,7.4756435639722705,9.379995545992738,11.284347528013209,13.188699510033674,15.09305149205414,2.0686962902600388,213853218541.96,213849401787.0,4.89680387,4.80482652,0.49031023,-1.19071193,0.86348124,1.5099003,-1
2025-04-22,1,10.13,10.17,10.1,10.15,83112887.0,915967678.0,19405571850.0,0.0042829393352816,68.23570975833606,64.92361736795864,74.8598945390909,10.164895833333327,-0.0076041666666668,-0.10572249281382,-0.1253944585895016,0.0196719657756815,31.5789473684214,58.62068965517244,10.37,10.19,101.42831179286736,106.75364397385611,7.476833410169604,9.381488494651393,11.28614357913318,13.190798663614968,15.095453748096755,2.0690255502619825,214241336905.92,214237513224.0,4.90569099,4.81354671,0.49120008,-1.19287293,0.86504836,1.51264059,-1
2025-04-23,1,10.15,10.16,10.09,10.12,58638293.0,645842400.0,19405571850.0,0.0030217245569086,61.65208933384012,63.833108023252464,57.29005195501543,10.154583333333328,-0.0103124999999995,-0.101117636923572,-0.1205390942563157,0.0194214573327436,49.99999999999852,55.17241379310335,10.35,10.18,89.60865710545464,101.42831179286736,7.475047019829984,9.379247037673723,11.28344705551746,13.187647073361198,15.091847091204937,2.068531211676026,213659159359.98,213655346068.5,4.89236031,4.80046642,0.4898653,-1.18963143,0.86269768,1.50853015,-1
2025-04-24,1,10.11,10.17,10.1,10.14,68925613.0,760348555.0,19405571850.0,0.0035518465280372,55.91620770404171,61.19414125018221,45.36034061176071,10.156249999999991,0.0016666666666651,-0.0947620645090072,-0.115383688306854,0.0206216237978467,83.33333333333383,60.24096385542168,10.34,10.17,85.42810252758812,89.60865710545464,7.476239026439032,9.38074269708926,11.28524636773949,13.189750038389718,15.094253709039943,2.068861069517562,214047277723.94,214043457505.5,4.90124743,4.80918661,0.49075516,-1.19179243,0.8642648,1.51127044,-1
2025-04-25,1,10.15,10.16,10.1,10.12,63754686.0,702315255.0,19405571850.0,0.0032853804305694,49.62315081504013,57.33714443846819,34.195163568184,10.15166666666666,-0.0045833333333327,-0.0902981594604561,-0.1103665825375744,0.0200684230771182,59.99999999999787,57.83132530120465,10.34,10.17,82.33804912873862,85.42810252758812,7.475047019829984,9.379247037673723,11.28344705551746,13.187647073361198,15.091847091204937,2.068531211676026,213659159359.98,213655346068.5,4.89236031,4.80046642,0.4898653,-1.18963143,0.86269768,1.50853015,-1
2025-04-28,1,10.11,10.15,10.08,10.11,64201837.0,706520176.0,19405571850.0,0.003308422833208,43.338510799770354,52.67093322556891,24.67366594817325,10.141979166666658,-0.0096875000000018,-0.0865694798986513,-0.1056071620097898,0.0190376821111384,49.99999999999852,58.02469135802464,10.33,10.16,78.50077880677759,82.33804912873862,7.474449391062154,9.378497168430702,11.28254494579925,13.1865927231678,15.090640500536344,2.0683658329491803,213465100178.0,213461290350.0,4.88791675,4.79610632,0.48942037,-1.18855093,0.86191413,1.50716001,-1
2025-04-29,1,10.11,10.13,10.07,10.1,64904494.0,712792543.0,19405571850.0,0.003344631866646,35.83678497762458,47.05955047625414,13.391253980365477,10.134999999999993,-0.0069791666666656,-0.0834593237758838,-0.1011775943630086,0.0177182705871248,60.0,56.7901234567901,10.33,10.15,74.26545109917289,78.50077880677759,7.4806574593399215,9.386286685453063,11.291915911566209,13.19754513767935,15.103174363792494,2.070083759667596,213076981814.04,213073178913.0,4.87902963,4.78738613,0.48853052,-1.18638992,0.86034701,1.50441971,-1
2025-04-30,1,10.08,10.09,10.01,10.03,86983492.0,949911030.0,19405571850.0,0.0044823977707206,26.2721423660354,40.13041443951456,-1.444401780922945,10.11760416666666,-0.0173958333333317,-0.0856555339500602,-0.0980731822804189,0.0124176483303587,19.999999999999645,48.14814814814808,10.32,10.15,65.98735602733686,74.26545109917289,7.476475560521803,9.381039486071224,11.285603411620643,13.190167337170063,15.094731262719485,2.06892652437444,211718567540.18,211714788883.5,4.8479247,4.75686545,0.48541602,-1.17882642,0.8548621,1.4948287,-1
2025-05-06,1,10.04,10.11,10.01,10.08,85467127.0,935212114.0,19405571850.0,0.004404257069085,28.120822183417545,36.12721702081556,12.10803250862152,10.109583333333328,-0.0080208333333331,-0.0824114760073193,-0.094940841025799,0.0125293650184796,77.77777777777821,54.32098765432101,10.31,10.14,69.11688889064683,65.98735602733686,7.479468092935679,9.384794338810414,11.29012058468515,13.195446830559884,15.10077307643462,2.06975463243632,212688863450.08,212685067476.0,4.8701425,4.77866594,0.48764066,-1.18422892,0.85877989,1.50167942,-1
2025-05-07,1,10.12,10.15,10.09,10.14,112627001.0,1240098147.0,19405571850.0,0.0058038485992877,45.83054812227849,39.3616607213032,58.76832292422908,10.11041666666666,0.0008333333333325,-0.0741443482629247,-0.0907815424732241,0.0166371942102994,100.0,63.2911392405064,10.31,10.13,83.53989948852632,69.11688889064683,7.476239026439032,9.38074269708926,11.28524636773949,13.189750038389718,15.094253709039943,2.068861069517562,214047277723.94,214043457505.5,4.90124743,4.80918661,0.49075516,-1.19179243,0.8642648,1.51127044,-1
2025-05-08,1,10.11,10.19,10.1,10.19,105661366.0,1167913498.0,19405571850.0,0.0054448983424314,63.88703208151899,47.5367845080418,96.58752722847338,10.12541666666666,0.0149999999999987,-0.0628337000499303,-0.0851919739885654,0.022358273938635,100.0,85.9375,10.31,10.13,97.59866551858543,83.53989948852632,7.479200216145327,9.38445822285212,11.28971622955891,13.194974236265702,15.100232242972494,2.069680504273613,215017573633.84,215013736098.0,4.92346523,4.8309871,0.49297979,-1.19719493,0.86818259,1.51812117,1
2025-05-09,1,10.18,10.27,10.17,10.25,99989747.0,1113688153.0,19405571850.0,0.0051526307893884,73.36058549024348,56.14471816877569,107.79232013317908,10.143645833333329,0.0182291666666678,-0.0484697027314897,-0.0778475197371502,0.0293778170056605,100.0,93.75000000000011,10.31,10.14,107.33796301538294,97.59866551858543,7.4760075836730095,9.38045229639053,11.284897009108048,13.189341721825569,15.093786434543087,2.0687970235545112,216375987907.7,216372126127.5,4.95457016,4.86150777,0.49609429,-1.20475844,0.8736675,1.52771219,1
2025-05-12,1,10.26,10.32,10.23,10.26,89560460.0,1000478411.0,19405571850.0,0.0046151930328195,75.78877742360314,62.69273792038484,101.98085643003972,10.16104166666666,0.0173958333333335,-0.0358657765961698,-0.0694511711089541,0.0335853945127843,100.0,95.8333333333334,10.3,10.14,110.5459331217682,107.33796301538294,7.476595783566416,9.381190334839406,11.285784886112394,13.190379437385385,15.094973988658372,2.068959793077564,216570047089.68,216566181846.0,4.95901372,4.86586787,0.49653921,-1.20583894,0.87445106,1.52908233,1
2025-05-13,1,10.29,10.42,10.25,10.38,126103062.0,1420501315.0,19405571850.0,0.0064982914687979,80.60715242874362,68.6642094231711,104.49303843988864,10.19572916666666,0.0346875000000004,-0.0160095293209625,-0.0587628427513558,0.0427533134303933,100.0,100.0,10.3,10.15,117.16962197586057,110.5459331217682,7.476944324851909,9.381627663836907,11.286311002821908,13.190994341806906,15.095677680791908,2.0690562431100106,219092816455.42,219088906186.5,5.01678001,4.92254912,0.50232327,-1.21988545,0.88463732,1.54689422,1
2025-05-14,1,10.38,10.55,10.34,10.51,168351358.0,1912995433.0,19405571850.0,0.0086754133967971,84.60229915002655,73.97690599878958,105.8530854525005,10.25041666666666,0.0546874999999982,0.0101001747188256,-0.0449902392573195,0.0550904139761451,100.0,100.0,10.31,10.17,123.42213788219192,117.16962197586057,7.477858118740171,9.382774238379756,11.28769035801934,13.192606477658924,15.097522597298507,2.069309112580114,221809645003.14,221805686245.5,5.07898986,4.98359048,0.50855226,-1.23501246,0.89560713,1.56607626,1
2025-05-15,1,10.51,10.57,10.46,10.47,103546026.0,1183732832.0,19405571850.0,0.0053358915058202,83.78248514763678,77.24543238173864,96.85659067943304,10.293958333333329,0.0435416666666679,0.0272505106506386,-0.0305420892757279,0.0577925999263665,84.61538461538493,92.00000000000016,10.31,10.2,123.57320916941684,123.42213788219192,7.4755593431831695,9.379889870726135,11.284220398269104,13.188550925812068,15.092881453355036,2.068672984275412,221033408275.22,221029463371.5,5.06121561,4.96615009,0.50677255,-1.23069046,0.8924729,1.56059568,1
2025-05-16,1,10.45,10.51,10.4,10.46,91474445.0,1039223623.0,19405571850.0,0.0047138237258388,82.64070438413884,79.0438563825387,89.83440038733912,10.32447916666666,0.0305208333333322,0.039579115604047,-0.0165178482997729,0.0560969639038199,70.58823529411826,90.00000000000021,10.32,10.22,122.4568271796292,123.57320916941684,7.474982120580263,9.379165605932346,11.28334909128443,13.187532576636512,15.091716061988595,2.068513252441348,220839349093.24,220835407653.0,5.05677205,4.96178999,0.50632762,-1.22960996,0.89168934,1.55922553,-1
2025-05-19,1,10.48,10.55,10.44,10.45,83139060.0,949883545.0,19405571850.0,0.0042842880716241,80.09380292275917,79.39383856261219,81.49373164305314,10.339374999999992,0.0148958333333339,0.0479895141788926,-0.0036163758040398,0.0516058899829324,71.42857142856961,87.9999999999999,10.32,10.24,116.67022217258626,122.4568271796292,7.474403882634322,9.37844006714615,11.282476251657975,13.1865124361698,15.090548620681629,2.0683532396366413,220645289911.26,220641351934.5,5.05232849,4.9574299,0.50588269,-1.22852946,0.89090578,1.55785539,-1
2025-05-20,1,10.48,10.55,10.45,10.47,64363480.0,734455266.0,19405571850.0,0.0033167525542412,79.63700336694586,79.47489349739008,79.96122310605742,10.360624999999994,0.0212500000000002,0.0556274103366352,0.0082323814240951,0.04739502891254,100.0,92.00000000000016,10.33,10.27,110.01358846346312,116.67022217258626,7.4755593431831695,9.379889870726135,11.284220398269104,13.188550925812068,15.092881453355036,2.068672984275412,221033408275.22,221029463371.5,5.06121561,4.96615009,0.50677255,-1.23069046,0.8924729,1.56059568,-1
2025-05-21,1,10.48,10.66,10.47,10.55,132827810.0,1528350368.0,19405571850.0,0.0068448284351898,78.94167571401837,79.29715423626618,78.23071866952276,10.391249999999994,0.0306250000000005,0.0673593527925682,0.0200577756977897,0.0473015770947784,100.0,100.0,10.35,10.29,109.0038572915258,110.01358846346312,7.473625074498536,9.377462864744464,11.28130065499039,13.18513844523632,15.088976235482246,2.068137724077675,222779940913.04,222775964838.0,5.10120766,5.00539096,0.5107769,-1.24041497,0.89952492,1.57292699,-1
2025-05-22,1,10.53,10.63,10.52,10.62,100296806.0,1155265064.0,19405571850.0,0.0051684540283207,82.86034194888039,80.48488347380425,87.61125889903269,10.426979166666658,0.0357291666666643,0.0813674632319152,0.0323197132046148,0.0490477500273003,100.0,100.0,10.36,10.32,114.81477696835432,109.0038572915258,7.477617884139083,9.382472806206204,11.287327728273322,13.192182650340442,15.097037572407562,2.0692426336978875,224138355186.9,224134354867.5,5.13231258,5.03591164,0.51389139,-1.24797847,0.90500983,1.58251801,-1
2025-05-23,1,10.62,10.67,10.51,10.54,96264311.0,1108636101.0,19405571850.0,0.0049606531435454,78.25610098179321,79.74195597646724,75.28439099244514,10.44854166666666,0.0215625000000017,0.0850334476133767,0.0428624600863672,0.0421709875270094,46.66666666666612,86.88524590163932,10.38,10.35,108.30282883503966,114.81477696835432,7.479571680379726,9.384924314210588,11.290276948041448,13.19562958187231,15.100982215703173,2.0697832976554924,222391822549.08,222387853401.0,5.09232054,4.99667077,0.50988704,-1.23825396,0.89795781,1.5701867,-1
2025-05-26,1,10.52,10.57,10.48,10.5,69915858.0,800495685.0,19405571850.0,0.0036028754287908,68.33235014947832,75.9387540341376,53.11954238015974,10.455937499999994,0.0073958333333337,0.0837457322699251,0.0510391145230788,0.0327066177468462,14.285714285714104,80.32786885245913,10.39,10.37,95.62998610070024,108.30282883503966,7.477284930871555,9.382055036132,11.286825141392445,13.191595246652888,15.096365351913333,2.0691504972572625,221615585821.16,221611630527.0,5.0745463,4.97923038,0.50810733,-1.23393196,0.89482357,1.56470611,-1
2025-05-27,1,10.53,10.61,10.5,10.56,80191514.0,921912281.0,19405571850.0,0.004132396335437,65.30798651940535,72.39516486256018,51.13362983309568,10.464895833333328,0.008958333333334,0.086568795949331,0.0581450508083292,0.0284237451410018,100.0,90.16393442622972,10.4,10.39,92.45478583959886,95.62998610070024,7.474198454472571,9.378182308034742,11.282166161596912,13.18615001515908,15.090133868721251,2.068296392560869,222974000095.02,222970020556.5,5.10565122,5.00975106,0.51122183,-1.24149547,0.90030848,1.57429713,-1
2025-05-28,1,10.57,10.62,10.52,10.6,65817947.0,757571319.0,19405571850.0,0.0033917035534307,68.23001570429487,71.00678180980508,62.676483493274446,10.48729166666666,0.0223958333333325,0.090984942183061,0.0647130290832756,0.0262719130997854,100.0,96.7213114754099,10.41,10.41,95.52267873012912,92.45478583959886,7.476482028490369,9.38104760169576,11.285613174901153,13.190178748106543,15.094744321311936,2.0689283142220245,223750236822.94,223746243430.5,5.12342546,5.02719144,0.51300154,-1.24581747,0.90344272,1.57977771,-1
2025-05-29,1,10.59,10.62,10.53,10.54,91980676.0,1056726384.0,19405571850.0,0.0047399106148989,59.97943075938491,67.33099812633169,45.27629602549135,10.49760416666666,0.0103124999999995,0.0886216955891683,0.0694947623844541,0.0191269332047141,39.99999999999929,86.88524590163932,10.42,10.43,92.36646559279032,95.52267873012912,7.479571680379726,9.384924314210588,11.290276948041448,13.19562958187231,15.100982215703173,2.0697832976554924,222391822549.08,222387853401.0,5.09232054,4.99667077,0.50988704,-1.23825396,0.89795781,1.5701867,-1
2025-05-30,1,10.55,10.65,10.52,10.63,113084931.0,1303433716.0,19405571850.0,0.0058274464609503,67.25901444565069,67.3070035661047,67.1630362047427,10.51166666666666,0.0140624999999996,0.0929397024390894,0.0741837503953812,0.0187559520437082,100.0,100.0,10.43,10.45,101.82571496467048,92.36646559279032,7.478184323544345,9.383183540881143,11.288182758217946,13.193181975554744,15.098181192891548,2.0693993815532785,224332414368.88,224328410586.0,5.13675615,5.04027173,0.51433632,-1.24905897,0.90579339,1.58388815,-1
2025-06-03,1,10.61,10.95,10.6,10.86,219247966.0,2580962601.0,19405571850.0,0.0112981966053218,71.92267629710045,68.84556114310328,78.07690660509479,10.56229166666666,0.0506250000000001,0.1136111926783254,0.08206923885197,0.0315419538263553,100.0,100.0,10.44,10.47,107.61915705268528,101.82571496467048,7.478261772037497,9.383280718671204,11.288299665304912,13.19331861193862,15.098337558572323,2.0694208134753733,229183893918.38,229179803548.5,5.24784516,5.14927415,0.52545951,-1.27607149,0.92538235,1.61814179,-1
2025-06-04,1,10.87,10.92,10.83,10.89,116795950.0,1383019682.0,19405571850.0,0.0060186811758397,77.02646504913088,71.57252911177915,87.93433692383434,10.624687499999991,0.0623958333333334,0.1309052526358094,0.0918364416087379,0.0390688110270714,100.0,100.0,10.46,10.51,114.45057754605396,107.61915705268528,7.479919314842745,9.385360505380866,11.290801695918988,13.196242886457108,15.101684076995229,2.069879496747632,229766071464.32,229761970704.0,5.26117584,5.16235444,0.52679429,-1.279313,0.92773302,1.62225222,-1
2025-06-05,1,10.92,10.95,10.72,10.73,116680349.0,1369212336.0,19405571850.0,0.006012724072339,69.08147315332134,70.74217712562654,65.76006520871096,10.652395833333326,0.027708333333333,0.1301993992961083,0.099509033146212,0.0306903661498963,44.82758620689668,80.0,10.47,10.53,109.91436082782344,114.45057754605396,7.477382575675187,9.38217755505834,11.286972534441492,13.191767513824644,15.096562493207797,2.0691775180002003,226467065370.66,226463023489.5,5.18563531,5.0882328,0.51923052,-1.26094448,0.91441253,1.59895975,-1
2025-06-06,1,10.76,10.84,10.74,10.76,68235251.0,799900024.0,19405571850.0,0.0035162710755158,65.91247146391636,69.13227523838981,59.47286391496948,10.663645833333328,0.0112500000000022,0.1305557888527975,0.1057183842875291,0.0248374045652683,23.52941176470539,83.54430379746827,10.48,10.56,105.30876852334325,109.91436082782344,7.479062206675448,9.384285056729135,11.289507906782823,13.194730756836517,15.099953606890203,2.0696423136247524,227049242916.6,227045190645.0,5.19896599,5.10131309,0.52056531,-1.26418598,0.91676321,1.60307019,-1
2025-06-09,1,10.78,10.8,10.71,10.77,77325468.0,905092605.0,19405571850.0,0.0039847044239513,63.94164764261091,67.40206603979685,57.02081084823902,10.675520833333328,0.0118749999999998,0.1301449169800861,0.1106036908260405,0.0195412261540456,100.0,83.33333333333321,10.49,10.59,95.70940251975732,105.30876852334325,7.479620156826557,9.384985139589896,11.290350122353235,13.195715105116577,15.101080087879916,2.0697967122926224,227243302098.58,227239246363.5,5.20340956,5.10567318,0.52101023,-1.26526649,0.91754677,1.60444033,1
2025-06-10,1,10.78,10.93,10.77,10.86,142813180.0,1689018780.0,19405571850.0,0.0073593904422868,68.98435424236077,67.92949544065148,71.09407184577933,10.709062499999993,0.0335416666666645,0.135519363040153,0.115586825268863,0.0199325377712899,100.0,95.45454545454528,10.5,10.61,98.04063260613452,95.70940251975732,7.478261772037497,9.383280718671204,11.288299665304912,13.19331861193862,15.098337558572323,2.0694208134753733,229183893918.38,229179803548.5,5.24784516,5.14927415,0.52545951,-1.27607149,0.92538235,1.61814179,1
2025-06-11,1,10.87,10.97,10.84,10.9,109466664.0,1298656315.0,19405571850.0,0.005640991404229,74.13771764305532,69.99890284145276,82.41534724626044,10.737812499999992,0.0287500000000004,0.1413766143631107,0.1207447830877125,0.0206318312753982,100.0,100.0,10.52,10.64,102.87668058146124,98.04063260613452,7.480469964084377,9.38605142749208,11.291632890899784,13.197214354307487,15.102795817715192,2.0700318750724747,229960130646.3,229956026422.5,5.2656194,5.16671454,0.52723922,-1.2803935,0.92851658,1.62362237,1
2025-06-12,1,10.96,11.1,10.93,11.08,129022047.0,1500287176.0,19405571850.0,0.0066487114112022,81.60905314134725,73.86895294141759,97.08925354120656,10.79291666666666,0.055104166666668,0.1587134737829423,0.1283385212267585,0.0303749525561838,100.0,100.0,10.54,10.67,112.96832321276592,102.87668058146124,7.714675325695003,9.679918467828603,11.645161609962202,13.6104047520958,15.575647894229398,2.134842316953076,226661124552.64,226657079208.0,5.19007887,5.09259289,0.51967545,-1.26202498,0.91519609,1.6003299,1
2025-06-13,1,11.08,11.13,10.96,10.98,109549419.0,1272773101.0,19405571850.0,0.0056452559010777,78.30540649674721,75.34777079319413,84.22067790385339,10.829687499999997,0.0367708333333336,0.162510574766765,0.1351729319347598,0.0273376428320051,58.33333333333352,85.29411764705887,10.56,10.7,111.31865759740842,112.96832321276592,7.711067697236618,9.675391828940368,11.63971596064412,13.60404009234787,15.56836422405162,2.133843996534956,224720532732.84,224716522023.0,5.14564327,5.04899193,0.51522617,-1.25121997,0.90736051,1.58662844,1
2025-06-16,1,10.97,11.18,10.93,11.18,117443827.0,1371041708.0,19405571850.0,0.0060520673086992,85.53693766449813,78.74415975029547,99.12249349290346,10.892187499999991,0.0624999999999982,0.1795879550274044,0.1440559365532887,0.0355320184741156,100.0,100.0,10.58,10.74,121.57158513700094,111.31865759740842,7.711675276712084,9.676154183742996,11.640633090773903,13.605111997804812,15.56959090483572,2.1340121288698084,228795775554.42,228791692111.5,5.23895804,5.14055396,0.52456965,-1.27391049,0.92381523,1.6154015,1
2025-06-17,1,11.18,11.27,11.11,11.15,89002734.0,1048960749.0,19405571850.0,0.0045864525244588,83.21510130014164,80.23447360024419,89.17635669993655,10.934583333333329,0.0423958333333338,0.1885279201315821,0.1529503332689474,0.0355775868626347,88.00000000000026,95.94594594594604,10.61,10.78,120.43666922785,121.57158513700094,7.710601900629976,9.67480737489862,11.639012849167262,13.603218323435906,15.567423797704548,2.1337150990421945,228213598008.48,228209524956.0,5.22562736,5.12747367,0.52323487,-1.27066899,0.92146456,1.61129106,1
2025-06-18,1,11.17,11.2,11.06,11.16,68352111.0,802908098.0,19405571850.0,0.0035222930572901,82.26244848580873,80.9104652287657,84.9664149998948,10.979895833333329,0.0453125000000014,0.1941814207672578,0.1611965507686095,0.0329848699986483,92.00000000000016,97.2602739726028,10.63,10.82,120.39047317668783,120.43666922785,7.710960300630112,9.67525707402836,11.639553847426605,13.60385062082485,15.568147394223097,2.133814277225901,228407657190.46,228403580674.5,5.23007092,5.13183376,0.5236798,-1.27174949,0.92224812,1.61266121,1
2025-06-19,1,11.15,11.17,11.05,11.1,83224716.0,974127331.0,19405571850.0,0.0042887020616194,78.05591803815818,79.9589494985632,74.24985511734815,10.993124999999994,0.0132291666666652,0.1916115831368934,0.1672795572422662,0.0243320258946271,45.45454545454472,88.73239436619716,10.65,10.85,115.5095036104556,120.39047317668783,7.715389451124301,9.680814510194557,11.64623956926481,13.611664628335063,15.57708968740532,2.135039933200256,227049242916.6,227045190645.0,5.19896599,5.10131309,0.52056531,-1.26418598,0.91676321,1.60307019,1
2025-06-20,1,11.1,11.25,11.07,11.23,130919782.0,1544541881.0,19405571850.0,0.0067465047158607,82.70394535877217,80.87394811863287,86.3639398390508,11.021145833333328,0.0280208333333344,0.1977849401713722,0.1733806338280875,0.0244043063432847,100.0,100.0,10.67,10.89,120.28214376645992,115.5095036104556,7.71345214928228,9.678383698386329,11.643315247490378,13.608246796594427,15.573178345698476,2.134503833652517,229766071464.32,229761970704.0,5.26117584,5.16235444,0.52679429,-1.279313,0.92773302,1.62225222,1
2025-06-23,1,11.2,11.35,11.07,11.31,138917048.0,1646476917.0,19405571850.0,0.0071586165599134,85.85491782088086,82.53427135271552,92.49621075721151,11.068437499999996,0.0472916666666662,0.206749422860252,0.1800543916345204,0.0266950312257316,100.0,100.0,10.69,10.93,125.64535916786996,120.28214376645992,7.709796176178076,9.673796399494906,11.637796622811733,13.60179684612856,15.565797069445388,2.133492135069882,231512604102.14,231508472170.5,5.30116789,5.20159531,0.53079864,-1.2890375,0.93478505,1.63458353,1
2025-06-24,1,11.29,11.39,11.23,11.31,130852531.0,1560621893.0,19405571850.0,0.0067430391648056,84.77284376464522,83.28046215669208,87.75760698055149,11.111562499999994,0.0431249999999998,0.2114167591793414,0.1863268651434846,0.0250898940358568,100.0,100.0,10.71,10.96,127.3546915379198,125.64535916786996,7.709796176178076,9.673796399494906,11.637796622811733,13.60179684612856,15.565797069445388,2.133492135069882,231512604102.14,231508472170.5,5.30116789,5.20159531,0.53079864,-1.2890375,0.93478505,1.63458353,1
2025-06-25,1,11.31,11.46,11.22,11.44,167511647.0,2007989727.0,19405571850.0,0.0086321417526276,88.59070087454326,85.05054172930915,95.6710191650115,11.164374999999994,0.0528124999999999,0.2230345667321405,0.1936684054612157,0.0293661612709247,100.0,100.0,10.74,11.0,133.9568352318882,127.3546915379198,7.714352009899102,9.67951279028398,11.644673570668855,13.609834351053737,15.574995131438612,2.134752847440272,234035373467.88,234031196511.0,5.35893418,5.25827657,0.5365827,-1.30308402,0.94497131,1.65239542,1
2025-06-26,1,11.43,11.84,11.39,11.77,217457766.0,2672207529.0,19405571850.0,0.0112059447503475,89.82969801892627,86.64359382584819,96.20190640508244,11.259062499999995,0.0946875000000009,0.2559199194674431,0.2061187082624612,0.0498012112049818,100.0,100.0,10.78,11.06,138.4602238402274,133.9568352318882,7.713037041676692,9.677862845906112,11.642688650135533,13.60751445436495,15.572340258594368,2.134388963065605,240827444837.18,240823146658.5,5.5144588,5.41087995,0.55215517,-1.34090154,0.97239585,1.70035051,1
2025-06-27,1,11.73,11.93,11.5,11.57,237760015.0,2937865058.0,19405571850.0,0.0122521519508841,79.58343504292054,84.2902075648723,70.16988999901702,11.324999999999996,0.0659375000000004,0.2628139146934778,0.2174577495486645,0.0453561651448132,63.6363636363637,84.00000000000006,10.81,11.11,130.76527102258368,138.4602238402274,7.712483779406245,9.677168645120837,11.641853510835425,13.606538376550011,15.5712232422646,2.134235861650774,236752202015.6,236747976570.0,5.42114403,5.31931792,0.54281169,-1.31821103,0.95594112,1.67157746,1
2025-06-30,1,11.51,11.54,11.34,11.45,150481965.0,1812492377.0,19405600653.0,0.0077545636278326,68.20713851346214,78.92918454773559,46.76304644491523,11.352604166666662,0.0276041666666664,0.2556475130649467,0.2250957022519209,0.0305518108130257,25.58139534883709,74.39999999999998,10.84,11.16,119.67418333878295,130.76527102258368,7.714698394896199,9.679947413698294,11.645196432500388,13.610445451302482,15.575694470104576,2.1348487007741506,234229432649.86,234225599881.71,5.36337774,5.26263666,0.53220778,-1.30416452,0.94575486,1.65376557,1
2025-07-01,1,11.44,11.69,11.44,11.67,135434108.0,1653806750.0,19405600653.0,0.0069791247599987,68.95627416048991,75.60488108532036,55.65906031082904,11.385208333333328,0.0326041666666654,0.264669306511939,0.2330104231039245,0.0316588834080144,100.0,91.45299145299148,10.87,11.2,116.8867648260971,119.67418333878295,7.715898032948615,9.681452648597762,11.647007264246907,13.612561879896054,15.5781164955452,2.1351806704256533,238692793835.4,238688888031.9,5.46557964,5.36291889,0.54234927,-1.32901604,0.9637767,1.68527891,1
2025-07-02,1,11.67,11.77,11.6,11.68,120041184.0,1481842213.0,19405600653.0,0.0061859040668984,69.61426029303978,73.60800748789349,61.62676590333237,11.431458333333325,0.046249999999997,0.269519209565713,0.2403121803962822,0.0292070291694307,100.0,91.50943396226415,10.9,11.25,114.94745304478676,116.8867648260971,7.709973230853993,9.674018557233872,11.63806388361375,13.602109209993628,15.566154536373508,2.1335411304972465,239080912199.36,239077000044.96,5.47446676,5.37163908,0.54323114,-1.33117704,0.96534382,1.68801921,1
2025-07-03,1,11.69,11.78,11.65,11.71,79408597.0,980546007.0,19405600653.0,0.0040920453027937,71.21570841241414,72.81057446273371,68.02597631177503,11.488229166666658,0.0567708333333332,0.2726407095700605,0.2467778862310379,0.0258628233390225,100.0,94.33962264150956,10.94,11.3,120.6001127256472,114.94745304478676,7.710999462764429,9.675306212359034,11.63961296195364,13.603919711548246,15.568226461142851,2.133825114361364,239663089745.3,239659168064.55,5.48779744,5.38471937,0.54455394,-1.33441854,0.9676945,1.69212964,1
2025-07-04,1,11.71,12.06,11.67,11.95,177533267.0,2224874056.0,19405600653.0,0.0091485582010343,76.44539290986334,74.02218061177693,81.29181750603615,11.549270833333326,0.0610416666666679,0.2911246117436068,0.2556472313335517,0.0354773804100551,100.0,100.0,10.97,11.35,124.78703480529008,120.6001127256472,7.712907009369859,9.67769968905567,11.64249236874148,13.607285048427288,15.572077728113095,2.1343529798959344,244514569294.8,244510568227.8,5.59888646,5.49372179,0.5555773,-1.36143106,0.98728345,1.72638328,1
2025-07-07,1,11.95,12.16,11.95,12.12,149540653.0,1901755851.0,19405600653.0,0.00770605639444,82.87848889026348,76.97428337127245,94.68689992824554,11.64322916666666,0.0939583333333349,0.3158498956488795,0.2676877641966173,0.0481621314522622,100.0,100.0,11.02,11.41,131.24455489209078,124.78703480529008,7.71245248321429,9.67712937650956,11.641806269804828,13.606483163100096,15.571160056395366,2.1342272012169743,248007634570.44,248003576345.34,5.67887055,5.57220353,0.56351412,-1.38088008,1.0013875,1.7510459,1
2025-07-08,1,12.09,12.18,12.0,12.04,109098597.0,1387093602.0,19405600653.0,0.0056220159814086,83.03010370462007,78.99289014905499,91.10453081575024,11.724166666666658,0.0809374999999974,0.3252403614362151,0.2791982836445368,0.0460420777916782,82.22222222222217,94.07407407407406,11.06,11.47,131.3443864632515,131.24455489209078,7.715882411440502,9.681433047653003,11.646983683865503,13.612534320078003,15.578084956290509,2.135176347566276,246261101932.62,246257072286.57,5.6388785,5.53296266,0.55954571,-1.37115557,0.99433548,1.73871459,1
2025-07-09,1,12.01,12.23,12.01,12.18,120596330.0,1542699035.0,19405600653.0,0.0062145115812922,86.81407662705006,81.59995230838668,97.24232526437684,11.797812499999994,0.0736458333333356,0.3400592122788701,0.2913704693714035,0.0486887429074666,100.0,100.0,11.11,11.54,136.33913463545002,131.3443864632515,7.714415035635126,9.67959187125114,11.644768706867156,13.60994554248317,15.575122378099184,2.134770288227167,249171989662.32,249167912384.52,5.70553191,5.59836411,0.56615972,-1.38736308,1.00608885,1.75926677,1
2025-07-10,1,12.16,12.64,12.13,12.5,248141553.0,3249454029.0,19405600653.0,0.0127871101460411,87.61964082828977,83.60651514835438,95.64589218816056,11.90656249999999,0.108749999999997,0.373321169921649,0.3077606094814526,0.0655605604401963,100.0,100.0,11.16,11.61,137.42681040933255,136.33913463545002,7.712858038299125,9.67763824305153,11.642418447803935,13.607198652556342,15.571978857308746,2.134339428384082,255770001849.64,255765816606.54,5.85661298,5.74660739,0.58115149,-1.42410011,1.03272983,1.80585172,1
2025-07-11,1,12.51,12.61,12.22,12.24,244374350.0,3200219566.0,19405600653.0,0.0125929804683588,80.63531610774874,82.6161154681525,76.6737173869412,11.97729166666666,0.070729166666668,0.3743859951982227,0.3210856866248066,0.053300308573416,46.93877551020415,83.43949044585989,11.2,11.69,126.67672147997578,137.42681040933255,7.710382278687176,9.67453180626996,11.638681333852745,13.602830861435528,15.566980389018312,2.133654324194592,250530403936.18,250526304430.23,5.73663684,5.62888478,0.56924626,-1.39492659,1.01157376,1.76885779,1
2025-07-14,1,12.21,12.49,12.2,12.31,187289585.0,2440924105.0,19405600653.0,0.0096513160478259,76.51328766157609,80.58183953262703,68.37618391947419,12.02947916666666,0.0521875000000022,0.3765377985323113,0.3321761090063075,0.0443616895260037,48.648648648648674,87.89808917197456,11.25,11.75,120.48918601408002,126.67672147997578,7.712658391904148,9.677387738559224,11.6421170852143,13.606846431869377,15.571575778524451,2.134284181266812,251888818210.04,251884696475.94,5.76774176,5.65940546,0.5723328,-1.40249009,1.01705867,1.77844881,1
2025-07-15,1,12.32,12.37,12.05,12.07,181053131.0,2322277285.0,19405600653.0,0.0093299421253425,65.15027258246486,75.43798388257296,44.57484998224865,12.01416666666666,-0.015312500000002,0.3547873561469696,0.3366983584344399,0.0180889977125296,7.692307692307534,70.3448275862069,11.28,11.81,102.96429666351072,120.48918601408002,7.710802904475271,9.675059582639326,11.63931626080338,13.603572938967432,15.567829617131489,2.133770721799691,247037338660.54,247033296312.69,5.65665274,5.55040304,0.56130945,-1.37547757,0.99746971,1.74419517,1
2025-07-16,1,12.07,12.1,11.85,11.99,192786379.0,2424983973.0,19405600653.0,0.0099345741699675,54.43007862885975,68.4353487980019,26.41953829057545,12.01197916666666,-0.002187499999998,0.3273214841225904,0.3348229835720701,-0.0075014994494796,30.43478260869572,64.82758620689654,11.31,11.85,92.3271961087706,102.96429666351072,7.7142346413056435,9.679365523112338,11.64449640491903,13.609627286725722,15.574758168532416,2.1347203686346945,245290806022.72,245286792253.92,5.6166607,5.51116217,0.55734104,-1.36575306,0.99041769,1.73186386,1
2025-07-17,1,11.96,12.04,11.89,11.94,94464140.0,1189666227.0,19405600653.0,0.0048678802418515,40.08418744033687,58.98496167878022,2.282638963450154,11.986770833333328,-0.0252083333333335,0.2980838751676202,0.3274751618911801,-0.0293912867235598,40.90909090909073,61.37931034482754,11.34,11.88,82.00881651421915,92.3271961087706,7.712573783244798,9.677281576615966,11.641989369987131,13.606697163358302,15.571404956729468,2.1342607679488514,244320510112.82,244316512221.27,5.5944429,5.48936169,0.55513636,-1.36035056,0.9864999,1.72501313,1
2025-07-18,1,11.97,12.09,11.95,12.04,124120611.0,1574176824.0,19405600653.0,0.0063961231203019,34.73966926402202,50.903197540527486,2.412612711011093,11.981562499999994,-0.0052083333333339,0.2797571573234965,0.3179315609776433,-0.0381744036541468,100.0,67.83216783216777,11.37,11.91,79.38821363599813,82.00881651421915,7.709806914404599,9.673809873186643,11.637812831968692,13.60181579075074,15.565818749532786,2.1334951066039283,246455161114.6,246451128293.1,5.64332206,5.53732275,0.55998664,-1.37223607,0.99511904,1.74008473,1
2025-07-21,1,11.99,12.05,11.9,11.96,107902662.0,1360155719.0,19405600653.0,0.005560387639087,27.801129720318524,43.2025082671245,-3.001627373293431,11.98104166666666,-0.0005208333333346,0.2558287355672917,0.305510995895573,-0.0496822603282813,46.6666666666673,62.23776223776229,11.39,11.93,79.06117258736617,79.38821363599813,7.713239706984099,9.678117138351242,11.642994569718384,13.607872001085529,15.572749432452667,2.1344450455909434,244708628476.78,244704624234.33,5.60333002,5.49808188,0.55601823,-1.36251156,0.98806701,1.72775342,1
2025-07-22,1,11.95,11.95,11.68,11.85,193522916.0,2408337286.0,19405600653.0,0.0099725290373881,24.43686425799012,36.94729359741304,-0.5839944208557313,11.95947916666666,-0.0215624999999999,0.225391040623629,0.2894870048411842,-0.0640959642175552,47.22222222222228,49.21874999999995,11.42,11.94,77.92533058831769,79.06117258736617,7.715723347455278,9.681233463569018,11.646743579682756,13.612253695796497,15.577763811910232,2.1351323306099657,242379918293.02,242375952155.97,5.55000729,5.44576072,0.55072702,-1.34954555,0.97866431,1.71131168,1
2025-07-23,1,11.82,11.98,11.81,11.88,137052000.0,1719158803.0,19405600653.0,0.0070624971857705,23.459701620022127,32.4514296049494,5.47624565016757,11.94135416666666,-0.0181249999999977,0.2013684472561028,0.2718632933241679,-0.0704948460680651,71.42857142857152,51.56250000000004,11.44,11.95,78.88907731399874,77.92533058831769,7.710563270753909,9.674758904414125,11.63895453807434,13.603150171734557,15.567345805394773,2.133704409195812,243156155020.94,243152176182.09,5.56778153,5.46320111,0.55249076,-1.35386755,0.98179855,1.71679226,1
2025-07-24,1,11.88,11.88,11.69,11.71,195935057.0,2426175236.0,19405600653.0,0.0100968303173707,16.874368981249365,27.25907606371605,-3.895045183684012,11.90697916666666,-0.0343750000000024,0.1666912764153778,0.2508288899424099,-0.084137613527032,15.000000000000488,31.89655172413801,11.45,11.94,68.31689752128975,78.88907731399874,7.710999462764429,9.675306212359034,11.63961296195364,13.603919711548246,15.568226461142851,2.133825114361364,239663089745.3,239659168064.55,5.48779744,5.38471937,0.54455394,-1.33441854,0.9676945,1.69212964,1
2025-07-25,1,11.69,11.82,11.68,11.71,110826666.0,1372103731.0,19405600653.0,0.0057110659949021,12.698854683151806,22.405668936861304,-6.714773824267191,11.880104166666658,-0.0268750000000004,0.1376229371365731,0.2281876993812425,-0.0905647622446694,15.000000000000488,31.89655172413801,11.46,11.93,59.8919435272511,68.31689752128975,7.710999462764429,9.675306212359034,11.63961296195364,13.603919711548246,15.568226461142851,2.133825114361364,239663089745.3,239659168064.55,5.48779744,5.38471937,0.54455394,-1.33441854,0.9676945,1.69212964,1
2025-07-28,1,11.71,11.88,11.68,11.82,123824278.0,1541317047.0,19405600653.0,0.0063808526318847,19.577014233212363,21.46278403564499,15.805474628347106,11.857083333333328,-0.0230208333333319,0.1220551734607386,0.2069611941971418,-0.0849060207364031,100.0,41.379310344827616,11.47,11.92,62.886911176677216,59.8919435272511,7.714720019957966,9.679974547547214,11.645229075136465,13.610483602725711,15.575738130314962,2.134854684965969,241797740747.08,241793784136.38,5.53667661,5.43268043,0.54940422,-1.34630405,0.97631364,1.70720124,1
2025-07-29,1,11.82,11.86,11.7,11.7,101281801.0,1255113972.0,19405600653.0,0.0052192046415395,14.67735908230414,19.200975717864708,5.630125811183007,11.836874999999992,-0.0202083333333344,0.0988946158974997,0.1853478785372133,-0.0864532626397136,14.285714285713922,24.52830188679242,11.47,11.91,55.10186261076447,62.886911176677216,7.71065793988113,9.674877689637642,11.639097439394153,13.603317189150664,15.567536938907176,2.133730606495162,239469030563.32,239465112058.02,5.48335388,5.38035927,0.54411301,-1.33333804,0.96691094,1.6907595,1
2025-07-30,1,11.71,11.99,11.7,11.85,171516360.0,2149934405.0,19405600653.0,0.0088384978680618,23.60604426625153,20.66933190066032,29.47946899743396,11.83979166666666,0.0029166666666675,0.0915876877109447,0.1665958403719596,-0.0750081526610149,100.0,27.777777777777768,11.48,11.89,60.93905470405352,55.10186261076447,7.715723347455278,9.681233463569018,11.646743579682756,13.612253695796497,15.577763811910232,2.1351323306099657,242379918293.02,242375952155.97,5.55000729,5.44576072,0.55072702,-1.34954555,0.97866431,1.71131168,1
2025-07-31,1,11.86,11.9,11.59,11.6,169008125.0,2079630602.0,19405600653.0,0.0087092447186824,16.46200052532709,19.26688810888257,10.852225358216124,11.800312499999992,-0.039479166666668,0.0648761321492727,0.1462518987274222,-0.0813757665781494,3.846153846153767,1.0989010989010752,11.48,11.88,51.221868990069,60.93905470405352,7.713513922305106,9.678461207523036,11.643408492740964,13.608355777958897,15.573303063176825,2.134520927782549,237334379561.54,237330495986.19,5.43447471,5.33239821,0.53926273,-1.32145253,0.9582918,1.6756879,1
2025-08-01,1,11.61,11.69,11.52,11.65,101218698.0,1240239180.0,19405600653.0,0.0052159528483521,20.19452517291313,19.576100463559428,21.43137459162056,11.788645833333325,-0.0116666666666667,0.0471975500750385,0.1264410289969455,-0.0792434789219069,39.393939393939625,13.265306122449054,11.48,11.86,50.00531602691154,51.221868990069,7.71521964209048,9.680601443858892,11.645983245627304,13.611365047395717,15.576746849164126,2.1349929428220613,238304675471.44,238300776018.84,5.45669251,5.35419869,0.5414674,-1.32685503,0.96220959,1.68253862,1
2025-08-04,1,11.61,11.74,11.58,11.67,103268969.0,1271376407.0,19405600653.0,0.0053216064190229,24.10131465428253,21.084505193800464,30.134933575246656,11.76635416666666,-0.0222916666666659,0.0344043869106069,0.1080337005796778,-0.0736293136690708,100.0,15.306122448979622,11.48,11.84,50.08818275098187,50.00531602691154,7.715898032948615,9.681452648597762,11.647007264246907,13.612561879896054,15.5781164955452,2.1351806704256533,238692793835.4,238688888031.9,5.46557964,5.36291889,0.54234927,-1.32901604,0.9637767,1.68527891,1
2025-08-05,1,11.67,11.85,11.65,11.83,113207820.0,1405152349.0,19405600653.0,0.0058337704678313,38.0533587056919,26.740789697764274,60.67849672154716,11.783124999999991,0.0167708333333322,0.0367527133554492,0.0937775031348321,-0.0570247897793828,100.0,31.632653061224527,11.48,11.83,63.89477946269631,50.08818275098187,7.715054998852335,9.680394859258216,11.645734719664093,13.61107458006997,15.576414440475848,2.1349473819478635,241991799929.06,241987840142.91,5.54112017,5.43704053,0.54984515,-1.34738455,0.9770972,1.70857139,1
2025-08-06,1,11.83,11.87,11.76,11.82,69044765.0,859684675.0,19405600653.0,0.0035579813392339,46.64550154847547,33.37569364800134,73.18511734942375,11.800520833333326,0.0173958333333352,0.0373760151187241,0.0824972055316105,-0.0451211904128864,96.00000000000009,30.612244897959243,11.49,11.82,76.6254227051958,63.89477946269631,7.714720019957966,9.679974547547214,11.645229075136465,13.610483602725711,15.575738130314962,2.134854684965969,241797740747.08,241793784136.38,5.53667661,5.43268043,0.54940422,-1.34630405,0.97631364,1.70720124,1
2025-08-07,1,11.8,11.88,11.75,11.83,72205305.0,900760013.0,19405600653.0,0.0037208487534673,53.08281663515387,39.944734643718846,79.3589806180239,11.81135416666666,0.0108333333333323,0.0382361402595385,0.0736449924771961,-0.0354088522176575,100.0,31.632653061224527,11.5,11.81,86.73978872028232,76.6254227051958,7.715054998852335,9.680394859258216,11.645734719664093,13.61107458006997,15.576414440475848,2.1349473819478635,241991799929.06,241987840142.91,5.54112017,5.43704053,0.54984515,-1.34738455,0.9770972,1.70857139,-1
2025-08-08,1,11.84,11.88,11.75,11.76,82979591.0,1032586759.0,19405600653.0,0.0042760640334609,52.40982101918058,44.09976343553942,69.0299361864629,11.805937499999992,-0.005416666666667,0.0328902424039423,0.0654940424625453,-0.032603800058603,12.499999999999725,30.37974683544303,11.51,11.81,85.51623054183098,86.73978872028232,7.712698814531772,9.677438458482376,11.64217810243298,13.606917746383582,15.571657390334185,2.134295367212088,240633385655.2,240629448097.2,5.51001524,5.40651985,0.54675861,-1.33982104,0.97161229,1.69898037,-1
2025-08-11,1,11.76,11.78,11.64,11.67,93435315.0,1150305113.0,19405600653.0,0.0048148633309917,45.57817855179416,44.592568474291,47.54939870680048,11.789583333333326,-0.016354166666666,0.0211475561364071,0.0566247451973177,-0.0354771890609105,15.78947368421023,18.98734177215192,11.51,11.8,74.83127739472422,85.51623054183098,7.715898032948615,9.681452648597762,11.647007264246907,13.612561879896054,15.5781164955452,2.1351806704256533,238692793835.4,238688888031.9,5.46557964,5.36291889,0.54234927,-1.32901604,0.9637767,1.68527891,-1
2025-08-12,1,11.67,11.76,11.67,11.69,68005619.0,839635630.0,19405600653.0,0.0035044325716084,45.29773306961712,44.82762333939971,46.23795253005196,11.773229166666656,-0.0163541666666695,0.0133018896175531,0.0479601740813648,-0.0346582844638116,41.66666666666605,30.909090909090857,11.51,11.79,68.26187252027012,74.83127739472422,7.710315863027303,9.674448471826784,11.638581080626263,13.602713689425745,15.566846298225224,2.1336359453315525,239274971381.34,239271056051.49,5.47891032,5.37599918,0.54367207,-1.33225754,0.96612738,1.68938935,-1
2025-08-13,1,11.73,11.76,11.6,11.63,111981305.0,1376777909.0,19405600653.0,0.0057705662917827,40.38367389826335,43.34630685902092,34.458407976748205,11.74104166666666,-0.0321874999999973,0.0022170866228101,0.0388115565896538,-0.0365944699668437,33.33333333333465,21.1538461538464,11.52,11.78,59.93515753986112,68.26187252027012,7.714539023722359,9.679747444172197,11.644955864622029,13.610164285071864,15.575372705521698,2.134804598811119,237916557107.48,237912664005.78,5.44780539,5.3454785,0.54058553,-1.32469403,0.96064247,1.67979833,-1
2025-08-14,1,11.64,11.7,11.56,11.57,124104129.0,1523447932.0,19405600653.0,0.0063952737778726,27.96411593217554,38.21890988340579,7.454528029715036,11.712604166666656,-0.0284375000000025,-0.0112791788189152,0.02879340950794,-0.0400725883268553,7.692307692307587,9.61538461538476,11.51,11.76,51.18130443022109,59.93515753986112,7.712483779406245,9.677168645120837,11.641853510835425,13.606538376550011,15.5712232422646,2.134235861650774,236752202015.6,236748327966.6,5.42114403,5.31931792,0.53793992,-1.31821103,0.95594112,1.67157746,-1
2025-08-15,1,11.6,11.6,11.32,11.46,194850295.0,2344073499.0,19405600653.0,0.0100409308881597,26.97607728811705,34.471299018309544,11.985633827732071,11.661041666666655,-0.0515624999999992,-0.0304995670844387,0.0169348141894642,-0.047434381273903,45.161290322580754,19.44444444444456,11.51,11.74,51.31327117220056,51.18130443022109,7.715044206408288,9.680381317537528,11.645718428666768,13.611055539796006,15.576392650925245,2.1349443954104808,234423491831.84,234419655888.24,5.3678213,5.26699676,0.53264871,-1.30524502,0.94653842,1.65513571,-1
2025-08-18,1,11.44,11.52,11.41,11.46,123905837.0,1496527039.0,19405600653.0,0.0063850554907118,26.31738485874473,31.75332763178794,15.445499312658312,11.625104166666658,-0.0359374999999992,-0.0452107024254111,0.0045057108664891,-0.0497164132919003,56.00000000000023,21.87500000000007,11.5,11.72,51.31394531091428,51.31327117220056,7.715044206408288,9.680381317537528,11.645718428666768,13.611055539796006,15.576392650925245,2.1349443954104808,234423491831.84,234419655888.24,5.3678213,5.26699676,0.53264871,-1.30524502,0.94653842,1.65513571,1
2025-08-19,1,11.48,11.49,11.4,11.44,89285989.0,1077380173.0,19405600653.0,0.0046010422762253,24.687780382020247,29.39814521519871,15.267050715663316,11.594583333333324,-0.0305208333333339,-0.057816740627878,-0.0079587794323842,-0.0498579611954937,85.71428571428481,21.42857142857127,11.49,11.7,51.16806845760074,51.31394531091428,7.714352009899102,9.67951279028398,11.644673570668855,13.609834351053737,15.574995131438612,2.134752847440272,234035373467.88,234031543875.18,5.35893418,5.25827657,0.53176684,-1.30308402,0.94497131,1.65239542,1
2025-08-20,1,11.44,11.49,11.36,11.45,104873853.0,1265435773.0,19405600653.0,0.0054043085228483,24.196615492775337,27.66430197439092,17.26124252954417,11.57406249999999,-0.0205208333333342,-0.0662366652522834,-0.019614356596364,-0.0466223086559193,89.99999999999858,23.21428571428552,11.49,11.67,55.11251522563185,51.16806845760074,7.714698394896199,9.679947413698294,11.645196432500388,13.610445451302482,15.575694470104576,2.1348487007741506,234229432649.86,234225599881.71,5.36337774,5.26263666,0.53220778,-1.30416452,0.94575486,1.65376557,1
2025-08-21,1,11.43,11.56,11.41,11.52,121741825.0,1477053292.0,19405600653.0,0.0062735406740001,30.62383061837194,28.65081152238459,34.56986881034664,11.562604166666658,-0.0114583333333317,-0.0664945929181026,-0.0289904038607118,-0.0375041890573908,100.0,37.73584905660368,11.48,11.65,67.71608133972757,55.11251522563185,7.710755569853378,9.675000189954435,11.639244810055496,13.603489430156555,15.567734050257616,2.133757623133888,235781906105.7,235778047933.95,5.39892623,5.29751744,0.53573525,-1.31280852,0.95202333,1.66472673,1
2025-08-22,1,11.52,11.54,11.36,11.44,164425977.0,1979461311.0,19405600653.0,0.0084731196905559,29.50679616982367,28.93613973819761,30.648109033075777,11.54385416666666,-0.0187499999999989,-0.0723206662412589,-0.0376564563368212,-0.0346642099044377,50.0,22.641509433962145,11.48,11.63,67.2084129380738,67.71608133972757,7.714352009899102,9.67951279028398,11.644673570668855,13.609834351053737,15.574995131438612,2.134752847440272,234035373467.88,234031543875.18,5.35893418,5.25827657,0.53176684,-1.30308402,0.94497131,1.65239542,1
2025-08-25,1,11.49,11.88,11.48,11.81,304508753.0,3761289076.0,19405600653.0,0.015691797355055,48.837864113215765,35.57004786320366,75.37349661323996,11.587604166666656,0.0437499999999975,-0.0465454169503853,-0.039434248459534,-0.0071111684908513,100.0,92.4528301886794,11.48,11.62,79.78473632490842,67.2084129380738,7.6838251398463,9.641209478645589,11.598593817444872,13.555978156244157,15.513362495043443,2.1263053041229543,241603681565.1,241599728129.85,5.55423531,5.42832034,0.54896328,-1.34522355,1.9437768,1.73880647,1
2025-08-26,1,11.81,11.85,11.67,11.72,138359861.0,1709560923.0,19405600653.0,0.0071298932444335,56.36809988500099,42.50273187046944,84.09883591406408,11.612604166666658,0.0250000000000021,-0.0330001883954231,-0.0381474364467118,0.0051472480512887,80.00000000000009,75.47169811320771,11.49,11.62,85.61629452218563,79.78473632490842,7.680793125065459,9.637405085766726,11.594017046467991,13.55062900716926,15.507240967870526,2.125466270309281,239857148927.28,239853224071.08,5.51408421,5.38907947,0.54499487,-1.33549904,1.9297254,1.72623679,1
2025-08-27,1,11.68,11.72,11.43,11.44,186004950.0,2268070721.0,19405600653.0,0.0095851168601289,44.721590399524416,43.242351380154425,47.6800684382644,11.604999999999992,-0.0076041666666668,-0.0443479416541237,-0.0393875374881942,-0.0049604041659294,2.6315789473683595,22.641509433962145,11.48,11.61,75.6852985097879,85.61629452218563,7.68379277917975,9.641168874394529,11.598544969609302,13.555921064824078,15.513297160038857,2.126296349122589,234035373467.88,234031543875.18,5.38024721,5.25827657,0.53176684,-1.30308402,1.88288741,1.68433783,1
2025-08-28,1,11.47,11.51,11.35,11.46,165358793.0,1991723374.0,19405600653.0,0.0085211891121976,36.732632593393696,41.07244511790085,28.053007544379383,11.568854166666656,-0.0361458333333342,-0.0511378002852502,-0.0417375900476054,-0.0094002102376448,29.72972972972997,27.450980392156985,11.47,11.6,68.9409984746257,75.6852985097879,7.684482226508779,9.64203395213936,11.599585677769936,13.557137403400516,15.514689129031096,2.126487136326352,234423491831.84,234419655888.24,5.38916968,5.26699676,0.53264871,-1.30524502,1.88600994,1.6871311,1
2025-08-29,1,11.43,11.59,11.41,11.43,180512568.0,2186232853.0,19405600653.0,0.0093020860950312,29.519868269809624,37.22158616853711,14.11643247235466,11.532708333333323,-0.0361458333333324,-0.0582678855343079,-0.0450436491449459,-0.013224236389362,72.727272727272,21.56862745098029,11.47,11.59,61.97134854442437,68.9409984746257,7.683447190135348,9.640735249694597,11.59802330925384,13.555311368813085,15.51259942837233,2.1262007160485954,233841314285.9,233837487868.65,5.37578598,5.25391647,0.53132591,-1.30200351,1.88132614,1.6829412,1
2025-09-01,1,11.43,11.43,11.24,11.28,185845902.0,2214306332.0,19405600653.0,0.0095769208757405,21.76324551320637,32.06880595009353,1.15212463943206,11.50229166666666,-0.0304166666666656,-0.0751559251393043,-0.0510661043438176,-0.0240898207954867,18.181818181817743,6.779661016949009,11.46,11.57,53.95241921291807,61.97134854442437,7.684651413869366,9.642246238436206,11.599841063003044,13.557435887569884,15.515030712136722,2.126533954672118,230736367374.22,230732591764.17,5.30440625,5.18415492,0.52427096,-1.2847155,1.85634588,1.6605951,1
2025-09-02,1,11.24,11.37,11.23,11.36,149271566.0,1780010209.0,19405600653.0,0.0076921899336789,21.1754970088042,28.437702969663743,6.651085087085086,11.468020833333323,-0.0342708333333341,-0.081149051039068,-0.0570826936828677,-0.0240663573562002,64.99999999999973,21.666666666666515,11.45,11.55,54.85752516456978,53.95241921291807,7.681011941166653,9.637679643272984,11.594347345379314,13.551015047485642,15.507682749591972,2.125526822160492,232482900012.04,232479095822.94,5.34455735,5.22339579,0.52823937,-1.29444001,1.87039728,1.67316478,1
2025-09-03,1,11.36,11.39,11.13,11.14,136723249.0,1619322977.0,19405600653.0,0.007045556148702,14.561442450313898,23.812282796547134,-3.9402382421525743,11.408229166666658,-0.0597916666666673,-0.1024696020882949,-0.0661600753639531,-0.0363095267243417,4.347826086956455,1.4285714285713995,11.44,11.52,46.09640537192722,54.85752516456978,7.679699941375622,9.6360334235073,11.592366905638976,13.548700387770657,15.505033869902332,2.125163759224532,228019538826.5,228015807672.75,5.24194898,5.12311357,0.51809788,-1.26958849,1.83448815,1.64104225,1
2025-09-04,1,11.15,11.16,11.0,11.13,129530002.0,1513956779.0,19405600653.0,0.0066748772334431,14.631870724451716,20.752145439181994,2.391321294991158,11.370937499999991,-0.0372916666666665,-0.1188037135702995,-0.0766888030052224,-0.042114910565077,36.11111111111138,15.662650602409732,11.43,11.49,46.451368374583566,46.09640537192722,7.679341740665649,9.635583974435074,11.591826208204498,13.548068441973925,15.504310675743348,2.1250646361893644,227825479644.52,227821751666.22,5.23748775,5.11875347,0.51765694,-1.26850799,1.83292688,1.63964562,1
2025-09-05,1,11.12,11.13,11.03,11.12,81966156.0,957547463.0,19405600653.0,0.0042238401926161,14.460462835908958,18.65491790475765,6.071552698211576,11.32416666666666,-0.0467708333333316,-0.1310449266850302,-0.0875600277411839,-0.0434848989438462,85.71428571428481,14.81481481481471,11.42,11.46,46.797659525164335,46.451368374583566,7.685534972454241,9.64335487550803,11.601174778561816,13.558994681615602,15.516814584669389,2.126778457282645,227437361280.56,227433639653.16,5.22856528,5.11003328,0.51677507,-1.26634699,1.82980435,1.63685236,-1
2025-09-08,1,11.11,11.17,11.07,11.1,92443104.0,1083054608.0,19405600653.0,0.0047637331950201,14.269938186902246,17.193257998805848,8.423298563095045,11.290729166666658,-0.0334375000000015,-0.1407376728383376,-0.0981955567606147,-0.0425421160777229,76.92307692307618,12.345679012345627,11.41,11.43,45.59323759330695,46.797659525164335,7.684826096204031,9.642465419501637,11.60010474279924,13.55774406609684,15.515383389394446,2.126582293613722,227049242916.6,227045527640.1,5.21964282,5.10131309,0.51589321,-1.26418598,1.82668182,1.63405909,-1
2025-09-09,1,11.11,11.17,11.08,11.14,86053917.0,1009279729.0,19405600653.0,0.0044344887096651,17.422896644375545,17.269804213995744,17.72908150513515,11.272395833333324,-0.0183333333333344,-0.1435369734104341,-0.1072638400905785,-0.0362731333198555,100.0,17.28395061728401,11.4,11.39,60.28415586405259,45.59323759330695,7.679699941375622,9.6360334235073,11.592366905638976,13.548700387770657,15.505033869902332,2.125163759224532,228019538826.5,228015807672.75,5.24194898,5.12311357,0.51809788,-1.26958849,1.83448815,1.64104225,-1
2025-09-10,1,11.13,11.18,11.11,11.16,79266839.0,932170201.0,19405600653.0,0.0040847402982986,20.65481245218258,18.39814029339136,25.168156769765027,11.246874999999992,-0.0255208333333314,-0.1424989670391667,-0.1143108654802962,-0.0281881015588705,100.0,19.75308641975309,11.39,11.37,73.80598050365501,60.28415586405259,7.680414502168017,9.636930012141129,11.59344552211424,13.54996103208735,15.50647654206046,2.1253614959474967,228407657190.46,228403919685.81,5.25087145,5.13183376,0.51897975,-1.27174949,1.83761068,1.64383552,-1
2025-09-11,1,11.16,11.24,11.11,11.24,96393163.0,1134234367.0,19405600653.0,0.0049672857193986,32.37452613091244,23.05693557256505,51.00970724760723,11.247291666666658,0.0004166666666662,-0.1336800279501204,-0.118184697974261,-0.0154953299758593,100.0,29.62962962962964,11.38,11.34,88.95301334893747,73.80598050365501,7.683248639665832,9.64048612030476,11.597723600943684,13.554961081582611,15.512198562221537,2.126145772201125,229960130646.3,229956367738.05,5.28656132,5.16671454,0.52250722,-1.2803935,1.85010081,1.65500857,-1
2025-09-12,1,11.22,11.27,11.1,11.12,94038510.0,1107449057.0,19405600653.0,0.0048459468831469,31.839427677018467,25.98443294071619,43.54941714962303,11.23281249999999,-0.0144791666666677,-0.1348198331886152,-0.1215117250171319,-0.0133081081714833,14.285714285713922,14.81481481481471,11.37,11.32,79.90317863913428,88.95301334893747,7.685534972454241,9.64335487550803,11.601174778561816,13.558994681615602,15.516814584669389,2.126778457282645,227437361280.56,227433639653.16,5.22856528,5.11003328,0.51677507,-1.26634699,1.82980435,1.63685236,-1
2025-09-15,1,11.1,11.12,11.03,11.05,84038656.0,980347617.0,19405600653.0,0.0043306392573325,25.49978939151664,25.822885090983007,24.8535979925839,11.205520833333326,-0.0272916666666649,-0.1397604802194756,-0.1251614760576006,-0.0145990041618749,9.523809523810128,6.172839506172924,11.35,11.29,68.94394798854208,79.90317863913428,7.683043286795747,9.640228455664886,11.59741362453402,13.554598793403157,15.511783962272292,2.126088945960428,226078947006.7,226075247607.45,5.19733665,5.0795126,0.51368853,-1.25878348,1.81887548,1.62707593,-1
2025-09-16,1,11.06,11.11,11.01,11.04,70804849.0,825169464.0,19405600653.0,0.0036486811341783,21.9381311992826,24.52796712708287,16.758459343682055,11.172083333333326,-0.0334374999999997,-0.1428363662952829,-0.1286964541051371,-0.0141399121901458,27.27272727272684,4.938271604938163,11.33,11.27,60.69398703637114,68.94394798854208,7.682684881048041,9.639778749323431,11.596872617598825,13.553966485874213,15.511060354149604,2.1259897661862257,225884887824.72,225881191600.92,5.19287542,5.07515251,0.5132476,-1.25770298,1.81731422,1.6256793,-1
2025-09-17,1,11.04,11.07,10.98,11.04,77112893.0,896750270.0,19405600653.0,0.0039737441978163,21.52197252365954,23.52596892594176,17.513979719095097,11.15072916666666,-0.0213541666666667,-0.1436184836903411,-0.1316808600221779,-0.0119376236681632,85.71428571428353,7.228915662650448,11.32,11.24,56.284284118800485,60.69398703637114,7.682684881048041,9.639778749323431,11.596872617598825,13.553966485874213,15.511060354149604,2.1259897661862257,225884887824.72,225881191600.92,5.19287542,5.07515251,0.5132476,-1.25770298,1.81731422,1.6256793,-1
2025-09-18,1,11.05,11.06,10.79,10.82,138616040.0,1594827200.0,19405600653.0,0.0071430945363997,16.431315015773105,21.16108428921888,6.971776468881565,11.09947916666666,-0.0512499999999995,-0.1601444334022499,-0.1373735746981923,-0.0227708587040576,12.000000000000457,2.941176470588343,11.3,11.21,49.29208492038309,56.284284118800485,7.681367493358983,9.638125769141864,11.594884044924743,13.551642320707629,15.508400596490509,2.1256252122850308,221421526639.18,221417903450.73,5.09026706,4.97487028,0.50310611,-1.23285146,1.78140509,1.59355677,-1
2025-09-19,1,10.82,10.92,10.78,10.86,83465123.0,955004097.0,19405600653.0,0.0043010842329735,16.396386881263705,19.57285181990048,10.043457003990149,11.056562499999991,-0.0429166666666667,-0.1680762238215258,-0.143514104522859,-0.0245621192986668,30.769230769230823,7.766990291262134,11.28,11.18,47.543792382201616,49.29208492038309,7.682830744985291,9.639961770767677,11.59709279655006,13.554223822332444,15.511354848114827,2.126030130361335,222197763367.1,222194127476.85,5.10811199,4.99231067,0.50486985,-1.23717346,1.78765015,1.5991433,-1
2025-09-22,1,10.85,10.88,10.78,10.79,59640232.0,680158439.0,19405600653.0,0.003073351506426,11.61119669635266,16.918966778717873,0.995656531622231,11.008124999999994,-0.0484374999999985,-0.1779592365566102,-0.1504031309296092,-0.027556105627001,12.499999999999725,0.9708737864077452,11.26,11.15,40.199363296470125,47.543792382201616,7.680263307920471,9.636740302538682,11.59321729715689,13.5496942917751,15.506171286393307,2.1253196567431085,220839349093.24,220835735431.14,5.07688336,4.96178999,0.50178331,-1.22960996,1.77672129,1.58936688,-1
2025-09-23,1,10.78,10.98,10.74,10.93,134143022.0,1543271185.0,19405600653.0,0.0069125931424989,19.690483332159616,17.842805629865122,23.385838736748603,11.00291666666666,-0.0052083333333339,-0.172506221046417,-0.1548237489529708,-0.0176824720934461,100.0,19.38775510204076,11.25,11.12,49.47112608287593,40.199363296470125,7.685366980560242,9.643144089211974,11.600921197863704,13.558698306515437,15.516475415167168,2.126731969752182,223556177640.96,223552519522.56,5.13934062,5.02283135,0.50795639,-1.24473697,1.79857902,1.60891972,-1
2025-09-24,1,10.92,11.02,10.84,10.87,113958347.0,1310214181.0,19405600653.0,0.0058724462611458,21.303089517037176,18.996233592255805,25.91680136659992,10.985104166666662,-0.017812499999998,-0.1710543573726592,-0.1580698706369085,-0.0129844867357507,68.4210526315786,18.0555555555554,11.23,11.09,53.57388427908956,49.47112608287593,7.683194965606771,9.640418773268932,11.597642580931094,13.554866388593254,15.512090196255414,2.126130919255568,222391822549.08,222388183483.38,5.11257322,4.99667077,0.50531078,-1.23825396,1.78921142,1.60053993,-1
2025-09-25,1,10.84,10.88,10.77,10.81,77327594.0,881943148.0,19405600653.0,0.0039848080656058,20.342410555217807,19.44495924657648,22.13731317250047,10.963749999999994,-0.0213541666666685,-0.1727538447237311,-0.161006665454273,-0.011747179269458,36.84210526315814,9.722222222222252,11.22,11.06,51.0564143968971,53.57388427908956,7.681000087337193,9.637664769788636,11.594329452240078,13.55099413469152,15.507658817142962,2.125523541911398,221227467457.2,221223847444.2,5.08580582,4.97051019,0.50266517,-1.23177096,1.77984382,1.59216014,-1
2025-09-26,1,10.8,10.85,10.74,10.81,75323875.0,856917688.0,19405600653.0,0.0038815533900186,19.86791334311821,19.58594394542372,20.43185213850721,10.935624999999996,-0.0281249999999992,-0.1721166471244419,-0.1632286617883068,-0.0088879853361351,53.84615384615448,10.144927536231933,11.2,11.03,48.95134273545196,51.0564143968971,7.681000087337193,9.637664769788636,11.594329452240078,13.55099413469152,15.507658817142962,2.125523541911398,221227467457.2,221223847444.2,5.08580582,4.97051019,0.50266517,-1.23177096,1.77984382,1.59216014,-1
2025-09-29,1,10.81,10.89,10.69,10.78,117601243.0,1334456974.0,19405600653.0,0.0060601702108004,21.140012404184045,20.103966765010497,23.212103682531136,10.90541666666666,-0.0302083333333342,-0.1720491373571988,-0.1649927569020852,-0.0070563804551136,74.99999999999926,13.432835820895503,11.18,11.01,47.80709481004792,48.95134273545196,7.679893961348784,9.636276868298175,11.592659775247569,13.54904268219696,15.50542558914635,2.1252174493711102,220645289911.26,220641679424.61,5.07242212,4.9574299,0.50134237,-1.22852946,1.77516002,1.58797025,-1
2025-09-30,1,10.78,10.78,10.71,10.75,83247947.0,942224081.0,19405600653.0,0.0042898928246846,19.4987470081948,19.90222684607193,18.691787332440533,10.88385416666666,-0.0215624999999999,-0.1724287335525822,-0.1664799522321846,-0.0059487813203976,50.0,8.95522388059709,11.17,10.98,47.58709923302496,47.80709481004792,7.678781982841711,9.634881623413326,11.590981263984943,13.54708090455656,15.503180545128174,2.124909737293515,220063112365.32,220059511405.02,5.05903842,4.94434961,0.49123752,-1.22528795,1.77047622,1.58378035,-1
2025-10-09,1,10.75,10.82,10.69,10.81,104746906.0,1187061683.0,19405600653.0,0.005397766751621,25.12037679334209,21.64161016182865,32.07791005636896,10.867083333333328,-0.0167708333333322,-0.1659748133802736,-0.1663789244618024,0.0004041110815287,100.0,21.81818181818197,11.15,10.96,55.71870050872465,47.58709923302496,7.681000087337193,9.637664769788636,11.594329452240078,13.55099413469152,15.507658817142962,2.125523541911398,221227467457.2,221223847444.2,5.08580582,4.97051019,0.49383666,-1.23177096,1.77984382,1.59216014,-1
2025-10-10,1,10.78,10.9,10.77,10.84,108794775.0,1244213513.0,19405600653.0,0.005606359573476,31.898433013743244,25.06055111246685,45.57419681629603,10.860520833333329,-0.0065625000000011,-0.1566337099588892,-0.1644298815612198,0.0077961716023305,100.0,27.272727272727305,11.13,10.94,65.72496499781688,55.71870050872465,7.6821004068897585,9.639045385706703,11.595990364523653,13.552935343340598,15.509880322157544,2.1258280276666395,221809645003.14,221806015463.79,5.09918952,4.98359048,0.49513623,-1.23501246,1.78452762,1.59635004,-1
2025-10-13,1,10.74,10.87,10.7,10.81,116880173.0,1328180364.0,19405600653.0,0.0060230123813215,33.38683413037438,27.835978785102697,44.48854482091775,10.855833333333328,-0.0046874999999992,-0.1499233444867638,-0.1615285741463286,0.0116052296595647,80.00000000000047,21.81818181818197,11.11,10.92,70.22082225686492,65.72496499781688,7.681000087337193,9.637664769788636,11.594329452240078,13.55099413469152,15.507658817142962,2.125523541911398,221227467457.2,221223847444.2,5.08580582,4.97051019,0.49383666,-1.23177096,1.77984382,1.59216014,-1
2025-10-14,1,10.8,11.0,10.77,10.97,184342836.0,2124120304.0,19405600653.0,0.0094994656077033,50.54071770307797,35.40422509109445,80.81370292704501,10.874895833333328,0.0190625000000004,-0.1301938747352498,-0.1552616342641128,0.025067759528863,100.0,50.90909090909105,11.11,10.91,83.31511108107875,70.22082225686492,7.6801587233751825,9.636609076034825,11.59305942869446,13.549509781354102,15.50596013401374,2.125290715601252,224526473550.86,224522799555.21,5.16164679,5.04463183,0.5012009,-1.25013947,1.80638535,1.61590288,-1
2025-10-15,1,10.98,11.06,10.9,11.04,127106103.0,1443458105.0,19405600653.0,0.0065499700459078,65.2253433335834,45.344597838590765,104.98683432356866,10.90510416666666,0.0302083333333325,-0.1076685764999005,-0.1457430227112703,0.0380744462113697,100.0,63.63636363636349,11.1,10.91,95.57796822801058,83.31511108107875,7.844425621110323,9.84272146701818,11.841017312926034,13.83931315883389,15.837609004741743,2.1707474470584485,221227467457.2,221223847444.2,5.08580582,4.97051019,0.49383666,-1.23177096,1.77984382,1.59216014,-1
2025-10-16,1,11.02,11.18,11.0,11.17,126193687.0,1447841585.0,19405600653.0,0.0065029518671709,76.13662344687874,55.60860637468676,117.19265759126272,10.960937499999996,0.055833333333334,-0.0784231881217785,-0.132279055793372,0.0538558676715935,100.0,87.27272727272724,11.1,10.92,107.015240921571,95.57796822801058,7.840509606357354,9.83780788324087,11.835106160124385,13.832404437007895,15.829702713891413,2.1696637884914307,223944296004.92,223940631535.62,5.14826309,5.03155154,0.49990133,-1.24689797,1.80170155,1.61171299,-1
2025-10-17,1,11.13,11.21,11.02,11.04,103966632.0,1193518555.0,19405600653.0,0.0053575580503315,73.19364640048319,61.470286383285575,96.6403664348784,10.977812499999994,0.0168749999999988,-0.0649867933739987,-0.1188206033094973,0.0538338099354986,51.851851851851485,63.63636363636349,11.1,10.92,106.67369884445274,107.015240921571,7.844425621110323,9.84272146701818,11.841017312926034,13.83931315883389,15.837609004741743,2.1707474470584485,221227467457.2,221223847444.2,5.08580582,4.97051019,0.49383666,-1.23177096,1.77984382,1.59216014,-1
2025-10-20,1,11.05,11.09,10.91,11.06,95264110.0,1081829700.0,19405600653.0,0.0049091039078593,72.51371298493751,65.15142858383622,87.2382817871401,10.992187499999996,0.0143750000000011,-0.0521236716385722,-0.1054812169753123,0.0533575453367401,57.69230769230788,77.08333333333347,11.1,10.93,103.88229903972444,106.67369884445274,7.844873595329654,9.84328355858208,11.841693521834507,13.840103485086932,15.838513448339356,2.1708714126538826,221615585821.16,221611959457.26,5.09472829,4.97923038,0.49470304,-1.23393196,1.78296635,1.59495341,-1
2025-10-21,1,11.04,11.1,11.03,11.07,76116462.0,869658080.0,19405600653.0,0.0039223965988516,72.70144968226602,67.66810228331282,82.76814448017242,10.999374999999995,0.0071875000000005,-0.0406540045052477,-0.0925157744812994,0.0518617699760517,100.0,79.16666666666676,11.1,10.95,102.15526942842772,103.88229903972444,7.845097002238896,9.843563876362843,11.842030750486792,13.84049762461074,15.838964498734688,2.170933234895729,221809645003.14,221806015463.79,5.09918952,4.98359048,0.49513623,-1.23501246,1.78452762,1.59635004,-1
2025-10-22,1,11.04,11.17,11.04,11.15,83370319.0,957661636.0,19405600653.0,0.004296198839231,77.879397827393,71.07186746467288,91.49445855283328,11.023020833333328,0.0236458333333313,-0.0248227381813581,-0.0789771672213111,0.054154429039953,100.0,95.83333333333344,11.11,10.96,108.19333349964666,102.15526942842772,7.8400587221634686,9.837242140412949,11.834425558662428,13.831608976911909,15.828792395161384,2.169539017633745,223556177640.96,223552519522.56,5.13934062,5.02283135,0.49903495,-1.24473697,1.79857902,1.60891972,-1
2025-10-23,1,11.15,11.34,11.13,11.26,137311158.0,1593155218.0,19405600653.0,0.0070758519901197,81.086265218262,74.4100000492026,94.43879555638082,11.059062499999994,0.0360416666666676,-0.0033615154127115,-0.0638540368595912,0.0604925214468796,100.0,100.0,11.12,10.98,113.70919675498834,108.19333349964666,7.842519417209443,9.840329675067828,11.838139932926213,13.835950190784594,15.83376044864298,2.170219953083584,225690828642.74,225687135594.39,5.18841419,5.07079241,0.50380004,-1.25662248,1.81575295,1.62428267,-1
2025-10-24,1,11.23,11.31,11.18,11.19,98047530.0,1138026681.0,19405600653.0,0.0050525377571779,78.61891365427992,75.81297125089503,84.23079846104969,11.07979166666666,0.0207291666666655,0.0079070951942092,-0.0495018104488311,0.0574089056430404,68.18181818181814,87.71929824561398,11.13,11.0,110.1452878489932,113.70919675498834,7.840958945601637,9.838371687557371,11.835784429513106,13.83319717146884,15.830609913424576,2.16978813182318,224332414368.88,224328743548.68,5.15718555,5.04027173,0.50076771,-1.24905897,1.80482408,1.61450625,-1
2025-10-27,1,11.17,11.24,11.08,11.15,123948526.0,1428199707.0,19405600653.0,0.0063872553195532,71.35200304224725,74.32598184801243,65.40404543071688,11.092499999999992,0.0127083333333324,0.0134547861803238,-0.0369104911230001,0.0503652773033239,38.88888888888911,80.70175438596502,11.13,11.02,103.07237900623268,110.1452878489932,7.771389040629216,9.751079484124697,11.730769927620177,13.710460371115657,15.690150814611137,2.150536410804299,223556177640.96,223552519522.56,5.18475295,5.02283135,0.49903495,-1.24473697,-109.64010674,1.64644669,-1
2025-10-28,1,11.16,11.21,11.06,11.1,82156818.0,943626835.0,19405600653.0,0.0042336652943179,62.29668419870743,70.31621596491077,46.25762066630077,11.086874999999992,-0.0056250000000002,0.0136593328369052,-0.026796526331019,0.0404558591679243,30.769230769230347,71.92982456140349,11.14,11.03,90.93366809131044,103.07237900623268,7.770264873356532,9.74966894549742,11.729073017638308,13.708477089779196,15.687881161920084,2.1502253257924555,222585881731.06,222582239489.91,5.16224968,5.00103086,0.49686899,-1.23933447,-109.16423822,1.63930065,-1
2025-10-29,1,11.09,11.09,11.0,11.03,96621364.0,1100783363.0,19405600653.0,0.0049790452626398,50.83344838053358,63.82196010345171,24.85642493469733,11.07635416666666,-0.0105208333333326,0.0080798826922112,-0.019821244526373,0.0279011272185842,19.999999999999527,59.64912280701749,11.14,11.04,79.41187780253895,90.93366809131044,7.775495079794721,9.756231499299648,11.736967918804572,13.717704338309495,15.698440757814422,2.151672653847009,221033408275.22,221029791437.67,5.12624445,4.96615009,0.49340347,-1.23069046,-108.40284859,1.62786699,-1
2025-10-30,1,11.02,11.1,11.0,11.02,94377015.0,1077182643.0,19405600653.0,0.0048633905586122,42.416097369968085,56.68667252562384,13.874947058656588,11.06322916666666,-0.0131250000000004,0.0028187193857736,-0.0152932517439436,0.0181119711297172,19.999999999999645,57.894736842105246,11.14,11.05,69.24398337712104,79.41187780253895,7.7752720702663805,9.755951680128945,11.736631289991506,13.717310899854066,15.697990509716629,2.15161094157033,220839349093.24,220835735431.14,5.1217438,4.96178999,0.49297028,-1.22960996,-108.30767489,1.62643779,-1
2025-10-31,1,11.02,11.04,10.94,10.96,97019293.0,1099179193.0,19405600653.0,0.004999551146849,29.944064913312165,47.77246998818661,-5.712745236436717,11.038437499999992,-0.0247916666666654,-0.0061217216022999,-0.0134589457156149,0.0073372241133149,22.22222222222376,47.3684210526318,11.14,11.05,60.28359248293603,69.24398337712104,7.773925769415337,9.75426242142121,11.73459907342708,13.714935725432952,15.695272377438824,2.151238386678929,219674994001.36,219671399391.96,5.09473988,4.93562941,0.49037114,-1.22312695,-107.73663266,1.61786254,-1
2025-11-03,1,10.98,11.08,10.94,11.07,95232643.0,1084422504.0,19405600653.0,0.0049074823656786,30.796043275541496,42.11366108397157,8.16080765868135,11.03760416666666,-0.0008333333333343,-0.0042816486259784,-0.0116234862976876,0.0073418376717091,100.0,66.66666666666677,11.14,11.05,73.0828634744786,60.28359248293603,7.776383185498903,9.757345841827927,11.738308498156952,13.719271154485975,15.700233810814998,2.151918414758411,221809645003.14,221806015463.79,5.14424707,4.98359048,0.49513623,-1.23501246,-108.78354341,1.63358382,-1
2025-11-04,1,11.06,11.27,11.04,11.22,150300748.0,1737289514.0,19405600653.0,0.0077452252412895,43.86402885036107,42.6971170061014,46.19785253888041,11.063958333333328,0.0263541666666675,0.0091746096731455,-0.007463867103521,0.0166384767766665,100.0,92.98245614035103,11.14,11.06,84.67433282156333,73.0828634744786,7.772946591639901,9.753033807042565,11.733121022445223,13.713208237847889,15.693295453250547,2.150967423862923,224914591914.82,224910911568.27,5.21625752,5.05335202,0.50206728,-1.25230048,-110.30632267,1.65645114,-1
2025-11-05,1,11.22,11.23,11.13,11.15,79492605.0,918112474.0,19405600653.0,0.0040963743623009,48.16160481915966,44.51861294378748,55.44758856990403,11.08666666666666,0.0227083333333339,0.01402866264627,-0.0031653611535628,0.0171940237998328,75.0,80.70175438596502,11.14,11.07,88.48601031437661,84.67433282156333,7.771389040629216,9.751079484124697,11.730769927620177,13.710460371115657,15.690150814611137,2.150536410804299,223556177640.96,223552519522.56,5.18475295,5.02283135,0.49903495,-1.24473697,-109.64010674,1.64644669,-1
2025-11-06,1,11.13,11.21,11.1,11.14,76658546.0,882799462.0,19405600653.0,0.0039503310085972,52.309756748126745,47.11566087856723,62.69794848724577,11.101979166666656,0.0153124999999967,0.0168741040053124,0.0008425318782122,0.0160315721271001,55.55555555555589,78.94736842105277,11.15,11.07,90.88817219663105,88.48601031437661,7.771164982524114,9.75079834926187,11.730431715999623,13.710065082737378,15.689698449475133,2.1504744083603806,223362118458.98,223358463516.03,5.1802523,5.01847125,0.49860176,-1.24365647,-109.54493304,1.64501748,-1
2025-11-07,1,11.15,11.21,11.13,11.18,73485055.0,848177984.0,19405600653.0,0.0037867962097137,59.115595407842086,51.11563905499219,75.11550811354189,11.10979166666666,0.0078125000000017,0.0221020241127636,0.0050944303251225,0.0170075937876411,100.0,85.71428571428571,11.15,11.08,93.03531860723824,90.88817219663105,7.772058872118681,9.751919949073832,11.73178102602898,13.71164210298413,15.69150317993928,2.1507217698179404,224138355186.9,224134687542.15,5.19825491,5.03591164,0.50033452,-1.24797847,-109.92562785,1.65073431,-1
2025-11-10,1,11.15,11.27,11.09,11.26,82720833.0,957555601.0,19405600653.0,0.0042627298417177,71.73362926179374,57.98830245725937,99.22428287086248,11.136458333333326,0.0266666666666672,0.0323278643779989,0.0105411171356978,0.0217867472423011,100.0,100.0,11.16,11.09,104.22361193107024,93.03531860723824,7.773828189899634,9.754139984414302,11.73445177892897,13.714763573443635,15.695075367958305,2.151211384002783,225690828642.74,225687135594.39,5.23426014,5.07079241,0.50380004,-1.25662248,-110.68701748,1.66216797,-1
2025-11-11,1,11.25,11.32,11.2,11.3,88650887.0,1033284776.0,19405600653.0,0.0045683145080229,79.40136687628359,65.12599059693412,107.95211943498254,11.167395833333329,0.0309375000000002,0.0431620370715268,0.0170653011228636,0.0260967359486632,100.0,100.0,11.16,11.11,112.82259514035648,104.22361193107024,7.774703759441587,9.755238597307418,11.73577343517325,13.71630827303908,15.696843110904911,2.1514536758466627,226467065370.66,226463359620.51,5.25226275,5.0882328,0.5055328,-1.26094448,-111.0677123,1.6678848,-1
2025-11-12,1,11.33,11.41,11.28,11.31,114132538.0,1337963805.0,19405600653.0,0.005881422587265,79.17537933596215,69.80912017661012,97.9078976546662,11.190520833333329,0.023125000000002,0.0519561947422779,0.0240434798467464,0.0279127148955314,100.0,100.0,11.17,11.12,113.90442959552,112.82259514035648,7.774921703695241,9.755512060870933,11.73610241804662,13.716692775222311,15.697283132398,2.151513986436,226661124552.64,226657415627.04,5.25676341,5.09259289,0.50596599,-1.26202498,-111.162886,1.669314,-1
2025-11-13,1,11.31,11.35,11.2,11.33,97899103.0,1139765204.0,19405600653.0,0.0050448890890097,80.44316069205988,73.3538003484267,94.62188137932624,11.213749999999994,0.023229166666665,0.0598495525214453,0.0312046943816862,0.028644858139759,100.0,100.0,11.18,11.14,116.68433646127484,113.90442959552,7.775356504069852,9.756057622673383,11.736758741276914,13.717459859880444,15.698160978483974,2.151634306501325,227049242916.6,227045527640.1,5.26576471,5.10131309,0.50683237,-1.26418598,-111.35323341,1.67217242,-1
2025-11-14,1,11.3,11.46,11.29,11.38,131699498.0,1551867288.0,19405600653.0,0.0067866746489828,80.61290077883359,75.77350049189566,90.29170135270944,11.243645833333328,0.0298958333333327,0.0693403649977568,0.0388318285049003,0.0305085364928564,100.0,100.0,11.19,11.16,117.52489032316367,116.68433646127484,7.776436999851132,9.757413364895326,11.738389729939518,13.71936609498371,15.700342460027905,2.151933306526573,228019538826.5,228015807672.75,5.28826798,5.12311357,0.50899832,-1.26958849,-111.82910193,1.67931845,-1
2025-11-17,1,11.38,11.38,11.25,11.3,99523287.0,1161416222.0,19405600653.0,0.0051285857510735,72.66085277147467,74.73595125175534,68.51065581091333,11.257083333333329,0.0134375000000002,0.0696042167669723,0.0449863061573147,0.0246179106096575,55.55555555555589,82.97872340425533,11.2,11.18,109.77640916591028,117.52489032316367,7.774703759441587,9.755238597307418,11.73577343517325,13.71630827303908,15.696843110904911,2.1514536758466627,226467065370.66,226463359620.51,5.25226275,5.0882328,0.5055328,-1.26094448,-111.0677123,1.6678848,-1
2025-11-18,1,11.28,11.32,11.2,11.22,67007735.0,778887578.0,19405600653.0,0.0034530100973525,60.15228022602819,69.87472757651295,40.70738552505867,11.253541666666662,-0.0035416666666652,0.0626359614093274,0.0485162372077173,0.0141197242016101,11.11111111111177,63.63636363636371,11.2,11.19,94.77729825854983,109.77640916591028,7.772946591639901,9.753033807042565,11.733121022445223,13.713208237847889,15.693295453250547,2.150967423862923,224914591914.82,224910911568.27,5.21625752,5.05335202,0.50206728,-1.25230048,-110.30632267,1.65645114,-1
2025-11-19,1,11.21,11.45,11.2,11.42,133499619.0,1565428547.0,19405600653.0,0.0068794376111909,69.83124988041511,69.860235011147,69.77327961895136,11.271770833333326,0.0182291666666642,0.072417117907932,0.0532964133477602,0.0191207045601717,100.0,100.0,11.22,11.21,103.52090599511232,94.77729825854983,7.770703869649818,9.750219772090542,11.729735674531264,13.709251576971988,15.688767479412707,2.150346806972716,228989834736.4,228986087705.4,5.31077125,5.14491405,0.51116427,-1.27499099,-112.30497044,1.68646449,-1
2025-11-20,1,11.41,11.61,11.37,11.47,163703985.0,1948415940.0,19405600653.0,0.0084359143490202,70.91314094591785,70.21120365607061,72.3170155256123,11.302291666666662,0.0305208333333357,0.0832437548466344,0.0592858816475351,0.0239578731990993,100.0,100.0,11.23,11.23,105.57324489132164,103.52090599511232,7.771794878693026,9.751588705731953,11.73138253277088,13.711176359809809,15.690970186848734,2.150648716278719,229960130646.3,229956367738.05,5.33327452,5.16671454,0.51333022,-1.2803935,-112.78083896,1.69361052,-1
2025-11-21,1,11.42,11.5,11.29,11.32,146535888.0,1721871193.0,19405600653.0,0.0075512163019466,57.03152485825425,65.81797739013182,39.45861979449913,11.316458333333328,0.0141666666666662,0.0788117039599001,0.0631910461100081,0.015620657849892,44.44444444444459,71.69811320754717,11.24,11.24,97.11992185997582,105.57324489132164,7.775139289853472,9.75578507511748,11.736430860381486,13.717076645645491,15.6977224309095,2.1515741979314376,226855183734.62,226851471633.57,5.26126406,5.09695299,0.50639918,-1.26310548,-111.2580597,1.67074321,-1
2025-11-24,1,11.33,11.36,11.23,11.23,111711880.0,1302444630.0,19405600653.0,0.0057566824133696,40.46004096241349,57.36533191422571,6.6494590587890485,11.297916666666662,-0.0185416666666657,0.0672616731630579,0.064005171520618,0.0032565016424398,0.0,54.71698113207553,11.24,11.26,83.90565373996154,97.11992185997582,7.773167553759405,9.753311057245714,11.73345456073202,13.713598064218328,15.693741567704636,2.151028569570713,225108651096.8,225104967574.8,5.22075818,5.05771212,0.50250047,-1.25338098,-110.40149637,1.65788034,-1
2025-11-25,1,11.24,11.42,11.21,11.42,102808052.0,1203879797.0,19405600653.0,0.0052978546677505,44.85953950339766,53.1967344439497,28.1851496222936,11.306562499999997,0.0086458333333325,0.0726026840981486,0.0657246740361242,0.0068780100620244,100.0,90.56603773584894,11.25,11.27,85.27996149221926,83.90565373996154,7.770703869649818,9.750219772090542,11.729735674531264,13.709251576971988,15.688767479412707,2.150346806972716,228989834736.4,228986087705.4,5.31077125,5.14491405,0.51116427,-1.27499099,-112.30497044,1.68646449,-1
2025-11-26,1,11.43,11.47,11.28,11.32,82130109.0,962935430.0,19405600653.0,0.0042322889390853,39.66245722990746,48.68530870593562,21.616754277851143,11.31260416666666,0.0060416666666665,0.0679826478324994,0.0661762687953992,0.0018063790371001,52.38095238095234,71.69811320754717,11.26,11.28,82.26740208458264,85.27996149221926,7.775139289853472,9.75578507511748,11.736430860381486,13.717076645645491,15.6977224309095,2.1515741979314376,226855183734.62,226851471633.57,5.26126406,5.09695299,0.50639918,-1.26310548,-111.2580597,1.67074321,-1
2025-11-27,1,11.29,11.34,11.21,11.34,101184710.0,1178308953.0,19405600653.0,0.0052142013952223,37.823751974409895,45.06478979542704,23.3416763323756,11.32083333333333,0.008229166666668,0.0651836718655936,0.0659777494094381,-0.0007940775438445,61.904761904761706,75.47169811320745,11.26,11.29,83.00302476178248,82.26740208458264,7.775573332543596,9.756329686222234,11.737086039900872,13.71784239357951,15.698598747258147,2.151694308326641,227243302098.58,227239583646.63,5.27026537,5.10567318,0.50726556,-1.26526649,-111.44840711,1.67360162,-1
2025-11-28,1,11.3,11.31,11.21,11.24,88435845.0,1027933464.0,19405600653.0,0.0045572330679869,28.467867169931875,39.53248225359532,6.338637002604983,11.29572916666666,-0.0251041666666687,0.0542707001323705,0.0636363395540246,-0.009365639421654,23.07692307692276,56.60377358490568,11.26,11.29,72.86105186764615,83.00302476178248,7.773388150113896,9.75358784850855,11.7337875469032,13.713987245297854,15.694186943692507,2.1510896140622378,225302710278.78,225299023581.33,5.22525883,5.06207222,0.50293366,-1.25446148,-110.49667007,1.65930955,-1
2025-12-01,1,11.23,11.33,11.16,11.32,103732271.0,1205480323.0,19405600653.0,0.0053454810729583,30.8304299651398,36.63179815744348,19.22769358053243,11.297812499999994,0.0020833333333332,0.0514839479182231,0.0612058612268643,-0.0097219133086411,88.88888888888911,71.69811320754717,11.27,11.29,75.4058842020462,72.86105186764615,7.775139289853472,9.75578507511748,11.736430860381486,13.717076645645491,15.6977224309095,2.1515741979314376,226855183734.62,226851471633.57,5.26126406,5.09695299,0.50639918,-1.26310548,-111.2580597,1.67074321,-1
2025-12-02,1,11.31,11.36,11.22,11.27,76805993.0,894720592.0,19405600653.0,0.0039579291758807,28.701768124907986,33.98845481326498,18.128394748193983,11.29385416666666,-0.0039583333333332,0.044725279398099,0.0579097448611112,-0.0131844654630122,68.74999999999959,53.488372093023166,11.27,11.3,78.39047688708723,75.4058842020462,7.774047650150485,9.754415350161464,11.734783050172442,13.71515075018342,15.6955184501944,2.1512721141062063,225884887824.72,225881191600.92,5.23876079,5.07515251,0.50423323,-1.25770298,-110.78219118,1.66359717,-1
2025-12-03,1,11.27,11.33,11.17,11.18,94460109.0,1099167227.0,19405600653.0,0.0048676725183148,21.09529639699744,29.6907353411758,3.9044185086407097,11.278020833333327,-0.0158333333333331,0.0317408493108448,0.0526759657510579,-0.0209351164402131,12.499999999999725,23.684210526315702,11.26,11.29,68.34819340869477,78.39047688708723,7.772058872118681,9.751919949073832,11.73178102602898,13.71164210298413,15.69150317993928,2.1507217698179404,224138355186.9,224134687542.15,5.19825491,5.03591164,0.50033452,-1.24797847,-109.92562785,1.65073431,-1
2025-12-04,1,11.18,11.21,11.09,11.12,88608988.0,1019178990.0,19405600653.0,0.0045661553890784,16.695109878699984,25.3588601870172,-0.6323907379344362,11.252604166666664,-0.0254166666666648,0.0164198189084547,0.0454247363825373,-0.0290049174740825,16.666666666666337,7.894736842105079,11.26,11.29,60.18558012110594,68.34819340869477,7.770715711325394,9.750234630324917,11.729753549324434,13.709272468323952,15.688791387323471,2.1503500838585285,222974000095.02,222970351502.97,5.17125099,5.00975106,0.49773538,-1.24149547,-109.35458563,1.64215907,-1
2025-12-05,1,11.12,11.17,11.04,11.16,89076609.0,1022334912.0,19405600653.0,0.0045902526076269,20.43239883386205,23.716706402632145,13.863783696321851,11.231458333333329,-0.0211458333333354,0.0074199253577695,0.0378237741775837,-0.0304038488198142,85.71428571428608,27.90697674418618,11.26,11.28,60.57203815445767,60.18558012110594,7.771612710082236,9.75136013132987,11.731107552577503,13.710854973825136,15.690602395072768,2.1505983056985305,223750236822.94,223746575529.09,5.1892536,5.02719144,0.49946814,-1.24581747,-109.73528044,1.64787589,-1
2025-12-08,1,11.12,11.23,11.11,11.15,85589893.0,988510035.0,19405600653.0,0.0044105768499759,22.1487310055205,23.19404793692826,20.058097142704973,11.217812499999996,-0.0136458333333315,-0.0005135516447083,0.0301563090131253,-0.0306698606578337,91.66666666666691,25.5813953488374,11.26,11.27,60.91486462904041,60.57203815445767,7.771389040629216,9.751079484124697,11.730769927620177,13.710460371115657,15.690150814611137,2.150536410804299,223556177640.96,223552519522.56,5.18475295,5.02283135,0.49903495,-1.24473697,-109.64010674,1.64644669,-1
2025-12-09,1,11.15,11.17,11.07,11.07,73395745.0,842732358.0,19405600653.0,0.0037821939301143,17.890820670347114,21.426305514734548,10.819850981572252,11.197187499999991,-0.0206250000000025,-0.0131051526962835,0.0215040166712435,-0.0346091693675271,25.00000000000074,6.976744186046751,11.25,11.25,54.982947858996525,60.91486462904041,7.776383185498903,9.757345841827927,11.738308498156952,13.719271154485975,15.700233810814998,2.151918414758411,221809645003.14,221806015463.79,5.14424707,4.98359048,0.49513623,-1.23501246,-108.78354341,1.63358382,-1
2025-12-10,1,11.08,11.09,10.93,10.97,104406472.0,1184087688.0,19405600653.0,0.0053802236718634,15.027988974029933,19.293533334499674,6.496900253090452,11.161666666666664,-0.0355208333333294,-0.0307982287031141,0.011043567596372,-0.0418417962994861,18.18181818181855,7.407407407407565,11.24,11.23,49.26165953945016,54.982947858996525,7.774151148190691,9.754545213382984,11.734939278575274,13.715333343767568,15.695727408959858,2.151300754585115,219869053183.34,219865455398.49,5.09924053,4.93998951,0.49080433,-1.22420745,-107.83180637,1.61929175,-1
2025-12-11,1,10.99,11.03,10.94,11.01,92526129.0,1049906216.0,19405600653.0,0.0047680115990481,16.220209703616863,18.269092124205404,12.122444862439783,11.132604166666662,-0.0290625000000019,-0.0411184651335023,0.0006111610503971,-0.0417296261838995,57.14285714285696,14.814814814814802,11.23,11.22,48.082294966386,49.26165953945016,7.775048683655082,9.755671387816838,11.736294091978593,13.71691679614035,15.697539500302105,2.151549124945429,220645289911.26,220641679424.61,5.11724314,4.9574299,0.49253709,-1.22852946,-108.21250118,1.62500858,1
2025-12-12,1,11.01,11.07,10.94,10.99,119189472.0,1357465371.0,19405600653.0,0.0061420140572445,15.464635926442291,17.3342733916177,11.725360996091474,11.110833333333328,-0.021770833333333,-0.0503309755546492,-0.0095772662706121,-0.0407537092840371,75.00000000000055,11.111111111111184,11.22,11.19,46.54464166676647,48.082294966386,7.774600699092979,9.755109283275438,11.735617867457895,13.716126451640354,15.696635035822812,2.151425156487893,220257171547.3,220253567411.55,5.10824184,4.9487097,0.49167071,-1.22636846,-108.02215378,1.62215016,1
2025-12-15,1,10.98,11.17,10.97,11.14,94083253.0,1080642231.0,19405600653.0,0.0048482525577199,27.80975728429492,20.82610135584344,41.77706914119786,11.118333333333329,0.0075000000000002,-0.04500937003783,-0.0166636870240557,-0.0283456830137743,100.0,38.88888888888898,11.22,11.18,62.54711001091721,46.54464166676647,7.771164982524114,9.75079834926187,11.730431715999623,13.710065082737378,15.689698449475133,2.1504744083603806,223362118458.98,223358463516.03,5.1802523,5.01847125,0.49860176,-1.24365647,-109.54493304,1.64501748,1
2025-12-16,1,11.12,11.18,11.08,11.11,64735136.0,743389002.0,19405600653.0,0.0033358996280278,38.53983818952987,26.73068030040558,62.158153967778446,11.12020833333333,0.0018750000000018,-0.0427202560854773,-0.02187500083634,-0.0208452552491373,84.99999999999952,33.33333333333322,11.21,11.17,71.33263939525585,62.54711001091721,7.7704904962187324,9.74995204372494,11.729413591231143,13.708875138737348,15.688336686243552,2.150287761243536,222779940913.04,222776295496.44,5.16675033,5.00539096,0.49730218,-1.24041497,-109.25941192,1.64072986,1
2025-12-17,1,11.1,11.21,11.06,11.16,70149533.0,807135164.0,19405600653.0,0.0036149117079328,51.24878101524212,34.903380538684424,83.9395819683575,11.133020833333331,0.0128125000000007,-0.0364513462243962,-0.0247902699139512,-0.0116610763104449,100.0,42.5925925925926,11.21,11.16,81.7477436858262,71.33263939525585,7.771612710082236,9.75136013132987,11.731107552577503,13.710854973825136,15.690602395072768,2.1505983056985305,223750236822.94,223746575529.09,5.1892536,5.02719144,0.49946814,-1.24581747,-109.73528044,1.64787589,1
2025-12-18,1,11.14,11.28,11.11,11.27,79046654.0,916247611.0,19405600653.0,0.0040733938316812,66.5468063911138,45.451189156160886,108.73804086101964,11.155208333333327,0.0221874999999975,-0.0223494784275448,-0.02430211161667,0.0019526331891251,100.0,62.96296296296283,11.21,11.16,94.8651164218761,81.7477436858262,7.774047650150485,9.754415350161464,11.734783050172442,13.71515075018342,15.6955184501944,2.1512721141062063,225884887824.72,225881191600.92,5.23876079,5.07515251,0.50423323,-1.25770298,-110.78219118,1.66359717,1
2025-12-19,1,11.26,11.28,11.21,11.25,64988619.0,755106127.0,19405600653.0,0.0033489619910297,74.8407280702664,55.24770212752939,114.02677995574042,11.177812499999996,0.0226041666666674,-0.0126417531915219,-0.0219700399316403,0.0093282867401184,90.47619047619064,65.30612244897962,11.21,11.16,103.15589260736004,94.8651164218761,7.773608366784775,9.753864163366838,11.7341199599489,13.714375756530965,15.694631553113028,2.1511505534858744,225496769460.76,225493079587.86,5.22975948,5.06643231,0.50336685,-1.25554198,-110.59184378,1.66073876,1
2025-12-22,1,11.24,11.24,11.14,11.15,74236916.0,857197057.0,19405600653.0,0.0038255407460692,70.84619966589196,60.44720130698357,91.64419638370872,11.18354166666666,0.005729166666665,-0.0128691279702337,-0.020149857539359,0.0072807295691253,25.00000000000056,44.89795918367358,11.21,11.16,97.69380687386922,103.15589260736004,7.771389040629216,9.751079484124697,11.730769927620177,13.710460371115657,15.690150814611137,2.150536410804299,223556177640.96,223552519522.56,5.18475295,5.02283135,0.49903495,-1.24473697,-109.64010674,1.64644669,1
2025-12-23,1,11.15,11.23,11.13,11.19,66626574.0,770081940.0,19405600653.0,0.0034333682935858,71.74060369882994,64.21166877093236,86.7984735546251,11.177187499999995,-0.0063541666666662,-0.0097097306832374,-0.0180618321681347,0.0083521014848973,49.99999999999926,53.061224489795855,11.21,11.16,94.99201192139606,97.69380687386922,7.772281381676136,9.752199140910628,11.73211690014512,13.712034659379611,15.691952418614104,2.150783343740254,224332414368.88,224328743548.68,5.20275556,5.04027173,0.50076771,-1.24905897,-110.02080155,1.65216352,1
2025-12-24,1,11.18,11.21,11.12,11.17,50524356.0,582458735.0,19405600653.0,0.0026035966061266,70.37608874039648,66.2664754274204,78.59531536634864,11.170312499999994,-0.0068750000000008,-0.008719208812419,-0.0161933074969916,0.0074740986845725,71.42857142857216,58.53658536585369,11.2,11.16,88.4282469436722,94.99201192139606,7.77183597692972,9.75164027336942,11.731444569809122,13.71124886624882,15.69105316268852,2.150660089181809,223944296004.92,223940631535.62,5.19375426,5.03155154,0.49990133,-1.24689797,-109.83045415,1.6493051,1
2025-12-25,1,11.17,11.25,11.15,11.19,54745523.0,633772625.0,19405600653.0,0.0028211197364579,70.57330647209226,67.70208577564436,76.31574786498803,11.17604166666666,0.0057291666666667,-0.0062483531151986,-0.014204316620633,0.0079559635054343,100.0,63.41463414634139,11.2,11.16,89.23520038908782,88.4282469436722,7.772281381676136,9.752199140910628,11.73211690014512,13.712034659379611,15.691952418614104,2.150783343740254,224332414368.88,224328743548.68,5.20275556,5.04027173,0.50076771,-1.24905897,-110.02080155,1.65216352,1
2025-12-26,1,11.19,11.22,11.16,11.17,43633984.0,504079280.0,19405600653.0,0.0022485252984557,63.71553764806151,66.37323639978341,58.400140144617694,11.173749999999997,-0.0022916666666663,-0.0058367328040969,-0.0125307998573257,0.0066940670532288,71.42857142857216,61.53846153846151,11.2,11.16,85.63712035717305,89.23520038908782,7.77183597692972,9.75164027336942,11.731444569809122,13.71124886624882,15.69105316268852,2.150660089181809,223944296004.92,223940631535.62,5.19375426,5.03155154,0.49990133,-1.24689797,-109.83045415,1.6493051,1
2025-12-29,1,11.17,11.25,11.13,11.19,64829542.0,749082978.0,19405600653.0,0.0033407645122274,62.17399479567732,64.97348919841471,56.57500599020253,11.17427083333333,0.0005208333333346,-0.0038522811893706,-0.0107950961237347,0.0069428149343641,100.0,66.66666666666652,11.2,11.17,86.88127342395902,85.63712035717305,7.772281381676136,9.752199140910628,11.73211690014512,13.712034659379611,15.691952418614104,2.150783343740254,224332414368.88,224328743548.68,5.20275556,5.04027173,0.50076771,-1.24905897,-110.02080155,1.65216352,1
2025-12-30,1,11.16,11.19,11.09,11.11,58258433.0,669409275.0,19405600653.0,0.0030021453106113,44.95810179360938,58.30169339681294,18.27091858720226,11.166249999999996,-0.0080208333333331,-0.0086353771471845,-0.0103631523284247,0.0017277751812401,19.999999999999645,52.941176470588175,11.2,11.17,76.41777951348365,86.88127342395902,7.7704904962187324,9.74995204372494,11.729413591231143,13.708875138737348,15.688336686243552,2.150287761243536,222779940913.04,222776295496.44,5.16675033,5.00539096,0.49730218,-1.24041497,-109.25941192,1.64072986,1
2025-12-31,1,11.11,11.12,11.04,11.05,59062037.0,675457357.0,19405600653.0,0.0030435562421444,31.36095675129536,49.32144784830708,-4.56002544272809,11.145520833333329,-0.0207291666666691,-0.0170707329301187,-0.0117046684487635,-0.0053660644813552,6.666666666667693,35.29411764705913,11.2,11.16,65.44822760695725,76.41777951348365,7.775939911004377,9.756789647200838,11.7376393833973,13.71848911959376,15.699338855790222,2.1517957496935844,221421526639.18,221417903450.73,5.13524576,5.19366516,0.49070548,-1.23285146,-108.593196,1.63072541,1
2026-01-05,1,11.06,11.14,11.05,11.13,87549118.0,1003479224.0,19405600653.0,0.0045115386823373,35.19301878657806,44.61197149439741,16.355113370939364,11.138124999999995,-0.0073958333333319,-0.0171033252622745,-0.0127843998114657,-0.0043189254508088,100.0,58.82352941176504,11.2,11.16,66.72143169811328,65.44822760695725,7.770940549767184,9.75051674430808,11.730092938848976,13.70966913338987,15.689245327930765,2.1504123022409942,223168059277.0,223164407509.5,5.17575164,5.23463184,0.49457608,-1.242575966992,-109.44975933,1.64358827,1
2026-01-06,1,11.13,11.31,11.11,11.3,130464842.0,1512911584.0,19405600653.0,0.0067230509548711,55.56077795648417,48.26157364842633,70.15918657259986,11.161249999999995,0.023125000000002,-0.0033726973143934,-0.0109020593120512,0.0075293619976577,100.0,100.0,11.2,11.16,82.51241274587582,66.72143169811328,7.774703759441587,9.755238597307418,11.73577343517325,13.71630827303908,15.696843110904911,2.1514536758466627,226467065370.66,226463359620.51,5.25226275,5.31201336,0.5018872,-1.260944480998,-111.0677123,1.6678848,1
2026-01-07,1,11.29,11.44,11.25,11.27,96623624.0,1131165699.0,19405600653.0,0.0049791617238635,56.2071853043228,50.910110867058485,66.80133417885143,11.183749999999996,0.022499999999999,0.0050301900785534,-0.0077156094339303,0.0127457995124837,87.99999999999955,91.8918918918916,11.2,11.16,84.94234538456098,82.51241274587582,7.774047650150485,9.754415350161464,11.734783050172442,13.71515075018342,15.6955184501944,2.1512721141062063,225884887824.72,225881191600.92,5.23876079,5.29835779,0.50059701,-1.257702978668,-110.78219118,1.66359717,1
2026-01-08,1,11.27,11.28,11.12,11.14,110008511.0,1268647295.0,19405600653.0,0.0056689052282951,45.804790202881975,49.20833731233298,38.997695983979966,11.17979166666666,-0.003958333333335,0.0011859543883723,-0.0059352966694698,0.0071212510578421,15.789473684211018,56.75675675675684,11.2,11.17,77.46216897795011,84.94234538456098,7.771164982524114,9.75079834926187,11.730431715999623,13.710065082737378,15.689698449475133,2.1504744083603806,223362118458.98,223358463516.03,5.1802523,5.23918369,0.49500615,-1.243656469369,-109.54493304,1.64501748,1
2026-01-09,1,11.16,11.16,11.08,11.09,98339004.0,1128076547.0,19405600653.0,0.005067557853964,34.70319346858804,44.37328936441801,15.363001676928109,11.159895833333328,-0.019895833333333,-0.0058280303191864,-0.0059138433994131,8.581308022669216e-05,5.263157894736744,43.24324324324317,11.19,11.17,65.57065284621669,77.46216897795011,7.770038856737471,9.749385353207074,11.728731849676675,13.708078346146282,15.687424842615885,2.15016278137907,222391822549.08,222388183483.38,5.15774903,5.21642443,0.49285582,-1.238253964684,-109.06906452,1.63787144,1
2026-01-12,1,11.09,11.12,11.06,11.11,85521298.0,979700148.0,19405600653.0,0.0044070420457085,28.96879564572538,39.2384581248538,8.429470687468537,11.146874999999996,-0.0130208333333321,-0.0096614595878534,-0.0066633666371011,-0.0029980929507522,62.49999999999861,47.22222222222205,11.19,11.16,58.43121282566811,65.57065284621669,7.7704904962187324,9.74995204372494,11.729413591231143,13.708875138737348,15.688336686243552,2.150287761243536,222779940913.04,222776295496.44,5.16675033,5.22552813,0.49371595,-1.240414964638,-109.25941192,1.64072986,1
2026-01-13,1,11.11,11.17,11.08,11.1,106154122.0,1219755569.0,19405600653.0,0.005470282723951,24.312530430483623,34.26314889339707,4.411293504656726,11.140312499999997,-0.0065624999999993,-0.0133524772816766,-0.0080011887660162,-0.0053512885156603,80.0,44.444444444444336,11.18,11.16,53.73410932662645,58.43121282566811,7.770264873356532,9.74966894549742,11.729073017638308,13.708477089779196,15.687881161920084,2.1502253257924555,222585881731.06,222582239489.91,5.16224968,5.22097628,0.49328588,-1.239334464661,-109.16423822,1.63930065,1
2026-01-14,1,11.1,11.1,10.99,11.0,127475714.0,1454416591.0,19405600653.0,0.0065690166606769,16.949094361063143,28.491797382619097,-6.13631168204877,11.115624999999996,-0.0246875000000006,-0.0240693432551069,-0.0112148196638344,-0.0128545235912724,8.33333333333321,9.090909090908896,11.17,11.15,46.1683643273189,53.73410932662645,7.774824888550177,9.75539058295111,11.73595627735204,13.716521971752972,15.697087666153903,2.151487195280199,220451230729.28,220447623418.08,5.11274249,5.17090589,0.48855515,-1.227448955316,-108.11732748,1.62357937,1
2026-01-15,1,10.97,11.01,10.94,10.95,88495977.0,1002514947.0,19405600653.0,0.0045603317610433,11.966062907375417,22.983219224204536,-10.06824972628283,11.084166666666665,-0.0314583333333331,-0.0361800576986208,-0.0162078672707917,-0.0199721904278291,6.249999999999861,2.7777777777777093,11.17,11.14,39.35999746111385,46.1683643273189,7.7737000073642895,9.753979148547756,11.734258289731224,13.714537430914689,15.694816572098151,2.151175912710837,219480934819.38,219477343385.43,5.09023922,5.14814662,0.48640482,-1.222046450631,-107.64145896,1.61643334,1
2026-01-16,1,10.98,10.98,10.8,10.83,111947254.0,1257713579.0,19405600653.0,0.0057688115921675,9.53987527158358,18.50210457333088,-8.384583331911028,11.039374999999998,-0.044791666666665,-0.0548288504085103,-0.0239320638983354,-0.0308967865101749,14.999999999999734,5.999999999999872,11.15,11.12,34.55205190312677,39.35999746111385,7.770959265735722,9.750540227998815,11.730121190261912,13.709702152525008,15.689283114788102,2.150417481414446,217152224635.62,217148671307.07,5.03623138,5.09352437,0.48124403,-1.209080441309,-106.49937451,1.59928285,1
2026-01-19,1,10.79,10.85,10.76,10.77,80474131.0,896712443.0,19405600653.0,0.0041469538840354,6.850112926153749,14.61810735760517,-8.685875936749095,10.997499999999995,-0.0418750000000009,-0.0736012224700086,-0.03386589561267,-0.0397353268573385,5.263157894736744,1.8518518518518088,11.14,11.1,28.94079165216526,34.55205190312677,7.776553762974634,9.757559872359066,11.738565981743497,13.719572091127928,15.70057820051236,2.151965617783572,215793810361.76,215790279261.36,5.0047268,5.0616614,0.47823357,-1.201516934271,-105.83315859,1.5892784,1
2026-01-20,1,10.77,10.84,10.76,10.8,77227609.0,861694178.0,19405600653.0,0.0039796556870843,7.130844514871792,12.122353076694043,-2.852172608772716,10.96333333333333,-0.0341666666666675,-0.0850769986153991,-0.0441081162132159,-0.0409688824021832,57.14285714285823,7.407407407407565,11.13,11.07,27.723814977202835,28.94079165216526,7.770264870847851,9.749668942349675,11.7290730138515,13.708477085353325,15.687881156855148,2.150225325098241,216570047089.68,216566503287.48,5.02272942,5.07986881,0.47995383,-1.205838938978,-106.2138534,1.59499523,1
2026-01-21,1,10.79,10.82,10.71,10.72,90012491.0,1001045288.0,19405600653.0,0.0046384800248934,5.478534024407267,9.907746725931784,-3.3798913786417693,10.925729166666663,-0.0376041666666662,-0.0994802192579094,-0.0551825368221546,-0.0442976824357547,11.111111111110892,1.6949152542372523,11.11,11.04,23.163523625747587,27.723814977202835,7.775412287341889,9.756127616224944,11.736842945108,13.717558273991054,15.698273602874108,2.1516497431185115,214823514451.86,214819999228.71,4.98222354,5.03890213,0.47608324,-1.196114431987,-105.35729007,1.58213236,1
2026-01-22,1,10.72,10.79,10.7,10.72,78863462.0,873985785.0,19405600653.0,0.004063953670396,5.070795732583662,8.295429728149077,-1.3784722585471698,10.893229166666664,-0.0324999999999988,-0.1096311161230332,-0.0660722526823303,-0.0435588634407028,20.000000000001062,3.33333333333355,11.1,11.01,21.9083152920542,23.163523625747587,7.775412287341889,9.756127616224944,11.736842945108,13.717558273991054,15.698273602874108,2.1516497431185115,214823514451.86,214819999228.71,4.98222354,5.03890213,0.47608324,-1.196114431987,-105.35729007,1.58213236,1
2026-01-23,1,10.72,10.74,10.63,10.64,110999429.0,1224886436.0,19405600653.0,0.005719968734018,3.99781443900638,6.862891298434845,-1.7323392798505513,10.847291666666663,-0.0459375000000008,-0.1227165069304891,-0.0774011035319621,-0.045315403398527,11.111111111110892,1.4925373134328042,11.09,10.98,18.37959731100331,21.9083152920542,7.773564344433475,9.753808926723252,11.734053509013028,13.714298091302808,15.694542673592585,2.15113837140763,213271040996.02,213267551176.47,4.94621831,5.0024873,0.47264271,-1.187470424972,-104.59590044,1.57069871,1
2026-01-26,1,10.63,10.71,10.57,10.61,110624665.0,1214803431.0,19405600653.0,0.0057006565773524,5.180932896444454,6.3022384977713815,2.9383216937906003,10.811249999999998,-0.0360416666666658,-0.133963277427151,-0.0887135383109999,-0.0452497391161511,26.666666666666035,5.4794520547944,11.06,10.95,18.46089713693325,18.37959731100331,7.772864408795773,9.75293068886882,11.732996968941867,13.713063249014914,15.69312952908796,2.150944681828299,212688863450.08,212685383156.88,4.93271635,4.98883174,0.47135251,-1.184228922641,-104.31037933,1.56641108,1
2026-01-27,1,10.61,10.68,10.58,10.59,89409121.0,981119838.0,19405600653.0,0.0046073874547231,4.969106779447787,5.857861258330183,3.191597821682995,10.776666666666664,-0.0345833333333338,-0.1428436443128298,-0.0995395595113658,-0.0433040848014639,28.571428571427845,2.7397260273972,11.04,10.91,16.54105962611048,18.46089713693325,7.772395657649594,9.752342527645547,11.732289397641498,13.71223626763745,15.692183137633402,2.150814966741048,212300745086.12,212297271143.82,4.92371504,4.97972803,0.47049238,-1.182067920287,-104.12003192,1.56355267,1
2026-01-28,1,10.59,10.64,10.48,10.49,143876603.0,1570012850.0,19405600653.0,0.0074141793172352,3.979404519631844,5.231709012097404,1.4747955347007249,10.731041666666664,-0.0456249999999993,-0.1561505568949108,-0.1108617589880748,-0.0452887979068359,7.692307692307587,1.2195121951219248,11.02,10.88,13.422404381869868,16.54105962611048,7.770025940348763,9.749369146486208,11.72871235262365,13.708055558761092,15.687398764898536,2.1501592070934348,210360153266.32,210356711078.52,4.8787085,4.93420949,0.46619171,-1.171262910918,-103.16829488,1.5492606,1
2026-01-29,1,10.49,10.63,10.32,10.61,185299383.0,2001845208.0,19405600653.0,0.0095487579237261,20.89193005711302,10.451782693769276,41.77222478380051,10.710416666666664,-0.020624999999999,-0.1552240575572838,-0.1197342187019166,-0.0354898388553671,100.0,29.59183673469378,11.0,10.84,30.34299530676232,13.422404381869868,7.772864408795773,9.75293068886882,11.732996968941867,13.713063249014914,15.69312952908796,2.150944681828299,212688863450.08,212685383156.88,4.93271635,4.98883174,0.47135251,-1.184228922641,-104.31037933,1.56641108,1
2026-01-30,1,10.59,10.68,10.48,10.48,109175497.0,1191181198.0,19405600653.0,0.0056259787549076,24.18436362781896,15.029309671785834,42.4944715398852,10.673020833333332,-0.037395833333333,-0.1630996030043583,-0.128407295562405,-0.0346923074419533,55.17241379310366,16.326530612244905,10.97,10.81,36.22906146600188,30.34299530676232,7.769786555327138,9.749068780314731,11.728351005302326,13.70763323028992,15.686915455277513,2.150092963310951,210166094084.34,210162655071.99,4.87420785,4.92965764,0.46576165,-1.170182410942,-103.07312118,1.54783139,1
2026-02-02,1,10.48,10.68,10.46,10.51,122317302.0,1337643445.0,19405600653.0,0.0063031958756242,28.78957575187927,19.616065031816976,47.136597192003855,10.653229166666664,-0.0197916666666682,-0.1650180548161195,-0.1357294474131479,-0.0292886074029716,65.51724137931036,19.38775510204076,10.95,10.77,43.57250349306179,36.22906146600188,7.77050337192584,9.74996819940094,11.729433026876038,13.708897854351136,15.688362681826234,2.1502913242715613,210748271630.28,210744823091.58,4.88770981,4.9433132,0.46705185,-1.173423913272,-103.35864229,1.55211901,-1
2026-02-03,1,10.54,10.55,10.43,10.49,80662816.0,872562155.0,19405600653.0,0.0041566771079322,31.249788089905355,23.49397271784644,46.7614188340232,10.623854166666666,-0.0293749999999981,-0.1662360093146091,-0.1418307597934401,-0.0244052495211689,75.00000000000055,17.34693877551019,10.93,10.74,48.30429620216776,43.57250349306179,7.770025940348763,9.749369146486208,11.72871235262365,13.708055558761092,15.687398764898536,2.1501592070934348,210360153266.32,210356711078.52,4.8787085,4.93420949,0.46619171,-1.171262910918,-103.16829488,1.5492606,-1
2026-02-04,1,10.5,10.63,10.49,10.62,69541547.0,760107689.0,19405600653.0,0.0035835812682896,44.64271586946063,30.5435537683845,72.8410400716129,10.628541666666663,0.0046874999999992,-0.1549254493426044,-0.144449697703273,-0.0104757516393314,100.0,31.578947368420963,10.92,10.72,60.397348296469815,48.30429620216776,7.773098151286443,9.753223975126067,11.73334979896569,13.713475622805314,15.693601446644935,2.151009364182291,212882922632.06,212879439163.41,4.937217,4.99338359,0.47178257,-1.185309422618,-104.40555303,1.56784029,-1
2026-02-05,1,10.63,10.76,10.61,10.74,117759109.0,1301134142.0,19405600653.0,0.0060683052849381,61.579992397822274,40.889033311530426,102.96191057040596,10.653645833333332,0.0251041666666669,-0.1347257177480987,-0.1425049017122381,0.0077791839641394,100.0,51.21951219512192,10.91,10.7,75.67460656719089,60.397348296469815,7.77587011896663,9.756702076278334,11.737534033590038,13.71836599090174,15.699197948213444,2.1517764365029084,215211632815.82,215208111241.77,4.99122484,5.04800584,0.47694337,-1.19827543194,-105.54763748,1.58499078,-1
2026-02-06,1,10.73,10.79,10.64,10.7,72770959.0,803862241.0,19405600653.0,0.00374999776102,68.00368287514392,49.92724983273492,104.15654895996194,10.669999999999998,0.016354166666666,-0.1205552645871819,-0.1381149742872269,0.017559709700045,83.99999999999963,48.10126582278474,10.9,10.69,83.43156916216415,75.67460656719089,7.7749528140430595,9.75555109629597,11.736149378548884,13.716747660801795,15.697345943054708,2.15152259544211,214435396087.9,214431887215.65,4.97322223,5.02979842,0.4752231,-1.193953429633,-105.16694266,1.57927395,-1
2026-02-09,1,10.7,10.76,10.66,10.72,61971670.0,685218215.0,19405600653.0,0.0031934940385583,73.70458290967052,57.85302752504679,105.40769367891797,10.682291666666666,0.0122916666666679,-0.1064837669302001,-0.1317887328158215,0.0253049658856214,84.61538461538504,50.63291139240516,10.89,10.68,90.63367268754472,83.43156916216415,7.775412287341889,9.756127616224944,11.736842945108,13.717558273991054,15.698273602874108,2.1516497431185115,214823514451.86,214819999228.71,4.98222354,5.03890213,0.47608324,-1.196114431987,-105.35729007,1.58213236,-1
2026-02-10,1,10.72,10.75,10.67,10.71,60042999.0,664140162.0,19405600653.0,0.0030941067001045,76.79596307453222,64.16733937487527,102.05321047384616,10.683749999999998,0.001458333333332,-0.0950433198550122,-0.1244396502236596,0.0293963303686474,87.50000000000028,50.000000000000114,10.88,10.68,91.0312253098691,90.63367268754472,7.775182766221009,9.75583962669292,11.736496487164832,13.717153347636742,15.697810208108653,2.151586228922411,214629455269.88,214625943222.18,4.97772288,5.03435027,0.47565317,-1.19503392961,-105.26211637,1.58070316,-1
2026-02-11,1,10.71,10.74,10.67,10.72,43104098.0,476801864.0,19405600653.0,0.0022212194701294,78.0491605682068,68.79461310598577,96.55825549264888,10.692916666666664,0.0091666666666672,-0.0841991710655616,-0.11639155439204,0.0321923833264784,100.0,58.82352941176478,10.87,10.68,90.9361509894737,91.0312253098691,7.775412287341889,9.756127616224944,11.736842945108,13.717558273991054,15.698273602874108,2.1516497431185115,214823514451.86,214819999228.71,4.98222354,5.03890213,0.47608324,-1.196114431987,-105.35729007,1.58213236,-1
2026-02-12,1,10.72,10.73,10.58,10.61,68134024.0,748338547.0,19405600653.0,0.0035110494757845,68.69944037880454,68.76288886359202,68.57254340922958,10.67875,-0.0141666666666662,-0.0835184371585509,-0.1098169309453422,0.0262984937867913,21.428571428570883,46.03174603174597,10.86,10.68,80.80637822704782,90.9361509894737,7.772864408795773,9.75293068886882,11.732996968941867,13.713063249014914,15.69312952908796,2.150944681828299,212688863450.08,212685383156.88,4.93271635,4.98883174,0.47135251,-1.184228922641,-104.31037933,1.56641108,-1
2026-02-13,1,10.61,10.64,10.55,10.56,55504736.0,607501376.0,19405600653.0,0.0028602431325112,57.83666395624016,65.12081389447474,43.26836407977101,10.654479166666665,-0.0242708333333343,-0.0860219255543857,-0.1050579298671509,0.0190360043127652,5.882352941176348,47.05882352941183,10.85,10.67,69.13314289953854,80.80637822704782,7.771689300619924,9.751456232608138,11.73122316459635,13.710990096584563,15.690757028572778,2.150619500203034,211718567540.18,211715103124.23,4.91021308,4.96607247,0.46920218,-1.178826417957,-103.83451081,1.55926505,-1
2026-02-24,1,10.58,10.6,10.53,10.56,60251240.0,657487700.0,19405600653.0,0.0031048376743074,46.33555374860461,58.85906051251803,21.288540220777776,10.628645833333334,-0.0258333333333311,-0.0870030412428111,-0.1014469521422829,0.0144439108994718,37.500000000001386,50.0,10.83,10.66,61.887877692859774,69.13314289953854,7.771689300619924,9.751456232608138,11.73122316459635,13.710990096584563,15.690757028572778,2.150619500203034,211718567540.18,211715103124.23,4.91021308,4.96607247,0.46920218,-1.178826417957,-103.83451081,1.55926505,-1
2026-02-25,1,10.56,10.6,10.44,10.51,106313487.0,1156693737.0,19405600653.0,0.0054784950438297,37.55703583240311,51.75838561914639,9.154336258916558,10.607083333333334,-0.0215624999999999,-0.0907688379645925,-0.0993113293067448,0.0085424913421523,58.33333333333309,39.5833333333332,10.82,10.65,58.44928495591854,61.887877692859774,7.77050337192584,9.74996819940094,11.729433026876038,13.708897854351136,15.688362681826234,2.1502913242715613,210748271630.28,210744823091.58,4.88770981,4.9433132,0.46705185,-1.173423913272,-103.35864229,1.55211901,-1
2026-02-26,1,10.51,10.56,10.46,10.52,71273019.0,772947727.0,19405600653.0,0.0036728066435285,32.657071507316374,45.39128091520305,7.188652691543027,10.591562499999998,-0.0155208333333352,-0.0918871249920343,-0.0978264884438027,0.0059393634517684,66.66666666666617,47.61904761904746,10.81,10.64,59.85544673676915,58.44928495591854,7.770741436826901,9.750266909163182,11.729792381499465,13.709317853835744,15.688843326172025,2.1503572027438898,210942330812.26,210938879098.11,4.89221046,4.94786505,0.46748191,-1.174504413249,-103.45381599,1.55354822,-1
2026-02-27,1,10.51,10.57,10.49,10.55,61222796.0,666177346.0,19405600653.0,0.003154903426838,33.22971433821103,41.33742538953904,17.014292235555004,10.581979166666668,-0.0095833333333317,-0.0893229666802888,-0.0961257840910999,0.0068028174108111,100.0,54.76190476190487,10.8,10.63,68.92315819142405,59.85544673676915,7.771452978950909,9.751159710150398,11.730866441349884,13.710573172549372,15.69027990374886,2.15055410412632,211524508358.2,211521047117.7,4.90571243,4.96152061,0.46877211,-1.17774591798,-103.73933711,1.55783584,-1
2026-03-02,1,10.5,10.54,10.43,10.5,83887355.0,908747812.0,19405600653.0,0.0043228424875903,29.44480955880738,37.37322011262849,13.58798845116516,10.57125,-0.0107291666666675,-0.0902846891804287,-0.0949575651089657,0.0046728759285369,58.33333333333309,42.8571428571428,10.79,10.62,68.82804971905186,68.92315819142405,7.770264868195817,9.74966893902206,11.729073009848303,13.708477080674545,15.687881151500788,2.150225324364357,210554212448.3,210550767085.05,4.88320916,4.93876135,0.46662178,-1.172343413296,-103.26346859,1.55068981,-1
2026-03-03,1,10.5,10.6,10.46,10.53,102869483.0,1119402076.0,19405600653.0,0.0053010203002449,30.382561211247875,35.04300047883495,21.06168267607373,10.563645833333332,-0.0076041666666668,-0.0876161277297651,-0.0934892776331256,0.0058731499033604,83.33333333333235,49.99999999999979,10.78,10.61,73.6556183562553,68.82804971905186,7.770979048239219,9.750565049914565,11.730151051589909,13.709737053265252,15.689323054940596,2.150422955724617,211136389994.24,211132935104.64,4.89671112,4.95241691,0.46791198,-1.175584915626,-103.5489897,1.55497743,-1
2026-03-04,1,10.49,10.49,10.33,10.37,108971396.0,1167995856.0,19405600653.0,0.0056154611211765,23.58837414083184,31.22479169950058,8.31553902349436,10.530208333333333,-0.0334374999999997,-0.0972904328299026,-0.094249508672481,-0.0030409241574216,19.999999999999645,11.904761904761653,10.77,10.59,65.4976398288641,73.6556183562553,7.774376118720434,9.754827493102304,11.735278867484173,13.71573024186604,15.696181616247909,2.151363009519599,207837383900.58,207833982993.63,4.82020001,4.87503539,0.46060085,-1.15721640162,-101.93103673,1.5306809,-1
2026-03-05,1,10.38,10.49,10.36,10.47,71264118.0,768553598.0,19405600653.0,0.003672347961514,30.77934620141481,31.076309866805328,30.18541887063379,10.518229166666666,-0.0119791666666664,-0.095784085739357,-0.0945564240858562,-0.0012276616535008,70.00000000000054,35.71428571428581,10.76,10.58,68.95165434484026,65.4976398288641,7.776734107818577,9.757786158406342,11.738838208994103,13.719890259581868,15.70094231016963,2.1520155236821665,209777975720.38,209774543058.93,4.86520654,4.92055393,0.46490152,-1.168021408588,-102.88277377,1.54497298,-1
2026-03-06,1,10.44,10.49,10.43,10.48,47657680.0,514733550.0,19405600653.0,0.002455872449,39.03808265279513,33.73023412880193,49.65377970078153,10.505937499999998,-0.0122916666666679,-0.0927146219420418,-0.0941880636570933,0.0014734417150515,100.0,38.09523809523814,10.75,10.57,72.86065182338552,68.95165434484026,7.776967498333372,9.75807900302507,11.739190507716769,13.720302012408467,15.701413517100166,2.15208010863569,209972034902.36,209968599065.46,4.8697072,4.92510578,0.46533158,-1.169101910965,-102.97794748,1.54640218,-1
2026-03-09,1,10.45,10.48,10.4,10.42,83589238.0,900716851.0,19405600653.0,0.0043074800669505,37.13649954630787,34.86565593463724,41.67818676964912,10.496458333333331,-0.0094791666666669,-0.0940395192866851,-0.0941583547830117,0.0001188354963265,50.0,21.95121951219508,10.73,10.55,76.34488126002768,72.86065182338552,7.775560599896098,9.756313710048971,11.737066820201846,13.71781993035472,15.698573040507595,2.151690784886764,208807679810.48,208804263026.28,4.84270327,4.89779466,0.46275118,-1.162618903904,-102.40690525,1.53782694,-1
2026-03-10,1,10.43,10.47,10.39,10.47,79011168.0,850573536.0,19405600653.0,0.004071565184342,42.04161698148929,37.25764295025459,51.609565043958696,10.491041666666666,-0.0054166666666652,-0.0900172648497346,-0.0933301367963563,0.0033128719466216,88.88888888888911,34.146341463414764,10.72,10.54,87.1816980368681,76.34488126002768,7.776734107818577,9.757786158406342,11.738838208994103,13.719890259581868,15.70094231016963,2.1520155236821665,209777975720.38,209774543058.93,4.86520654,4.92055393,0.46490152,-1.168021408588,-102.88277377,1.54497298,-1
2026-03-11,1,10.45,10.55,10.43,10.54,72053464.0,781041009.0,19405600653.0,0.003713024156707,53.95367058025205,42.82298549358708,76.21504075358199,10.496562499999998,0.0055208333333318,-0.0802560425432954,-0.0907153179457441,0.0104592754024486,100.0,51.21951219512171,10.71,10.53,98.8798181944928,87.1816980368681,7.771216239122024,9.750862663010375,11.730509086898726,13.710155510787075,15.689801934675428,2.150488592334381,211330449176.22,211326991111.17,4.90121177,4.95696876,0.46834204,-1.176665415603,-103.6441634,1.55640663,-1
2026-03-12,1,10.52,10.61,10.5,10.59,75490558.0,824171954.0,19405600653.0,0.0038901428175236,66.92149467254903,50.8558218865744,99.05284024449828,10.5203125,0.0237500000000014,-0.0677051584850509,-0.0861132860536054,0.0184081275685545,100.0,63.41463414634139,10.71,10.53,108.03240019174191,98.8798181944928,7.772395657649594,9.752342527645547,11.732289397641498,13.71223626763745,15.692183137633402,2.150814966741048,212300745086.12,212297271143.82,4.92371504,4.97972803,0.47049238,-1.182067920287,-104.12003192,1.56355267,-1
2026-03-13,1,10.58,10.65,10.52,10.58,84193915.0,920839356.0,19405600653.0,0.0043386399888108,70.655996448366,57.455880073838266,97.05622919742144,10.5365625,0.0162499999999994,-0.0578979968042592,-0.0804702282037362,0.022572231399477,93.75000000000014,60.97560975609754,10.71,10.53,110.92435917248238,108.03240019174191,7.772160630876672,9.752047629946864,11.731934629017053,13.711821628087243,15.691708627157432,2.1507499289942515,212106685904.14,212103215137.29,4.91921439,4.97517618,0.47006231,-1.180987420311,-104.02485822,1.56212346,-1
2026-03-16,1,10.58,10.62,10.53,10.57,71560301.0,782089441.0,19405600653.0,0.0036876107202039,72.103997632244,62.33858592664018,91.63482104345168,10.544479166666664,0.0079166666666665,-0.0503522376890614,-0.0744466301008013,0.0240943924117398,77.77777777777821,61.53846153846151,10.7,10.53,110.89532616151924,110.92435917248238,7.7719251894657155,9.751752211984888,11.73157923450406,13.711406257023231,15.691233279542406,2.15068477650681,211912626722.16,211909159130.76,4.91471373,4.97062432,0.46963224,-1.179906917933,-103.92968451,1.56069426,-1
2026-03-17,1,10.56,10.72,10.55,10.68,107665681.0,1187565492.0,19405600653.0,0.0055481756491446,77.69896138445888,67.45871107924641,98.17946199488384,10.5675,0.0230208333333337,-0.0350915747049143,-0.0665756190216239,0.0314840443167095,100.0,89.74358974358952,10.71,10.54,116.05376660315063,110.89532616151924,7.774491674476084,9.754972485632248,11.735453296788412,13.715934107944577,15.696414919100738,2.1513949866679183,214047277723.94,214043775202.59,4.96422092,5.02069471,0.47436297,-1.191792427279,-104.97659525,1.57641553,-1
2026-03-18,1,10.69,10.69,10.56,10.61,79107940.0,867711250.0,19405600653.0,0.0040765519921059,74.02152981186136,69.6463173234514,82.77195478868128,10.578020833333332,0.0105208333333326,-0.0283193564158548,-0.05892436650047,0.0306050100846152,53.33333333333326,71.79487179487153,10.7,10.54,110.26187518729768,116.05376660315063,7.772864408795773,9.75293068886882,11.732996968941867,13.713063249014914,15.69312952908796,2.150944681828299,212688863450.08,212685383156.88,4.93271635,4.98883174,0.47135251,-1.184228922641,-104.31037933,1.56641108,-1
2026-03-19,1,10.57,10.62,10.51,10.53,62421195.0,681086519.0,19405600653.0,0.0032166587428124,63.48910068265493,67.59391177651925,55.27947849492628,10.572083333333332,-0.0059374999999999,-0.0290725260592878,-0.0529539984122336,0.0238814723529457,11.764705882352697,51.28205128205102,10.7,10.55,95.6294048945714,110.26187518729768,7.770979048239219,9.750565049914565,11.730151051589909,13.709737053265252,15.689323054940596,2.150422955724617,211136389994.24,211132935104.64,4.89671112,4.95241691,0.46791198,-1.175584915626,-103.5489897,1.55497743,-1
2026-03-20,1,10.52,10.59,10.42,10.43,83408256.0,903819004.0,19405600653.0,0.0042981537903133,46.3664711621739,60.51809823840413,18.06321700971345,10.54302083333333,-0.0290625000000019,-0.0373085133746915,-0.0498249014047252,0.0125163880300336,5.263157894736744,28.5714285714285,10.69,10.54,81.62551166275787,95.6294048945714,7.7757961635420605,9.756609281384206,11.73742239922635,13.718235517068493,15.699048634910636,2.1517559711996683,209001738992.46,208998319032.81,4.84720393,4.90234652,0.46318125,-1.163699406281,-102.50207896,1.53925615,-1
2026-03-23,1,10.34,10.34,10.1,10.12,158008833.0,1666328348.0,19405600653.0,0.0081424345386378,31.98624959198688,51.00748202293172,-6.056215269902808,10.469479166666664,-0.0735416666666655,-0.0680653864750837,-0.0534729984187969,-0.0145923880562868,4.651162790697579,3.448275862068892,10.68,10.53,69.78315128917562,81.62551166275787,7.688254849316674,9.646767616182052,11.605280383047427,13.563793149912806,15.522305916778182,2.1275311147799063,202791845169.1,202788526823.85,4.75668719,4.75668719,0.44941913,-1.141968470649,0.64203485,1.54282379,-1
2026-03-24,1,10.18,10.54,10.18,10.53,162225127.0,1744746708.0,19405600653.0,0.0083597065558968,44.44244596455034,48.81913667013793,35.68906455337516,10.466979166666665,-0.0024999999999995,-0.0586804250981813,-0.0545144837546738,-0.0041659413435075,100.0,74.1379310344827,10.68,10.52,81.70184075795493,69.78315128917562,7.683569499563799,9.640888716333858,11.598207933103916,13.555527149873974,15.512846366644034,2.12623456210596,211136389994.24,211132935104.64,4.95241691,4.95241691,0.46791198,-1.18895856272,0.66845351,1.60630841,-1
2026-03-25,1,10.54,10.6,10.45,10.59,74477991.0,809739890.0,19405600653.0,0.0038379637060338,55.97238333120557,51.20355222382714,65.51004554596243,10.478749999999998,0.0117708333333332,-0.0458724875510565,-0.0527860845139503,0.0069135969628938,100.0,84.48275862068968,10.67,10.52,95.80556927501712,81.70184075795493,7.684970176252778,9.642646202628056,11.600322229003336,13.557998255378614,15.515674281753894,2.1266221641425664,212300745086.12,212297271143.82,4.97972803,4.97972803,0.47049238,-1.19551531886,0.67213984,1.61516673,-1
2026-03-26,1,10.56,10.7,10.55,10.59,82766409.0,909199431.0,19405600653.0,0.0042650784420426,63.65900824230906,55.35537089665445,80.2662829336183,10.519374999999997,0.0406249999999985,-0.0353150152557173,-0.0492918706623037,0.0139768554065864,100.0,84.48275862068968,10.67,10.52,103.08009306347992,95.80556927501712,7.684970176252778,9.642646202628056,11.600322229003336,13.557998255378614,15.515674281753894,2.1266221641425664,212300745086.12,212297271143.82,4.97972803,4.97972803,0.47049238,-1.19551531886,0.67213984,1.61516673,-1
2026-03-27,1,10.56,10.7,10.48,10.67,88412862.0,972821270.0,19405600653.0,0.004556048719179,73.0845001185286,61.26508063727916,96.72333908102748,10.540729166666663,0.0213541666666685,-0.0202592746795335,-0.0434853514657497,0.0232260767862161,100.0,98.27586206896557,10.67,10.52,112.7373737164139,103.08009306347992,7.686814014144723,9.644959741397797,11.603105468650863,13.561251195903935,15.519396923157004,2.127132399893412,213853218541.96,213849719196.06,5.01614286,5.01614286,0.4739329,-1.20425766118,0.67705494,1.62697782,-1
2026-03-30,1,10.63,10.7,10.59,10.64,63252210.0,696208267.0,19405600653.0,0.0032594822047016,78.72300007901913,67.08438711785915,102.00022600133909,10.55552083333333,0.0147916666666656,-0.0106257540038381,-0.0369134319733674,0.0262876779695292,84.21052631578976,93.10344827586222,10.67,10.53,115.8800409464734,112.7373737164139,7.686125718779936,9.644096109069585,11.602066499359228,13.560036889648874,15.51800727993852,2.126941931466773,213271040996.02,213267551176.47,5.0024873,5.0024873,0.47264271,-1.20097928311,0.67521178,1.62254866,-1
2026-03-31,1,10.65,10.82,10.64,10.73,116456534.0,1294675716.0,19405600653.0,0.0060011816218631,81.6486667193461,71.93914698502147,101.06770618799536,10.598020833333331,0.0425000000000022,0.0042224545483868,-0.0286862546690165,0.0329087092174034,100.0,100.0,10.67,10.54,117.95654367982836,115.8800409464734,7.68817942318173,9.6466729759275,11.605166528673273,13.563660081419044,15.522153634164813,2.1275102424945693,215017573633.84,215014055235.24,5.04345398,5.04345398,0.46331707,-1.210814417319,0.68074126,1.63583614,-1
2026-04-01,1,10.74,10.87,10.73,10.79,91892539.0,1025538833.0,19405600653.0,0.0047353617464963,84.30257434969393,76.0602894399123,100.78714416925718,10.62625,0.0282291666666658,0.0205938720232268,-0.0188302293305678,0.0394241013537947,100.0,100.0,10.68,10.55,121.46460418478804,117.95654367982836,7.682633675040464,9.639714499052683,11.596795323064905,13.553876147077125,15.510956971089344,2.1259755962118274,216375987907.7,216372447280.95,5.07531696,5.07531696,0.46624416,-1.21846396775,0.68504197,1.64617084,-1
2026-04-02,1,10.79,10.96,10.78,10.91,114889522.0,1292756712.0,19405600653.0,0.0059204311195715,87.59706507033856,79.90588131672105,102.9794325775736,10.670625,0.0443750000000005,0.0427584427283207,-0.0065124949187901,0.0492709376471108,100.0,100.0,10.69,10.58,126.45038571405968,121.46460418478804,7.685362965627351,9.643139051511564,11.60091513739578,13.558691223279991,15.516467309164206,2.1267308587205087,218704698091.46,218701119359.31,5.1299392,5.1299392,0.47126203,-1.231577480029,0.69241462,1.66388748,-1
2026-04-03,1,10.92,10.92,10.74,10.77,75775733.0,845283641.0,19405600653.0,0.003904838317297,83.61171859390087,81.14116040911432,88.55283496347397,10.687604166666665,0.0169791666666636,0.0484684802581991,0.0044837001166077,0.0439847801415914,22.222222222221784,82.716049382716,10.69,10.6,117.99247688382002,126.45038571405968,7.689081499841138,9.647804848384364,11.606528196927592,13.565251545470815,15.523974894014042,2.1277598695163604,215793810361.76,215790279261.36,5.0616614,5.0616614,0.46498969,-1.21518558968,0.68319881,1.64174168,-1
2026-04-07,1,10.77,10.79,10.62,10.68,60795521.0,671322755.0,19405600653.0,0.0031328852987913,70.77382546782933,77.68538209535267,56.95071221278263,10.683541666666663,-0.004062499999998,0.0452103218527391,0.0126290244638339,0.0325812973889051,20.6896551724139,71.60493827160491,10.69,10.62,104.58186655968832,117.99247688382002,7.6870426190083965,9.645246581264448,11.603450543520498,13.56165450577655,15.5198584680326,2.12719566053838,214047277723.94,214043775202.59,5.02069471,5.02069471,0.46122628,-1.205350453069,0.67766933,1.62845421,-1
2026-04-08,1,10.76,10.86,10.7,10.86,81297589.0,906308305.0,19405600653.0,0.0041893879222662,73.571439200775,76.31406779716012,68.08618200800478,10.702604166666664,0.0190624999999986,0.0565013906592586,0.0214034977029189,0.0350978929563397,100.0,93.82716049382708,10.69,10.63,108.0122546509634,104.58186655968832,7.684232846043016,9.64172104427556,11.599209242508104,13.556697440740647,15.514185638973194,2.1264181265561595,217734402181.56,217730839326.66,5.10717994,5.10717994,0.46917125,-1.22611351818,0.68934269,1.65650555,-1
2026-04-09,1,10.81,10.86,10.71,10.75,60236493.0,669239285.0,19405600653.0,0.0031040777390566,67.79762613384996,73.47525390939006,56.44237058276974,10.717812499999996,0.0152083333333337,0.0559288503719521,0.0283085682367255,0.0276202821352265,54.16666666666694,80.2469135802469,10.7,10.65,103.2515883923696,108.0122546509634,7.688631274193328,9.647239931861124,11.60584858952892,13.564457247196714,15.52306590486451,2.1276352808947343,215405691997.8,215402167248.3,5.05255769,5.05255769,0.46415338,-1.213000003499,0.68197004,1.63878891,1
2026-04-10,1,10.75,10.78,10.72,10.74,48104693.0,534088991.0,19405600653.0,0.0024789077060886,58.711930936080144,68.55414625162008,39.027500305000274,10.7278125,0.0100000000000015,0.054045192307857,0.0334558930509518,0.0205892992569052,25.00000000000056,79.01234567901237,10.7,10.67,101.05880092086412,103.2515883923696,7.688405544792317,9.646956699955007,11.605507855117695,13.56405901028038,15.52261016544307,2.1275728159617184,215211632815.82,215208111241.77,5.04800584,5.04800584,0.46373522,-1.21190721161,0.68135565,1.63731252,1
2026-04-13,1,10.7,10.74,10.68,10.72,40610413.0,449056814.0,19405600653.0,0.0020927161042923,48.94520885934764,62.01783378752927,22.79995900298437,10.7140625,-0.0137499999999999,0.050358050607409,0.0368363245622433,0.0135217260451657,57.14285714285823,76.54320987654329,10.71,10.68,91.43860619195624,101.05880092086412,7.687952877782923,9.646388720155594,11.604824562528265,13.563260404900936,15.521696247273606,2.127447551754692,214823514451.86,214819999228.71,5.03890213,5.03890213,0.46289891,-1.20972162543,0.68012687,1.63435975,1
2026-04-14,1,10.72,10.81,10.72,10.81,49615109.0,551741633.0,19405600653.0,0.0025567417307605,51.25759021995729,58.43108593167194,36.91059879652799,10.728854166666665,0.0147916666666656,0.0540748706357483,0.0402840337769443,0.013790836858804,100.0,87.65432098765437,10.72,10.69,97.1731160783016,91.43860619195624,7.683092624119948,9.640290361222217,11.597488098324485,13.554685835426753,15.51188357252902,2.1261025988237123,216764106271.66,216760559294.01,5.08442067,5.08442067,0.46708047,-1.22064955393,0.68627075,1.64912362,1
2026-04-15,1,10.8,10.86,10.79,10.85,50393793.0,564031568.0,19405600653.0,0.0025968684969413,56.72074642114793,57.86097276149727,54.44029374044925,10.752083333333331,0.0232291666666668,0.0595615544683703,0.0441395379152295,0.0154220165531407,100.0,92.59259259259254,10.73,10.7,108.07068099930092,97.1731160783016,7.68400562441149,9.641435940006822,11.598866255602152,13.556296571197482,15.513726886792812,2.126355248685889,217540342999.58,217536783320.13,5.10262808,5.10262808,0.4687531,-1.225020723889,0.6887283,1.65502916,1
2026-04-16,1,10.84,10.87,10.72,10.74,68091460.0,758006903.0,19405600653.0,0.0035088560883825,51.14716428076537,55.6230366012533,42.19541963978951,10.752395833333331,0.0003125000000014,0.0544065454544018,0.0461929394230639,0.0082136060313378,15.384615384615174,79.01234567901237,10.73,10.71,99.74120417028756,108.07068099930092,7.688405544792317,9.646956699955007,11.605507855117695,13.56405901028038,15.52261016544307,2.1275728159617184,215211632815.82,215208111241.77,5.04800584,5.04800584,0.46373522,-1.21190721161,0.68135565,1.63731252,1
2026-04-17,1,10.74,10.76,10.64,10.66,72253042.0,797678406.0,19405600653.0,0.0037233087133961,39.4314428538437,50.2258386854501,17.842651190630903,10.735520833333332,-0.0168750000000006,0.0433659367345775,0.0456275388853666,-0.0022616021507891,9.523809523809362,69.13580246913583,10.73,10.72,86.41385827212163,99.74120417028756,7.686584994013708,9.64467238047823,11.602759766942752,13.560847153407275,15.518934539871797,2.127069024333652,213659159359.98,213655663189.53,5.01159101,5.01159101,0.46038997,-1.20316486929,0.67644055,1.62550143,1
2026-04-20,1,10.66,10.72,10.61,10.71,63003366.0,695097194.0,19405600653.0,0.0032466588963975,39.108141389742144,46.51993958688078,24.28454499546487,10.722395833333334,-0.0131249999999987,0.0382102924471414,0.0441440895977216,-0.0059337971505801,76.92307692307756,75.30864197530875,10.73,10.72,83.44372028945114,86.41385827212163,7.687725937988817,9.646103969519784,11.604482001050751,13.56286003258172,15.521238064112689,2.1273847518758364,214629455269.88,214625943222.18,5.03435027,5.03435027,0.46248075,-1.208628831139,0.67951249,1.63288337,1
2026-04-21,1,10.69,10.8,10.68,10.73,80694634.0,896659539.0,19405600653.0,0.0041583167376746,41.45670964444362,44.832196272735054,34.70573638786075,10.718749999999998,-0.0036458333333353,0.0353309666669883,0.0423814650115749,-0.0070504983445866,100.0,77.77777777777783,10.73,10.72,82.98328392174469,83.44372028945114,7.68817942318173,9.6466729759275,11.605166528673273,13.563660081419044,15.522153634164813,2.1275102424945693,215017573633.84,215014055235.24,5.04345398,5.04345398,0.46331707,-1.210814417319,0.68074126,1.63583614,1
2026-04-22,1,10.73,10.74,10.6,10.63,83905399.0,923203009.0,19405600653.0,0.0043237723222459,31.34151013333293,40.33530089293435,13.353928614130098,10.706041666666664,-0.0127083333333342,0.0246952445695249,0.0388442209231649,-0.01414897635364,23.07692307692381,61.64383561643847,10.73,10.72,73.85296283316744,82.98328392174469,7.68589546142677,9.643807195756816,11.60171893008686,13.559630664416906,15.51754239874695,2.126878213536908,213076981814.04,213073495169.94,4.99793544,4.99793544,0.4591355,-1.199886488819,0.67459739,1.62107227,1
2026-04-23,1,10.63,10.68,10.58,10.65,64806661.0,711757543.0,19405600653.0,0.003339585419634,28.94031710038293,36.53697296208387,13.74700537698105,10.693333333333332,-0.0127083333333324,0.0176764281732833,0.0346106623731886,-0.0169342341999053,46.66666666666674,43.47826086956537,10.72,10.72,70.77336122316667,73.85296283316744,7.6863555728338975,9.644384516346353,11.602413459858806,13.56044240337126,15.518471346883713,2.127005537793728,213465100178.0,213461607183.0,5.00703915,5.00703915,0.45997182,-1.202072074999,0.67582616,1.62402505,1
2026-04-24,1,10.63,10.68,10.57,10.65,58271012.0,639781173.0,19405600653.0,0.0030027935255377,28.18243362247755,33.75212651554843,17.043047836335788,10.680833333333332,-0.0124999999999992,0.0119759147212619,0.0300837128428033,-0.0181077981215413,100.0,39.53488372093024,10.72,10.71,68.90142569296262,70.77336122316667,7.6863555728338975,9.644384516346353,11.602413459858806,13.56044240337126,15.518471346883713,2.127005537793728,213465100178.0,213461607183.0,5.00703915,5.00703915,0.45997182,-1.202072074999,0.67582616,1.62402505,1
2026-04-27,1,10.97,11.2,10.93,11.02,340127567.0,3891707615.0,19405600653.0,0.0175272888008966,42.59781289117552,36.700688640757456,54.39206139201163,10.74333333333333,0.0624999999999982,0.0368888923332537,0.0314447487408934,0.0054441435923603,100.0,100.0,10.73,10.72,77.41264073557772,68.90142569296262,7.7648131987486115,9.74282850653014,11.720843814311667,13.698859122093197,15.676874429874722,2.1487167119934427,220839349093.24,220835735431.14,5.12864257,5.1800096,0.47586175,-1.23126618973,1.15796087,1.6603214,1
2026-04-28,1,11.0,11.09,10.96,11.09,167425883.0,1908333959.0,19405600653.0,0.0086277093914182,55.91176944067788,43.10438224073093,81.52654384057178,10.80895833333333,0.0656249999999989,0.0615712663331535,0.0374700522593454,0.0241012140738081,100.0,100.0,10.74,10.74,87.58579439352518,77.41264073557772,7.759587020905759,9.736271007571151,11.712954994236542,13.689638980901933,15.666322967567323,2.147270498751301,222391822549.08,222388183483.38,5.1646963,5.21642443,0.479207,-1.239921840452,1.16610119,1.67199325,1
2026-04-29,1,11.07,11.17,11.03,11.15,137842344.0,1583294869.0,19405600653.0,0.0071032248094155,67.96234364828267,51.39036937658151,101.10629219168496,10.882916666666665,0.0739583333333335,0.0849939665742933,0.046974835122335,0.0380191314519583,100.0,100.0,10.76,10.76,98.79290234868868,87.58579439352518,7.760935393295831,9.737962865523578,11.714990337751324,13.692017809979069,15.669045282206817,2.147643626889014,223556177640.96,223552519522.56,5.19173659,5.24373555,0.48171594,-1.246413576693,1.17220643,1.68074714,1
2026-04-30,1,11.13,11.23,11.09,11.12,113924162.0,1312827776.0,19405600653.0,0.0058706846563076,73.08600687663284,58.62224854326528,102.01352354336797,10.92364583333333,0.0407291666666669,0.0999833303920034,0.0575765341762687,0.0424067962157347,84.21052631578884,94.82758620689636,10.77,10.79,100.31028499409936,98.79290234868868,7.760262974870939,9.73711915464082,11.7139753344107,13.690831514180584,15.667687693950464,2.1474575520060726,222974000095.02,222970351502.97,5.17821644,5.23007999,0.48046147,-1.243167707372,1.16915381,1.6763702,1
2026-05-06,1,11.13,11.13,10.94,11.0,121638755.0,1380730921.0,19405600653.0,0.0062682293207551,70.44117630159359,62.56189112937472,86.19974664603131,10.937291666666663,0.0136458333333351,0.1010150732076802,0.066264241982551,0.0347508312251292,28.571428571428694,74.1379310344827,10.79,10.82,89.86162922438905,100.31028499409936,7.764366611914394,9.742268155775047,11.720169699635704,13.698071243496358,15.675972787357011,2.148593130321936,220451230729.28,220447623418.08,5.11962914,5.17090589,0.47502544,-1.22910227765,1.15592579,1.65740343,1
2026-05-07,1,11.01,11.03,10.94,11.01,93695806.0,1062755239.0,19405600653.0,0.0048282868268504,69.18300642328458,64.768929560678,78.01116014849774,10.950104166666664,0.012812499999999,0.1014699705908146,0.0733053877042037,0.0281645828866109,38.88888888888911,75.86206896551715,10.8,10.84,82.12386907459569,89.86162922438905,7.764590109296185,9.74254858707542,11.720507064854653,13.698465542633883,15.676424020413116,2.148654977599784,220645289911.26,220641679424.61,5.12413585,5.17545774,0.4754436,-1.23018423249,1.15694333,1.65886242,1
2026-05-08,1,10.98,11.06,10.94,10.94,79881986.0,905737835.0,19405600653.0,0.0041164397551204,64.80887296905836,64.78224403013813,64.8621308468988,10.939791666666665,-0.0103124999999995,0.0950859731492137,0.0776615047932057,0.017424468356008,0.0,63.79310344827572,10.8,10.86,68.91439829045659,82.12386907459569,7.763017381627062,9.740575221383864,11.718133061140666,13.695690900897468,15.673248740654268,2.1482197647827386,219286875637.4,219283287378.9,5.09258884,5.14359477,0.4725165,-1.222610539008,1.14982055,1.64864954,1
2026-05-11,1,10.93,10.95,10.8,10.92,93186521.0,1047435369.0,19405600653.0,0.0048020425992634,60.88268298947323,63.4823903499165,55.68326826858669,10.931770833333331,-0.0080208333333331,0.0874052233228965,0.0796102484991439,0.0077949748237526,57.14285714285703,60.344827586206826,10.81,10.88,67.85516101686663,68.91439829045659,7.762564443437656,9.740006901323808,11.717449359209958,13.694891817096108,15.67233427498226,2.1480944255334653,218898757273.44,218895175365.84,5.08357541,5.13449106,0.47168019,-1.220446626928,1.14778547,1.64573158,1
2026-05-12,1,10.92,11.0,10.85,10.89,102903842.0,1158241866.0,19405600653.0,0.0053027908715668,47.56519951236199,58.176660070731664,26.342278395622643,10.914062499999998,-0.0177083333333332,0.0779983085208222,0.0792878605034795,-0.0012895519826573,64.28571428571473,55.17241379310349,10.81,10.89,66.36500685307449,67.85516101686663,7.761882008911513,9.739150622829404,11.716419236747296,13.693687850665183,15.670956464583076,2.14790557894648,218316579727.5,218313007346.25,5.07005527,5.1208355,0.47042572,-1.217200760008,1.14473284,1.64135463,1
2026-05-13,1,10.89,10.92,10.76,10.79,101797392.0,1136724107.0,19405600653.0,0.0052457738268597,33.83779258270936,50.063704241390894,1.38596926534629,10.891354166666664,-0.0227083333333339,0.061762140986195,0.0757827166000226,-0.0140205756138276,18.749999999999584,37.93103448275842,10.82,10.89,58.183880904535926,66.36500685307449,7.766546265078378,9.745003055693031,11.723459846307687,13.70191663692234,15.680373427536994,2.1491962945011536,216181928725.72,216178391274.42,5.02048139,5.07076511,0.465826,-1.205299239966,1.1335399,1.62530583,1
2026-05-14,1,10.79,10.79,10.7,10.7,79436841.0,881960631.0,19405600653.0,0.0040935007589017,22.558528388472908,40.89531229041823,-14.11503941541774,10.861770833333331,-0.029583333333333,0.0411581676643528,0.0688578068128887,-0.0276996391485358,0.0,22.4137931034481,10.81,10.89,48.44659949699495,58.183880904535926,7.7644943685300865,9.7424284572228,11.72036254591551,13.698296634608225,15.676230723300934,2.148628483751333,214435396087.9,214431887215.65,4.97992095,5.02979842,0.4620626,-1.195561634404,1.12438204,1.612175,1
2026-05-15,1,10.7,10.76,10.61,10.64,97474176.0,1074648533.0,19405600653.0,0.0050229919569601,16.651922151455114,32.81418224409719,-15.672598033829033,10.823020833333327,-0.038750000000002,0.0197600897892407,0.0590382634081591,-0.0392781736189184,16.666666666667325,12.068965517241429,10.81,10.88,42.28470689831308,48.44659949699495,7.763107777369924,9.74068864461735,11.718269511864776,13.695850379112205,15.673431246359629,2.148244779530474,213271040996.02,213267551176.47,4.95288065,5.0024873,0.45955366,-1.189069895763,1.1182768,1.6034211,1
2026-05-18,1,10.61,10.62,10.48,10.51,85638157.0,931697164.0,19405600653.0,0.004413063967013,12.639742972764914,26.0893691536531,-14.259509389011455,10.76864583333333,-0.0543749999999985,-0.0076003426176338,0.0457105422030005,-0.0533108848206343,13.636363636363416,4.477611940298413,10.8,10.86,36.72175762087795,42.28470689831308,7.760050909004054,9.736853066929466,11.71365522485488,13.690457382780291,15.667259540705704,2.1473988681123903,210748271630.28,210744823091.58,4.89429335,4.9433132,0.45411763,-1.175004466041,1.10504877,1.58445434,1
2026-05-19,1,10.48,10.57,10.48,10.51,79352913.0,862561883.0,19405600653.0,0.0040891758219157,10.150633246211056,20.77645718450575,-11.101014630378335,10.721249999999998,-0.0473958333333328,-0.0289499652427611,0.0307784407138481,-0.0597284059566093,18.749999999999584,4.477611940298413,10.8,10.83,32.70005343589085,36.72175762087795,7.760050909004054,9.736853066929466,11.71365522485488,13.690457382780291,15.667259540705704,2.1473988681123903,210748271630.28,210744823091.58,4.89429335,4.9433132,0.45411763,-1.175004466041,1.10504877,1.58445434,1
2026-05-20,1,10.51,10.53,10.42,10.43,74763214.0,808079589.0,19405600653.0,0.0038526616793199,7.287922164140692,16.280278844384068,-10.69679119634606,10.666562499999996,-0.0546875000000017,-0.0517287298038411,0.0142770066103103,-0.0660057364141514,11.111111111110892,1.3698630136986,10.78,10.8,27.31460877875629,32.70005343589085,7.765336581488988,9.743485216247716,11.72163385100644,13.699782485765164,15.67793112052389,2.148861545000011,209001738992.46,208998319032.81,4.85373291,4.90234652,0.45035422,-1.165266860479,1.09589091,1.5713235,1
2026-05-21,1,10.44,10.46,10.35,10.36,111021108.0,1194144112.0,19405600653.0,0.0057210858857304,5.371435288914296,12.64399765922748,-9.173689451712068,10.615624999999996,-0.0509374999999998,-0.074569884604644,-0.0034923716326805,-0.0710775129719635,6.249999999999861,1.2499999999999722,10.76,10.77,22.87770992288651,27.31460877875629,7.763680546948636,9.741407322019668,11.7191340970907,13.696860872161729,15.67458764723276,2.1484032791021184,207643324718.6,207639926987.1,4.8221859,4.87048354,0.44742713,-1.157693166998,1.08876813,1.56111063,1
2026-05-22,1,10.36,10.39,10.31,10.34,95413273.0,1020057083.0,19405600653.0,0.0049167905032225,5.030232221595008,10.10607584668332,-5.121455028581618,10.56739583333333,-0.0482291666666654,-0.0932110185983816,-0.0214361010258207,-0.0717749175725608,24.99999999999963,3.571428571428496,10.74,10.73,21.20549404704433,22.87770992288651,7.763203404676667,9.74080863210788,11.71841385953909,13.696019086970304,15.673624314401511,2.1482712419819023,207255206354.64,207251814974.04,4.81317247,4.86137983,0.44659082,-1.155529254918,1.08673305,1.55819266,1
2026-05-25,1,10.34,10.42,10.3,10.34,66310295.0,709614128.0,19405600653.0,0.0034170699575716,5.504025782138565,8.572059158501736,-0.6320409705877772,10.52927083333333,-0.0381250000000008,-0.1067536618288205,-0.0384996131864207,-0.0682540486423997,66.66666666666667,4.705882352941078,10.72,10.69,21.317156235781155,21.20549404704433,7.763203404676667,9.74080863210788,11.71841385953909,13.696019086970304,15.673624314401511,2.1482712419819023,207255206354.64,207251814974.04,4.81317247,4.86137983,0.44659082,-1.155529254918,1.08673305,1.55819266,1
2026-05-26,1,10.37,10.48,10.32,10.45,83734690.0,900879538.0,19405600653.0,0.0043149754288618,13.873432154078706,10.339183490360726,20.941929481514663,10.521874999999998,-0.0073958333333319,-0.1073725001224268,-0.0522741905736219,-0.0550983095488048,100.0,17.647058823529253,10.7,10.66,39.644465131789815,21.317156235781155,7.765805789902665,9.744073951223209,11.72234211254375,13.70061027386429,15.678878435184831,2.1489913866245383,209389857356.42,209386431045.87,4.86274634,4.91145022,0.45119054,-1.167430772559,1.09792599,1.57424147,1
2026-05-27,1,10.42,10.5,10.38,10.42,83972718.0,905710898.0,19405600653.0,0.0043272413723003,17.94460694329881,12.874324641340086,28.08517154721625,10.511354166666663,-0.0105208333333344,-0.1090268890975032,-0.0636247302783982,-0.045402158819105,80.00000000000024,14.117647058823444,10.69,10.63,48.5323943199176,39.644465131789815,7.765101331187853,9.743190038079044,11.721278744970236,13.699367451861423,15.677456158752616,2.1487964453974047,208807679810.48,208804263026.28,4.84922619,4.89779466,0.44993607,-1.164184903239,1.09487337,1.56986452,-1
2026-05-28,1,10.42,10.45,10.29,10.32,90071107.0,963695781.0,19405600653.0,0.0046415005961732,14.993374325835685,13.580674536171951,17.818773905163145,10.488958333333333,-0.0223958333333325,-0.1170577991025076,-0.0743113440432201,-0.0427464550592875,18.750000000000693,3.4883720930233832,10.67,10.6,43.39146950608112,48.5323943199176,7.762724488160834,9.740207715979793,11.717690943798752,13.69517417161771,15.672657399436668,2.148138713884332,206867087990.68,206863702960.98,4.80415903,4.85227612,0.44575451,-1.153365340437,1.08469797,1.5552747,-1
2026-05-29,1,10.31,10.58,10.28,10.58,139936780.0,1515692068.0,19405600653.0,0.0072111542694436,43.32891621722379,23.49675509652257,82.99323845862625,10.504062499999998,0.0151041666666671,-0.1012750898573955,-0.0797040932060551,-0.0215709966513403,100.0,34.482758620689694,10.66,10.58,62.98955460710768,43.39146950608112,7.76170594712493,9.738929710909268,11.716153474693606,13.693377238477945,15.67060100226228,2.14785685827626,212106685904.14,212103215137.29,4.92584036,4.97517618,0.45704472,-1.182578159522,1.11217155,1.59466721,-1
2026-06-01,1,10.55,10.64,10.47,10.64,95459569.0,1042306456.0,19405600653.0,0.0049191762062382,62.2192774781492,36.404262557064776,113.84930732031803,10.533541666666665,0.0294791666666665,-0.0829692625017379,-0.0803571270651917,-0.0026121354365462,100.0,41.37931034482768,10.66,10.57,79.54045814380169,62.98955460710768,7.763107777369924,9.74068864461735,11.718269511864776,13.695850379112205,15.673431246359629,2.148244779530474,213271040996.02,213267551176.47,4.95288065,5.0024873,0.45955366,-1.189069895763,1.1182768,1.6034211,-1
2026-06-02,1,10.63,10.75,10.59,10.73,88542842.0,978159337.0,19405600653.0,0.0045627467854911,73.39441193578745,48.734312349972335,122.71461110741768,10.586666666666664,0.0531249999999996,-0.0605020842316168,-0.0763861184984767,0.0158840342668599,100.0,53.571428571428704,10.66,10.56,92.4524416045242,79.54045814380169,7.765182032646785,9.743291297498232,11.721400562349675,13.699509827201124,15.677619092052568,2.1488187774959435,215017573633.84,215014055235.24,4.9934411,5.04345398,0.46331707,-1.198807503725,1.12743466,1.61655194,-1
2026-06-03,1,10.68,10.71,10.57,10.64,82527172.0,906870268.0,19405600653.0,0.0042527501970026,74.4615228508087,57.31004918358445,108.7644701852572,10.598333333333333,0.0116666666666667,-0.0493895988720449,-0.0709868145731904,0.0215972157011454,65.38461538461542,49.31506849315082,10.65,10.56,98.22397838375028,92.4524416045242,7.763107777369924,9.74068864461735,11.718269511864776,13.695850379112205,15.673431246359629,2.148244779530474,213271040996.02,213267551176.47,4.95288065,5.0024873,0.45955366,-1.189069895763,1.1182768,1.6034211,-1
2026-06-04,1,10.56,10.62,10.43,10.48,86927083.0,943329311.0,19405600653.0,0.0044794842764406,63.82541239699309,59.48183692138733,72.51256334820461,10.580520833333331,-0.0178124999999997,-0.0528839240305352,-0.0673662364646593,0.0144823124341241,16.666666666666863,27.397260273972734,10.65,10.56,86.3880576072669,98.22397838375028,7.7665063421913185,9.744952962814796,11.72339958343827,13.701846204061743,15.68029282468522,2.149185246846507,209972034902.36,209968599065.46,4.87626649,4.92510578,0.452445,-1.17067664188,1.10097861,1.57861841,-1
2026-06-05,1,10.48,10.68,10.48,10.63,100350334.0,1102446143.0,19405600653.0,0.0051712047359114,67.3729699667898,62.11221460318816,77.89448069399306,10.583854166666663,0.0033333333333338,-0.0430531654050714,-0.0625036222527417,0.0194504568476703,95.23809523809535,53.03030303030324,10.65,10.56,89.65820720305135,86.3880576072669,7.762875195078729,9.74039681410981,11.717918433140888,13.695440052171964,15.672961671203042,2.1481804182325,213076981814.04,213073495169.94,4.94837394,4.99793544,0.4591355,-1.187987940923,1.11725926,1.60196212,-1
2026-06-08,1,10.62,10.75,10.61,10.68,109092646.0,1203946343.0,19405600653.0,0.0056217093173632,73.28410763743432,65.83617894793689,88.17996501642918,10.593437499999997,0.0095833333333317,-0.0308717657366308,-0.0561772509495196,0.0253054852128887,100.0,62.5,10.65,10.57,96.82863441255826,89.65820720305135,7.764033842415962,9.741850616283443,11.719667390150924,13.697484164018404,15.675300937885885,2.148501044734785,214047277723.94,214043775202.59,4.97090752,5.02069471,0.46122628,-1.193397722324,1.12234696,1.60925703,-1
2026-06-09,1,10.66,10.83,10.61,10.78,114967234.0,1277122416.0,19405600653.0,0.0059244357366607,79.15910206131981,70.27715331906454,96.92299954583038,10.63114583333333,0.0377083333333327,-0.0129989111162096,-0.0475415829828576,0.0345426718666479,100.0,81.96721311475393,10.66,10.58,105.54025055042308,96.82863441255826,7.766319906702558,9.744719034586511,11.723118162470469,13.70151729035442,15.679916418238372,2.1491336555151825,215987869543.74,215984335267.89,5.01597468,5.06621325,0.46540785,-1.204217285126,1.13252236,1.62384685,-1
2026-06-10,1,10.72,10.99,10.72,10.96,154317639.0,1738056712.0,19405600653.0,0.0079522217198746,84.69761733665455,75.0839746582612,103.92490269344124,10.680624999999996,0.049479166666666,0.015511147758664,-0.0349310368345532,0.0504421845932173,100.0,100.0,10.67,10.6,114.80337485147724,105.54025055042308,7.763468704110741,9.741141514151904,11.718814324193064,13.696487134234228,15.674159944275386,2.148344656926098,219674994001.36,219671399391.96,5.10160228,5.15269847,0.47335281,-1.224774453489,1.15185563,1.65156751,-1
2026-06-11,1,10.96,11.03,10.89,10.94,115622222.0,1308133972.0,19405600653.0,0.0059581882605692,84.79841155776971,78.32212029143069,97.75099409044772,10.724999999999996,0.0443750000000005,0.0360758816605315,-0.0207296531355363,0.0568055347960678,94.28571428571392,97.05882352941155,10.68,10.62,118.39859203672736,114.80337485147724,7.763017381627062,9.740575221383864,11.718133061140666,13.695690900897468,15.673248740654268,2.1482197647827386,219286875637.4,219283287378.9,5.09258884,5.14359477,0.4725165,-1.222610539008,1.14982055,1.64864954,-1
2026-06-12,1,11.0,11.25,10.88,11.24,203235546.0,2263042931.0,19405600653.0,0.0104730355753549,89.45910364013916,82.03444807433351,104.30841477175044,10.815416666666664,0.0904166666666679,0.0757083554393673,-0.0014420514205555,0.0771504068599229,100.0,100.0,10.7,10.66,127.081423875832,118.39859203672736,8.01847315635737,10.061106023670428,12.103738890983484,14.14637175829654,16.1890046256096,2.218910723893861,218122520545.52,218118951339.72,5.06554855,5.11628364,0.47000756,-1.216118802768,1.1437153,1.63989565,-1
2026-06-15,1,11.21,11.21,10.98,11.06,154130495.0,1711561287.0,19405600653.0,0.0079425779060424,85.24915852432044,83.10601822432915,89.53543912430302,10.858854166666664,0.0434374999999995,0.0915376912439889,0.0171538971123533,0.0743837941316356,50.0,81.25000000000004,10.71,10.7,124.9843319618156,127.081423875832,8.018473149516081,10.061106015086384,12.103738880656683,14.146371746226984,16.189004611797284,2.218910722000707,214629455269.88,214625943222.18,4.98442767,5.03435027,0.46248075,-1.196643591645,1.12539958,1.61363398,-1
2026-06-16,1,11.05,11.12,10.91,10.94,94270804.0,1034554249.0,19405600653.0,0.0048579173448787,77.56447966662012,81.2588387050928,70.17576158967475,10.878749999999997,0.019895833333333,0.0933237783701859,0.0323878733639198,0.060935905006266,16.666666666666337,68.74999999999996,10.72,10.73,110.0397219091652,124.9843319618156,8.018473150251321,10.06110601600892,12.103738881766514,14.14637174752411,16.189004613281707,2.218910722204166,212300745086.12,212297271143.82,4.93034708,4.97972803,0.45746288,-1.183660116762,1.1131891,1.59612619,1
2026-06-17,1,10.97,10.99,10.75,10.78,96582803.0,1046564896.0,19405600653.0,0.0049770581558921,64.69666609809302,75.73811450275953,42.61376928875998,10.844166666666665,-0.0345833333333338,0.0808960827753821,0.0420895152462123,0.0388065675291698,9.677419354838488,52.083333333333286,10.73,10.75,94.70464603508736,110.0397219091652,8.018473162260365,10.061106031077156,12.103738899893948,14.146371768710738,16.18900463752753,2.218910725527367,209195798174.44,209192375039.34,4.85823962,4.90689837,0.45077238,-1.166348815319,1.09690845,1.57278248,1
2026-06-18,1,10.74,10.77,10.52,10.52,142689316.0,1511009565.0,19405600653.0,0.0073529966194548,43.13111073206201,64.86911324586036,-0.3448942955346865,10.77520833333333,-0.0689583333333327,0.0494966508105019,0.0435709423590702,0.0059257084514316,0.0,25.0,10.72,10.76,80.0925346401786,94.70464603508736,8.018473161413157,10.06110603001413,12.103738898615102,14.146371767216074,16.189004635817046,2.218910725292923,204150259442.96,204146918869.56,4.74106501,4.78855017,0.43990032,-1.138217953474,1.0704524,1.53484895,1
